Copyright 1986-2022 Xilinx, Inc. All Rights Reserved. Copyright 2022-2025 Advanced Micro Devices, Inc. All Rights Reserved.
------------------------------------------------------------------------------------------------------------------------------------------------------------------------------------------------------------------------------------------------------
| Tool Version : Vivado v.2025.2 (win64) Build 6299465 Fri Nov 14 19:35:11 GMT 2025
| Date         : Sat Mar 14 23:07:53 2026
| Host         : DESKTOP-M77PRRA running 64-bit major release  (build 9200)
| Command      : report_timing_summary -max_paths 10 -routable_nets -report_unconstrained -file system_wrapper_timing_summary_routed.rpt -pb system_wrapper_timing_summary_routed.pb -rpx system_wrapper_timing_summary_routed.rpx -warn_on_violation
| Design       : system_wrapper
| Device       : 7z010-clg400
| Speed File   : -1  PRODUCTION 1.12 2019-11-22
| Design State : Routed
------------------------------------------------------------------------------------------------------------------------------------------------------------------------------------------------------------------------------------------------------

Timing Summary Report

------------------------------------------------------------------------------------------------
| Timer Settings
| --------------
------------------------------------------------------------------------------------------------

  Enable Multi Corner Analysis               :  Yes
  Enable Pessimism Removal                   :  Yes
  Pessimism Removal Resolution               :  Nearest Common Node
  Enable Input Delay Default Clock           :  No
  Enable Preset / Clear Arcs                 :  No
  Disable Flight Delays                      :  No
  Ignore I/O Paths                           :  No
  Timing Early Launch at Borrowing Latches   :  No
  Borrow Time for Max Delay Exceptions       :  Yes
  Merge Timing Exceptions                    :  Yes
  Inter-SLR Compensation                     :  Conservative

  Corner  Analyze    Analyze    
  Name    Max Paths  Min Paths  
  ------  ---------  ---------  
  Slow    Yes        Yes        
  Fast    Yes        Yes        


------------------------------------------------------------------------------------------------
| Report Methodology
| ------------------
------------------------------------------------------------------------------------------------

Rule       Severity  Description                    Violations  
---------  --------  -----------------------------  ----------  
TIMING-18  Warning   Missing input or output delay  4           

Note: This report is based on the most recent report_methodology run and may not be up-to-date. Run report_methodology on the current design for the latest report.



check_timing report

Table of Contents
-----------------
1. checking no_clock (0)
2. checking constant_clock (0)
3. checking pulse_width_clock (0)
4. checking unconstrained_internal_endpoints (0)
5. checking no_input_delay (4)
6. checking no_output_delay (0)
7. checking multiple_clock (0)
8. checking generated_clocks (0)
9. checking loops (0)
10. checking partial_input_delay (0)
11. checking partial_output_delay (0)
12. checking latch_loops (0)

1. checking no_clock (0)
------------------------
 There are 0 register/latch pins with no clock.


2. checking constant_clock (0)
------------------------------
 There are 0 register/latch pins with constant_clock.


3. checking pulse_width_clock (0)
---------------------------------
 There are 0 register/latch pins which need pulse_width check


4. checking unconstrained_internal_endpoints (0)
------------------------------------------------
 There are 0 pins that are not constrained for maximum delay.

 There are 0 pins that are not constrained for maximum delay due to constant clock.


5. checking no_input_delay (4)
------------------------------
 There are 4 input ports with no input delay specified. (HIGH)

 There are 0 input ports with no input delay but user has a false path constraint.


6. checking no_output_delay (0)
-------------------------------
 There are 0 ports with no output delay specified.

 There are 0 ports with no output delay but user has a false path constraint

 There are 0 ports with no output delay but with a timing clock defined on it or propagating through it


7. checking multiple_clock (0)
------------------------------
 There are 0 register/latch pins with multiple clocks.


8. checking generated_clocks (0)
--------------------------------
 There are 0 generated clocks that are not connected to a clock source.


9. checking loops (0)
---------------------
 There are 0 combinational loops in the design.


10. checking partial_input_delay (0)
------------------------------------
 There are 0 input ports with partial input delay specified.


11. checking partial_output_delay (0)
-------------------------------------
 There are 0 ports with partial output delay specified.


12. checking latch_loops (0)
----------------------------
 There are 0 combinational latch loops in the design through latch input



------------------------------------------------------------------------------------------------
| Design Timing Summary
| ---------------------
------------------------------------------------------------------------------------------------

    WNS(ns)      TNS(ns)  TNS Failing Endpoints  TNS Total Endpoints      WHS(ns)      THS(ns)  THS Failing Endpoints  THS Total Endpoints     WPWS(ns)     TPWS(ns)  TPWS Failing Endpoints  TPWS Total Endpoints  
    -------      -------  ---------------------  -------------------      -------      -------  ---------------------  -------------------     --------     --------  ----------------------  --------------------  
      3.031        0.000                      0                 1318        0.089        0.000                      0                 1318        4.020        0.000                       0                   626  


All user specified timing constraints are met.


------------------------------------------------------------------------------------------------
| Clock Summary
| -------------
------------------------------------------------------------------------------------------------

Clock       Waveform(ns)       Period(ns)      Frequency(MHz)
-----       ------------       ----------      --------------
clk_fpga_0  {0.000 5.000}      10.000          100.000         


------------------------------------------------------------------------------------------------
| Intra Clock Table
| -----------------
------------------------------------------------------------------------------------------------

Clock             WNS(ns)      TNS(ns)  TNS Failing Endpoints  TNS Total Endpoints      WHS(ns)      THS(ns)  THS Failing Endpoints  THS Total Endpoints     WPWS(ns)     TPWS(ns)  TPWS Failing Endpoints  TPWS Total Endpoints  
-----             -------      -------  ---------------------  -------------------      -------      -------  ---------------------  -------------------     --------     --------  ----------------------  --------------------  
clk_fpga_0          3.031        0.000                      0                 1318        0.089        0.000                      0                 1318        4.020        0.000                       0                   626  


------------------------------------------------------------------------------------------------
| Inter Clock Table
| -----------------
------------------------------------------------------------------------------------------------

From Clock    To Clock          WNS(ns)      TNS(ns)  TNS Failing Endpoints  TNS Total Endpoints      WHS(ns)      THS(ns)  THS Failing Endpoints  THS Total Endpoints  
----------    --------          -------      -------  ---------------------  -------------------      -------      -------  ---------------------  -------------------  


------------------------------------------------------------------------------------------------
| Other Path Groups Table
| -----------------------
------------------------------------------------------------------------------------------------

Path Group    From Clock    To Clock          WNS(ns)      TNS(ns)  TNS Failing Endpoints  TNS Total Endpoints      WHS(ns)      THS(ns)  THS Failing Endpoints  THS Total Endpoints  
----------    ----------    --------          -------      -------  ---------------------  -------------------      -------      -------  ---------------------  -------------------  


------------------------------------------------------------------------------------------------
| User Ignored Path Table
| -----------------------
------------------------------------------------------------------------------------------------

Path Group    From Clock    To Clock    
----------    ----------    --------    
(none)                      clk_fpga_0    
(none)        clk_fpga_0    clk_fpga_0    


------------------------------------------------------------------------------------------------
| Unconstrained Path Table
| ------------------------
------------------------------------------------------------------------------------------------

Path Group    From Clock    To Clock    
----------    ----------    --------    
(none)                                    


------------------------------------------------------------------------------------------------
| Timing Details
| --------------
------------------------------------------------------------------------------------------------


---------------------------------------------------------------------------------------------------
From Clock:  clk_fpga_0
  To Clock:  clk_fpga_0

Setup :            0  Failing Endpoints,  Worst Slack        3.031ns,  Total Violation        0.000ns
Hold  :            0  Failing Endpoints,  Worst Slack        0.089ns,  Total Violation        0.000ns
PW    :            0  Failing Endpoints,  Worst Slack        4.020ns,  Total Violation        0.000ns
---------------------------------------------------------------------------------------------------


Max Delay Paths
--------------------------------------------------------------------------------------
Slack (MET) :             3.031ns  (required time - arrival time)
  Source:                 system_i/axi_smc/inst/s00_entry_pipeline/s00_mmu/inst/aw_reg_stall/m_vector_i_reg[1027]/C
                            (rising edge-triggered cell FDRE clocked by clk_fpga_0  {rise@0.000ns fall@5.000ns period=10.000ns})
  Destination:            system_i/axi_smc/inst/s00_entry_pipeline/s00_si_converter/inst/gen_axilite_conv.axilite_conv_inst/aw_addr_reg[0]/D
                            (rising edge-triggered cell FDRE clocked by clk_fpga_0  {rise@0.000ns fall@5.000ns period=10.000ns})
  Path Group:             clk_fpga_0
  Path Type:              Setup (Max at Slow Process Corner)
  Requirement:            10.000ns  (clk_fpga_0 rise@10.000ns - clk_fpga_0 rise@0.000ns)
  Data Path Delay:        6.788ns  (logic 2.343ns (34.518%)  route 4.445ns (65.482%))
  Logic Levels:           8  (CARRY4=1 LUT2=2 LUT4=3 LUT5=1 LUT6=1)
  Clock Path Skew:        -0.108ns (DCD - SCD + CPR)
    Destination Clock Delay (DCD):    2.698ns = ( 12.698 - 10.000 ) 
    Source Clock Delay      (SCD):    3.037ns
    Clock Pessimism Removal (CPR):    0.230ns
  Clock Uncertainty:      0.154ns  ((TSJ^2 + TIJ^2)^1/2 + DJ) / 2 + PE
    Total System Jitter     (TSJ):    0.071ns
    Total Input Jitter      (TIJ):    0.300ns
    Discrete Jitter          (DJ):    0.000ns
    Phase Error              (PE):    0.000ns

    Location             Delay type                Incr(ns)  Path(ns)    Netlist Resource(s)
  -------------------------------------------------------------------    -------------------
                         (clock clk_fpga_0 rise edge)
                                                      0.000     0.000 r  
    PS7_X0Y0             PS7                          0.000     0.000 r  system_i/processing_system7_0/inst/PS7_i/FCLKCLK[0]
                         net (fo=1, routed)           1.207     1.207    system_i/processing_system7_0/inst/FCLK_CLK_unbuffered[0]
    BUFGCTRL_X0Y0        BUFG (Prop_bufg_I_O)         0.101     1.308 r  system_i/processing_system7_0/inst/buffer_fclk_clk_0.FCLK_CLK_0_BUFG/O
                         net (fo=626, routed)         1.729     3.037    system_i/axi_smc/inst/s00_entry_pipeline/s00_mmu/inst/aw_reg_stall/aclk
    SLICE_X2Y47          FDRE                                         r  system_i/axi_smc/inst/s00_entry_pipeline/s00_mmu/inst/aw_reg_stall/m_vector_i_reg[1027]/C
  -------------------------------------------------------------------    -------------------
    SLICE_X2Y47          FDRE (Prop_fdre_C_Q)         0.456     3.493 f  system_i/axi_smc/inst/s00_entry_pipeline/s00_mmu/inst/aw_reg_stall/m_vector_i_reg[1027]/Q
                         net (fo=20, routed)          0.960     4.453    system_i/axi_smc/inst/s00_entry_pipeline/s00_si_converter/inst/gen_axilite_conv.axilite_conv_inst/s_axi_awsize[1]
    SLICE_X3Y42          LUT2 (Prop_lut2_I0_O)        0.150     4.603 f  system_i/axi_smc/inst/s00_entry_pipeline/s00_si_converter/inst/gen_axilite_conv.axilite_conv_inst/aw_addr[5]_i_3/O
                         net (fo=2, routed)           0.575     5.178    system_i/axi_smc/inst/s00_entry_pipeline/s00_si_converter/inst/gen_axilite_conv.axilite_conv_inst/aw_addr[5]_i_3_n_0
    SLICE_X2Y44          LUT4 (Prop_lut4_I1_O)        0.326     5.504 r  system_i/axi_smc/inst/s00_entry_pipeline/s00_si_converter/inst/gen_axilite_conv.axilite_conv_inst/aw_addr[4]_i_2/O
                         net (fo=3, routed)           0.607     6.111    system_i/axi_smc/inst/s00_entry_pipeline/s00_si_converter/inst/gen_axilite_conv.axilite_conv_inst/wrap_awaddr[4]
    SLICE_X4Y44          LUT2 (Prop_lut2_I0_O)        0.124     6.235 r  system_i/axi_smc/inst/s00_entry_pipeline/s00_si_converter/inst/gen_axilite_conv.axilite_conv_inst/aw_addr[8]_i_32/O
                         net (fo=1, routed)           0.000     6.235    system_i/axi_smc/inst/s00_entry_pipeline/s00_si_converter/inst/gen_axilite_conv.axilite_conv_inst/aw_addr[8]_i_32_n_0
    SLICE_X4Y44          CARRY4 (Prop_carry4_S[0]_O[3])
                                                      0.608     6.843 f  system_i/axi_smc/inst/s00_entry_pipeline/s00_si_converter/inst/gen_axilite_conv.axilite_conv_inst/aw_addr_reg[8]_i_22/O[3]
                         net (fo=2, routed)           0.508     7.351    system_i/axi_smc/inst/s00_entry_pipeline/s00_si_converter/inst/gen_axilite_conv.axilite_conv_inst/wrap_awaddr_limit[7]
    SLICE_X2Y45          LUT4 (Prop_lut4_I2_O)        0.307     7.658 r  system_i/axi_smc/inst/s00_entry_pipeline/s00_si_converter/inst/gen_axilite_conv.axilite_conv_inst/aw_addr[8]_i_21/O
                         net (fo=1, routed)           0.440     8.098    system_i/axi_smc/inst/s00_entry_pipeline/s00_si_converter/inst/gen_axilite_conv.axilite_conv_inst/aw_addr[8]_i_21_n_0
    SLICE_X2Y44          LUT6 (Prop_lut6_I1_O)        0.124     8.222 r  system_i/axi_smc/inst/s00_entry_pipeline/s00_si_converter/inst/gen_axilite_conv.axilite_conv_inst/aw_addr[8]_i_14/O
                         net (fo=1, routed)           0.545     8.766    system_i/axi_smc/inst/s00_entry_pipeline/s00_si_converter/inst/gen_axilite_conv.axilite_conv_inst/aw_addr[8]_i_14_n_0
    SLICE_X3Y45          LUT4 (Prop_lut4_I1_O)        0.124     8.890 r  system_i/axi_smc/inst/s00_entry_pipeline/s00_si_converter/inst/gen_axilite_conv.axilite_conv_inst/aw_addr[8]_i_8/O
                         net (fo=12, routed)          0.810     9.701    system_i/axi_smc/inst/s00_entry_pipeline/s00_si_converter/inst/gen_axilite_conv.axilite_conv_inst/aw_addr[8]_i_8_n_0
    SLICE_X6Y44          LUT5 (Prop_lut5_I0_O)        0.124     9.825 r  system_i/axi_smc/inst/s00_entry_pipeline/s00_si_converter/inst/gen_axilite_conv.axilite_conv_inst/aw_addr[0]_i_1/O
                         net (fo=1, routed)           0.000     9.825    system_i/axi_smc/inst/s00_entry_pipeline/s00_si_converter/inst/gen_axilite_conv.axilite_conv_inst/aw_addr[0]
    SLICE_X6Y44          FDRE                                         r  system_i/axi_smc/inst/s00_entry_pipeline/s00_si_converter/inst/gen_axilite_conv.axilite_conv_inst/aw_addr_reg[0]/D
  -------------------------------------------------------------------    -------------------

                         (clock clk_fpga_0 rise edge)
                                                     10.000    10.000 r  
    PS7_X0Y0             PS7                          0.000    10.000 r  system_i/processing_system7_0/inst/PS7_i/FCLKCLK[0]
                         net (fo=1, routed)           1.101    11.101    system_i/processing_system7_0/inst/FCLK_CLK_unbuffered[0]
    BUFGCTRL_X0Y0        BUFG (Prop_bufg_I_O)         0.091    11.192 r  system_i/processing_system7_0/inst/buffer_fclk_clk_0.FCLK_CLK_0_BUFG/O
                         net (fo=626, routed)         1.506    12.698    system_i/axi_smc/inst/s00_entry_pipeline/s00_si_converter/inst/gen_axilite_conv.axilite_conv_inst/aclk
    SLICE_X6Y44          FDRE                                         r  system_i/axi_smc/inst/s00_entry_pipeline/s00_si_converter/inst/gen_axilite_conv.axilite_conv_inst/aw_addr_reg[0]/C
                         clock pessimism              0.230    12.929    
                         clock uncertainty           -0.154    12.775    
    SLICE_X6Y44          FDRE (Setup_fdre_C_D)        0.081    12.856    system_i/axi_smc/inst/s00_entry_pipeline/s00_si_converter/inst/gen_axilite_conv.axilite_conv_inst/aw_addr_reg[0]
  -------------------------------------------------------------------
                         required time                         12.856    
                         arrival time                          -9.825    
  -------------------------------------------------------------------
                         slack                                  3.031    

Slack (MET) :             3.229ns  (required time - arrival time)
  Source:                 system_i/axi_smc/inst/s00_entry_pipeline/s00_mmu/inst/aw_reg_stall/m_vector_i_reg[1027]/C
                            (rising edge-triggered cell FDRE clocked by clk_fpga_0  {rise@0.000ns fall@5.000ns period=10.000ns})
  Destination:            system_i/axi_smc/inst/s00_entry_pipeline/s00_si_converter/inst/gen_axilite_conv.axilite_conv_inst/aw_addr_reg[7]/D
                            (rising edge-triggered cell FDRE clocked by clk_fpga_0  {rise@0.000ns fall@5.000ns period=10.000ns})
  Path Group:             clk_fpga_0
  Path Type:              Setup (Max at Slow Process Corner)
  Requirement:            10.000ns  (clk_fpga_0 rise@10.000ns - clk_fpga_0 rise@0.000ns)
  Data Path Delay:        6.586ns  (logic 2.343ns (35.574%)  route 4.243ns (64.426%))
  Logic Levels:           8  (CARRY4=1 LUT2=2 LUT4=4 LUT6=1)
  Clock Path Skew:        -0.108ns (DCD - SCD + CPR)
    Destination Clock Delay (DCD):    2.698ns = ( 12.698 - 10.000 ) 
    Source Clock Delay      (SCD):    3.037ns
    Clock Pessimism Removal (CPR):    0.230ns
  Clock Uncertainty:      0.154ns  ((TSJ^2 + TIJ^2)^1/2 + DJ) / 2 + PE
    Total System Jitter     (TSJ):    0.071ns
    Total Input Jitter      (TIJ):    0.300ns
    Discrete Jitter          (DJ):    0.000ns
    Phase Error              (PE):    0.000ns

    Location             Delay type                Incr(ns)  Path(ns)    Netlist Resource(s)
  -------------------------------------------------------------------    -------------------
                         (clock clk_fpga_0 rise edge)
                                                      0.000     0.000 r  
    PS7_X0Y0             PS7                          0.000     0.000 r  system_i/processing_system7_0/inst/PS7_i/FCLKCLK[0]
                         net (fo=1, routed)           1.207     1.207    system_i/processing_system7_0/inst/FCLK_CLK_unbuffered[0]
    BUFGCTRL_X0Y0        BUFG (Prop_bufg_I_O)         0.101     1.308 r  system_i/processing_system7_0/inst/buffer_fclk_clk_0.FCLK_CLK_0_BUFG/O
                         net (fo=626, routed)         1.729     3.037    system_i/axi_smc/inst/s00_entry_pipeline/s00_mmu/inst/aw_reg_stall/aclk
    SLICE_X2Y47          FDRE                                         r  system_i/axi_smc/inst/s00_entry_pipeline/s00_mmu/inst/aw_reg_stall/m_vector_i_reg[1027]/C
  -------------------------------------------------------------------    -------------------
    SLICE_X2Y47          FDRE (Prop_fdre_C_Q)         0.456     3.493 f  system_i/axi_smc/inst/s00_entry_pipeline/s00_mmu/inst/aw_reg_stall/m_vector_i_reg[1027]/Q
                         net (fo=20, routed)          0.960     4.453    system_i/axi_smc/inst/s00_entry_pipeline/s00_si_converter/inst/gen_axilite_conv.axilite_conv_inst/s_axi_awsize[1]
    SLICE_X3Y42          LUT2 (Prop_lut2_I0_O)        0.150     4.603 f  system_i/axi_smc/inst/s00_entry_pipeline/s00_si_converter/inst/gen_axilite_conv.axilite_conv_inst/aw_addr[5]_i_3/O
                         net (fo=2, routed)           0.575     5.178    system_i/axi_smc/inst/s00_entry_pipeline/s00_si_converter/inst/gen_axilite_conv.axilite_conv_inst/aw_addr[5]_i_3_n_0
    SLICE_X2Y44          LUT4 (Prop_lut4_I1_O)        0.326     5.504 r  system_i/axi_smc/inst/s00_entry_pipeline/s00_si_converter/inst/gen_axilite_conv.axilite_conv_inst/aw_addr[4]_i_2/O
                         net (fo=3, routed)           0.607     6.111    system_i/axi_smc/inst/s00_entry_pipeline/s00_si_converter/inst/gen_axilite_conv.axilite_conv_inst/wrap_awaddr[4]
    SLICE_X4Y44          LUT2 (Prop_lut2_I0_O)        0.124     6.235 r  system_i/axi_smc/inst/s00_entry_pipeline/s00_si_converter/inst/gen_axilite_conv.axilite_conv_inst/aw_addr[8]_i_32/O
                         net (fo=1, routed)           0.000     6.235    system_i/axi_smc/inst/s00_entry_pipeline/s00_si_converter/inst/gen_axilite_conv.axilite_conv_inst/aw_addr[8]_i_32_n_0
    SLICE_X4Y44          CARRY4 (Prop_carry4_S[0]_O[3])
                                                      0.608     6.843 f  system_i/axi_smc/inst/s00_entry_pipeline/s00_si_converter/inst/gen_axilite_conv.axilite_conv_inst/aw_addr_reg[8]_i_22/O[3]
                         net (fo=2, routed)           0.508     7.351    system_i/axi_smc/inst/s00_entry_pipeline/s00_si_converter/inst/gen_axilite_conv.axilite_conv_inst/wrap_awaddr_limit[7]
    SLICE_X2Y45          LUT4 (Prop_lut4_I2_O)        0.307     7.658 r  system_i/axi_smc/inst/s00_entry_pipeline/s00_si_converter/inst/gen_axilite_conv.axilite_conv_inst/aw_addr[8]_i_21/O
                         net (fo=1, routed)           0.440     8.098    system_i/axi_smc/inst/s00_entry_pipeline/s00_si_converter/inst/gen_axilite_conv.axilite_conv_inst/aw_addr[8]_i_21_n_0
    SLICE_X2Y44          LUT6 (Prop_lut6_I1_O)        0.124     8.222 r  system_i/axi_smc/inst/s00_entry_pipeline/s00_si_converter/inst/gen_axilite_conv.axilite_conv_inst/aw_addr[8]_i_14/O
                         net (fo=1, routed)           0.545     8.766    system_i/axi_smc/inst/s00_entry_pipeline/s00_si_converter/inst/gen_axilite_conv.axilite_conv_inst/aw_addr[8]_i_14_n_0
    SLICE_X3Y45          LUT4 (Prop_lut4_I1_O)        0.124     8.890 r  system_i/axi_smc/inst/s00_entry_pipeline/s00_si_converter/inst/gen_axilite_conv.axilite_conv_inst/aw_addr[8]_i_8/O
                         net (fo=12, routed)          0.609     9.499    system_i/axi_smc/inst/s00_entry_pipeline/s00_si_converter/inst/gen_axilite_conv.axilite_conv_inst/aw_addr[8]_i_8_n_0
    SLICE_X6Y45          LUT4 (Prop_lut4_I0_O)        0.124     9.623 r  system_i/axi_smc/inst/s00_entry_pipeline/s00_si_converter/inst/gen_axilite_conv.axilite_conv_inst/aw_addr[7]_i_1/O
                         net (fo=1, routed)           0.000     9.623    system_i/axi_smc/inst/s00_entry_pipeline/s00_si_converter/inst/gen_axilite_conv.axilite_conv_inst/aw_addr[7]
    SLICE_X6Y45          FDRE                                         r  system_i/axi_smc/inst/s00_entry_pipeline/s00_si_converter/inst/gen_axilite_conv.axilite_conv_inst/aw_addr_reg[7]/D
  -------------------------------------------------------------------    -------------------

                         (clock clk_fpga_0 rise edge)
                                                     10.000    10.000 r  
    PS7_X0Y0             PS7                          0.000    10.000 r  system_i/processing_system7_0/inst/PS7_i/FCLKCLK[0]
                         net (fo=1, routed)           1.101    11.101    system_i/processing_system7_0/inst/FCLK_CLK_unbuffered[0]
    BUFGCTRL_X0Y0        BUFG (Prop_bufg_I_O)         0.091    11.192 r  system_i/processing_system7_0/inst/buffer_fclk_clk_0.FCLK_CLK_0_BUFG/O
                         net (fo=626, routed)         1.506    12.698    system_i/axi_smc/inst/s00_entry_pipeline/s00_si_converter/inst/gen_axilite_conv.axilite_conv_inst/aclk
    SLICE_X6Y45          FDRE                                         r  system_i/axi_smc/inst/s00_entry_pipeline/s00_si_converter/inst/gen_axilite_conv.axilite_conv_inst/aw_addr_reg[7]/C
                         clock pessimism              0.230    12.929    
                         clock uncertainty           -0.154    12.775    
    SLICE_X6Y45          FDRE (Setup_fdre_C_D)        0.077    12.852    system_i/axi_smc/inst/s00_entry_pipeline/s00_si_converter/inst/gen_axilite_conv.axilite_conv_inst/aw_addr_reg[7]
  -------------------------------------------------------------------
                         required time                         12.852    
                         arrival time                          -9.623    
  -------------------------------------------------------------------
                         slack                                  3.229    

Slack (MET) :             3.249ns  (required time - arrival time)
  Source:                 system_i/axi_smc/inst/s00_entry_pipeline/s00_mmu/inst/aw_reg_stall/m_vector_i_reg[1027]/C
                            (rising edge-triggered cell FDRE clocked by clk_fpga_0  {rise@0.000ns fall@5.000ns period=10.000ns})
  Destination:            system_i/axi_smc/inst/s00_entry_pipeline/s00_si_converter/inst/gen_axilite_conv.axilite_conv_inst/aw_addr_reg[3]/D
                            (rising edge-triggered cell FDRE clocked by clk_fpga_0  {rise@0.000ns fall@5.000ns period=10.000ns})
  Path Group:             clk_fpga_0
  Path Type:              Setup (Max at Slow Process Corner)
  Requirement:            10.000ns  (clk_fpga_0 rise@10.000ns - clk_fpga_0 rise@0.000ns)
  Data Path Delay:        6.601ns  (logic 2.343ns (35.492%)  route 4.258ns (64.508%))
  Logic Levels:           8  (CARRY4=1 LUT2=2 LUT4=3 LUT5=1 LUT6=1)
  Clock Path Skew:        -0.026ns (DCD - SCD + CPR)
    Destination Clock Delay (DCD):    2.743ns = ( 12.743 - 10.000 ) 
    Source Clock Delay      (SCD):    3.037ns
    Clock Pessimism Removal (CPR):    0.267ns
  Clock Uncertainty:      0.154ns  ((TSJ^2 + TIJ^2)^1/2 + DJ) / 2 + PE
    Total System Jitter     (TSJ):    0.071ns
    Total Input Jitter      (TIJ):    0.300ns
    Discrete Jitter          (DJ):    0.000ns
    Phase Error              (PE):    0.000ns

    Location             Delay type                Incr(ns)  Path(ns)    Netlist Resource(s)
  -------------------------------------------------------------------    -------------------
                         (clock clk_fpga_0 rise edge)
                                                      0.000     0.000 r  
    PS7_X0Y0             PS7                          0.000     0.000 r  system_i/processing_system7_0/inst/PS7_i/FCLKCLK[0]
                         net (fo=1, routed)           1.207     1.207    system_i/processing_system7_0/inst/FCLK_CLK_unbuffered[0]
    BUFGCTRL_X0Y0        BUFG (Prop_bufg_I_O)         0.101     1.308 r  system_i/processing_system7_0/inst/buffer_fclk_clk_0.FCLK_CLK_0_BUFG/O
                         net (fo=626, routed)         1.729     3.037    system_i/axi_smc/inst/s00_entry_pipeline/s00_mmu/inst/aw_reg_stall/aclk
    SLICE_X2Y47          FDRE                                         r  system_i/axi_smc/inst/s00_entry_pipeline/s00_mmu/inst/aw_reg_stall/m_vector_i_reg[1027]/C
  -------------------------------------------------------------------    -------------------
    SLICE_X2Y47          FDRE (Prop_fdre_C_Q)         0.456     3.493 f  system_i/axi_smc/inst/s00_entry_pipeline/s00_mmu/inst/aw_reg_stall/m_vector_i_reg[1027]/Q
                         net (fo=20, routed)          0.960     4.453    system_i/axi_smc/inst/s00_entry_pipeline/s00_si_converter/inst/gen_axilite_conv.axilite_conv_inst/s_axi_awsize[1]
    SLICE_X3Y42          LUT2 (Prop_lut2_I0_O)        0.150     4.603 f  system_i/axi_smc/inst/s00_entry_pipeline/s00_si_converter/inst/gen_axilite_conv.axilite_conv_inst/aw_addr[5]_i_3/O
                         net (fo=2, routed)           0.575     5.178    system_i/axi_smc/inst/s00_entry_pipeline/s00_si_converter/inst/gen_axilite_conv.axilite_conv_inst/aw_addr[5]_i_3_n_0
    SLICE_X2Y44          LUT4 (Prop_lut4_I1_O)        0.326     5.504 r  system_i/axi_smc/inst/s00_entry_pipeline/s00_si_converter/inst/gen_axilite_conv.axilite_conv_inst/aw_addr[4]_i_2/O
                         net (fo=3, routed)           0.607     6.111    system_i/axi_smc/inst/s00_entry_pipeline/s00_si_converter/inst/gen_axilite_conv.axilite_conv_inst/wrap_awaddr[4]
    SLICE_X4Y44          LUT2 (Prop_lut2_I0_O)        0.124     6.235 r  system_i/axi_smc/inst/s00_entry_pipeline/s00_si_converter/inst/gen_axilite_conv.axilite_conv_inst/aw_addr[8]_i_32/O
                         net (fo=1, routed)           0.000     6.235    system_i/axi_smc/inst/s00_entry_pipeline/s00_si_converter/inst/gen_axilite_conv.axilite_conv_inst/aw_addr[8]_i_32_n_0
    SLICE_X4Y44          CARRY4 (Prop_carry4_S[0]_O[3])
                                                      0.608     6.843 f  system_i/axi_smc/inst/s00_entry_pipeline/s00_si_converter/inst/gen_axilite_conv.axilite_conv_inst/aw_addr_reg[8]_i_22/O[3]
                         net (fo=2, routed)           0.508     7.351    system_i/axi_smc/inst/s00_entry_pipeline/s00_si_converter/inst/gen_axilite_conv.axilite_conv_inst/wrap_awaddr_limit[7]
    SLICE_X2Y45          LUT4 (Prop_lut4_I2_O)        0.307     7.658 r  system_i/axi_smc/inst/s00_entry_pipeline/s00_si_converter/inst/gen_axilite_conv.axilite_conv_inst/aw_addr[8]_i_21/O
                         net (fo=1, routed)           0.440     8.098    system_i/axi_smc/inst/s00_entry_pipeline/s00_si_converter/inst/gen_axilite_conv.axilite_conv_inst/aw_addr[8]_i_21_n_0
    SLICE_X2Y44          LUT6 (Prop_lut6_I1_O)        0.124     8.222 r  system_i/axi_smc/inst/s00_entry_pipeline/s00_si_converter/inst/gen_axilite_conv.axilite_conv_inst/aw_addr[8]_i_14/O
                         net (fo=1, routed)           0.545     8.766    system_i/axi_smc/inst/s00_entry_pipeline/s00_si_converter/inst/gen_axilite_conv.axilite_conv_inst/aw_addr[8]_i_14_n_0
    SLICE_X3Y45          LUT4 (Prop_lut4_I1_O)        0.124     8.890 r  system_i/axi_smc/inst/s00_entry_pipeline/s00_si_converter/inst/gen_axilite_conv.axilite_conv_inst/aw_addr[8]_i_8/O
                         net (fo=12, routed)          0.624     9.514    system_i/axi_smc/inst/s00_entry_pipeline/s00_si_converter/inst/gen_axilite_conv.axilite_conv_inst/aw_addr[8]_i_8_n_0
    SLICE_X5Y43          LUT5 (Prop_lut5_I0_O)        0.124     9.638 r  system_i/axi_smc/inst/s00_entry_pipeline/s00_si_converter/inst/gen_axilite_conv.axilite_conv_inst/aw_addr[3]_i_1/O
                         net (fo=1, routed)           0.000     9.638    system_i/axi_smc/inst/s00_entry_pipeline/s00_si_converter/inst/gen_axilite_conv.axilite_conv_inst/aw_addr[3]
    SLICE_X5Y43          FDRE                                         r  system_i/axi_smc/inst/s00_entry_pipeline/s00_si_converter/inst/gen_axilite_conv.axilite_conv_inst/aw_addr_reg[3]/D
  -------------------------------------------------------------------    -------------------

                         (clock clk_fpga_0 rise edge)
                                                     10.000    10.000 r  
    PS7_X0Y0             PS7                          0.000    10.000 r  system_i/processing_system7_0/inst/PS7_i/FCLKCLK[0]
                         net (fo=1, routed)           1.101    11.101    system_i/processing_system7_0/inst/FCLK_CLK_unbuffered[0]
    BUFGCTRL_X0Y0        BUFG (Prop_bufg_I_O)         0.091    11.192 r  system_i/processing_system7_0/inst/buffer_fclk_clk_0.FCLK_CLK_0_BUFG/O
                         net (fo=626, routed)         1.551    12.743    system_i/axi_smc/inst/s00_entry_pipeline/s00_si_converter/inst/gen_axilite_conv.axilite_conv_inst/aclk
    SLICE_X5Y43          FDRE                                         r  system_i/axi_smc/inst/s00_entry_pipeline/s00_si_converter/inst/gen_axilite_conv.axilite_conv_inst/aw_addr_reg[3]/C
                         clock pessimism              0.267    13.011    
                         clock uncertainty           -0.154    12.857    
    SLICE_X5Y43          FDRE (Setup_fdre_C_D)        0.031    12.888    system_i/axi_smc/inst/s00_entry_pipeline/s00_si_converter/inst/gen_axilite_conv.axilite_conv_inst/aw_addr_reg[3]
  -------------------------------------------------------------------
                         required time                         12.888    
                         arrival time                          -9.638    
  -------------------------------------------------------------------
                         slack                                  3.249    

Slack (MET) :             3.354ns  (required time - arrival time)
  Source:                 system_i/axi_smc/inst/s00_entry_pipeline/s00_mmu/inst/aw_reg_stall/m_vector_i_reg[1027]/C
                            (rising edge-triggered cell FDRE clocked by clk_fpga_0  {rise@0.000ns fall@5.000ns period=10.000ns})
  Destination:            system_i/axi_smc/inst/s00_entry_pipeline/s00_si_converter/inst/gen_axilite_conv.axilite_conv_inst/aw_addr_reg[4]/D
                            (rising edge-triggered cell FDRE clocked by clk_fpga_0  {rise@0.000ns fall@5.000ns period=10.000ns})
  Path Group:             clk_fpga_0
  Path Type:              Setup (Max at Slow Process Corner)
  Requirement:            10.000ns  (clk_fpga_0 rise@10.000ns - clk_fpga_0 rise@0.000ns)
  Data Path Delay:        6.494ns  (logic 2.343ns (36.077%)  route 4.151ns (63.923%))
  Logic Levels:           8  (CARRY4=1 LUT2=2 LUT4=3 LUT5=1 LUT6=1)
  Clock Path Skew:        -0.026ns (DCD - SCD + CPR)
    Destination Clock Delay (DCD):    2.743ns = ( 12.743 - 10.000 ) 
    Source Clock Delay      (SCD):    3.037ns
    Clock Pessimism Removal (CPR):    0.267ns
  Clock Uncertainty:      0.154ns  ((TSJ^2 + TIJ^2)^1/2 + DJ) / 2 + PE
    Total System Jitter     (TSJ):    0.071ns
    Total Input Jitter      (TIJ):    0.300ns
    Discrete Jitter          (DJ):    0.000ns
    Phase Error              (PE):    0.000ns

    Location             Delay type                Incr(ns)  Path(ns)    Netlist Resource(s)
  -------------------------------------------------------------------    -------------------
                         (clock clk_fpga_0 rise edge)
                                                      0.000     0.000 r  
    PS7_X0Y0             PS7                          0.000     0.000 r  system_i/processing_system7_0/inst/PS7_i/FCLKCLK[0]
                         net (fo=1, routed)           1.207     1.207    system_i/processing_system7_0/inst/FCLK_CLK_unbuffered[0]
    BUFGCTRL_X0Y0        BUFG (Prop_bufg_I_O)         0.101     1.308 r  system_i/processing_system7_0/inst/buffer_fclk_clk_0.FCLK_CLK_0_BUFG/O
                         net (fo=626, routed)         1.729     3.037    system_i/axi_smc/inst/s00_entry_pipeline/s00_mmu/inst/aw_reg_stall/aclk
    SLICE_X2Y47          FDRE                                         r  system_i/axi_smc/inst/s00_entry_pipeline/s00_mmu/inst/aw_reg_stall/m_vector_i_reg[1027]/C
  -------------------------------------------------------------------    -------------------
    SLICE_X2Y47          FDRE (Prop_fdre_C_Q)         0.456     3.493 f  system_i/axi_smc/inst/s00_entry_pipeline/s00_mmu/inst/aw_reg_stall/m_vector_i_reg[1027]/Q
                         net (fo=20, routed)          0.960     4.453    system_i/axi_smc/inst/s00_entry_pipeline/s00_si_converter/inst/gen_axilite_conv.axilite_conv_inst/s_axi_awsize[1]
    SLICE_X3Y42          LUT2 (Prop_lut2_I0_O)        0.150     4.603 f  system_i/axi_smc/inst/s00_entry_pipeline/s00_si_converter/inst/gen_axilite_conv.axilite_conv_inst/aw_addr[5]_i_3/O
                         net (fo=2, routed)           0.575     5.178    system_i/axi_smc/inst/s00_entry_pipeline/s00_si_converter/inst/gen_axilite_conv.axilite_conv_inst/aw_addr[5]_i_3_n_0
    SLICE_X2Y44          LUT4 (Prop_lut4_I1_O)        0.326     5.504 r  system_i/axi_smc/inst/s00_entry_pipeline/s00_si_converter/inst/gen_axilite_conv.axilite_conv_inst/aw_addr[4]_i_2/O
                         net (fo=3, routed)           0.607     6.111    system_i/axi_smc/inst/s00_entry_pipeline/s00_si_converter/inst/gen_axilite_conv.axilite_conv_inst/wrap_awaddr[4]
    SLICE_X4Y44          LUT2 (Prop_lut2_I0_O)        0.124     6.235 r  system_i/axi_smc/inst/s00_entry_pipeline/s00_si_converter/inst/gen_axilite_conv.axilite_conv_inst/aw_addr[8]_i_32/O
                         net (fo=1, routed)           0.000     6.235    system_i/axi_smc/inst/s00_entry_pipeline/s00_si_converter/inst/gen_axilite_conv.axilite_conv_inst/aw_addr[8]_i_32_n_0
    SLICE_X4Y44          CARRY4 (Prop_carry4_S[0]_O[3])
                                                      0.608     6.843 f  system_i/axi_smc/inst/s00_entry_pipeline/s00_si_converter/inst/gen_axilite_conv.axilite_conv_inst/aw_addr_reg[8]_i_22/O[3]
                         net (fo=2, routed)           0.508     7.351    system_i/axi_smc/inst/s00_entry_pipeline/s00_si_converter/inst/gen_axilite_conv.axilite_conv_inst/wrap_awaddr_limit[7]
    SLICE_X2Y45          LUT4 (Prop_lut4_I2_O)        0.307     7.658 r  system_i/axi_smc/inst/s00_entry_pipeline/s00_si_converter/inst/gen_axilite_conv.axilite_conv_inst/aw_addr[8]_i_21/O
                         net (fo=1, routed)           0.440     8.098    system_i/axi_smc/inst/s00_entry_pipeline/s00_si_converter/inst/gen_axilite_conv.axilite_conv_inst/aw_addr[8]_i_21_n_0
    SLICE_X2Y44          LUT6 (Prop_lut6_I1_O)        0.124     8.222 r  system_i/axi_smc/inst/s00_entry_pipeline/s00_si_converter/inst/gen_axilite_conv.axilite_conv_inst/aw_addr[8]_i_14/O
                         net (fo=1, routed)           0.545     8.766    system_i/axi_smc/inst/s00_entry_pipeline/s00_si_converter/inst/gen_axilite_conv.axilite_conv_inst/aw_addr[8]_i_14_n_0
    SLICE_X3Y45          LUT4 (Prop_lut4_I1_O)        0.124     8.890 r  system_i/axi_smc/inst/s00_entry_pipeline/s00_si_converter/inst/gen_axilite_conv.axilite_conv_inst/aw_addr[8]_i_8/O
                         net (fo=12, routed)          0.517     9.407    system_i/axi_smc/inst/s00_entry_pipeline/s00_si_converter/inst/gen_axilite_conv.axilite_conv_inst/aw_addr[8]_i_8_n_0
    SLICE_X3Y44          LUT5 (Prop_lut5_I1_O)        0.124     9.531 r  system_i/axi_smc/inst/s00_entry_pipeline/s00_si_converter/inst/gen_axilite_conv.axilite_conv_inst/aw_addr[4]_i_1/O
                         net (fo=1, routed)           0.000     9.531    system_i/axi_smc/inst/s00_entry_pipeline/s00_si_converter/inst/gen_axilite_conv.axilite_conv_inst/aw_addr[4]
    SLICE_X3Y44          FDRE                                         r  system_i/axi_smc/inst/s00_entry_pipeline/s00_si_converter/inst/gen_axilite_conv.axilite_conv_inst/aw_addr_reg[4]/D
  -------------------------------------------------------------------    -------------------

                         (clock clk_fpga_0 rise edge)
                                                     10.000    10.000 r  
    PS7_X0Y0             PS7                          0.000    10.000 r  system_i/processing_system7_0/inst/PS7_i/FCLKCLK[0]
                         net (fo=1, routed)           1.101    11.101    system_i/processing_system7_0/inst/FCLK_CLK_unbuffered[0]
    BUFGCTRL_X0Y0        BUFG (Prop_bufg_I_O)         0.091    11.192 r  system_i/processing_system7_0/inst/buffer_fclk_clk_0.FCLK_CLK_0_BUFG/O
                         net (fo=626, routed)         1.551    12.743    system_i/axi_smc/inst/s00_entry_pipeline/s00_si_converter/inst/gen_axilite_conv.axilite_conv_inst/aclk
    SLICE_X3Y44          FDRE                                         r  system_i/axi_smc/inst/s00_entry_pipeline/s00_si_converter/inst/gen_axilite_conv.axilite_conv_inst/aw_addr_reg[4]/C
                         clock pessimism              0.267    13.011    
                         clock uncertainty           -0.154    12.857    
    SLICE_X3Y44          FDRE (Setup_fdre_C_D)        0.029    12.886    system_i/axi_smc/inst/s00_entry_pipeline/s00_si_converter/inst/gen_axilite_conv.axilite_conv_inst/aw_addr_reg[4]
  -------------------------------------------------------------------
                         required time                         12.886    
                         arrival time                          -9.531    
  -------------------------------------------------------------------
                         slack                                  3.354    

Slack (MET) :             3.359ns  (required time - arrival time)
  Source:                 system_i/axi_smc/inst/s00_entry_pipeline/s00_mmu/inst/aw_reg_stall/m_vector_i_reg[1027]/C
                            (rising edge-triggered cell FDRE clocked by clk_fpga_0  {rise@0.000ns fall@5.000ns period=10.000ns})
  Destination:            system_i/axi_smc/inst/s00_entry_pipeline/s00_si_converter/inst/gen_axilite_conv.axilite_conv_inst/aw_addr_reg[5]/D
                            (rising edge-triggered cell FDRE clocked by clk_fpga_0  {rise@0.000ns fall@5.000ns period=10.000ns})
  Path Group:             clk_fpga_0
  Path Type:              Setup (Max at Slow Process Corner)
  Requirement:            10.000ns  (clk_fpga_0 rise@10.000ns - clk_fpga_0 rise@0.000ns)
  Data Path Delay:        6.491ns  (logic 2.343ns (36.094%)  route 4.148ns (63.906%))
  Logic Levels:           8  (CARRY4=1 LUT2=2 LUT4=3 LUT5=1 LUT6=1)
  Clock Path Skew:        -0.026ns (DCD - SCD + CPR)
    Destination Clock Delay (DCD):    2.743ns = ( 12.743 - 10.000 ) 
    Source Clock Delay      (SCD):    3.037ns
    Clock Pessimism Removal (CPR):    0.267ns
  Clock Uncertainty:      0.154ns  ((TSJ^2 + TIJ^2)^1/2 + DJ) / 2 + PE
    Total System Jitter     (TSJ):    0.071ns
    Total Input Jitter      (TIJ):    0.300ns
    Discrete Jitter          (DJ):    0.000ns
    Phase Error              (PE):    0.000ns

    Location             Delay type                Incr(ns)  Path(ns)    Netlist Resource(s)
  -------------------------------------------------------------------    -------------------
                         (clock clk_fpga_0 rise edge)
                                                      0.000     0.000 r  
    PS7_X0Y0             PS7                          0.000     0.000 r  system_i/processing_system7_0/inst/PS7_i/FCLKCLK[0]
                         net (fo=1, routed)           1.207     1.207    system_i/processing_system7_0/inst/FCLK_CLK_unbuffered[0]
    BUFGCTRL_X0Y0        BUFG (Prop_bufg_I_O)         0.101     1.308 r  system_i/processing_system7_0/inst/buffer_fclk_clk_0.FCLK_CLK_0_BUFG/O
                         net (fo=626, routed)         1.729     3.037    system_i/axi_smc/inst/s00_entry_pipeline/s00_mmu/inst/aw_reg_stall/aclk
    SLICE_X2Y47          FDRE                                         r  system_i/axi_smc/inst/s00_entry_pipeline/s00_mmu/inst/aw_reg_stall/m_vector_i_reg[1027]/C
  -------------------------------------------------------------------    -------------------
    SLICE_X2Y47          FDRE (Prop_fdre_C_Q)         0.456     3.493 f  system_i/axi_smc/inst/s00_entry_pipeline/s00_mmu/inst/aw_reg_stall/m_vector_i_reg[1027]/Q
                         net (fo=20, routed)          0.960     4.453    system_i/axi_smc/inst/s00_entry_pipeline/s00_si_converter/inst/gen_axilite_conv.axilite_conv_inst/s_axi_awsize[1]
    SLICE_X3Y42          LUT2 (Prop_lut2_I0_O)        0.150     4.603 f  system_i/axi_smc/inst/s00_entry_pipeline/s00_si_converter/inst/gen_axilite_conv.axilite_conv_inst/aw_addr[5]_i_3/O
                         net (fo=2, routed)           0.575     5.178    system_i/axi_smc/inst/s00_entry_pipeline/s00_si_converter/inst/gen_axilite_conv.axilite_conv_inst/aw_addr[5]_i_3_n_0
    SLICE_X2Y44          LUT4 (Prop_lut4_I1_O)        0.326     5.504 r  system_i/axi_smc/inst/s00_entry_pipeline/s00_si_converter/inst/gen_axilite_conv.axilite_conv_inst/aw_addr[4]_i_2/O
                         net (fo=3, routed)           0.607     6.111    system_i/axi_smc/inst/s00_entry_pipeline/s00_si_converter/inst/gen_axilite_conv.axilite_conv_inst/wrap_awaddr[4]
    SLICE_X4Y44          LUT2 (Prop_lut2_I0_O)        0.124     6.235 r  system_i/axi_smc/inst/s00_entry_pipeline/s00_si_converter/inst/gen_axilite_conv.axilite_conv_inst/aw_addr[8]_i_32/O
                         net (fo=1, routed)           0.000     6.235    system_i/axi_smc/inst/s00_entry_pipeline/s00_si_converter/inst/gen_axilite_conv.axilite_conv_inst/aw_addr[8]_i_32_n_0
    SLICE_X4Y44          CARRY4 (Prop_carry4_S[0]_O[3])
                                                      0.608     6.843 f  system_i/axi_smc/inst/s00_entry_pipeline/s00_si_converter/inst/gen_axilite_conv.axilite_conv_inst/aw_addr_reg[8]_i_22/O[3]
                         net (fo=2, routed)           0.508     7.351    system_i/axi_smc/inst/s00_entry_pipeline/s00_si_converter/inst/gen_axilite_conv.axilite_conv_inst/wrap_awaddr_limit[7]
    SLICE_X2Y45          LUT4 (Prop_lut4_I2_O)        0.307     7.658 r  system_i/axi_smc/inst/s00_entry_pipeline/s00_si_converter/inst/gen_axilite_conv.axilite_conv_inst/aw_addr[8]_i_21/O
                         net (fo=1, routed)           0.440     8.098    system_i/axi_smc/inst/s00_entry_pipeline/s00_si_converter/inst/gen_axilite_conv.axilite_conv_inst/aw_addr[8]_i_21_n_0
    SLICE_X2Y44          LUT6 (Prop_lut6_I1_O)        0.124     8.222 r  system_i/axi_smc/inst/s00_entry_pipeline/s00_si_converter/inst/gen_axilite_conv.axilite_conv_inst/aw_addr[8]_i_14/O
                         net (fo=1, routed)           0.545     8.766    system_i/axi_smc/inst/s00_entry_pipeline/s00_si_converter/inst/gen_axilite_conv.axilite_conv_inst/aw_addr[8]_i_14_n_0
    SLICE_X3Y45          LUT4 (Prop_lut4_I1_O)        0.124     8.890 r  system_i/axi_smc/inst/s00_entry_pipeline/s00_si_converter/inst/gen_axilite_conv.axilite_conv_inst/aw_addr[8]_i_8/O
                         net (fo=12, routed)          0.514     9.404    system_i/axi_smc/inst/s00_entry_pipeline/s00_si_converter/inst/gen_axilite_conv.axilite_conv_inst/aw_addr[8]_i_8_n_0
    SLICE_X3Y44          LUT5 (Prop_lut5_I0_O)        0.124     9.528 r  system_i/axi_smc/inst/s00_entry_pipeline/s00_si_converter/inst/gen_axilite_conv.axilite_conv_inst/aw_addr[5]_i_1/O
                         net (fo=1, routed)           0.000     9.528    system_i/axi_smc/inst/s00_entry_pipeline/s00_si_converter/inst/gen_axilite_conv.axilite_conv_inst/aw_addr[5]
    SLICE_X3Y44          FDRE                                         r  system_i/axi_smc/inst/s00_entry_pipeline/s00_si_converter/inst/gen_axilite_conv.axilite_conv_inst/aw_addr_reg[5]/D
  -------------------------------------------------------------------    -------------------

                         (clock clk_fpga_0 rise edge)
                                                     10.000    10.000 r  
    PS7_X0Y0             PS7                          0.000    10.000 r  system_i/processing_system7_0/inst/PS7_i/FCLKCLK[0]
                         net (fo=1, routed)           1.101    11.101    system_i/processing_system7_0/inst/FCLK_CLK_unbuffered[0]
    BUFGCTRL_X0Y0        BUFG (Prop_bufg_I_O)         0.091    11.192 r  system_i/processing_system7_0/inst/buffer_fclk_clk_0.FCLK_CLK_0_BUFG/O
                         net (fo=626, routed)         1.551    12.743    system_i/axi_smc/inst/s00_entry_pipeline/s00_si_converter/inst/gen_axilite_conv.axilite_conv_inst/aclk
    SLICE_X3Y44          FDRE                                         r  system_i/axi_smc/inst/s00_entry_pipeline/s00_si_converter/inst/gen_axilite_conv.axilite_conv_inst/aw_addr_reg[5]/C
                         clock pessimism              0.267    13.011    
                         clock uncertainty           -0.154    12.857    
    SLICE_X3Y44          FDRE (Setup_fdre_C_D)        0.031    12.888    system_i/axi_smc/inst/s00_entry_pipeline/s00_si_converter/inst/gen_axilite_conv.axilite_conv_inst/aw_addr_reg[5]
  -------------------------------------------------------------------
                         required time                         12.888    
                         arrival time                          -9.528    
  -------------------------------------------------------------------
                         slack                                  3.359    

Slack (MET) :             3.362ns  (required time - arrival time)
  Source:                 system_i/axi_smc/inst/s00_entry_pipeline/s00_mmu/inst/aw_reg_stall/m_vector_i_reg[1027]/C
                            (rising edge-triggered cell FDRE clocked by clk_fpga_0  {rise@0.000ns fall@5.000ns period=10.000ns})
  Destination:            system_i/axi_smc/inst/s00_entry_pipeline/s00_si_converter/inst/gen_axilite_conv.axilite_conv_inst/aw_addr_reg[1]/D
                            (rising edge-triggered cell FDRE clocked by clk_fpga_0  {rise@0.000ns fall@5.000ns period=10.000ns})
  Path Group:             clk_fpga_0
  Path Type:              Setup (Max at Slow Process Corner)
  Requirement:            10.000ns  (clk_fpga_0 rise@10.000ns - clk_fpga_0 rise@0.000ns)
  Data Path Delay:        6.487ns  (logic 2.343ns (36.120%)  route 4.144ns (63.880%))
  Logic Levels:           8  (CARRY4=1 LUT2=2 LUT4=3 LUT5=1 LUT6=1)
  Clock Path Skew:        -0.026ns (DCD - SCD + CPR)
    Destination Clock Delay (DCD):    2.743ns = ( 12.743 - 10.000 ) 
    Source Clock Delay      (SCD):    3.037ns
    Clock Pessimism Removal (CPR):    0.267ns
  Clock Uncertainty:      0.154ns  ((TSJ^2 + TIJ^2)^1/2 + DJ) / 2 + PE
    Total System Jitter     (TSJ):    0.071ns
    Total Input Jitter      (TIJ):    0.300ns
    Discrete Jitter          (DJ):    0.000ns
    Phase Error              (PE):    0.000ns

    Location             Delay type                Incr(ns)  Path(ns)    Netlist Resource(s)
  -------------------------------------------------------------------    -------------------
                         (clock clk_fpga_0 rise edge)
                                                      0.000     0.000 r  
    PS7_X0Y0             PS7                          0.000     0.000 r  system_i/processing_system7_0/inst/PS7_i/FCLKCLK[0]
                         net (fo=1, routed)           1.207     1.207    system_i/processing_system7_0/inst/FCLK_CLK_unbuffered[0]
    BUFGCTRL_X0Y0        BUFG (Prop_bufg_I_O)         0.101     1.308 r  system_i/processing_system7_0/inst/buffer_fclk_clk_0.FCLK_CLK_0_BUFG/O
                         net (fo=626, routed)         1.729     3.037    system_i/axi_smc/inst/s00_entry_pipeline/s00_mmu/inst/aw_reg_stall/aclk
    SLICE_X2Y47          FDRE                                         r  system_i/axi_smc/inst/s00_entry_pipeline/s00_mmu/inst/aw_reg_stall/m_vector_i_reg[1027]/C
  -------------------------------------------------------------------    -------------------
    SLICE_X2Y47          FDRE (Prop_fdre_C_Q)         0.456     3.493 f  system_i/axi_smc/inst/s00_entry_pipeline/s00_mmu/inst/aw_reg_stall/m_vector_i_reg[1027]/Q
                         net (fo=20, routed)          0.960     4.453    system_i/axi_smc/inst/s00_entry_pipeline/s00_si_converter/inst/gen_axilite_conv.axilite_conv_inst/s_axi_awsize[1]
    SLICE_X3Y42          LUT2 (Prop_lut2_I0_O)        0.150     4.603 f  system_i/axi_smc/inst/s00_entry_pipeline/s00_si_converter/inst/gen_axilite_conv.axilite_conv_inst/aw_addr[5]_i_3/O
                         net (fo=2, routed)           0.575     5.178    system_i/axi_smc/inst/s00_entry_pipeline/s00_si_converter/inst/gen_axilite_conv.axilite_conv_inst/aw_addr[5]_i_3_n_0
    SLICE_X2Y44          LUT4 (Prop_lut4_I1_O)        0.326     5.504 r  system_i/axi_smc/inst/s00_entry_pipeline/s00_si_converter/inst/gen_axilite_conv.axilite_conv_inst/aw_addr[4]_i_2/O
                         net (fo=3, routed)           0.607     6.111    system_i/axi_smc/inst/s00_entry_pipeline/s00_si_converter/inst/gen_axilite_conv.axilite_conv_inst/wrap_awaddr[4]
    SLICE_X4Y44          LUT2 (Prop_lut2_I0_O)        0.124     6.235 r  system_i/axi_smc/inst/s00_entry_pipeline/s00_si_converter/inst/gen_axilite_conv.axilite_conv_inst/aw_addr[8]_i_32/O
                         net (fo=1, routed)           0.000     6.235    system_i/axi_smc/inst/s00_entry_pipeline/s00_si_converter/inst/gen_axilite_conv.axilite_conv_inst/aw_addr[8]_i_32_n_0
    SLICE_X4Y44          CARRY4 (Prop_carry4_S[0]_O[3])
                                                      0.608     6.843 f  system_i/axi_smc/inst/s00_entry_pipeline/s00_si_converter/inst/gen_axilite_conv.axilite_conv_inst/aw_addr_reg[8]_i_22/O[3]
                         net (fo=2, routed)           0.508     7.351    system_i/axi_smc/inst/s00_entry_pipeline/s00_si_converter/inst/gen_axilite_conv.axilite_conv_inst/wrap_awaddr_limit[7]
    SLICE_X2Y45          LUT4 (Prop_lut4_I2_O)        0.307     7.658 r  system_i/axi_smc/inst/s00_entry_pipeline/s00_si_converter/inst/gen_axilite_conv.axilite_conv_inst/aw_addr[8]_i_21/O
                         net (fo=1, routed)           0.440     8.098    system_i/axi_smc/inst/s00_entry_pipeline/s00_si_converter/inst/gen_axilite_conv.axilite_conv_inst/aw_addr[8]_i_21_n_0
    SLICE_X2Y44          LUT6 (Prop_lut6_I1_O)        0.124     8.222 r  system_i/axi_smc/inst/s00_entry_pipeline/s00_si_converter/inst/gen_axilite_conv.axilite_conv_inst/aw_addr[8]_i_14/O
                         net (fo=1, routed)           0.545     8.766    system_i/axi_smc/inst/s00_entry_pipeline/s00_si_converter/inst/gen_axilite_conv.axilite_conv_inst/aw_addr[8]_i_14_n_0
    SLICE_X3Y45          LUT4 (Prop_lut4_I1_O)        0.124     8.890 r  system_i/axi_smc/inst/s00_entry_pipeline/s00_si_converter/inst/gen_axilite_conv.axilite_conv_inst/aw_addr[8]_i_8/O
                         net (fo=12, routed)          0.509     9.400    system_i/axi_smc/inst/s00_entry_pipeline/s00_si_converter/inst/gen_axilite_conv.axilite_conv_inst/aw_addr[8]_i_8_n_0
    SLICE_X5Y43          LUT5 (Prop_lut5_I0_O)        0.124     9.524 r  system_i/axi_smc/inst/s00_entry_pipeline/s00_si_converter/inst/gen_axilite_conv.axilite_conv_inst/aw_addr[1]_i_1/O
                         net (fo=1, routed)           0.000     9.524    system_i/axi_smc/inst/s00_entry_pipeline/s00_si_converter/inst/gen_axilite_conv.axilite_conv_inst/aw_addr[1]
    SLICE_X5Y43          FDRE                                         r  system_i/axi_smc/inst/s00_entry_pipeline/s00_si_converter/inst/gen_axilite_conv.axilite_conv_inst/aw_addr_reg[1]/D
  -------------------------------------------------------------------    -------------------

                         (clock clk_fpga_0 rise edge)
                                                     10.000    10.000 r  
    PS7_X0Y0             PS7                          0.000    10.000 r  system_i/processing_system7_0/inst/PS7_i/FCLKCLK[0]
                         net (fo=1, routed)           1.101    11.101    system_i/processing_system7_0/inst/FCLK_CLK_unbuffered[0]
    BUFGCTRL_X0Y0        BUFG (Prop_bufg_I_O)         0.091    11.192 r  system_i/processing_system7_0/inst/buffer_fclk_clk_0.FCLK_CLK_0_BUFG/O
                         net (fo=626, routed)         1.551    12.743    system_i/axi_smc/inst/s00_entry_pipeline/s00_si_converter/inst/gen_axilite_conv.axilite_conv_inst/aclk
    SLICE_X5Y43          FDRE                                         r  system_i/axi_smc/inst/s00_entry_pipeline/s00_si_converter/inst/gen_axilite_conv.axilite_conv_inst/aw_addr_reg[1]/C
                         clock pessimism              0.267    13.011    
                         clock uncertainty           -0.154    12.857    
    SLICE_X5Y43          FDRE (Setup_fdre_C_D)        0.029    12.886    system_i/axi_smc/inst/s00_entry_pipeline/s00_si_converter/inst/gen_axilite_conv.axilite_conv_inst/aw_addr_reg[1]
  -------------------------------------------------------------------
                         required time                         12.886    
                         arrival time                          -9.524    
  -------------------------------------------------------------------
                         slack                                  3.362    

Slack (MET) :             3.367ns  (required time - arrival time)
  Source:                 system_i/axi_smc/inst/s00_entry_pipeline/s00_mmu/inst/aw_reg_stall/m_vector_i_reg[1027]/C
                            (rising edge-triggered cell FDRE clocked by clk_fpga_0  {rise@0.000ns fall@5.000ns period=10.000ns})
  Destination:            system_i/axi_smc/inst/s00_entry_pipeline/s00_si_converter/inst/gen_axilite_conv.axilite_conv_inst/aw_addr_reg[2]/D
                            (rising edge-triggered cell FDRE clocked by clk_fpga_0  {rise@0.000ns fall@5.000ns period=10.000ns})
  Path Group:             clk_fpga_0
  Path Type:              Setup (Max at Slow Process Corner)
  Requirement:            10.000ns  (clk_fpga_0 rise@10.000ns - clk_fpga_0 rise@0.000ns)
  Data Path Delay:        6.484ns  (logic 2.343ns (36.137%)  route 4.141ns (63.863%))
  Logic Levels:           8  (CARRY4=1 LUT2=2 LUT4=3 LUT5=1 LUT6=1)
  Clock Path Skew:        -0.026ns (DCD - SCD + CPR)
    Destination Clock Delay (DCD):    2.743ns = ( 12.743 - 10.000 ) 
    Source Clock Delay      (SCD):    3.037ns
    Clock Pessimism Removal (CPR):    0.267ns
  Clock Uncertainty:      0.154ns  ((TSJ^2 + TIJ^2)^1/2 + DJ) / 2 + PE
    Total System Jitter     (TSJ):    0.071ns
    Total Input Jitter      (TIJ):    0.300ns
    Discrete Jitter          (DJ):    0.000ns
    Phase Error              (PE):    0.000ns

    Location             Delay type                Incr(ns)  Path(ns)    Netlist Resource(s)
  -------------------------------------------------------------------    -------------------
                         (clock clk_fpga_0 rise edge)
                                                      0.000     0.000 r  
    PS7_X0Y0             PS7                          0.000     0.000 r  system_i/processing_system7_0/inst/PS7_i/FCLKCLK[0]
                         net (fo=1, routed)           1.207     1.207    system_i/processing_system7_0/inst/FCLK_CLK_unbuffered[0]
    BUFGCTRL_X0Y0        BUFG (Prop_bufg_I_O)         0.101     1.308 r  system_i/processing_system7_0/inst/buffer_fclk_clk_0.FCLK_CLK_0_BUFG/O
                         net (fo=626, routed)         1.729     3.037    system_i/axi_smc/inst/s00_entry_pipeline/s00_mmu/inst/aw_reg_stall/aclk
    SLICE_X2Y47          FDRE                                         r  system_i/axi_smc/inst/s00_entry_pipeline/s00_mmu/inst/aw_reg_stall/m_vector_i_reg[1027]/C
  -------------------------------------------------------------------    -------------------
    SLICE_X2Y47          FDRE (Prop_fdre_C_Q)         0.456     3.493 f  system_i/axi_smc/inst/s00_entry_pipeline/s00_mmu/inst/aw_reg_stall/m_vector_i_reg[1027]/Q
                         net (fo=20, routed)          0.960     4.453    system_i/axi_smc/inst/s00_entry_pipeline/s00_si_converter/inst/gen_axilite_conv.axilite_conv_inst/s_axi_awsize[1]
    SLICE_X3Y42          LUT2 (Prop_lut2_I0_O)        0.150     4.603 f  system_i/axi_smc/inst/s00_entry_pipeline/s00_si_converter/inst/gen_axilite_conv.axilite_conv_inst/aw_addr[5]_i_3/O
                         net (fo=2, routed)           0.575     5.178    system_i/axi_smc/inst/s00_entry_pipeline/s00_si_converter/inst/gen_axilite_conv.axilite_conv_inst/aw_addr[5]_i_3_n_0
    SLICE_X2Y44          LUT4 (Prop_lut4_I1_O)        0.326     5.504 r  system_i/axi_smc/inst/s00_entry_pipeline/s00_si_converter/inst/gen_axilite_conv.axilite_conv_inst/aw_addr[4]_i_2/O
                         net (fo=3, routed)           0.607     6.111    system_i/axi_smc/inst/s00_entry_pipeline/s00_si_converter/inst/gen_axilite_conv.axilite_conv_inst/wrap_awaddr[4]
    SLICE_X4Y44          LUT2 (Prop_lut2_I0_O)        0.124     6.235 r  system_i/axi_smc/inst/s00_entry_pipeline/s00_si_converter/inst/gen_axilite_conv.axilite_conv_inst/aw_addr[8]_i_32/O
                         net (fo=1, routed)           0.000     6.235    system_i/axi_smc/inst/s00_entry_pipeline/s00_si_converter/inst/gen_axilite_conv.axilite_conv_inst/aw_addr[8]_i_32_n_0
    SLICE_X4Y44          CARRY4 (Prop_carry4_S[0]_O[3])
                                                      0.608     6.843 f  system_i/axi_smc/inst/s00_entry_pipeline/s00_si_converter/inst/gen_axilite_conv.axilite_conv_inst/aw_addr_reg[8]_i_22/O[3]
                         net (fo=2, routed)           0.508     7.351    system_i/axi_smc/inst/s00_entry_pipeline/s00_si_converter/inst/gen_axilite_conv.axilite_conv_inst/wrap_awaddr_limit[7]
    SLICE_X2Y45          LUT4 (Prop_lut4_I2_O)        0.307     7.658 r  system_i/axi_smc/inst/s00_entry_pipeline/s00_si_converter/inst/gen_axilite_conv.axilite_conv_inst/aw_addr[8]_i_21/O
                         net (fo=1, routed)           0.440     8.098    system_i/axi_smc/inst/s00_entry_pipeline/s00_si_converter/inst/gen_axilite_conv.axilite_conv_inst/aw_addr[8]_i_21_n_0
    SLICE_X2Y44          LUT6 (Prop_lut6_I1_O)        0.124     8.222 r  system_i/axi_smc/inst/s00_entry_pipeline/s00_si_converter/inst/gen_axilite_conv.axilite_conv_inst/aw_addr[8]_i_14/O
                         net (fo=1, routed)           0.545     8.766    system_i/axi_smc/inst/s00_entry_pipeline/s00_si_converter/inst/gen_axilite_conv.axilite_conv_inst/aw_addr[8]_i_14_n_0
    SLICE_X3Y45          LUT4 (Prop_lut4_I1_O)        0.124     8.890 r  system_i/axi_smc/inst/s00_entry_pipeline/s00_si_converter/inst/gen_axilite_conv.axilite_conv_inst/aw_addr[8]_i_8/O
                         net (fo=12, routed)          0.506     9.397    system_i/axi_smc/inst/s00_entry_pipeline/s00_si_converter/inst/gen_axilite_conv.axilite_conv_inst/aw_addr[8]_i_8_n_0
    SLICE_X5Y43          LUT5 (Prop_lut5_I0_O)        0.124     9.521 r  system_i/axi_smc/inst/s00_entry_pipeline/s00_si_converter/inst/gen_axilite_conv.axilite_conv_inst/aw_addr[2]_i_1/O
                         net (fo=1, routed)           0.000     9.521    system_i/axi_smc/inst/s00_entry_pipeline/s00_si_converter/inst/gen_axilite_conv.axilite_conv_inst/aw_addr[2]
    SLICE_X5Y43          FDRE                                         r  system_i/axi_smc/inst/s00_entry_pipeline/s00_si_converter/inst/gen_axilite_conv.axilite_conv_inst/aw_addr_reg[2]/D
  -------------------------------------------------------------------    -------------------

                         (clock clk_fpga_0 rise edge)
                                                     10.000    10.000 r  
    PS7_X0Y0             PS7                          0.000    10.000 r  system_i/processing_system7_0/inst/PS7_i/FCLKCLK[0]
                         net (fo=1, routed)           1.101    11.101    system_i/processing_system7_0/inst/FCLK_CLK_unbuffered[0]
    BUFGCTRL_X0Y0        BUFG (Prop_bufg_I_O)         0.091    11.192 r  system_i/processing_system7_0/inst/buffer_fclk_clk_0.FCLK_CLK_0_BUFG/O
                         net (fo=626, routed)         1.551    12.743    system_i/axi_smc/inst/s00_entry_pipeline/s00_si_converter/inst/gen_axilite_conv.axilite_conv_inst/aclk
    SLICE_X5Y43          FDRE                                         r  system_i/axi_smc/inst/s00_entry_pipeline/s00_si_converter/inst/gen_axilite_conv.axilite_conv_inst/aw_addr_reg[2]/C
                         clock pessimism              0.267    13.011    
                         clock uncertainty           -0.154    12.857    
    SLICE_X5Y43          FDRE (Setup_fdre_C_D)        0.031    12.888    system_i/axi_smc/inst/s00_entry_pipeline/s00_si_converter/inst/gen_axilite_conv.axilite_conv_inst/aw_addr_reg[2]
  -------------------------------------------------------------------
                         required time                         12.888    
                         arrival time                          -9.521    
  -------------------------------------------------------------------
                         slack                                  3.367    

Slack (MET) :             3.397ns  (required time - arrival time)
  Source:                 system_i/axi_smc/inst/s00_entry_pipeline/s00_mmu/inst/aw_reg_stall/m_vector_i_reg[1027]/C
                            (rising edge-triggered cell FDRE clocked by clk_fpga_0  {rise@0.000ns fall@5.000ns period=10.000ns})
  Destination:            system_i/axi_smc/inst/s00_entry_pipeline/s00_si_converter/inst/gen_axilite_conv.axilite_conv_inst/aw_addr_reg[6]/D
                            (rising edge-triggered cell FDRE clocked by clk_fpga_0  {rise@0.000ns fall@5.000ns period=10.000ns})
  Path Group:             clk_fpga_0
  Path Type:              Setup (Max at Slow Process Corner)
  Requirement:            10.000ns  (clk_fpga_0 rise@10.000ns - clk_fpga_0 rise@0.000ns)
  Data Path Delay:        6.452ns  (logic 2.343ns (36.312%)  route 4.109ns (63.688%))
  Logic Levels:           8  (CARRY4=1 LUT2=2 LUT4=3 LUT5=1 LUT6=1)
  Clock Path Skew:        -0.026ns (DCD - SCD + CPR)
    Destination Clock Delay (DCD):    2.743ns = ( 12.743 - 10.000 ) 
    Source Clock Delay      (SCD):    3.037ns
    Clock Pessimism Removal (CPR):    0.267ns
  Clock Uncertainty:      0.154ns  ((TSJ^2 + TIJ^2)^1/2 + DJ) / 2 + PE
    Total System Jitter     (TSJ):    0.071ns
    Total Input Jitter      (TIJ):    0.300ns
    Discrete Jitter          (DJ):    0.000ns
    Phase Error              (PE):    0.000ns

    Location             Delay type                Incr(ns)  Path(ns)    Netlist Resource(s)
  -------------------------------------------------------------------    -------------------
                         (clock clk_fpga_0 rise edge)
                                                      0.000     0.000 r  
    PS7_X0Y0             PS7                          0.000     0.000 r  system_i/processing_system7_0/inst/PS7_i/FCLKCLK[0]
                         net (fo=1, routed)           1.207     1.207    system_i/processing_system7_0/inst/FCLK_CLK_unbuffered[0]
    BUFGCTRL_X0Y0        BUFG (Prop_bufg_I_O)         0.101     1.308 r  system_i/processing_system7_0/inst/buffer_fclk_clk_0.FCLK_CLK_0_BUFG/O
                         net (fo=626, routed)         1.729     3.037    system_i/axi_smc/inst/s00_entry_pipeline/s00_mmu/inst/aw_reg_stall/aclk
    SLICE_X2Y47          FDRE                                         r  system_i/axi_smc/inst/s00_entry_pipeline/s00_mmu/inst/aw_reg_stall/m_vector_i_reg[1027]/C
  -------------------------------------------------------------------    -------------------
    SLICE_X2Y47          FDRE (Prop_fdre_C_Q)         0.456     3.493 f  system_i/axi_smc/inst/s00_entry_pipeline/s00_mmu/inst/aw_reg_stall/m_vector_i_reg[1027]/Q
                         net (fo=20, routed)          0.960     4.453    system_i/axi_smc/inst/s00_entry_pipeline/s00_si_converter/inst/gen_axilite_conv.axilite_conv_inst/s_axi_awsize[1]
    SLICE_X3Y42          LUT2 (Prop_lut2_I0_O)        0.150     4.603 f  system_i/axi_smc/inst/s00_entry_pipeline/s00_si_converter/inst/gen_axilite_conv.axilite_conv_inst/aw_addr[5]_i_3/O
                         net (fo=2, routed)           0.575     5.178    system_i/axi_smc/inst/s00_entry_pipeline/s00_si_converter/inst/gen_axilite_conv.axilite_conv_inst/aw_addr[5]_i_3_n_0
    SLICE_X2Y44          LUT4 (Prop_lut4_I1_O)        0.326     5.504 r  system_i/axi_smc/inst/s00_entry_pipeline/s00_si_converter/inst/gen_axilite_conv.axilite_conv_inst/aw_addr[4]_i_2/O
                         net (fo=3, routed)           0.607     6.111    system_i/axi_smc/inst/s00_entry_pipeline/s00_si_converter/inst/gen_axilite_conv.axilite_conv_inst/wrap_awaddr[4]
    SLICE_X4Y44          LUT2 (Prop_lut2_I0_O)        0.124     6.235 r  system_i/axi_smc/inst/s00_entry_pipeline/s00_si_converter/inst/gen_axilite_conv.axilite_conv_inst/aw_addr[8]_i_32/O
                         net (fo=1, routed)           0.000     6.235    system_i/axi_smc/inst/s00_entry_pipeline/s00_si_converter/inst/gen_axilite_conv.axilite_conv_inst/aw_addr[8]_i_32_n_0
    SLICE_X4Y44          CARRY4 (Prop_carry4_S[0]_O[3])
                                                      0.608     6.843 f  system_i/axi_smc/inst/s00_entry_pipeline/s00_si_converter/inst/gen_axilite_conv.axilite_conv_inst/aw_addr_reg[8]_i_22/O[3]
                         net (fo=2, routed)           0.508     7.351    system_i/axi_smc/inst/s00_entry_pipeline/s00_si_converter/inst/gen_axilite_conv.axilite_conv_inst/wrap_awaddr_limit[7]
    SLICE_X2Y45          LUT4 (Prop_lut4_I2_O)        0.307     7.658 r  system_i/axi_smc/inst/s00_entry_pipeline/s00_si_converter/inst/gen_axilite_conv.axilite_conv_inst/aw_addr[8]_i_21/O
                         net (fo=1, routed)           0.440     8.098    system_i/axi_smc/inst/s00_entry_pipeline/s00_si_converter/inst/gen_axilite_conv.axilite_conv_inst/aw_addr[8]_i_21_n_0
    SLICE_X2Y44          LUT6 (Prop_lut6_I1_O)        0.124     8.222 r  system_i/axi_smc/inst/s00_entry_pipeline/s00_si_converter/inst/gen_axilite_conv.axilite_conv_inst/aw_addr[8]_i_14/O
                         net (fo=1, routed)           0.545     8.766    system_i/axi_smc/inst/s00_entry_pipeline/s00_si_converter/inst/gen_axilite_conv.axilite_conv_inst/aw_addr[8]_i_14_n_0
    SLICE_X3Y45          LUT4 (Prop_lut4_I1_O)        0.124     8.890 r  system_i/axi_smc/inst/s00_entry_pipeline/s00_si_converter/inst/gen_axilite_conv.axilite_conv_inst/aw_addr[8]_i_8/O
                         net (fo=12, routed)          0.475     9.365    system_i/axi_smc/inst/s00_entry_pipeline/s00_si_converter/inst/gen_axilite_conv.axilite_conv_inst/aw_addr[8]_i_8_n_0
    SLICE_X3Y45          LUT5 (Prop_lut5_I1_O)        0.124     9.489 r  system_i/axi_smc/inst/s00_entry_pipeline/s00_si_converter/inst/gen_axilite_conv.axilite_conv_inst/aw_addr[6]_i_1/O
                         net (fo=1, routed)           0.000     9.489    system_i/axi_smc/inst/s00_entry_pipeline/s00_si_converter/inst/gen_axilite_conv.axilite_conv_inst/aw_addr[6]
    SLICE_X3Y45          FDRE                                         r  system_i/axi_smc/inst/s00_entry_pipeline/s00_si_converter/inst/gen_axilite_conv.axilite_conv_inst/aw_addr_reg[6]/D
  -------------------------------------------------------------------    -------------------

                         (clock clk_fpga_0 rise edge)
                                                     10.000    10.000 r  
    PS7_X0Y0             PS7                          0.000    10.000 r  system_i/processing_system7_0/inst/PS7_i/FCLKCLK[0]
                         net (fo=1, routed)           1.101    11.101    system_i/processing_system7_0/inst/FCLK_CLK_unbuffered[0]
    BUFGCTRL_X0Y0        BUFG (Prop_bufg_I_O)         0.091    11.192 r  system_i/processing_system7_0/inst/buffer_fclk_clk_0.FCLK_CLK_0_BUFG/O
                         net (fo=626, routed)         1.551    12.743    system_i/axi_smc/inst/s00_entry_pipeline/s00_si_converter/inst/gen_axilite_conv.axilite_conv_inst/aclk
    SLICE_X3Y45          FDRE                                         r  system_i/axi_smc/inst/s00_entry_pipeline/s00_si_converter/inst/gen_axilite_conv.axilite_conv_inst/aw_addr_reg[6]/C
                         clock pessimism              0.267    13.011    
                         clock uncertainty           -0.154    12.857    
    SLICE_X3Y45          FDRE (Setup_fdre_C_D)        0.029    12.886    system_i/axi_smc/inst/s00_entry_pipeline/s00_si_converter/inst/gen_axilite_conv.axilite_conv_inst/aw_addr_reg[6]
  -------------------------------------------------------------------
                         required time                         12.886    
                         arrival time                          -9.489    
  -------------------------------------------------------------------
                         slack                                  3.397    

Slack (MET) :             3.398ns  (required time - arrival time)
  Source:                 system_i/axi_smc/inst/s00_entry_pipeline/s00_mmu/inst/aw_reg_stall/m_vector_i_reg[1027]/C
                            (rising edge-triggered cell FDRE clocked by clk_fpga_0  {rise@0.000ns fall@5.000ns period=10.000ns})
  Destination:            system_i/axi_smc/inst/s00_entry_pipeline/s00_si_converter/inst/gen_axilite_conv.axilite_conv_inst/aw_addr_reg[8]/D
                            (rising edge-triggered cell FDRE clocked by clk_fpga_0  {rise@0.000ns fall@5.000ns period=10.000ns})
  Path Group:             clk_fpga_0
  Path Type:              Setup (Max at Slow Process Corner)
  Requirement:            10.000ns  (clk_fpga_0 rise@10.000ns - clk_fpga_0 rise@0.000ns)
  Data Path Delay:        6.499ns  (logic 2.343ns (36.049%)  route 4.156ns (63.951%))
  Logic Levels:           8  (CARRY4=1 LUT2=2 LUT4=4 LUT6=1)
  Clock Path Skew:        -0.025ns (DCD - SCD + CPR)
    Destination Clock Delay (DCD):    2.744ns = ( 12.745 - 10.000 ) 
    Source Clock Delay      (SCD):    3.037ns
    Clock Pessimism Removal (CPR):    0.267ns
  Clock Uncertainty:      0.154ns  ((TSJ^2 + TIJ^2)^1/2 + DJ) / 2 + PE
    Total System Jitter     (TSJ):    0.071ns
    Total Input Jitter      (TIJ):    0.300ns
    Discrete Jitter          (DJ):    0.000ns
    Phase Error              (PE):    0.000ns

    Location             Delay type                Incr(ns)  Path(ns)    Netlist Resource(s)
  -------------------------------------------------------------------    -------------------
                         (clock clk_fpga_0 rise edge)
                                                      0.000     0.000 r  
    PS7_X0Y0             PS7                          0.000     0.000 r  system_i/processing_system7_0/inst/PS7_i/FCLKCLK[0]
                         net (fo=1, routed)           1.207     1.207    system_i/processing_system7_0/inst/FCLK_CLK_unbuffered[0]
    BUFGCTRL_X0Y0        BUFG (Prop_bufg_I_O)         0.101     1.308 r  system_i/processing_system7_0/inst/buffer_fclk_clk_0.FCLK_CLK_0_BUFG/O
                         net (fo=626, routed)         1.729     3.037    system_i/axi_smc/inst/s00_entry_pipeline/s00_mmu/inst/aw_reg_stall/aclk
    SLICE_X2Y47          FDRE                                         r  system_i/axi_smc/inst/s00_entry_pipeline/s00_mmu/inst/aw_reg_stall/m_vector_i_reg[1027]/C
  -------------------------------------------------------------------    -------------------
    SLICE_X2Y47          FDRE (Prop_fdre_C_Q)         0.456     3.493 f  system_i/axi_smc/inst/s00_entry_pipeline/s00_mmu/inst/aw_reg_stall/m_vector_i_reg[1027]/Q
                         net (fo=20, routed)          0.960     4.453    system_i/axi_smc/inst/s00_entry_pipeline/s00_si_converter/inst/gen_axilite_conv.axilite_conv_inst/s_axi_awsize[1]
    SLICE_X3Y42          LUT2 (Prop_lut2_I0_O)        0.150     4.603 f  system_i/axi_smc/inst/s00_entry_pipeline/s00_si_converter/inst/gen_axilite_conv.axilite_conv_inst/aw_addr[5]_i_3/O
                         net (fo=2, routed)           0.575     5.178    system_i/axi_smc/inst/s00_entry_pipeline/s00_si_converter/inst/gen_axilite_conv.axilite_conv_inst/aw_addr[5]_i_3_n_0
    SLICE_X2Y44          LUT4 (Prop_lut4_I1_O)        0.326     5.504 r  system_i/axi_smc/inst/s00_entry_pipeline/s00_si_converter/inst/gen_axilite_conv.axilite_conv_inst/aw_addr[4]_i_2/O
                         net (fo=3, routed)           0.607     6.111    system_i/axi_smc/inst/s00_entry_pipeline/s00_si_converter/inst/gen_axilite_conv.axilite_conv_inst/wrap_awaddr[4]
    SLICE_X4Y44          LUT2 (Prop_lut2_I0_O)        0.124     6.235 r  system_i/axi_smc/inst/s00_entry_pipeline/s00_si_converter/inst/gen_axilite_conv.axilite_conv_inst/aw_addr[8]_i_32/O
                         net (fo=1, routed)           0.000     6.235    system_i/axi_smc/inst/s00_entry_pipeline/s00_si_converter/inst/gen_axilite_conv.axilite_conv_inst/aw_addr[8]_i_32_n_0
    SLICE_X4Y44          CARRY4 (Prop_carry4_S[0]_O[3])
                                                      0.608     6.843 f  system_i/axi_smc/inst/s00_entry_pipeline/s00_si_converter/inst/gen_axilite_conv.axilite_conv_inst/aw_addr_reg[8]_i_22/O[3]
                         net (fo=2, routed)           0.508     7.351    system_i/axi_smc/inst/s00_entry_pipeline/s00_si_converter/inst/gen_axilite_conv.axilite_conv_inst/wrap_awaddr_limit[7]
    SLICE_X2Y45          LUT4 (Prop_lut4_I2_O)        0.307     7.658 r  system_i/axi_smc/inst/s00_entry_pipeline/s00_si_converter/inst/gen_axilite_conv.axilite_conv_inst/aw_addr[8]_i_21/O
                         net (fo=1, routed)           0.440     8.098    system_i/axi_smc/inst/s00_entry_pipeline/s00_si_converter/inst/gen_axilite_conv.axilite_conv_inst/aw_addr[8]_i_21_n_0
    SLICE_X2Y44          LUT6 (Prop_lut6_I1_O)        0.124     8.222 r  system_i/axi_smc/inst/s00_entry_pipeline/s00_si_converter/inst/gen_axilite_conv.axilite_conv_inst/aw_addr[8]_i_14/O
                         net (fo=1, routed)           0.545     8.766    system_i/axi_smc/inst/s00_entry_pipeline/s00_si_converter/inst/gen_axilite_conv.axilite_conv_inst/aw_addr[8]_i_14_n_0
    SLICE_X3Y45          LUT4 (Prop_lut4_I1_O)        0.124     8.890 r  system_i/axi_smc/inst/s00_entry_pipeline/s00_si_converter/inst/gen_axilite_conv.axilite_conv_inst/aw_addr[8]_i_8/O
                         net (fo=12, routed)          0.522     9.412    system_i/axi_smc/inst/s00_entry_pipeline/s00_si_converter/inst/gen_axilite_conv.axilite_conv_inst/aw_addr[8]_i_8_n_0
    SLICE_X4Y47          LUT4 (Prop_lut4_I1_O)        0.124     9.536 r  system_i/axi_smc/inst/s00_entry_pipeline/s00_si_converter/inst/gen_axilite_conv.axilite_conv_inst/aw_addr[8]_i_2/O
                         net (fo=1, routed)           0.000     9.536    system_i/axi_smc/inst/s00_entry_pipeline/s00_si_converter/inst/gen_axilite_conv.axilite_conv_inst/aw_addr[8]
    SLICE_X4Y47          FDRE                                         r  system_i/axi_smc/inst/s00_entry_pipeline/s00_si_converter/inst/gen_axilite_conv.axilite_conv_inst/aw_addr_reg[8]/D
  -------------------------------------------------------------------    -------------------

                         (clock clk_fpga_0 rise edge)
                                                     10.000    10.000 r  
    PS7_X0Y0             PS7                          0.000    10.000 r  system_i/processing_system7_0/inst/PS7_i/FCLKCLK[0]
                         net (fo=1, routed)           1.101    11.101    system_i/processing_system7_0/inst/FCLK_CLK_unbuffered[0]
    BUFGCTRL_X0Y0        BUFG (Prop_bufg_I_O)         0.091    11.192 r  system_i/processing_system7_0/inst/buffer_fclk_clk_0.FCLK_CLK_0_BUFG/O
                         net (fo=626, routed)         1.552    12.744    system_i/axi_smc/inst/s00_entry_pipeline/s00_si_converter/inst/gen_axilite_conv.axilite_conv_inst/aclk
    SLICE_X4Y47          FDRE                                         r  system_i/axi_smc/inst/s00_entry_pipeline/s00_si_converter/inst/gen_axilite_conv.axilite_conv_inst/aw_addr_reg[8]/C
                         clock pessimism              0.267    13.012    
                         clock uncertainty           -0.154    12.858    
    SLICE_X4Y47          FDRE (Setup_fdre_C_D)        0.077    12.935    system_i/axi_smc/inst/s00_entry_pipeline/s00_si_converter/inst/gen_axilite_conv.axilite_conv_inst/aw_addr_reg[8]
  -------------------------------------------------------------------
                         required time                         12.935    
                         arrival time                          -9.536    
  -------------------------------------------------------------------
                         slack                                  3.398    

Slack (MET) :             3.400ns  (required time - arrival time)
  Source:                 system_i/axi_smc/inst/s00_entry_pipeline/s00_mmu/inst/aw_reg_stall/m_vector_i_reg[1027]/C
                            (rising edge-triggered cell FDRE clocked by clk_fpga_0  {rise@0.000ns fall@5.000ns period=10.000ns})
  Destination:            system_i/axi_smc/inst/s00_entry_pipeline/s00_si_converter/inst/gen_axilite_conv.axilite_conv_inst/aw_addr_reg[11]/D
                            (rising edge-triggered cell FDRE clocked by clk_fpga_0  {rise@0.000ns fall@5.000ns period=10.000ns})
  Path Group:             clk_fpga_0
  Path Type:              Setup (Max at Slow Process Corner)
  Requirement:            10.000ns  (clk_fpga_0 rise@10.000ns - clk_fpga_0 rise@0.000ns)
  Data Path Delay:        6.497ns  (logic 2.343ns (36.061%)  route 4.154ns (63.939%))
  Logic Levels:           8  (CARRY4=1 LUT2=2 LUT4=4 LUT6=1)
  Clock Path Skew:        -0.026ns (DCD - SCD + CPR)
    Destination Clock Delay (DCD):    2.743ns = ( 12.743 - 10.000 ) 
    Source Clock Delay      (SCD):    3.037ns
    Clock Pessimism Removal (CPR):    0.267ns
  Clock Uncertainty:      0.154ns  ((TSJ^2 + TIJ^2)^1/2 + DJ) / 2 + PE
    Total System Jitter     (TSJ):    0.071ns
    Total Input Jitter      (TIJ):    0.300ns
    Discrete Jitter          (DJ):    0.000ns
    Phase Error              (PE):    0.000ns

    Location             Delay type                Incr(ns)  Path(ns)    Netlist Resource(s)
  -------------------------------------------------------------------    -------------------
                         (clock clk_fpga_0 rise edge)
                                                      0.000     0.000 r  
    PS7_X0Y0             PS7                          0.000     0.000 r  system_i/processing_system7_0/inst/PS7_i/FCLKCLK[0]
                         net (fo=1, routed)           1.207     1.207    system_i/processing_system7_0/inst/FCLK_CLK_unbuffered[0]
    BUFGCTRL_X0Y0        BUFG (Prop_bufg_I_O)         0.101     1.308 r  system_i/processing_system7_0/inst/buffer_fclk_clk_0.FCLK_CLK_0_BUFG/O
                         net (fo=626, routed)         1.729     3.037    system_i/axi_smc/inst/s00_entry_pipeline/s00_mmu/inst/aw_reg_stall/aclk
    SLICE_X2Y47          FDRE                                         r  system_i/axi_smc/inst/s00_entry_pipeline/s00_mmu/inst/aw_reg_stall/m_vector_i_reg[1027]/C
  -------------------------------------------------------------------    -------------------
    SLICE_X2Y47          FDRE (Prop_fdre_C_Q)         0.456     3.493 f  system_i/axi_smc/inst/s00_entry_pipeline/s00_mmu/inst/aw_reg_stall/m_vector_i_reg[1027]/Q
                         net (fo=20, routed)          0.960     4.453    system_i/axi_smc/inst/s00_entry_pipeline/s00_si_converter/inst/gen_axilite_conv.axilite_conv_inst/s_axi_awsize[1]
    SLICE_X3Y42          LUT2 (Prop_lut2_I0_O)        0.150     4.603 f  system_i/axi_smc/inst/s00_entry_pipeline/s00_si_converter/inst/gen_axilite_conv.axilite_conv_inst/aw_addr[5]_i_3/O
                         net (fo=2, routed)           0.575     5.178    system_i/axi_smc/inst/s00_entry_pipeline/s00_si_converter/inst/gen_axilite_conv.axilite_conv_inst/aw_addr[5]_i_3_n_0
    SLICE_X2Y44          LUT4 (Prop_lut4_I1_O)        0.326     5.504 r  system_i/axi_smc/inst/s00_entry_pipeline/s00_si_converter/inst/gen_axilite_conv.axilite_conv_inst/aw_addr[4]_i_2/O
                         net (fo=3, routed)           0.607     6.111    system_i/axi_smc/inst/s00_entry_pipeline/s00_si_converter/inst/gen_axilite_conv.axilite_conv_inst/wrap_awaddr[4]
    SLICE_X4Y44          LUT2 (Prop_lut2_I0_O)        0.124     6.235 r  system_i/axi_smc/inst/s00_entry_pipeline/s00_si_converter/inst/gen_axilite_conv.axilite_conv_inst/aw_addr[8]_i_32/O
                         net (fo=1, routed)           0.000     6.235    system_i/axi_smc/inst/s00_entry_pipeline/s00_si_converter/inst/gen_axilite_conv.axilite_conv_inst/aw_addr[8]_i_32_n_0
    SLICE_X4Y44          CARRY4 (Prop_carry4_S[0]_O[3])
                                                      0.608     6.843 f  system_i/axi_smc/inst/s00_entry_pipeline/s00_si_converter/inst/gen_axilite_conv.axilite_conv_inst/aw_addr_reg[8]_i_22/O[3]
                         net (fo=2, routed)           0.508     7.351    system_i/axi_smc/inst/s00_entry_pipeline/s00_si_converter/inst/gen_axilite_conv.axilite_conv_inst/wrap_awaddr_limit[7]
    SLICE_X2Y45          LUT4 (Prop_lut4_I2_O)        0.307     7.658 r  system_i/axi_smc/inst/s00_entry_pipeline/s00_si_converter/inst/gen_axilite_conv.axilite_conv_inst/aw_addr[8]_i_21/O
                         net (fo=1, routed)           0.440     8.098    system_i/axi_smc/inst/s00_entry_pipeline/s00_si_converter/inst/gen_axilite_conv.axilite_conv_inst/aw_addr[8]_i_21_n_0
    SLICE_X2Y44          LUT6 (Prop_lut6_I1_O)        0.124     8.222 r  system_i/axi_smc/inst/s00_entry_pipeline/s00_si_converter/inst/gen_axilite_conv.axilite_conv_inst/aw_addr[8]_i_14/O
                         net (fo=1, routed)           0.545     8.766    system_i/axi_smc/inst/s00_entry_pipeline/s00_si_converter/inst/gen_axilite_conv.axilite_conv_inst/aw_addr[8]_i_14_n_0
    SLICE_X3Y45          LUT4 (Prop_lut4_I1_O)        0.124     8.890 r  system_i/axi_smc/inst/s00_entry_pipeline/s00_si_converter/inst/gen_axilite_conv.axilite_conv_inst/aw_addr[8]_i_8/O
                         net (fo=12, routed)          0.520     9.410    system_i/axi_smc/inst/s00_entry_pipeline/s00_si_converter/inst/gen_axilite_conv.axilite_conv_inst/aw_addr[8]_i_8_n_0
    SLICE_X4Y46          LUT4 (Prop_lut4_I2_O)        0.124     9.534 r  system_i/axi_smc/inst/s00_entry_pipeline/s00_si_converter/inst/gen_axilite_conv.axilite_conv_inst/aw_addr[11]_i_1/O
                         net (fo=1, routed)           0.000     9.534    system_i/axi_smc/inst/s00_entry_pipeline/s00_si_converter/inst/gen_axilite_conv.axilite_conv_inst/aw_addr[11]
    SLICE_X4Y46          FDRE                                         r  system_i/axi_smc/inst/s00_entry_pipeline/s00_si_converter/inst/gen_axilite_conv.axilite_conv_inst/aw_addr_reg[11]/D
  -------------------------------------------------------------------    -------------------

                         (clock clk_fpga_0 rise edge)
                                                     10.000    10.000 r  
    PS7_X0Y0             PS7                          0.000    10.000 r  system_i/processing_system7_0/inst/PS7_i/FCLKCLK[0]
                         net (fo=1, routed)           1.101    11.101    system_i/processing_system7_0/inst/FCLK_CLK_unbuffered[0]
    BUFGCTRL_X0Y0        BUFG (Prop_bufg_I_O)         0.091    11.192 r  system_i/processing_system7_0/inst/buffer_fclk_clk_0.FCLK_CLK_0_BUFG/O
                         net (fo=626, routed)         1.551    12.743    system_i/axi_smc/inst/s00_entry_pipeline/s00_si_converter/inst/gen_axilite_conv.axilite_conv_inst/aclk
    SLICE_X4Y46          FDRE                                         r  system_i/axi_smc/inst/s00_entry_pipeline/s00_si_converter/inst/gen_axilite_conv.axilite_conv_inst/aw_addr_reg[11]/C
                         clock pessimism              0.267    13.011    
                         clock uncertainty           -0.154    12.857    
    SLICE_X4Y46          FDRE (Setup_fdre_C_D)        0.077    12.934    system_i/axi_smc/inst/s00_entry_pipeline/s00_si_converter/inst/gen_axilite_conv.axilite_conv_inst/aw_addr_reg[11]
  -------------------------------------------------------------------
                         required time                         12.934    
                         arrival time                          -9.534    
  -------------------------------------------------------------------
                         slack                                  3.400    





Min Delay Paths
--------------------------------------------------------------------------------------
Slack (MET) :             0.089ns  (arrival time - required time)
  Source:                 system_i/axi_smc/inst/s00_entry_pipeline/s00_si_converter/inst/gen_axilite_conv.axilite_conv_inst/b_cnt_reg[2]/C
                            (rising edge-triggered cell FDRE clocked by clk_fpga_0  {rise@0.000ns fall@5.000ns period=10.000ns})
  Destination:            system_i/axi_smc/inst/s00_entry_pipeline/s00_si_converter/inst/gen_axilite_conv.axilite_conv_inst/b_cnt_reg[4]/D
                            (rising edge-triggered cell FDRE clocked by clk_fpga_0  {rise@0.000ns fall@5.000ns period=10.000ns})
  Path Group:             clk_fpga_0
  Path Type:              Hold (Min at Fast Process Corner)
  Requirement:            0.000ns  (clk_fpga_0 rise@0.000ns - clk_fpga_0 rise@0.000ns)
  Data Path Delay:        0.466ns  (logic 0.213ns (45.686%)  route 0.253ns (54.314%))
  Logic Levels:           1  (LUT5=1)
  Clock Path Skew:        0.270ns (DCD - SCD - CPR)
    Destination Clock Delay (DCD):    1.205ns
    Source Clock Delay      (SCD):    0.906ns
    Clock Pessimism Removal (CPR):    0.029ns

    Location             Delay type                Incr(ns)  Path(ns)    Netlist Resource(s)
  -------------------------------------------------------------------    -------------------
                         (clock clk_fpga_0 rise edge)
                                                      0.000     0.000 r  
    PS7_X0Y0             PS7                          0.000     0.000 r  system_i/processing_system7_0/inst/PS7_i/FCLKCLK[0]
                         net (fo=1, routed)           0.315     0.315    system_i/processing_system7_0/inst/FCLK_CLK_unbuffered[0]
    BUFGCTRL_X0Y0        BUFG (Prop_bufg_I_O)         0.026     0.341 r  system_i/processing_system7_0/inst/buffer_fclk_clk_0.FCLK_CLK_0_BUFG/O
                         net (fo=626, routed)         0.565     0.906    system_i/axi_smc/inst/s00_entry_pipeline/s00_si_converter/inst/gen_axilite_conv.axilite_conv_inst/aclk
    SLICE_X12Y50         FDRE                                         r  system_i/axi_smc/inst/s00_entry_pipeline/s00_si_converter/inst/gen_axilite_conv.axilite_conv_inst/b_cnt_reg[2]/C
  -------------------------------------------------------------------    -------------------
    SLICE_X12Y50         FDRE (Prop_fdre_C_Q)         0.164     1.070 r  system_i/axi_smc/inst/s00_entry_pipeline/s00_si_converter/inst/gen_axilite_conv.axilite_conv_inst/b_cnt_reg[2]/Q
                         net (fo=8, routed)           0.253     1.323    system_i/axi_smc/inst/s00_entry_pipeline/s00_si_converter/inst/gen_axilite_conv.axilite_conv_inst/b_cnt_reg[2]
    SLICE_X13Y49         LUT5 (Prop_lut5_I4_O)        0.049     1.372 r  system_i/axi_smc/inst/s00_entry_pipeline/s00_si_converter/inst/gen_axilite_conv.axilite_conv_inst/b_cnt[4]_i_1/O
                         net (fo=1, routed)           0.000     1.372    system_i/axi_smc/inst/s00_entry_pipeline/s00_si_converter/inst/gen_axilite_conv.axilite_conv_inst/b_cnt[4]_i_1_n_0
    SLICE_X13Y49         FDRE                                         r  system_i/axi_smc/inst/s00_entry_pipeline/s00_si_converter/inst/gen_axilite_conv.axilite_conv_inst/b_cnt_reg[4]/D
  -------------------------------------------------------------------    -------------------

                         (clock clk_fpga_0 rise edge)
                                                      0.000     0.000 r  
    PS7_X0Y0             PS7                          0.000     0.000 r  system_i/processing_system7_0/inst/PS7_i/FCLKCLK[0]
                         net (fo=1, routed)           0.341     0.341    system_i/processing_system7_0/inst/FCLK_CLK_unbuffered[0]
    BUFGCTRL_X0Y0        BUFG (Prop_bufg_I_O)         0.029     0.370 r  system_i/processing_system7_0/inst/buffer_fclk_clk_0.FCLK_CLK_0_BUFG/O
                         net (fo=626, routed)         0.835     1.205    system_i/axi_smc/inst/s00_entry_pipeline/s00_si_converter/inst/gen_axilite_conv.axilite_conv_inst/aclk
    SLICE_X13Y49         FDRE                                         r  system_i/axi_smc/inst/s00_entry_pipeline/s00_si_converter/inst/gen_axilite_conv.axilite_conv_inst/b_cnt_reg[4]/C
                         clock pessimism             -0.029     1.176    
    SLICE_X13Y49         FDRE (Hold_fdre_C_D)         0.107     1.283    system_i/axi_smc/inst/s00_entry_pipeline/s00_si_converter/inst/gen_axilite_conv.axilite_conv_inst/b_cnt_reg[4]
  -------------------------------------------------------------------
                         required time                         -1.283    
                         arrival time                           1.372    
  -------------------------------------------------------------------
                         slack                                  0.089    

Slack (MET) :             0.100ns  (arrival time - required time)
  Source:                 system_i/axi_smc/inst/s00_entry_pipeline/s00_si_converter/inst/gen_axilite_conv.axilite_conv_inst/b_cnt_reg[2]/C
                            (rising edge-triggered cell FDRE clocked by clk_fpga_0  {rise@0.000ns fall@5.000ns period=10.000ns})
  Destination:            system_i/axi_smc/inst/s00_entry_pipeline/s00_si_converter/inst/gen_axilite_conv.axilite_conv_inst/b_cnt_reg[3]/D
                            (rising edge-triggered cell FDRE clocked by clk_fpga_0  {rise@0.000ns fall@5.000ns period=10.000ns})
  Path Group:             clk_fpga_0
  Path Type:              Hold (Min at Fast Process Corner)
  Requirement:            0.000ns  (clk_fpga_0 rise@0.000ns - clk_fpga_0 rise@0.000ns)
  Data Path Delay:        0.462ns  (logic 0.209ns (45.216%)  route 0.253ns (54.784%))
  Logic Levels:           1  (LUT4=1)
  Clock Path Skew:        0.270ns (DCD - SCD - CPR)
    Destination Clock Delay (DCD):    1.205ns
    Source Clock Delay      (SCD):    0.906ns
    Clock Pessimism Removal (CPR):    0.029ns

    Location             Delay type                Incr(ns)  Path(ns)    Netlist Resource(s)
  -------------------------------------------------------------------    -------------------
                         (clock clk_fpga_0 rise edge)
                                                      0.000     0.000 r  
    PS7_X0Y0             PS7                          0.000     0.000 r  system_i/processing_system7_0/inst/PS7_i/FCLKCLK[0]
                         net (fo=1, routed)           0.315     0.315    system_i/processing_system7_0/inst/FCLK_CLK_unbuffered[0]
    BUFGCTRL_X0Y0        BUFG (Prop_bufg_I_O)         0.026     0.341 r  system_i/processing_system7_0/inst/buffer_fclk_clk_0.FCLK_CLK_0_BUFG/O
                         net (fo=626, routed)         0.565     0.906    system_i/axi_smc/inst/s00_entry_pipeline/s00_si_converter/inst/gen_axilite_conv.axilite_conv_inst/aclk
    SLICE_X12Y50         FDRE                                         r  system_i/axi_smc/inst/s00_entry_pipeline/s00_si_converter/inst/gen_axilite_conv.axilite_conv_inst/b_cnt_reg[2]/C
  -------------------------------------------------------------------    -------------------
    SLICE_X12Y50         FDRE (Prop_fdre_C_Q)         0.164     1.070 r  system_i/axi_smc/inst/s00_entry_pipeline/s00_si_converter/inst/gen_axilite_conv.axilite_conv_inst/b_cnt_reg[2]/Q
                         net (fo=8, routed)           0.253     1.323    system_i/axi_smc/inst/s00_entry_pipeline/s00_si_converter/inst/gen_axilite_conv.axilite_conv_inst/b_cnt_reg[2]
    SLICE_X13Y49         LUT4 (Prop_lut4_I1_O)        0.045     1.368 r  system_i/axi_smc/inst/s00_entry_pipeline/s00_si_converter/inst/gen_axilite_conv.axilite_conv_inst/b_cnt[3]_i_1/O
                         net (fo=1, routed)           0.000     1.368    system_i/axi_smc/inst/s00_entry_pipeline/s00_si_converter/inst/gen_axilite_conv.axilite_conv_inst/b_cnt[3]_i_1_n_0
    SLICE_X13Y49         FDRE                                         r  system_i/axi_smc/inst/s00_entry_pipeline/s00_si_converter/inst/gen_axilite_conv.axilite_conv_inst/b_cnt_reg[3]/D
  -------------------------------------------------------------------    -------------------

                         (clock clk_fpga_0 rise edge)
                                                      0.000     0.000 r  
    PS7_X0Y0             PS7                          0.000     0.000 r  system_i/processing_system7_0/inst/PS7_i/FCLKCLK[0]
                         net (fo=1, routed)           0.341     0.341    system_i/processing_system7_0/inst/FCLK_CLK_unbuffered[0]
    BUFGCTRL_X0Y0        BUFG (Prop_bufg_I_O)         0.029     0.370 r  system_i/processing_system7_0/inst/buffer_fclk_clk_0.FCLK_CLK_0_BUFG/O
                         net (fo=626, routed)         0.835     1.205    system_i/axi_smc/inst/s00_entry_pipeline/s00_si_converter/inst/gen_axilite_conv.axilite_conv_inst/aclk
    SLICE_X13Y49         FDRE                                         r  system_i/axi_smc/inst/s00_entry_pipeline/s00_si_converter/inst/gen_axilite_conv.axilite_conv_inst/b_cnt_reg[3]/C
                         clock pessimism             -0.029     1.176    
    SLICE_X13Y49         FDRE (Hold_fdre_C_D)         0.092     1.268    system_i/axi_smc/inst/s00_entry_pipeline/s00_si_converter/inst/gen_axilite_conv.axilite_conv_inst/b_cnt_reg[3]
  -------------------------------------------------------------------
                         required time                         -1.268    
                         arrival time                           1.368    
  -------------------------------------------------------------------
                         slack                                  0.100    

Slack (MET) :             0.111ns  (arrival time - required time)
  Source:                 system_i/axi_smc/inst/s00_entry_pipeline/s00_si_converter/inst/gen_axilite_conv.axilite_conv_inst/b_cnt_reg[4]/C
                            (rising edge-triggered cell FDRE clocked by clk_fpga_0  {rise@0.000ns fall@5.000ns period=10.000ns})
  Destination:            system_i/axi_smc/inst/s00_entry_pipeline/s00_si_converter/inst/gen_axilite_conv.axilite_conv_inst/b_cnt_reg[5]/D
                            (rising edge-triggered cell FDRE clocked by clk_fpga_0  {rise@0.000ns fall@5.000ns period=10.000ns})
  Path Group:             clk_fpga_0
  Path Type:              Hold (Min at Fast Process Corner)
  Requirement:            0.000ns  (clk_fpga_0 rise@0.000ns - clk_fpga_0 rise@0.000ns)
  Data Path Delay:        0.500ns  (logic 0.226ns (45.221%)  route 0.274ns (54.779%))
  Logic Levels:           1  (LUT6=1)
  Clock Path Skew:        0.267ns (DCD - SCD - CPR)
    Destination Clock Delay (DCD):    1.204ns
    Source Clock Delay      (SCD):    0.908ns
    Clock Pessimism Removal (CPR):    0.029ns

    Location             Delay type                Incr(ns)  Path(ns)    Netlist Resource(s)
  -------------------------------------------------------------------    -------------------
                         (clock clk_fpga_0 rise edge)
                                                      0.000     0.000 r  
    PS7_X0Y0             PS7                          0.000     0.000 r  system_i/processing_system7_0/inst/PS7_i/FCLKCLK[0]
                         net (fo=1, routed)           0.315     0.315    system_i/processing_system7_0/inst/FCLK_CLK_unbuffered[0]
    BUFGCTRL_X0Y0        BUFG (Prop_bufg_I_O)         0.026     0.341 r  system_i/processing_system7_0/inst/buffer_fclk_clk_0.FCLK_CLK_0_BUFG/O
                         net (fo=626, routed)         0.567     0.908    system_i/axi_smc/inst/s00_entry_pipeline/s00_si_converter/inst/gen_axilite_conv.axilite_conv_inst/aclk
    SLICE_X13Y49         FDRE                                         r  system_i/axi_smc/inst/s00_entry_pipeline/s00_si_converter/inst/gen_axilite_conv.axilite_conv_inst/b_cnt_reg[4]/C
  -------------------------------------------------------------------    -------------------
    SLICE_X13Y49         FDRE (Prop_fdre_C_Q)         0.128     1.036 r  system_i/axi_smc/inst/s00_entry_pipeline/s00_si_converter/inst/gen_axilite_conv.axilite_conv_inst/b_cnt_reg[4]/Q
                         net (fo=5, routed)           0.274     1.309    system_i/axi_smc/inst/s00_entry_pipeline/s00_si_converter/inst/gen_axilite_conv.axilite_conv_inst/b_cnt_reg[4]
    SLICE_X12Y50         LUT6 (Prop_lut6_I1_O)        0.098     1.407 r  system_i/axi_smc/inst/s00_entry_pipeline/s00_si_converter/inst/gen_axilite_conv.axilite_conv_inst/b_cnt[5]_i_1/O
                         net (fo=1, routed)           0.000     1.407    system_i/axi_smc/inst/s00_entry_pipeline/s00_si_converter/inst/gen_axilite_conv.axilite_conv_inst/b_cnt[5]_i_1_n_0
    SLICE_X12Y50         FDRE                                         r  system_i/axi_smc/inst/s00_entry_pipeline/s00_si_converter/inst/gen_axilite_conv.axilite_conv_inst/b_cnt_reg[5]/D
  -------------------------------------------------------------------    -------------------

                         (clock clk_fpga_0 rise edge)
                                                      0.000     0.000 r  
    PS7_X0Y0             PS7                          0.000     0.000 r  system_i/processing_system7_0/inst/PS7_i/FCLKCLK[0]
                         net (fo=1, routed)           0.341     0.341    system_i/processing_system7_0/inst/FCLK_CLK_unbuffered[0]
    BUFGCTRL_X0Y0        BUFG (Prop_bufg_I_O)         0.029     0.370 r  system_i/processing_system7_0/inst/buffer_fclk_clk_0.FCLK_CLK_0_BUFG/O
                         net (fo=626, routed)         0.834     1.204    system_i/axi_smc/inst/s00_entry_pipeline/s00_si_converter/inst/gen_axilite_conv.axilite_conv_inst/aclk
    SLICE_X12Y50         FDRE                                         r  system_i/axi_smc/inst/s00_entry_pipeline/s00_si_converter/inst/gen_axilite_conv.axilite_conv_inst/b_cnt_reg[5]/C
                         clock pessimism             -0.029     1.175    
    SLICE_X12Y50         FDRE (Hold_fdre_C_D)         0.121     1.296    system_i/axi_smc/inst/s00_entry_pipeline/s00_si_converter/inst/gen_axilite_conv.axilite_conv_inst/b_cnt_reg[5]
  -------------------------------------------------------------------
                         required time                         -1.296    
                         arrival time                           1.407    
  -------------------------------------------------------------------
                         slack                                  0.111    

Slack (MET) :             0.122ns  (arrival time - required time)
  Source:                 system_i/axi_gpio_0/U0/gpio_core_1/Not_Dual.INPUT_DOUBLE_REGS3/syncstages_ff_reg[0][2]/C
                            (rising edge-triggered cell FDRE clocked by clk_fpga_0  {rise@0.000ns fall@5.000ns period=10.000ns})
  Destination:            system_i/axi_gpio_0/U0/gpio_core_1/Not_Dual.INPUT_DOUBLE_REGS3/syncstages_ff_reg[1][2]/D
                            (rising edge-triggered cell FDRE clocked by clk_fpga_0  {rise@0.000ns fall@5.000ns period=10.000ns})
  Path Group:             clk_fpga_0
  Path Type:              Hold (Min at Fast Process Corner)
  Requirement:            0.000ns  (clk_fpga_0 rise@0.000ns - clk_fpga_0 rise@0.000ns)
  Data Path Delay:        0.197ns  (logic 0.141ns (71.611%)  route 0.056ns (28.389%))
  Logic Levels:           0  
  Clock Path Skew:        0.000ns (DCD - SCD - CPR)
    Destination Clock Delay (DCD):    1.201ns
    Source Clock Delay      (SCD):    0.904ns
    Clock Pessimism Removal (CPR):    0.297ns

    Location             Delay type                Incr(ns)  Path(ns)    Netlist Resource(s)
  -------------------------------------------------------------------    -------------------
                         (clock clk_fpga_0 rise edge)
                                                      0.000     0.000 r  
    PS7_X0Y0             PS7                          0.000     0.000 r  system_i/processing_system7_0/inst/PS7_i/FCLKCLK[0]
                         net (fo=1, routed)           0.315     0.315    system_i/processing_system7_0/inst/FCLK_CLK_unbuffered[0]
    BUFGCTRL_X0Y0        BUFG (Prop_bufg_I_O)         0.026     0.341 r  system_i/processing_system7_0/inst/buffer_fclk_clk_0.FCLK_CLK_0_BUFG/O
                         net (fo=626, routed)         0.563     0.904    system_i/axi_gpio_0/U0/gpio_core_1/Not_Dual.INPUT_DOUBLE_REGS3/dest_clk
    SLICE_X15Y43         FDRE                                         r  system_i/axi_gpio_0/U0/gpio_core_1/Not_Dual.INPUT_DOUBLE_REGS3/syncstages_ff_reg[0][2]/C
  -------------------------------------------------------------------    -------------------
    SLICE_X15Y43         FDRE (Prop_fdre_C_Q)         0.141     1.044 r  system_i/axi_gpio_0/U0/gpio_core_1/Not_Dual.INPUT_DOUBLE_REGS3/syncstages_ff_reg[0][2]/Q
                         net (fo=1, routed)           0.056     1.100    system_i/axi_gpio_0/U0/gpio_core_1/Not_Dual.INPUT_DOUBLE_REGS3/syncstages_ff[0][2]
    SLICE_X15Y43         FDRE                                         r  system_i/axi_gpio_0/U0/gpio_core_1/Not_Dual.INPUT_DOUBLE_REGS3/syncstages_ff_reg[1][2]/D
  -------------------------------------------------------------------    -------------------

                         (clock clk_fpga_0 rise edge)
                                                      0.000     0.000 r  
    PS7_X0Y0             PS7                          0.000     0.000 r  system_i/processing_system7_0/inst/PS7_i/FCLKCLK[0]
                         net (fo=1, routed)           0.341     0.341    system_i/processing_system7_0/inst/FCLK_CLK_unbuffered[0]
    BUFGCTRL_X0Y0        BUFG (Prop_bufg_I_O)         0.029     0.370 r  system_i/processing_system7_0/inst/buffer_fclk_clk_0.FCLK_CLK_0_BUFG/O
                         net (fo=626, routed)         0.831     1.201    system_i/axi_gpio_0/U0/gpio_core_1/Not_Dual.INPUT_DOUBLE_REGS3/dest_clk
    SLICE_X15Y43         FDRE                                         r  system_i/axi_gpio_0/U0/gpio_core_1/Not_Dual.INPUT_DOUBLE_REGS3/syncstages_ff_reg[1][2]/C
                         clock pessimism             -0.297     0.904    
    SLICE_X15Y43         FDRE (Hold_fdre_C_D)         0.075     0.979    system_i/axi_gpio_0/U0/gpio_core_1/Not_Dual.INPUT_DOUBLE_REGS3/syncstages_ff_reg[1][2]
  -------------------------------------------------------------------
                         required time                         -0.979    
                         arrival time                           1.100    
  -------------------------------------------------------------------
                         slack                                  0.122    

Slack (MET) :             0.122ns  (arrival time - required time)
  Source:                 system_i/axi_smc/inst/clk_map/psr_aclk/U0/EXT_LPF/ACTIVE_LOW_EXT.ACT_LO_EXT/syncstages_ff_reg[0]/C
                            (rising edge-triggered cell FDRE clocked by clk_fpga_0  {rise@0.000ns fall@5.000ns period=10.000ns})
  Destination:            system_i/axi_smc/inst/clk_map/psr_aclk/U0/EXT_LPF/ACTIVE_LOW_EXT.ACT_LO_EXT/syncstages_ff_reg[1]/D
                            (rising edge-triggered cell FDRE clocked by clk_fpga_0  {rise@0.000ns fall@5.000ns period=10.000ns})
  Path Group:             clk_fpga_0
  Path Type:              Hold (Min at Fast Process Corner)
  Requirement:            0.000ns  (clk_fpga_0 rise@0.000ns - clk_fpga_0 rise@0.000ns)
  Data Path Delay:        0.197ns  (logic 0.141ns (71.611%)  route 0.056ns (28.389%))
  Logic Levels:           0  
  Clock Path Skew:        0.000ns (DCD - SCD - CPR)
    Destination Clock Delay (DCD):    1.199ns
    Source Clock Delay      (SCD):    0.902ns
    Clock Pessimism Removal (CPR):    0.297ns

    Location             Delay type                Incr(ns)  Path(ns)    Netlist Resource(s)
  -------------------------------------------------------------------    -------------------
                         (clock clk_fpga_0 rise edge)
                                                      0.000     0.000 r  
    PS7_X0Y0             PS7                          0.000     0.000 r  system_i/processing_system7_0/inst/PS7_i/FCLKCLK[0]
                         net (fo=1, routed)           0.315     0.315    system_i/processing_system7_0/inst/FCLK_CLK_unbuffered[0]
    BUFGCTRL_X0Y0        BUFG (Prop_bufg_I_O)         0.026     0.341 r  system_i/processing_system7_0/inst/buffer_fclk_clk_0.FCLK_CLK_0_BUFG/O
                         net (fo=626, routed)         0.561     0.901    system_i/axi_smc/inst/clk_map/psr_aclk/U0/EXT_LPF/ACTIVE_LOW_EXT.ACT_LO_EXT/dest_clk
    SLICE_X15Y38         FDRE                                         r  system_i/axi_smc/inst/clk_map/psr_aclk/U0/EXT_LPF/ACTIVE_LOW_EXT.ACT_LO_EXT/syncstages_ff_reg[0]/C
  -------------------------------------------------------------------    -------------------
    SLICE_X15Y38         FDRE (Prop_fdre_C_Q)         0.141     1.043 r  system_i/axi_smc/inst/clk_map/psr_aclk/U0/EXT_LPF/ACTIVE_LOW_EXT.ACT_LO_EXT/syncstages_ff_reg[0]/Q
                         net (fo=1, routed)           0.056     1.098    system_i/axi_smc/inst/clk_map/psr_aclk/U0/EXT_LPF/ACTIVE_LOW_EXT.ACT_LO_EXT/syncstages_ff[0]
    SLICE_X15Y38         FDRE                                         r  system_i/axi_smc/inst/clk_map/psr_aclk/U0/EXT_LPF/ACTIVE_LOW_EXT.ACT_LO_EXT/syncstages_ff_reg[1]/D
  -------------------------------------------------------------------    -------------------

                         (clock clk_fpga_0 rise edge)
                                                      0.000     0.000 r  
    PS7_X0Y0             PS7                          0.000     0.000 r  system_i/processing_system7_0/inst/PS7_i/FCLKCLK[0]
                         net (fo=1, routed)           0.341     0.341    system_i/processing_system7_0/inst/FCLK_CLK_unbuffered[0]
    BUFGCTRL_X0Y0        BUFG (Prop_bufg_I_O)         0.029     0.370 r  system_i/processing_system7_0/inst/buffer_fclk_clk_0.FCLK_CLK_0_BUFG/O
                         net (fo=626, routed)         0.829     1.199    system_i/axi_smc/inst/clk_map/psr_aclk/U0/EXT_LPF/ACTIVE_LOW_EXT.ACT_LO_EXT/dest_clk
    SLICE_X15Y38         FDRE                                         r  system_i/axi_smc/inst/clk_map/psr_aclk/U0/EXT_LPF/ACTIVE_LOW_EXT.ACT_LO_EXT/syncstages_ff_reg[1]/C
                         clock pessimism             -0.297     0.902    
    SLICE_X15Y38         FDRE (Hold_fdre_C_D)         0.075     0.977    system_i/axi_smc/inst/clk_map/psr_aclk/U0/EXT_LPF/ACTIVE_LOW_EXT.ACT_LO_EXT/syncstages_ff_reg[1]
  -------------------------------------------------------------------
                         required time                         -0.977    
                         arrival time                           1.098    
  -------------------------------------------------------------------
                         slack                                  0.122    

Slack (MET) :             0.122ns  (arrival time - required time)
  Source:                 system_i/axi_smc/inst/s00_entry_pipeline/s00_mmu/inst/xpm_cdc_async_rst_inst/arststages_ff_reg[0]/C
                            (rising edge-triggered cell FDCE clocked by clk_fpga_0  {rise@0.000ns fall@5.000ns period=10.000ns})
  Destination:            system_i/axi_smc/inst/s00_entry_pipeline/s00_mmu/inst/xpm_cdc_async_rst_inst/arststages_ff_reg[1]/D
                            (rising edge-triggered cell FDCE clocked by clk_fpga_0  {rise@0.000ns fall@5.000ns period=10.000ns})
  Path Group:             clk_fpga_0
  Path Type:              Hold (Min at Fast Process Corner)
  Requirement:            0.000ns  (clk_fpga_0 rise@0.000ns - clk_fpga_0 rise@0.000ns)
  Data Path Delay:        0.197ns  (logic 0.141ns (71.611%)  route 0.056ns (28.389%))
  Logic Levels:           0  
  Clock Path Skew:        0.000ns (DCD - SCD - CPR)
    Destination Clock Delay (DCD):    1.203ns
    Source Clock Delay      (SCD):    0.906ns
    Clock Pessimism Removal (CPR):    0.297ns

    Location             Delay type                Incr(ns)  Path(ns)    Netlist Resource(s)
  -------------------------------------------------------------------    -------------------
                         (clock clk_fpga_0 rise edge)
                                                      0.000     0.000 r  
    PS7_X0Y0             PS7                          0.000     0.000 r  system_i/processing_system7_0/inst/PS7_i/FCLKCLK[0]
                         net (fo=1, routed)           0.315     0.315    system_i/processing_system7_0/inst/FCLK_CLK_unbuffered[0]
    BUFGCTRL_X0Y0        BUFG (Prop_bufg_I_O)         0.026     0.341 r  system_i/processing_system7_0/inst/buffer_fclk_clk_0.FCLK_CLK_0_BUFG/O
                         net (fo=626, routed)         0.565     0.906    system_i/axi_smc/inst/s00_entry_pipeline/s00_mmu/inst/xpm_cdc_async_rst_inst/dest_clk
    SLICE_X9Y40          FDCE                                         r  system_i/axi_smc/inst/s00_entry_pipeline/s00_mmu/inst/xpm_cdc_async_rst_inst/arststages_ff_reg[0]/C
  -------------------------------------------------------------------    -------------------
    SLICE_X9Y40          FDCE (Prop_fdce_C_Q)         0.141     1.047 r  system_i/axi_smc/inst/s00_entry_pipeline/s00_mmu/inst/xpm_cdc_async_rst_inst/arststages_ff_reg[0]/Q
                         net (fo=1, routed)           0.056     1.102    system_i/axi_smc/inst/s00_entry_pipeline/s00_mmu/inst/xpm_cdc_async_rst_inst/arststages_ff[0]
    SLICE_X9Y40          FDCE                                         r  system_i/axi_smc/inst/s00_entry_pipeline/s00_mmu/inst/xpm_cdc_async_rst_inst/arststages_ff_reg[1]/D
  -------------------------------------------------------------------    -------------------

                         (clock clk_fpga_0 rise edge)
                                                      0.000     0.000 r  
    PS7_X0Y0             PS7                          0.000     0.000 r  system_i/processing_system7_0/inst/PS7_i/FCLKCLK[0]
                         net (fo=1, routed)           0.341     0.341    system_i/processing_system7_0/inst/FCLK_CLK_unbuffered[0]
    BUFGCTRL_X0Y0        BUFG (Prop_bufg_I_O)         0.029     0.370 r  system_i/processing_system7_0/inst/buffer_fclk_clk_0.FCLK_CLK_0_BUFG/O
                         net (fo=626, routed)         0.833     1.203    system_i/axi_smc/inst/s00_entry_pipeline/s00_mmu/inst/xpm_cdc_async_rst_inst/dest_clk
    SLICE_X9Y40          FDCE                                         r  system_i/axi_smc/inst/s00_entry_pipeline/s00_mmu/inst/xpm_cdc_async_rst_inst/arststages_ff_reg[1]/C
                         clock pessimism             -0.297     0.906    
    SLICE_X9Y40          FDCE (Hold_fdce_C_D)         0.075     0.981    system_i/axi_smc/inst/s00_entry_pipeline/s00_mmu/inst/xpm_cdc_async_rst_inst/arststages_ff_reg[1]
  -------------------------------------------------------------------
                         required time                         -0.981    
                         arrival time                           1.102    
  -------------------------------------------------------------------
                         slack                                  0.122    

Slack (MET) :             0.122ns  (arrival time - required time)
  Source:                 system_i/axi_smc/inst/s00_entry_pipeline/s00_transaction_regulator/inst/xpm_cdc_async_rst_inst/arststages_ff_reg[0]/C
                            (rising edge-triggered cell FDCE clocked by clk_fpga_0  {rise@0.000ns fall@5.000ns period=10.000ns})
  Destination:            system_i/axi_smc/inst/s00_entry_pipeline/s00_transaction_regulator/inst/xpm_cdc_async_rst_inst/arststages_ff_reg[1]/D
                            (rising edge-triggered cell FDCE clocked by clk_fpga_0  {rise@0.000ns fall@5.000ns period=10.000ns})
  Path Group:             clk_fpga_0
  Path Type:              Hold (Min at Fast Process Corner)
  Requirement:            0.000ns  (clk_fpga_0 rise@0.000ns - clk_fpga_0 rise@0.000ns)
  Data Path Delay:        0.197ns  (logic 0.141ns (71.611%)  route 0.056ns (28.389%))
  Logic Levels:           0  
  Clock Path Skew:        0.000ns (DCD - SCD - CPR)
    Destination Clock Delay (DCD):    1.204ns
    Source Clock Delay      (SCD):    0.907ns
    Clock Pessimism Removal (CPR):    0.297ns

    Location             Delay type                Incr(ns)  Path(ns)    Netlist Resource(s)
  -------------------------------------------------------------------    -------------------
                         (clock clk_fpga_0 rise edge)
                                                      0.000     0.000 r  
    PS7_X0Y0             PS7                          0.000     0.000 r  system_i/processing_system7_0/inst/PS7_i/FCLKCLK[0]
                         net (fo=1, routed)           0.315     0.315    system_i/processing_system7_0/inst/FCLK_CLK_unbuffered[0]
    BUFGCTRL_X0Y0        BUFG (Prop_bufg_I_O)         0.026     0.341 r  system_i/processing_system7_0/inst/buffer_fclk_clk_0.FCLK_CLK_0_BUFG/O
                         net (fo=626, routed)         0.566     0.907    system_i/axi_smc/inst/s00_entry_pipeline/s00_transaction_regulator/inst/xpm_cdc_async_rst_inst/dest_clk
    SLICE_X11Y46         FDCE                                         r  system_i/axi_smc/inst/s00_entry_pipeline/s00_transaction_regulator/inst/xpm_cdc_async_rst_inst/arststages_ff_reg[0]/C
  -------------------------------------------------------------------    -------------------
    SLICE_X11Y46         FDCE (Prop_fdce_C_Q)         0.141     1.048 r  system_i/axi_smc/inst/s00_entry_pipeline/s00_transaction_regulator/inst/xpm_cdc_async_rst_inst/arststages_ff_reg[0]/Q
                         net (fo=1, routed)           0.056     1.103    system_i/axi_smc/inst/s00_entry_pipeline/s00_transaction_regulator/inst/xpm_cdc_async_rst_inst/arststages_ff[0]
    SLICE_X11Y46         FDCE                                         r  system_i/axi_smc/inst/s00_entry_pipeline/s00_transaction_regulator/inst/xpm_cdc_async_rst_inst/arststages_ff_reg[1]/D
  -------------------------------------------------------------------    -------------------

                         (clock clk_fpga_0 rise edge)
                                                      0.000     0.000 r  
    PS7_X0Y0             PS7                          0.000     0.000 r  system_i/processing_system7_0/inst/PS7_i/FCLKCLK[0]
                         net (fo=1, routed)           0.341     0.341    system_i/processing_system7_0/inst/FCLK_CLK_unbuffered[0]
    BUFGCTRL_X0Y0        BUFG (Prop_bufg_I_O)         0.029     0.370 r  system_i/processing_system7_0/inst/buffer_fclk_clk_0.FCLK_CLK_0_BUFG/O
                         net (fo=626, routed)         0.834     1.204    system_i/axi_smc/inst/s00_entry_pipeline/s00_transaction_regulator/inst/xpm_cdc_async_rst_inst/dest_clk
    SLICE_X11Y46         FDCE                                         r  system_i/axi_smc/inst/s00_entry_pipeline/s00_transaction_regulator/inst/xpm_cdc_async_rst_inst/arststages_ff_reg[1]/C
                         clock pessimism             -0.297     0.907    
    SLICE_X11Y46         FDCE (Hold_fdce_C_D)         0.075     0.982    system_i/axi_smc/inst/s00_entry_pipeline/s00_transaction_regulator/inst/xpm_cdc_async_rst_inst/arststages_ff_reg[1]
  -------------------------------------------------------------------
                         required time                         -0.982    
                         arrival time                           1.103    
  -------------------------------------------------------------------
                         slack                                  0.122    

Slack (MET) :             0.122ns  (arrival time - required time)
  Source:                 system_i/axi_smc/inst/s00_nodes/s00_ar_node/inst/s_sc_xpm_cdc_async_rst_inst/arststages_ff_reg[0]/C
                            (rising edge-triggered cell FDCE clocked by clk_fpga_0  {rise@0.000ns fall@5.000ns period=10.000ns})
  Destination:            system_i/axi_smc/inst/s00_nodes/s00_ar_node/inst/s_sc_xpm_cdc_async_rst_inst/arststages_ff_reg[1]/D
                            (rising edge-triggered cell FDCE clocked by clk_fpga_0  {rise@0.000ns fall@5.000ns period=10.000ns})
  Path Group:             clk_fpga_0
  Path Type:              Hold (Min at Fast Process Corner)
  Requirement:            0.000ns  (clk_fpga_0 rise@0.000ns - clk_fpga_0 rise@0.000ns)
  Data Path Delay:        0.197ns  (logic 0.141ns (71.611%)  route 0.056ns (28.389%))
  Logic Levels:           0  
  Clock Path Skew:        0.000ns (DCD - SCD - CPR)
    Destination Clock Delay (DCD):    1.200ns
    Source Clock Delay      (SCD):    0.904ns
    Clock Pessimism Removal (CPR):    0.296ns

    Location             Delay type                Incr(ns)  Path(ns)    Netlist Resource(s)
  -------------------------------------------------------------------    -------------------
                         (clock clk_fpga_0 rise edge)
                                                      0.000     0.000 r  
    PS7_X0Y0             PS7                          0.000     0.000 r  system_i/processing_system7_0/inst/PS7_i/FCLKCLK[0]
                         net (fo=1, routed)           0.315     0.315    system_i/processing_system7_0/inst/FCLK_CLK_unbuffered[0]
    BUFGCTRL_X0Y0        BUFG (Prop_bufg_I_O)         0.026     0.341 r  system_i/processing_system7_0/inst/buffer_fclk_clk_0.FCLK_CLK_0_BUFG/O
                         net (fo=626, routed)         0.563     0.904    system_i/axi_smc/inst/s00_nodes/s00_ar_node/inst/s_sc_xpm_cdc_async_rst_inst/dest_clk
    SLICE_X13Y37         FDCE                                         r  system_i/axi_smc/inst/s00_nodes/s00_ar_node/inst/s_sc_xpm_cdc_async_rst_inst/arststages_ff_reg[0]/C
  -------------------------------------------------------------------    -------------------
    SLICE_X13Y37         FDCE (Prop_fdce_C_Q)         0.141     1.044 r  system_i/axi_smc/inst/s00_nodes/s00_ar_node/inst/s_sc_xpm_cdc_async_rst_inst/arststages_ff_reg[0]/Q
                         net (fo=1, routed)           0.056     1.100    system_i/axi_smc/inst/s00_nodes/s00_ar_node/inst/s_sc_xpm_cdc_async_rst_inst/arststages_ff[0]
    SLICE_X13Y37         FDCE                                         r  system_i/axi_smc/inst/s00_nodes/s00_ar_node/inst/s_sc_xpm_cdc_async_rst_inst/arststages_ff_reg[1]/D
  -------------------------------------------------------------------    -------------------

                         (clock clk_fpga_0 rise edge)
                                                      0.000     0.000 r  
    PS7_X0Y0             PS7                          0.000     0.000 r  system_i/processing_system7_0/inst/PS7_i/FCLKCLK[0]
                         net (fo=1, routed)           0.341     0.341    system_i/processing_system7_0/inst/FCLK_CLK_unbuffered[0]
    BUFGCTRL_X0Y0        BUFG (Prop_bufg_I_O)         0.029     0.370 r  system_i/processing_system7_0/inst/buffer_fclk_clk_0.FCLK_CLK_0_BUFG/O
                         net (fo=626, routed)         0.830     1.200    system_i/axi_smc/inst/s00_nodes/s00_ar_node/inst/s_sc_xpm_cdc_async_rst_inst/dest_clk
    SLICE_X13Y37         FDCE                                         r  system_i/axi_smc/inst/s00_nodes/s00_ar_node/inst/s_sc_xpm_cdc_async_rst_inst/arststages_ff_reg[1]/C
                         clock pessimism             -0.296     0.904    
    SLICE_X13Y37         FDCE (Hold_fdce_C_D)         0.075     0.979    system_i/axi_smc/inst/s00_nodes/s00_ar_node/inst/s_sc_xpm_cdc_async_rst_inst/arststages_ff_reg[1]
  -------------------------------------------------------------------
                         required time                         -0.979    
                         arrival time                           1.100    
  -------------------------------------------------------------------
                         slack                                  0.122    

Slack (MET) :             0.122ns  (arrival time - required time)
  Source:                 system_i/axi_smc/inst/s00_nodes/s00_r_node/inst/s_sc_xpm_cdc_async_rst_inst/arststages_ff_reg[0]/C
                            (rising edge-triggered cell FDCE clocked by clk_fpga_0  {rise@0.000ns fall@5.000ns period=10.000ns})
  Destination:            system_i/axi_smc/inst/s00_nodes/s00_r_node/inst/s_sc_xpm_cdc_async_rst_inst/arststages_ff_reg[1]/D
                            (rising edge-triggered cell FDCE clocked by clk_fpga_0  {rise@0.000ns fall@5.000ns period=10.000ns})
  Path Group:             clk_fpga_0
  Path Type:              Hold (Min at Fast Process Corner)
  Requirement:            0.000ns  (clk_fpga_0 rise@0.000ns - clk_fpga_0 rise@0.000ns)
  Data Path Delay:        0.197ns  (logic 0.141ns (71.611%)  route 0.056ns (28.389%))
  Logic Levels:           0  
  Clock Path Skew:        0.000ns (DCD - SCD - CPR)
    Destination Clock Delay (DCD):    1.202ns
    Source Clock Delay      (SCD):    0.905ns
    Clock Pessimism Removal (CPR):    0.297ns

    Location             Delay type                Incr(ns)  Path(ns)    Netlist Resource(s)
  -------------------------------------------------------------------    -------------------
                         (clock clk_fpga_0 rise edge)
                                                      0.000     0.000 r  
    PS7_X0Y0             PS7                          0.000     0.000 r  system_i/processing_system7_0/inst/PS7_i/FCLKCLK[0]
                         net (fo=1, routed)           0.315     0.315    system_i/processing_system7_0/inst/FCLK_CLK_unbuffered[0]
    BUFGCTRL_X0Y0        BUFG (Prop_bufg_I_O)         0.026     0.341 r  system_i/processing_system7_0/inst/buffer_fclk_clk_0.FCLK_CLK_0_BUFG/O
                         net (fo=626, routed)         0.564     0.905    system_i/axi_smc/inst/s00_nodes/s00_r_node/inst/s_sc_xpm_cdc_async_rst_inst/dest_clk
    SLICE_X11Y39         FDCE                                         r  system_i/axi_smc/inst/s00_nodes/s00_r_node/inst/s_sc_xpm_cdc_async_rst_inst/arststages_ff_reg[0]/C
  -------------------------------------------------------------------    -------------------
    SLICE_X11Y39         FDCE (Prop_fdce_C_Q)         0.141     1.046 r  system_i/axi_smc/inst/s00_nodes/s00_r_node/inst/s_sc_xpm_cdc_async_rst_inst/arststages_ff_reg[0]/Q
                         net (fo=1, routed)           0.056     1.101    system_i/axi_smc/inst/s00_nodes/s00_r_node/inst/s_sc_xpm_cdc_async_rst_inst/arststages_ff[0]
    SLICE_X11Y39         FDCE                                         r  system_i/axi_smc/inst/s00_nodes/s00_r_node/inst/s_sc_xpm_cdc_async_rst_inst/arststages_ff_reg[1]/D
  -------------------------------------------------------------------    -------------------

                         (clock clk_fpga_0 rise edge)
                                                      0.000     0.000 r  
    PS7_X0Y0             PS7                          0.000     0.000 r  system_i/processing_system7_0/inst/PS7_i/FCLKCLK[0]
                         net (fo=1, routed)           0.341     0.341    system_i/processing_system7_0/inst/FCLK_CLK_unbuffered[0]
    BUFGCTRL_X0Y0        BUFG (Prop_bufg_I_O)         0.029     0.370 r  system_i/processing_system7_0/inst/buffer_fclk_clk_0.FCLK_CLK_0_BUFG/O
                         net (fo=626, routed)         0.832     1.202    system_i/axi_smc/inst/s00_nodes/s00_r_node/inst/s_sc_xpm_cdc_async_rst_inst/dest_clk
    SLICE_X11Y39         FDCE                                         r  system_i/axi_smc/inst/s00_nodes/s00_r_node/inst/s_sc_xpm_cdc_async_rst_inst/arststages_ff_reg[1]/C
                         clock pessimism             -0.297     0.905    
    SLICE_X11Y39         FDCE (Hold_fdce_C_D)         0.075     0.979    system_i/axi_smc/inst/s00_nodes/s00_r_node/inst/s_sc_xpm_cdc_async_rst_inst/arststages_ff_reg[1]
  -------------------------------------------------------------------
                         required time                         -0.980    
                         arrival time                           1.101    
  -------------------------------------------------------------------
                         slack                                  0.122    

Slack (MET) :             0.122ns  (arrival time - required time)
  Source:                 system_i/rst_ps7_0_100M/U0/EXT_LPF/ACTIVE_LOW_EXT.ACT_LO_EXT/syncstages_ff_reg[0]/C
                            (rising edge-triggered cell FDRE clocked by clk_fpga_0  {rise@0.000ns fall@5.000ns period=10.000ns})
  Destination:            system_i/rst_ps7_0_100M/U0/EXT_LPF/ACTIVE_LOW_EXT.ACT_LO_EXT/syncstages_ff_reg[1]/D
                            (rising edge-triggered cell FDRE clocked by clk_fpga_0  {rise@0.000ns fall@5.000ns period=10.000ns})
  Path Group:             clk_fpga_0
  Path Type:              Hold (Min at Fast Process Corner)
  Requirement:            0.000ns  (clk_fpga_0 rise@0.000ns - clk_fpga_0 rise@0.000ns)
  Data Path Delay:        0.197ns  (logic 0.141ns (71.611%)  route 0.056ns (28.389%))
  Logic Levels:           0  
  Clock Path Skew:        0.000ns (DCD - SCD - CPR)
    Destination Clock Delay (DCD):    1.201ns
    Source Clock Delay      (SCD):    0.904ns
    Clock Pessimism Removal (CPR):    0.297ns

    Location             Delay type                Incr(ns)  Path(ns)    Netlist Resource(s)
  -------------------------------------------------------------------    -------------------
                         (clock clk_fpga_0 rise edge)
                                                      0.000     0.000 r  
    PS7_X0Y0             PS7                          0.000     0.000 r  system_i/processing_system7_0/inst/PS7_i/FCLKCLK[0]
                         net (fo=1, routed)           0.315     0.315    system_i/processing_system7_0/inst/FCLK_CLK_unbuffered[0]
    BUFGCTRL_X0Y0        BUFG (Prop_bufg_I_O)         0.026     0.341 r  system_i/processing_system7_0/inst/buffer_fclk_clk_0.FCLK_CLK_0_BUFG/O
                         net (fo=626, routed)         0.563     0.904    system_i/rst_ps7_0_100M/U0/EXT_LPF/ACTIVE_LOW_EXT.ACT_LO_EXT/dest_clk
    SLICE_X15Y45         FDRE                                         r  system_i/rst_ps7_0_100M/U0/EXT_LPF/ACTIVE_LOW_EXT.ACT_LO_EXT/syncstages_ff_reg[0]/C
  -------------------------------------------------------------------    -------------------
    SLICE_X15Y45         FDRE (Prop_fdre_C_Q)         0.141     1.044 r  system_i/rst_ps7_0_100M/U0/EXT_LPF/ACTIVE_LOW_EXT.ACT_LO_EXT/syncstages_ff_reg[0]/Q
                         net (fo=1, routed)           0.056     1.100    system_i/rst_ps7_0_100M/U0/EXT_LPF/ACTIVE_LOW_EXT.ACT_LO_EXT/syncstages_ff[0]
    SLICE_X15Y45         FDRE                                         r  system_i/rst_ps7_0_100M/U0/EXT_LPF/ACTIVE_LOW_EXT.ACT_LO_EXT/syncstages_ff_reg[1]/D
  -------------------------------------------------------------------    -------------------

                         (clock clk_fpga_0 rise edge)
                                                      0.000     0.000 r  
    PS7_X0Y0             PS7                          0.000     0.000 r  system_i/processing_system7_0/inst/PS7_i/FCLKCLK[0]
                         net (fo=1, routed)           0.341     0.341    system_i/processing_system7_0/inst/FCLK_CLK_unbuffered[0]
    BUFGCTRL_X0Y0        BUFG (Prop_bufg_I_O)         0.029     0.370 r  system_i/processing_system7_0/inst/buffer_fclk_clk_0.FCLK_CLK_0_BUFG/O
                         net (fo=626, routed)         0.831     1.201    system_i/rst_ps7_0_100M/U0/EXT_LPF/ACTIVE_LOW_EXT.ACT_LO_EXT/dest_clk
    SLICE_X15Y45         FDRE                                         r  system_i/rst_ps7_0_100M/U0/EXT_LPF/ACTIVE_LOW_EXT.ACT_LO_EXT/syncstages_ff_reg[1]/C
                         clock pessimism             -0.297     0.904    
    SLICE_X15Y45         FDRE (Hold_fdre_C_D)         0.075     0.979    system_i/rst_ps7_0_100M/U0/EXT_LPF/ACTIVE_LOW_EXT.ACT_LO_EXT/syncstages_ff_reg[1]
  -------------------------------------------------------------------
                         required time                         -0.979    
                         arrival time                           1.100    
  -------------------------------------------------------------------
                         slack                                  0.122    





Pulse Width Checks
--------------------------------------------------------------------------------------
Clock Name:         clk_fpga_0
Waveform(ns):       { 0.000 5.000 }
Period(ns):         10.000
Sources:            { system_i/processing_system7_0/inst/PS7_i/FCLKCLK[0] }

Check Type        Corner  Lib Pin     Reference Pin  Required(ns)  Actual(ns)  Slack(ns)  Location       Pin
Min Period        n/a     BUFG/I      n/a            2.155         10.000      7.845      BUFGCTRL_X0Y0  system_i/processing_system7_0/inst/buffer_fclk_clk_0.FCLK_CLK_0_BUFG/I
Min Period        n/a     FDRE/C      n/a            1.000         10.000      9.000      SLICE_X9Y43    system_i/axi_gpio_0/U0/ip2bus_data_i_D1_reg[0]/C
Min Period        n/a     FDRE/C      n/a            1.000         10.000      9.000      SLICE_X9Y43    system_i/axi_gpio_0/U0/ip2bus_data_i_D1_reg[28]/C
Min Period        n/a     FDRE/C      n/a            1.000         10.000      9.000      SLICE_X9Y43    system_i/axi_gpio_0/U0/ip2bus_data_i_D1_reg[29]/C
Min Period        n/a     FDRE/C      n/a            1.000         10.000      9.000      SLICE_X9Y43    system_i/axi_gpio_0/U0/ip2bus_data_i_D1_reg[30]/C
Min Period        n/a     FDRE/C      n/a            1.000         10.000      9.000      SLICE_X10Y42   system_i/axi_gpio_0/U0/ip2bus_data_i_D1_reg[31]/C
Min Period        n/a     FDRE/C      n/a            1.000         10.000      9.000      SLICE_X10Y42   system_i/axi_gpio_0/U0/ip2bus_rdack_i_D1_reg/C
Min Period        n/a     FDRE/C      n/a            1.000         10.000      9.000      SLICE_X10Y42   system_i/axi_gpio_0/U0/ip2bus_wrack_i_D1_reg/C
Min Period        n/a     FDSE/C      n/a            1.000         10.000      9.000      SLICE_X13Y41   system_i/axi_gpio_0/U0/AXI_LITE_IPIF_I/I_SLAVE_ATTACHMENT/FSM_onehot_state_reg[0]/C
Min Period        n/a     FDRE/C      n/a            1.000         10.000      9.000      SLICE_X12Y41   system_i/axi_gpio_0/U0/AXI_LITE_IPIF_I/I_SLAVE_ATTACHMENT/FSM_onehot_state_reg[1]/C
Low Pulse Width   Slow    SRL16E/CLK  n/a            0.980         5.000       4.020      SLICE_X12Y38   system_i/axi_smc/inst/clk_map/psr_aclk/U0/EXT_LPF/POR_SRL_I/CLK
Low Pulse Width   Fast    SRL16E/CLK  n/a            0.980         5.000       4.020      SLICE_X12Y38   system_i/axi_smc/inst/clk_map/psr_aclk/U0/EXT_LPF/POR_SRL_I/CLK
Low Pulse Width   Slow    SRL16E/CLK  n/a            0.980         5.000       4.020      SLICE_X16Y45   system_i/rst_ps7_0_100M/U0/EXT_LPF/POR_SRL_I/CLK
Low Pulse Width   Fast    SRL16E/CLK  n/a            0.980         5.000       4.020      SLICE_X16Y45   system_i/rst_ps7_0_100M/U0/EXT_LPF/POR_SRL_I/CLK
Low Pulse Width   Slow    FDRE/C      n/a            0.500         5.000       4.500      SLICE_X9Y43    system_i/axi_gpio_0/U0/ip2bus_data_i_D1_reg[0]/C
Low Pulse Width   Fast    FDRE/C      n/a            0.500         5.000       4.500      SLICE_X9Y43    system_i/axi_gpio_0/U0/ip2bus_data_i_D1_reg[0]/C
Low Pulse Width   Slow    FDRE/C      n/a            0.500         5.000       4.500      SLICE_X9Y43    system_i/axi_gpio_0/U0/ip2bus_data_i_D1_reg[28]/C
Low Pulse Width   Fast    FDRE/C      n/a            0.500         5.000       4.500      SLICE_X9Y43    system_i/axi_gpio_0/U0/ip2bus_data_i_D1_reg[28]/C
Low Pulse Width   Slow    FDRE/C      n/a            0.500         5.000       4.500      SLICE_X9Y43    system_i/axi_gpio_0/U0/ip2bus_data_i_D1_reg[29]/C
Low Pulse Width   Fast    FDRE/C      n/a            0.500         5.000       4.500      SLICE_X9Y43    system_i/axi_gpio_0/U0/ip2bus_data_i_D1_reg[29]/C
High Pulse Width  Slow    SRL16E/CLK  n/a            0.980         5.000       4.020      SLICE_X12Y38   system_i/axi_smc/inst/clk_map/psr_aclk/U0/EXT_LPF/POR_SRL_I/CLK
High Pulse Width  Fast    SRL16E/CLK  n/a            0.980         5.000       4.020      SLICE_X12Y38   system_i/axi_smc/inst/clk_map/psr_aclk/U0/EXT_LPF/POR_SRL_I/CLK
High Pulse Width  Slow    SRL16E/CLK  n/a            0.980         5.000       4.020      SLICE_X16Y45   system_i/rst_ps7_0_100M/U0/EXT_LPF/POR_SRL_I/CLK
High Pulse Width  Fast    SRL16E/CLK  n/a            0.980         5.000       4.020      SLICE_X16Y45   system_i/rst_ps7_0_100M/U0/EXT_LPF/POR_SRL_I/CLK
High Pulse Width  Slow    FDRE/C      n/a            0.500         5.000       4.500      SLICE_X9Y43    system_i/axi_gpio_0/U0/ip2bus_data_i_D1_reg[0]/C
High Pulse Width  Fast    FDRE/C      n/a            0.500         5.000       4.500      SLICE_X9Y43    system_i/axi_gpio_0/U0/ip2bus_data_i_D1_reg[0]/C
High Pulse Width  Slow    FDRE/C      n/a            0.500         5.000       4.500      SLICE_X9Y43    system_i/axi_gpio_0/U0/ip2bus_data_i_D1_reg[28]/C
High Pulse Width  Fast    FDRE/C      n/a            0.500         5.000       4.500      SLICE_X9Y43    system_i/axi_gpio_0/U0/ip2bus_data_i_D1_reg[28]/C
High Pulse Width  Slow    FDRE/C      n/a            0.500         5.000       4.500      SLICE_X9Y43    system_i/axi_gpio_0/U0/ip2bus_data_i_D1_reg[29]/C
High Pulse Width  Fast    FDRE/C      n/a            0.500         5.000       4.500      SLICE_X9Y43    system_i/axi_gpio_0/U0/ip2bus_data_i_D1_reg[29]/C



--------------------------------------------------------------------------------------
Path Group:  (none)
From Clock:  
  To Clock:  clk_fpga_0

Max Delay             5 Endpoints
Min Delay             5 Endpoints
--------------------------------------------------------------------------------------


Max Delay Paths
--------------------------------------------------------------------------------------
Slack:                    inf
  Source:                 sw[1]
                            (input port)
  Destination:            system_i/axi_gpio_0/U0/gpio_core_1/Not_Dual.INPUT_DOUBLE_REGS3/syncstages_ff_reg[0][1]/D
                            (rising edge-triggered cell FDRE clocked by clk_fpga_0  {rise@0.000ns fall@5.000ns period=10.000ns})
  Path Group:             (none)
  Path Type:              Setup (Max at Slow Process Corner)
  Data Path Delay:        4.894ns  (logic 1.451ns (29.646%)  route 3.443ns (70.354%))
  Logic Levels:           1  (IBUF=1)
  Clock Path Skew:        2.698ns (DCD - SCD + CPR)
    Destination Clock Delay (DCD):    2.698ns
    Source Clock Delay      (SCD):    0.000ns
    Clock Pessimism Removal (CPR):    0.000ns
  Clock Uncertainty:      0.152ns  ((TSJ^2 + TIJ^2)^1/2 + DJ) / 2 + PE
    Total System Jitter     (TSJ):    0.050ns
    Total Input Jitter      (TIJ):    0.300ns
    Discrete Jitter          (DJ):    0.000ns
    Phase Error              (PE):    0.000ns
  Timing Exception:       False Path

    Location             Delay type                Incr(ns)  Path(ns)    Netlist Resource(s)
  -------------------------------------------------------------------    -------------------
    P15                                               0.000     0.000 r  sw[1] (IN)
                         net (fo=0)                   0.000     0.000    sw[1]
    P15                  IBUF (Prop_ibuf_I_O)         1.451     1.451 r  sw_IBUF[1]_inst/O
                         net (fo=1, routed)           3.443     4.894    system_i/axi_gpio_0/U0/gpio_core_1/Not_Dual.INPUT_DOUBLE_REGS3/async_path_bit[1]
    SLICE_X8Y41          FDRE                                         r  system_i/axi_gpio_0/U0/gpio_core_1/Not_Dual.INPUT_DOUBLE_REGS3/syncstages_ff_reg[0][1]/D
  -------------------------------------------------------------------    -------------------

                         (clock clk_fpga_0 rise edge)
                                                      0.000     0.000 r  
    PS7_X0Y0             PS7                          0.000     0.000 r  system_i/processing_system7_0/inst/PS7_i/FCLKCLK[0]
                         net (fo=1, routed)           1.101     1.101    system_i/processing_system7_0/inst/FCLK_CLK_unbuffered[0]
    BUFGCTRL_X0Y0        BUFG (Prop_bufg_I_O)         0.091     1.192 r  system_i/processing_system7_0/inst/buffer_fclk_clk_0.FCLK_CLK_0_BUFG/O
                         net (fo=626, routed)         1.506     2.698    system_i/axi_gpio_0/U0/gpio_core_1/Not_Dual.INPUT_DOUBLE_REGS3/dest_clk
    SLICE_X8Y41          FDRE                                         r  system_i/axi_gpio_0/U0/gpio_core_1/Not_Dual.INPUT_DOUBLE_REGS3/syncstages_ff_reg[0][1]/C

Slack:                    inf
  Source:                 sw[0]
                            (input port)
  Destination:            system_i/axi_gpio_0/U0/gpio_core_1/Not_Dual.INPUT_DOUBLE_REGS3/syncstages_ff_reg[0][0]/D
                            (rising edge-triggered cell FDRE clocked by clk_fpga_0  {rise@0.000ns fall@5.000ns period=10.000ns})
  Path Group:             (none)
  Path Type:              Setup (Max at Slow Process Corner)
  Data Path Delay:        4.500ns  (logic 1.452ns (32.274%)  route 3.048ns (67.726%))
  Logic Levels:           1  (IBUF=1)
  Clock Path Skew:        2.697ns (DCD - SCD + CPR)
    Destination Clock Delay (DCD):    2.697ns
    Source Clock Delay      (SCD):    0.000ns
    Clock Pessimism Removal (CPR):    0.000ns
  Clock Uncertainty:      0.152ns  ((TSJ^2 + TIJ^2)^1/2 + DJ) / 2 + PE
    Total System Jitter     (TSJ):    0.050ns
    Total Input Jitter      (TIJ):    0.300ns
    Discrete Jitter          (DJ):    0.000ns
    Phase Error              (PE):    0.000ns
  Timing Exception:       False Path

    Location             Delay type                Incr(ns)  Path(ns)    Netlist Resource(s)
  -------------------------------------------------------------------    -------------------
    G15                                               0.000     0.000 r  sw[0] (IN)
                         net (fo=0)                   0.000     0.000    sw[0]
    G15                  IBUF (Prop_ibuf_I_O)         1.452     1.452 r  sw_IBUF[0]_inst/O
                         net (fo=1, routed)           3.048     4.500    system_i/axi_gpio_0/U0/gpio_core_1/Not_Dual.INPUT_DOUBLE_REGS3/async_path_bit[0]
    SLICE_X10Y40         FDRE                                         r  system_i/axi_gpio_0/U0/gpio_core_1/Not_Dual.INPUT_DOUBLE_REGS3/syncstages_ff_reg[0][0]/D
  -------------------------------------------------------------------    -------------------

                         (clock clk_fpga_0 rise edge)
                                                      0.000     0.000 r  
    PS7_X0Y0             PS7                          0.000     0.000 r  system_i/processing_system7_0/inst/PS7_i/FCLKCLK[0]
                         net (fo=1, routed)           1.101     1.101    system_i/processing_system7_0/inst/FCLK_CLK_unbuffered[0]
    BUFGCTRL_X0Y0        BUFG (Prop_bufg_I_O)         0.091     1.192 r  system_i/processing_system7_0/inst/buffer_fclk_clk_0.FCLK_CLK_0_BUFG/O
                         net (fo=626, routed)         1.505     2.697    system_i/axi_gpio_0/U0/gpio_core_1/Not_Dual.INPUT_DOUBLE_REGS3/dest_clk
    SLICE_X10Y40         FDRE                                         r  system_i/axi_gpio_0/U0/gpio_core_1/Not_Dual.INPUT_DOUBLE_REGS3/syncstages_ff_reg[0][0]/C

Slack:                    inf
  Source:                 sw[3]
                            (input port)
  Destination:            system_i/axi_gpio_0/U0/gpio_core_1/Not_Dual.INPUT_DOUBLE_REGS3/syncstages_ff_reg[0][3]/D
                            (rising edge-triggered cell FDRE clocked by clk_fpga_0  {rise@0.000ns fall@5.000ns period=10.000ns})
  Path Group:             (none)
  Path Type:              Setup (Max at Slow Process Corner)
  Data Path Delay:        3.762ns  (logic 1.528ns (40.623%)  route 2.234ns (59.377%))
  Logic Levels:           1  (IBUF=1)
  Clock Path Skew:        2.694ns (DCD - SCD + CPR)
    Destination Clock Delay (DCD):    2.694ns
    Source Clock Delay      (SCD):    0.000ns
    Clock Pessimism Removal (CPR):    0.000ns
  Clock Uncertainty:      0.152ns  ((TSJ^2 + TIJ^2)^1/2 + DJ) / 2 + PE
    Total System Jitter     (TSJ):    0.050ns
    Total Input Jitter      (TIJ):    0.300ns
    Discrete Jitter          (DJ):    0.000ns
    Phase Error              (PE):    0.000ns
  Timing Exception:       False Path

    Location             Delay type                Incr(ns)  Path(ns)    Netlist Resource(s)
  -------------------------------------------------------------------    -------------------
    T16                                               0.000     0.000 r  sw[3] (IN)
                         net (fo=0)                   0.000     0.000    sw[3]
    T16                  IBUF (Prop_ibuf_I_O)         1.528     1.528 r  sw_IBUF[3]_inst/O
                         net (fo=1, routed)           2.234     3.762    system_i/axi_gpio_0/U0/gpio_core_1/Not_Dual.INPUT_DOUBLE_REGS3/async_path_bit[3]
    SLICE_X10Y35         FDRE                                         r  system_i/axi_gpio_0/U0/gpio_core_1/Not_Dual.INPUT_DOUBLE_REGS3/syncstages_ff_reg[0][3]/D
  -------------------------------------------------------------------    -------------------

                         (clock clk_fpga_0 rise edge)
                                                      0.000     0.000 r  
    PS7_X0Y0             PS7                          0.000     0.000 r  system_i/processing_system7_0/inst/PS7_i/FCLKCLK[0]
                         net (fo=1, routed)           1.101     1.101    system_i/processing_system7_0/inst/FCLK_CLK_unbuffered[0]
    BUFGCTRL_X0Y0        BUFG (Prop_bufg_I_O)         0.091     1.192 r  system_i/processing_system7_0/inst/buffer_fclk_clk_0.FCLK_CLK_0_BUFG/O
                         net (fo=626, routed)         1.502     2.694    system_i/axi_gpio_0/U0/gpio_core_1/Not_Dual.INPUT_DOUBLE_REGS3/dest_clk
    SLICE_X10Y35         FDRE                                         r  system_i/axi_gpio_0/U0/gpio_core_1/Not_Dual.INPUT_DOUBLE_REGS3/syncstages_ff_reg[0][3]/C

Slack:                    inf
  Source:                 sw[2]
                            (input port)
  Destination:            system_i/axi_gpio_0/U0/gpio_core_1/Not_Dual.INPUT_DOUBLE_REGS3/syncstages_ff_reg[0][2]/D
                            (rising edge-triggered cell FDRE clocked by clk_fpga_0  {rise@0.000ns fall@5.000ns period=10.000ns})
  Path Group:             (none)
  Path Type:              Setup (Max at Slow Process Corner)
  Data Path Delay:        3.462ns  (logic 1.539ns (44.462%)  route 1.923ns (55.538%))
  Logic Levels:           1  (IBUF=1)
  Clock Path Skew:        2.693ns (DCD - SCD + CPR)
    Destination Clock Delay (DCD):    2.693ns
    Source Clock Delay      (SCD):    0.000ns
    Clock Pessimism Removal (CPR):    0.000ns
  Clock Uncertainty:      0.152ns  ((TSJ^2 + TIJ^2)^1/2 + DJ) / 2 + PE
    Total System Jitter     (TSJ):    0.050ns
    Total Input Jitter      (TIJ):    0.300ns
    Discrete Jitter          (DJ):    0.000ns
    Phase Error              (PE):    0.000ns
  Timing Exception:       False Path

    Location             Delay type                Incr(ns)  Path(ns)    Netlist Resource(s)
  -------------------------------------------------------------------    -------------------
    W13                                               0.000     0.000 r  sw[2] (IN)
                         net (fo=0)                   0.000     0.000    sw[2]
    W13                  IBUF (Prop_ibuf_I_O)         1.539     1.539 r  sw_IBUF[2]_inst/O
                         net (fo=1, routed)           1.923     3.462    system_i/axi_gpio_0/U0/gpio_core_1/Not_Dual.INPUT_DOUBLE_REGS3/async_path_bit[2]
    SLICE_X15Y43         FDRE                                         r  system_i/axi_gpio_0/U0/gpio_core_1/Not_Dual.INPUT_DOUBLE_REGS3/syncstages_ff_reg[0][2]/D
  -------------------------------------------------------------------    -------------------

                         (clock clk_fpga_0 rise edge)
                                                      0.000     0.000 r  
    PS7_X0Y0             PS7                          0.000     0.000 r  system_i/processing_system7_0/inst/PS7_i/FCLKCLK[0]
                         net (fo=1, routed)           1.101     1.101    system_i/processing_system7_0/inst/FCLK_CLK_unbuffered[0]
    BUFGCTRL_X0Y0        BUFG (Prop_bufg_I_O)         0.091     1.192 r  system_i/processing_system7_0/inst/buffer_fclk_clk_0.FCLK_CLK_0_BUFG/O
                         net (fo=626, routed)         1.501     2.693    system_i/axi_gpio_0/U0/gpio_core_1/Not_Dual.INPUT_DOUBLE_REGS3/dest_clk
    SLICE_X15Y43         FDRE                                         r  system_i/axi_gpio_0/U0/gpio_core_1/Not_Dual.INPUT_DOUBLE_REGS3/syncstages_ff_reg[0][2]/C

Slack:                    inf
  Source:                 system_i/processing_system7_0/inst/PS7_i/FCLKRESETN[0]
                            (internal pin)
  Destination:            system_i/rst_ps7_0_100M/U0/EXT_LPF/ACTIVE_LOW_EXT.ACT_LO_EXT/syncstages_ff_reg[0]/D
                            (rising edge-triggered cell FDRE clocked by clk_fpga_0  {rise@0.000ns fall@5.000ns period=10.000ns})
  Path Group:             (none)
  Path Type:              Setup (Max at Slow Process Corner)
  Data Path Delay:        2.348ns  (logic 0.124ns (5.281%)  route 2.224ns (94.719%))
  Logic Levels:           1  (LUT1=1)
  Clock Uncertainty:      0.152ns  ((TSJ^2 + TIJ^2)^1/2 + DJ) / 2 + PE
    Total System Jitter     (TSJ):    0.050ns
    Total Input Jitter      (TIJ):    0.300ns
    Discrete Jitter          (DJ):    0.000ns
    Phase Error              (PE):    0.000ns
  Timing Exception:       False Path

    Location             Delay type                Incr(ns)  Path(ns)    Netlist Resource(s)
  -------------------------------------------------------------------    -------------------
    PS7_X0Y0             PS7                          0.000     0.000 f  system_i/processing_system7_0/inst/PS7_i/FCLKRESETN[0]
                         net (fo=1, routed)           1.754     1.754    system_i/rst_ps7_0_100M/U0/EXT_LPF/ext_reset_in
    SLICE_X17Y45         LUT1 (Prop_lut1_I0_O)        0.124     1.878 r  system_i/rst_ps7_0_100M/U0/EXT_LPF/ACTIVE_LOW_EXT.ACT_LO_EXT_i_1/O
                         net (fo=1, routed)           0.470     2.348    system_i/rst_ps7_0_100M/U0/EXT_LPF/ACTIVE_LOW_EXT.ACT_LO_EXT/src_in
    SLICE_X15Y45         FDRE                                         r  system_i/rst_ps7_0_100M/U0/EXT_LPF/ACTIVE_LOW_EXT.ACT_LO_EXT/syncstages_ff_reg[0]/D
  -------------------------------------------------------------------    -------------------

                         (clock clk_fpga_0 rise edge)
                                                      0.000     0.000 r  
    PS7_X0Y0             PS7                          0.000     0.000 r  system_i/processing_system7_0/inst/PS7_i/FCLKCLK[0]
                         net (fo=1, routed)           1.101     1.101    system_i/processing_system7_0/inst/FCLK_CLK_unbuffered[0]
    BUFGCTRL_X0Y0        BUFG (Prop_bufg_I_O)         0.091     1.192 r  system_i/processing_system7_0/inst/buffer_fclk_clk_0.FCLK_CLK_0_BUFG/O
                         net (fo=626, routed)         1.501     2.693    system_i/rst_ps7_0_100M/U0/EXT_LPF/ACTIVE_LOW_EXT.ACT_LO_EXT/dest_clk
    SLICE_X15Y45         FDRE                                         r  system_i/rst_ps7_0_100M/U0/EXT_LPF/ACTIVE_LOW_EXT.ACT_LO_EXT/syncstages_ff_reg[0]/C





Min Delay Paths
--------------------------------------------------------------------------------------
Slack:                    inf
  Source:                 system_i/processing_system7_0/inst/PS7_i/FCLKRESETN[0]
                            (internal pin)
  Destination:            system_i/rst_ps7_0_100M/U0/EXT_LPF/ACTIVE_LOW_EXT.ACT_LO_EXT/syncstages_ff_reg[0]/D
                            (rising edge-triggered cell FDRE clocked by clk_fpga_0  {rise@0.000ns fall@5.000ns period=10.000ns})
  Path Group:             (none)
  Path Type:              Hold (Min at Fast Process Corner)
  Data Path Delay:        0.998ns  (logic 0.045ns (4.508%)  route 0.953ns (95.492%))
  Logic Levels:           1  (LUT1=1)
  Clock Uncertainty:      0.152ns  ((TSJ^2 + TIJ^2)^1/2 + DJ) / 2 + PE
    Total System Jitter     (TSJ):    0.050ns
    Total Input Jitter      (TIJ):    0.300ns
    Discrete Jitter          (DJ):    0.000ns
    Phase Error              (PE):    0.000ns
  Timing Exception:       False Path

    Location             Delay type                Incr(ns)  Path(ns)    Netlist Resource(s)
  -------------------------------------------------------------------    -------------------
    PS7_X0Y0             PS7                          0.000     0.000 f  system_i/processing_system7_0/inst/PS7_i/FCLKRESETN[0]
                         net (fo=1, routed)           0.784     0.784    system_i/rst_ps7_0_100M/U0/EXT_LPF/ext_reset_in
    SLICE_X17Y45         LUT1 (Prop_lut1_I0_O)        0.045     0.829 r  system_i/rst_ps7_0_100M/U0/EXT_LPF/ACTIVE_LOW_EXT.ACT_LO_EXT_i_1/O
                         net (fo=1, routed)           0.169     0.998    system_i/rst_ps7_0_100M/U0/EXT_LPF/ACTIVE_LOW_EXT.ACT_LO_EXT/src_in
    SLICE_X15Y45         FDRE                                         r  system_i/rst_ps7_0_100M/U0/EXT_LPF/ACTIVE_LOW_EXT.ACT_LO_EXT/syncstages_ff_reg[0]/D
  -------------------------------------------------------------------    -------------------

                         (clock clk_fpga_0 rise edge)
                                                      0.000     0.000 r  
    PS7_X0Y0             PS7                          0.000     0.000 r  system_i/processing_system7_0/inst/PS7_i/FCLKCLK[0]
                         net (fo=1, routed)           0.341     0.341    system_i/processing_system7_0/inst/FCLK_CLK_unbuffered[0]
    BUFGCTRL_X0Y0        BUFG (Prop_bufg_I_O)         0.029     0.370 r  system_i/processing_system7_0/inst/buffer_fclk_clk_0.FCLK_CLK_0_BUFG/O
                         net (fo=626, routed)         0.831     1.201    system_i/rst_ps7_0_100M/U0/EXT_LPF/ACTIVE_LOW_EXT.ACT_LO_EXT/dest_clk
    SLICE_X15Y45         FDRE                                         r  system_i/rst_ps7_0_100M/U0/EXT_LPF/ACTIVE_LOW_EXT.ACT_LO_EXT/syncstages_ff_reg[0]/C

Slack:                    inf
  Source:                 sw[2]
                            (input port)
  Destination:            system_i/axi_gpio_0/U0/gpio_core_1/Not_Dual.INPUT_DOUBLE_REGS3/syncstages_ff_reg[0][2]/D
                            (rising edge-triggered cell FDRE clocked by clk_fpga_0  {rise@0.000ns fall@5.000ns period=10.000ns})
  Path Group:             (none)
  Path Type:              Hold (Min at Fast Process Corner)
  Data Path Delay:        1.175ns  (logic 0.306ns (26.077%)  route 0.869ns (73.923%))
  Logic Levels:           1  (IBUF=1)
  Clock Path Skew:        1.201ns (DCD - SCD - CPR)
    Destination Clock Delay (DCD):    1.201ns
    Source Clock Delay      (SCD):    0.000ns
    Clock Pessimism Removal (CPR):    -0.000ns
  Timing Exception:       False Path

    Location             Delay type                Incr(ns)  Path(ns)    Netlist Resource(s)
  -------------------------------------------------------------------    -------------------
    W13                                               0.000     0.000 r  sw[2] (IN)
                         net (fo=0)                   0.000     0.000    sw[2]
    W13                  IBUF (Prop_ibuf_I_O)         0.306     0.306 r  sw_IBUF[2]_inst/O
                         net (fo=1, routed)           0.869     1.175    system_i/axi_gpio_0/U0/gpio_core_1/Not_Dual.INPUT_DOUBLE_REGS3/async_path_bit[2]
    SLICE_X15Y43         FDRE                                         r  system_i/axi_gpio_0/U0/gpio_core_1/Not_Dual.INPUT_DOUBLE_REGS3/syncstages_ff_reg[0][2]/D
  -------------------------------------------------------------------    -------------------

                         (clock clk_fpga_0 rise edge)
                                                      0.000     0.000 r  
    PS7_X0Y0             PS7                          0.000     0.000 r  system_i/processing_system7_0/inst/PS7_i/FCLKCLK[0]
                         net (fo=1, routed)           0.341     0.341    system_i/processing_system7_0/inst/FCLK_CLK_unbuffered[0]
    BUFGCTRL_X0Y0        BUFG (Prop_bufg_I_O)         0.029     0.370 r  system_i/processing_system7_0/inst/buffer_fclk_clk_0.FCLK_CLK_0_BUFG/O
                         net (fo=626, routed)         0.831     1.201    system_i/axi_gpio_0/U0/gpio_core_1/Not_Dual.INPUT_DOUBLE_REGS3/dest_clk
    SLICE_X15Y43         FDRE                                         r  system_i/axi_gpio_0/U0/gpio_core_1/Not_Dual.INPUT_DOUBLE_REGS3/syncstages_ff_reg[0][2]/C

Slack:                    inf
  Source:                 sw[3]
                            (input port)
  Destination:            system_i/axi_gpio_0/U0/gpio_core_1/Not_Dual.INPUT_DOUBLE_REGS3/syncstages_ff_reg[0][3]/D
                            (rising edge-triggered cell FDRE clocked by clk_fpga_0  {rise@0.000ns fall@5.000ns period=10.000ns})
  Path Group:             (none)
  Path Type:              Hold (Min at Fast Process Corner)
  Data Path Delay:        1.350ns  (logic 0.296ns (21.888%)  route 1.055ns (78.112%))
  Logic Levels:           1  (IBUF=1)
  Clock Path Skew:        1.199ns (DCD - SCD - CPR)
    Destination Clock Delay (DCD):    1.199ns
    Source Clock Delay      (SCD):    0.000ns
    Clock Pessimism Removal (CPR):    -0.000ns
  Timing Exception:       False Path

    Location             Delay type                Incr(ns)  Path(ns)    Netlist Resource(s)
  -------------------------------------------------------------------    -------------------
    T16                                               0.000     0.000 r  sw[3] (IN)
                         net (fo=0)                   0.000     0.000    sw[3]
    T16                  IBUF (Prop_ibuf_I_O)         0.296     0.296 r  sw_IBUF[3]_inst/O
                         net (fo=1, routed)           1.055     1.350    system_i/axi_gpio_0/U0/gpio_core_1/Not_Dual.INPUT_DOUBLE_REGS3/async_path_bit[3]
    SLICE_X10Y35         FDRE                                         r  system_i/axi_gpio_0/U0/gpio_core_1/Not_Dual.INPUT_DOUBLE_REGS3/syncstages_ff_reg[0][3]/D
  -------------------------------------------------------------------    -------------------

                         (clock clk_fpga_0 rise edge)
                                                      0.000     0.000 r  
    PS7_X0Y0             PS7                          0.000     0.000 r  system_i/processing_system7_0/inst/PS7_i/FCLKCLK[0]
                         net (fo=1, routed)           0.341     0.341    system_i/processing_system7_0/inst/FCLK_CLK_unbuffered[0]
    BUFGCTRL_X0Y0        BUFG (Prop_bufg_I_O)         0.029     0.370 r  system_i/processing_system7_0/inst/buffer_fclk_clk_0.FCLK_CLK_0_BUFG/O
                         net (fo=626, routed)         0.829     1.199    system_i/axi_gpio_0/U0/gpio_core_1/Not_Dual.INPUT_DOUBLE_REGS3/dest_clk
    SLICE_X10Y35         FDRE                                         r  system_i/axi_gpio_0/U0/gpio_core_1/Not_Dual.INPUT_DOUBLE_REGS3/syncstages_ff_reg[0][3]/C

Slack:                    inf
  Source:                 sw[0]
                            (input port)
  Destination:            system_i/axi_gpio_0/U0/gpio_core_1/Not_Dual.INPUT_DOUBLE_REGS3/syncstages_ff_reg[0][0]/D
                            (rising edge-triggered cell FDRE clocked by clk_fpga_0  {rise@0.000ns fall@5.000ns period=10.000ns})
  Path Group:             (none)
  Path Type:              Hold (Min at Fast Process Corner)
  Data Path Delay:        1.598ns  (logic 0.220ns (13.795%)  route 1.378ns (86.205%))
  Logic Levels:           1  (IBUF=1)
  Clock Path Skew:        1.203ns (DCD - SCD - CPR)
    Destination Clock Delay (DCD):    1.203ns
    Source Clock Delay      (SCD):    0.000ns
    Clock Pessimism Removal (CPR):    -0.000ns
  Timing Exception:       False Path

    Location             Delay type                Incr(ns)  Path(ns)    Netlist Resource(s)
  -------------------------------------------------------------------    -------------------
    G15                                               0.000     0.000 r  sw[0] (IN)
                         net (fo=0)                   0.000     0.000    sw[0]
    G15                  IBUF (Prop_ibuf_I_O)         0.220     0.220 r  sw_IBUF[0]_inst/O
                         net (fo=1, routed)           1.378     1.598    system_i/axi_gpio_0/U0/gpio_core_1/Not_Dual.INPUT_DOUBLE_REGS3/async_path_bit[0]
    SLICE_X10Y40         FDRE                                         r  system_i/axi_gpio_0/U0/gpio_core_1/Not_Dual.INPUT_DOUBLE_REGS3/syncstages_ff_reg[0][0]/D
  -------------------------------------------------------------------    -------------------

                         (clock clk_fpga_0 rise edge)
                                                      0.000     0.000 r  
    PS7_X0Y0             PS7                          0.000     0.000 r  system_i/processing_system7_0/inst/PS7_i/FCLKCLK[0]
                         net (fo=1, routed)           0.341     0.341    system_i/processing_system7_0/inst/FCLK_CLK_unbuffered[0]
    BUFGCTRL_X0Y0        BUFG (Prop_bufg_I_O)         0.029     0.370 r  system_i/processing_system7_0/inst/buffer_fclk_clk_0.FCLK_CLK_0_BUFG/O
                         net (fo=626, routed)         0.833     1.203    system_i/axi_gpio_0/U0/gpio_core_1/Not_Dual.INPUT_DOUBLE_REGS3/dest_clk
    SLICE_X10Y40         FDRE                                         r  system_i/axi_gpio_0/U0/gpio_core_1/Not_Dual.INPUT_DOUBLE_REGS3/syncstages_ff_reg[0][0]/C

Slack:                    inf
  Source:                 sw[1]
                            (input port)
  Destination:            system_i/axi_gpio_0/U0/gpio_core_1/Not_Dual.INPUT_DOUBLE_REGS3/syncstages_ff_reg[0][1]/D
                            (rising edge-triggered cell FDRE clocked by clk_fpga_0  {rise@0.000ns fall@5.000ns period=10.000ns})
  Path Group:             (none)
  Path Type:              Hold (Min at Fast Process Corner)
  Data Path Delay:        1.819ns  (logic 0.219ns (12.034%)  route 1.600ns (87.966%))
  Logic Levels:           1  (IBUF=1)
  Clock Path Skew:        1.203ns (DCD - SCD - CPR)
    Destination Clock Delay (DCD):    1.203ns
    Source Clock Delay      (SCD):    0.000ns
    Clock Pessimism Removal (CPR):    -0.000ns
  Timing Exception:       False Path

    Location             Delay type                Incr(ns)  Path(ns)    Netlist Resource(s)
  -------------------------------------------------------------------    -------------------
    P15                                               0.000     0.000 r  sw[1] (IN)
                         net (fo=0)                   0.000     0.000    sw[1]
    P15                  IBUF (Prop_ibuf_I_O)         0.219     0.219 r  sw_IBUF[1]_inst/O
                         net (fo=1, routed)           1.600     1.819    system_i/axi_gpio_0/U0/gpio_core_1/Not_Dual.INPUT_DOUBLE_REGS3/async_path_bit[1]
    SLICE_X8Y41          FDRE                                         r  system_i/axi_gpio_0/U0/gpio_core_1/Not_Dual.INPUT_DOUBLE_REGS3/syncstages_ff_reg[0][1]/D
  -------------------------------------------------------------------    -------------------

                         (clock clk_fpga_0 rise edge)
                                                      0.000     0.000 r  
    PS7_X0Y0             PS7                          0.000     0.000 r  system_i/processing_system7_0/inst/PS7_i/FCLKCLK[0]
                         net (fo=1, routed)           0.341     0.341    system_i/processing_system7_0/inst/FCLK_CLK_unbuffered[0]
    BUFGCTRL_X0Y0        BUFG (Prop_bufg_I_O)         0.029     0.370 r  system_i/processing_system7_0/inst/buffer_fclk_clk_0.FCLK_CLK_0_BUFG/O
                         net (fo=626, routed)         0.833     1.203    system_i/axi_gpio_0/U0/gpio_core_1/Not_Dual.INPUT_DOUBLE_REGS3/dest_clk
    SLICE_X8Y41          FDRE                                         r  system_i/axi_gpio_0/U0/gpio_core_1/Not_Dual.INPUT_DOUBLE_REGS3/syncstages_ff_reg[0][1]/C





--------------------------------------------------------------------------------------
Path Group:  (none)
From Clock:  clk_fpga_0
  To Clock:  clk_fpga_0

Max Delay            28 Endpoints
Min Delay            28 Endpoints
--------------------------------------------------------------------------------------


Max Delay Paths
--------------------------------------------------------------------------------------
Slack:                    inf
  Source:                 system_i/axi_smc/inst/clk_map/psr_aclk/U0/ACTIVE_LOW_BSR_OUT_DFF[0].FDRE_BSR_N/C
                            (rising edge-triggered cell FDRE clocked by clk_fpga_0  {rise@0.000ns fall@5.000ns period=10.000ns})
  Destination:            system_i/axi_smc/inst/s00_entry_pipeline/s00_transaction_regulator/inst/xpm_cdc_async_rst_inst/arststages_ff_reg[0]/CLR
                            (recovery check against rising-edge clock clk_fpga_0  {rise@0.000ns fall@5.000ns period=10.000ns})
  Path Group:             (none)
  Path Type:              Recovery (Max at Slow Process Corner)
  Data Path Delay:        2.735ns  (logic 0.609ns (22.265%)  route 2.126ns (77.735%))
  Logic Levels:           1  (LUT1=1)
  Clock Path Skew:        -0.283ns (DCD - SCD + CPR)
    Destination Clock Delay (DCD):    2.699ns
    Source Clock Delay      (SCD):    2.982ns
    Clock Pessimism Removal (CPR):    0.000ns
  Clock Uncertainty:      0.154ns  ((TSJ^2 + TIJ^2)^1/2 + DJ) / 2 + PE
    Total System Jitter     (TSJ):    0.071ns
    Total Input Jitter      (TIJ):    0.300ns
    Discrete Jitter          (DJ):    0.000ns
    Phase Error              (PE):    0.000ns
  Timing Exception:       False Path

    Location             Delay type                Incr(ns)  Path(ns)    Netlist Resource(s)
  -------------------------------------------------------------------    -------------------
                         (clock clk_fpga_0 rise edge)
                                                      0.000     0.000 r  
    PS7_X0Y0             PS7                          0.000     0.000 r  system_i/processing_system7_0/inst/PS7_i/FCLKCLK[0]
                         net (fo=1, routed)           1.207     1.207    system_i/processing_system7_0/inst/FCLK_CLK_unbuffered[0]
    BUFGCTRL_X0Y0        BUFG (Prop_bufg_I_O)         0.101     1.308 r  system_i/processing_system7_0/inst/buffer_fclk_clk_0.FCLK_CLK_0_BUFG/O
                         net (fo=626, routed)         1.674     2.982    system_i/axi_smc/inst/clk_map/psr_aclk/U0/aclk
    SLICE_X14Y40         FDRE                                         r  system_i/axi_smc/inst/clk_map/psr_aclk/U0/ACTIVE_LOW_BSR_OUT_DFF[0].FDRE_BSR_N/C
  -------------------------------------------------------------------    -------------------
    SLICE_X14Y40         FDRE (Prop_fdre_C_Q)         0.456     3.438 r  system_i/axi_smc/inst/clk_map/psr_aclk/U0/ACTIVE_LOW_BSR_OUT_DFF[0].FDRE_BSR_N/Q
                         net (fo=9, routed)           1.459     4.897    system_i/axi_smc/inst/s00_entry_pipeline/s00_transaction_regulator/inst/xpm_cdc_async_rst_inst/src_arst
    SLICE_X12Y44         LUT1 (Prop_lut1_I0_O)        0.153     5.050 f  system_i/axi_smc/inst/s00_entry_pipeline/s00_transaction_regulator/inst/xpm_cdc_async_rst_inst/arststages_ff[2]_i_1/O
                         net (fo=3, routed)           0.667     5.717    system_i/axi_smc/inst/s00_entry_pipeline/s00_transaction_regulator/inst/xpm_cdc_async_rst_inst/reset_pol
    SLICE_X11Y46         FDCE                                         f  system_i/axi_smc/inst/s00_entry_pipeline/s00_transaction_regulator/inst/xpm_cdc_async_rst_inst/arststages_ff_reg[0]/CLR
  -------------------------------------------------------------------    -------------------

                         (clock clk_fpga_0 rise edge)
                                                      0.000     0.000 r  
    PS7_X0Y0             PS7                          0.000     0.000 r  system_i/processing_system7_0/inst/PS7_i/FCLKCLK[0]
                         net (fo=1, routed)           1.101     1.101    system_i/processing_system7_0/inst/FCLK_CLK_unbuffered[0]
    BUFGCTRL_X0Y0        BUFG (Prop_bufg_I_O)         0.091     1.192 r  system_i/processing_system7_0/inst/buffer_fclk_clk_0.FCLK_CLK_0_BUFG/O
                         net (fo=626, routed)         1.507     2.700    system_i/axi_smc/inst/s00_entry_pipeline/s00_transaction_regulator/inst/xpm_cdc_async_rst_inst/dest_clk
    SLICE_X11Y46         FDCE                                         r  system_i/axi_smc/inst/s00_entry_pipeline/s00_transaction_regulator/inst/xpm_cdc_async_rst_inst/arststages_ff_reg[0]/C

Slack:                    inf
  Source:                 system_i/axi_smc/inst/clk_map/psr_aclk/U0/ACTIVE_LOW_BSR_OUT_DFF[0].FDRE_BSR_N/C
                            (rising edge-triggered cell FDRE clocked by clk_fpga_0  {rise@0.000ns fall@5.000ns period=10.000ns})
  Destination:            system_i/axi_smc/inst/s00_entry_pipeline/s00_transaction_regulator/inst/xpm_cdc_async_rst_inst/arststages_ff_reg[1]/CLR
                            (recovery check against rising-edge clock clk_fpga_0  {rise@0.000ns fall@5.000ns period=10.000ns})
  Path Group:             (none)
  Path Type:              Recovery (Max at Slow Process Corner)
  Data Path Delay:        2.735ns  (logic 0.609ns (22.265%)  route 2.126ns (77.735%))
  Logic Levels:           1  (LUT1=1)
  Clock Path Skew:        -0.283ns (DCD - SCD + CPR)
    Destination Clock Delay (DCD):    2.699ns
    Source Clock Delay      (SCD):    2.982ns
    Clock Pessimism Removal (CPR):    0.000ns
  Clock Uncertainty:      0.154ns  ((TSJ^2 + TIJ^2)^1/2 + DJ) / 2 + PE
    Total System Jitter     (TSJ):    0.071ns
    Total Input Jitter      (TIJ):    0.300ns
    Discrete Jitter          (DJ):    0.000ns
    Phase Error              (PE):    0.000ns
  Timing Exception:       False Path

    Location             Delay type                Incr(ns)  Path(ns)    Netlist Resource(s)
  -------------------------------------------------------------------    -------------------
                         (clock clk_fpga_0 rise edge)
                                                      0.000     0.000 r  
    PS7_X0Y0             PS7                          0.000     0.000 r  system_i/processing_system7_0/inst/PS7_i/FCLKCLK[0]
                         net (fo=1, routed)           1.207     1.207    system_i/processing_system7_0/inst/FCLK_CLK_unbuffered[0]
    BUFGCTRL_X0Y0        BUFG (Prop_bufg_I_O)         0.101     1.308 r  system_i/processing_system7_0/inst/buffer_fclk_clk_0.FCLK_CLK_0_BUFG/O
                         net (fo=626, routed)         1.674     2.982    system_i/axi_smc/inst/clk_map/psr_aclk/U0/aclk
    SLICE_X14Y40         FDRE                                         r  system_i/axi_smc/inst/clk_map/psr_aclk/U0/ACTIVE_LOW_BSR_OUT_DFF[0].FDRE_BSR_N/C
  -------------------------------------------------------------------    -------------------
    SLICE_X14Y40         FDRE (Prop_fdre_C_Q)         0.456     3.438 r  system_i/axi_smc/inst/clk_map/psr_aclk/U0/ACTIVE_LOW_BSR_OUT_DFF[0].FDRE_BSR_N/Q
                         net (fo=9, routed)           1.459     4.897    system_i/axi_smc/inst/s00_entry_pipeline/s00_transaction_regulator/inst/xpm_cdc_async_rst_inst/src_arst
    SLICE_X12Y44         LUT1 (Prop_lut1_I0_O)        0.153     5.050 f  system_i/axi_smc/inst/s00_entry_pipeline/s00_transaction_regulator/inst/xpm_cdc_async_rst_inst/arststages_ff[2]_i_1/O
                         net (fo=3, routed)           0.667     5.717    system_i/axi_smc/inst/s00_entry_pipeline/s00_transaction_regulator/inst/xpm_cdc_async_rst_inst/reset_pol
    SLICE_X11Y46         FDCE                                         f  system_i/axi_smc/inst/s00_entry_pipeline/s00_transaction_regulator/inst/xpm_cdc_async_rst_inst/arststages_ff_reg[1]/CLR
  -------------------------------------------------------------------    -------------------

                         (clock clk_fpga_0 rise edge)
                                                      0.000     0.000 r  
    PS7_X0Y0             PS7                          0.000     0.000 r  system_i/processing_system7_0/inst/PS7_i/FCLKCLK[0]
                         net (fo=1, routed)           1.101     1.101    system_i/processing_system7_0/inst/FCLK_CLK_unbuffered[0]
    BUFGCTRL_X0Y0        BUFG (Prop_bufg_I_O)         0.091     1.192 r  system_i/processing_system7_0/inst/buffer_fclk_clk_0.FCLK_CLK_0_BUFG/O
                         net (fo=626, routed)         1.507     2.700    system_i/axi_smc/inst/s00_entry_pipeline/s00_transaction_regulator/inst/xpm_cdc_async_rst_inst/dest_clk
    SLICE_X11Y46         FDCE                                         r  system_i/axi_smc/inst/s00_entry_pipeline/s00_transaction_regulator/inst/xpm_cdc_async_rst_inst/arststages_ff_reg[1]/C

Slack:                    inf
  Source:                 system_i/axi_smc/inst/clk_map/psr_aclk/U0/ACTIVE_LOW_BSR_OUT_DFF[0].FDRE_BSR_N/C
                            (rising edge-triggered cell FDRE clocked by clk_fpga_0  {rise@0.000ns fall@5.000ns period=10.000ns})
  Destination:            system_i/axi_smc/inst/s00_entry_pipeline/s00_transaction_regulator/inst/xpm_cdc_async_rst_inst/arststages_ff_reg[2]/CLR
                            (recovery check against rising-edge clock clk_fpga_0  {rise@0.000ns fall@5.000ns period=10.000ns})
  Path Group:             (none)
  Path Type:              Recovery (Max at Slow Process Corner)
  Data Path Delay:        2.735ns  (logic 0.609ns (22.265%)  route 2.126ns (77.735%))
  Logic Levels:           1  (LUT1=1)
  Clock Path Skew:        -0.283ns (DCD - SCD + CPR)
    Destination Clock Delay (DCD):    2.699ns
    Source Clock Delay      (SCD):    2.982ns
    Clock Pessimism Removal (CPR):    0.000ns
  Clock Uncertainty:      0.154ns  ((TSJ^2 + TIJ^2)^1/2 + DJ) / 2 + PE
    Total System Jitter     (TSJ):    0.071ns
    Total Input Jitter      (TIJ):    0.300ns
    Discrete Jitter          (DJ):    0.000ns
    Phase Error              (PE):    0.000ns
  Timing Exception:       False Path

    Location             Delay type                Incr(ns)  Path(ns)    Netlist Resource(s)
  -------------------------------------------------------------------    -------------------
                         (clock clk_fpga_0 rise edge)
                                                      0.000     0.000 r  
    PS7_X0Y0             PS7                          0.000     0.000 r  system_i/processing_system7_0/inst/PS7_i/FCLKCLK[0]
                         net (fo=1, routed)           1.207     1.207    system_i/processing_system7_0/inst/FCLK_CLK_unbuffered[0]
    BUFGCTRL_X0Y0        BUFG (Prop_bufg_I_O)         0.101     1.308 r  system_i/processing_system7_0/inst/buffer_fclk_clk_0.FCLK_CLK_0_BUFG/O
                         net (fo=626, routed)         1.674     2.982    system_i/axi_smc/inst/clk_map/psr_aclk/U0/aclk
    SLICE_X14Y40         FDRE                                         r  system_i/axi_smc/inst/clk_map/psr_aclk/U0/ACTIVE_LOW_BSR_OUT_DFF[0].FDRE_BSR_N/C
  -------------------------------------------------------------------    -------------------
    SLICE_X14Y40         FDRE (Prop_fdre_C_Q)         0.456     3.438 r  system_i/axi_smc/inst/clk_map/psr_aclk/U0/ACTIVE_LOW_BSR_OUT_DFF[0].FDRE_BSR_N/Q
                         net (fo=9, routed)           1.459     4.897    system_i/axi_smc/inst/s00_entry_pipeline/s00_transaction_regulator/inst/xpm_cdc_async_rst_inst/src_arst
    SLICE_X12Y44         LUT1 (Prop_lut1_I0_O)        0.153     5.050 f  system_i/axi_smc/inst/s00_entry_pipeline/s00_transaction_regulator/inst/xpm_cdc_async_rst_inst/arststages_ff[2]_i_1/O
                         net (fo=3, routed)           0.667     5.717    system_i/axi_smc/inst/s00_entry_pipeline/s00_transaction_regulator/inst/xpm_cdc_async_rst_inst/reset_pol
    SLICE_X11Y46         FDCE                                         f  system_i/axi_smc/inst/s00_entry_pipeline/s00_transaction_regulator/inst/xpm_cdc_async_rst_inst/arststages_ff_reg[2]/CLR
  -------------------------------------------------------------------    -------------------

                         (clock clk_fpga_0 rise edge)
                                                      0.000     0.000 r  
    PS7_X0Y0             PS7                          0.000     0.000 r  system_i/processing_system7_0/inst/PS7_i/FCLKCLK[0]
                         net (fo=1, routed)           1.101     1.101    system_i/processing_system7_0/inst/FCLK_CLK_unbuffered[0]
    BUFGCTRL_X0Y0        BUFG (Prop_bufg_I_O)         0.091     1.192 r  system_i/processing_system7_0/inst/buffer_fclk_clk_0.FCLK_CLK_0_BUFG/O
                         net (fo=626, routed)         1.507     2.700    system_i/axi_smc/inst/s00_entry_pipeline/s00_transaction_regulator/inst/xpm_cdc_async_rst_inst/dest_clk
    SLICE_X11Y46         FDCE                                         r  system_i/axi_smc/inst/s00_entry_pipeline/s00_transaction_regulator/inst/xpm_cdc_async_rst_inst/arststages_ff_reg[2]/C

Slack:                    inf
  Source:                 system_i/axi_smc/inst/clk_map/psr_aclk/U0/ACTIVE_LOW_BSR_OUT_DFF[0].FDRE_BSR_N/C
                            (rising edge-triggered cell FDRE clocked by clk_fpga_0  {rise@0.000ns fall@5.000ns period=10.000ns})
  Destination:            system_i/axi_smc/inst/s00_entry_pipeline/s00_si_converter/inst/xpm_cdc_async_rst_inst/arststages_ff_reg[0]/CLR
                            (recovery check against rising-edge clock clk_fpga_0  {rise@0.000ns fall@5.000ns period=10.000ns})
  Path Group:             (none)
  Path Type:              Recovery (Max at Slow Process Corner)
  Data Path Delay:        2.538ns  (logic 0.580ns (22.855%)  route 1.958ns (77.145%))
  Logic Levels:           1  (LUT1=1)
  Clock Path Skew:        -0.283ns (DCD - SCD + CPR)
    Destination Clock Delay (DCD):    2.699ns
    Source Clock Delay      (SCD):    2.982ns
    Clock Pessimism Removal (CPR):    0.000ns
  Clock Uncertainty:      0.154ns  ((TSJ^2 + TIJ^2)^1/2 + DJ) / 2 + PE
    Total System Jitter     (TSJ):    0.071ns
    Total Input Jitter      (TIJ):    0.300ns
    Discrete Jitter          (DJ):    0.000ns
    Phase Error              (PE):    0.000ns
  Timing Exception:       False Path

    Location             Delay type                Incr(ns)  Path(ns)    Netlist Resource(s)
  -------------------------------------------------------------------    -------------------
                         (clock clk_fpga_0 rise edge)
                                                      0.000     0.000 r  
    PS7_X0Y0             PS7                          0.000     0.000 r  system_i/processing_system7_0/inst/PS7_i/FCLKCLK[0]
                         net (fo=1, routed)           1.207     1.207    system_i/processing_system7_0/inst/FCLK_CLK_unbuffered[0]
    BUFGCTRL_X0Y0        BUFG (Prop_bufg_I_O)         0.101     1.308 r  system_i/processing_system7_0/inst/buffer_fclk_clk_0.FCLK_CLK_0_BUFG/O
                         net (fo=626, routed)         1.674     2.982    system_i/axi_smc/inst/clk_map/psr_aclk/U0/aclk
    SLICE_X14Y40         FDRE                                         r  system_i/axi_smc/inst/clk_map/psr_aclk/U0/ACTIVE_LOW_BSR_OUT_DFF[0].FDRE_BSR_N/C
  -------------------------------------------------------------------    -------------------
    SLICE_X14Y40         FDRE (Prop_fdre_C_Q)         0.456     3.438 r  system_i/axi_smc/inst/clk_map/psr_aclk/U0/ACTIVE_LOW_BSR_OUT_DFF[0].FDRE_BSR_N/Q
                         net (fo=9, routed)           1.459     4.897    system_i/axi_smc/inst/s00_entry_pipeline/s00_si_converter/inst/xpm_cdc_async_rst_inst/src_arst
    SLICE_X12Y44         LUT1 (Prop_lut1_I0_O)        0.124     5.021 f  system_i/axi_smc/inst/s00_entry_pipeline/s00_si_converter/inst/xpm_cdc_async_rst_inst/arststages_ff[2]_i_1/O
                         net (fo=3, routed)           0.498     5.520    system_i/axi_smc/inst/s00_entry_pipeline/s00_si_converter/inst/xpm_cdc_async_rst_inst/reset_pol
    SLICE_X10Y44         FDCE                                         f  system_i/axi_smc/inst/s00_entry_pipeline/s00_si_converter/inst/xpm_cdc_async_rst_inst/arststages_ff_reg[0]/CLR
  -------------------------------------------------------------------    -------------------

                         (clock clk_fpga_0 rise edge)
                                                      0.000     0.000 r  
    PS7_X0Y0             PS7                          0.000     0.000 r  system_i/processing_system7_0/inst/PS7_i/FCLKCLK[0]
                         net (fo=1, routed)           1.101     1.101    system_i/processing_system7_0/inst/FCLK_CLK_unbuffered[0]
    BUFGCTRL_X0Y0        BUFG (Prop_bufg_I_O)         0.091     1.192 r  system_i/processing_system7_0/inst/buffer_fclk_clk_0.FCLK_CLK_0_BUFG/O
                         net (fo=626, routed)         1.507     2.700    system_i/axi_smc/inst/s00_entry_pipeline/s00_si_converter/inst/xpm_cdc_async_rst_inst/dest_clk
    SLICE_X10Y44         FDCE                                         r  system_i/axi_smc/inst/s00_entry_pipeline/s00_si_converter/inst/xpm_cdc_async_rst_inst/arststages_ff_reg[0]/C

Slack:                    inf
  Source:                 system_i/axi_smc/inst/clk_map/psr_aclk/U0/ACTIVE_LOW_BSR_OUT_DFF[0].FDRE_BSR_N/C
                            (rising edge-triggered cell FDRE clocked by clk_fpga_0  {rise@0.000ns fall@5.000ns period=10.000ns})
  Destination:            system_i/axi_smc/inst/s00_entry_pipeline/s00_si_converter/inst/xpm_cdc_async_rst_inst/arststages_ff_reg[1]/CLR
                            (recovery check against rising-edge clock clk_fpga_0  {rise@0.000ns fall@5.000ns period=10.000ns})
  Path Group:             (none)
  Path Type:              Recovery (Max at Slow Process Corner)
  Data Path Delay:        2.538ns  (logic 0.580ns (22.855%)  route 1.958ns (77.145%))
  Logic Levels:           1  (LUT1=1)
  Clock Path Skew:        -0.283ns (DCD - SCD + CPR)
    Destination Clock Delay (DCD):    2.699ns
    Source Clock Delay      (SCD):    2.982ns
    Clock Pessimism Removal (CPR):    0.000ns
  Clock Uncertainty:      0.154ns  ((TSJ^2 + TIJ^2)^1/2 + DJ) / 2 + PE
    Total System Jitter     (TSJ):    0.071ns
    Total Input Jitter      (TIJ):    0.300ns
    Discrete Jitter          (DJ):    0.000ns
    Phase Error              (PE):    0.000ns
  Timing Exception:       False Path

    Location             Delay type                Incr(ns)  Path(ns)    Netlist Resource(s)
  -------------------------------------------------------------------    -------------------
                         (clock clk_fpga_0 rise edge)
                                                      0.000     0.000 r  
    PS7_X0Y0             PS7                          0.000     0.000 r  system_i/processing_system7_0/inst/PS7_i/FCLKCLK[0]
                         net (fo=1, routed)           1.207     1.207    system_i/processing_system7_0/inst/FCLK_CLK_unbuffered[0]
    BUFGCTRL_X0Y0        BUFG (Prop_bufg_I_O)         0.101     1.308 r  system_i/processing_system7_0/inst/buffer_fclk_clk_0.FCLK_CLK_0_BUFG/O
                         net (fo=626, routed)         1.674     2.982    system_i/axi_smc/inst/clk_map/psr_aclk/U0/aclk
    SLICE_X14Y40         FDRE                                         r  system_i/axi_smc/inst/clk_map/psr_aclk/U0/ACTIVE_LOW_BSR_OUT_DFF[0].FDRE_BSR_N/C
  -------------------------------------------------------------------    -------------------
    SLICE_X14Y40         FDRE (Prop_fdre_C_Q)         0.456     3.438 r  system_i/axi_smc/inst/clk_map/psr_aclk/U0/ACTIVE_LOW_BSR_OUT_DFF[0].FDRE_BSR_N/Q
                         net (fo=9, routed)           1.459     4.897    system_i/axi_smc/inst/s00_entry_pipeline/s00_si_converter/inst/xpm_cdc_async_rst_inst/src_arst
    SLICE_X12Y44         LUT1 (Prop_lut1_I0_O)        0.124     5.021 f  system_i/axi_smc/inst/s00_entry_pipeline/s00_si_converter/inst/xpm_cdc_async_rst_inst/arststages_ff[2]_i_1/O
                         net (fo=3, routed)           0.498     5.520    system_i/axi_smc/inst/s00_entry_pipeline/s00_si_converter/inst/xpm_cdc_async_rst_inst/reset_pol
    SLICE_X10Y44         FDCE                                         f  system_i/axi_smc/inst/s00_entry_pipeline/s00_si_converter/inst/xpm_cdc_async_rst_inst/arststages_ff_reg[1]/CLR
  -------------------------------------------------------------------    -------------------

                         (clock clk_fpga_0 rise edge)
                                                      0.000     0.000 r  
    PS7_X0Y0             PS7                          0.000     0.000 r  system_i/processing_system7_0/inst/PS7_i/FCLKCLK[0]
                         net (fo=1, routed)           1.101     1.101    system_i/processing_system7_0/inst/FCLK_CLK_unbuffered[0]
    BUFGCTRL_X0Y0        BUFG (Prop_bufg_I_O)         0.091     1.192 r  system_i/processing_system7_0/inst/buffer_fclk_clk_0.FCLK_CLK_0_BUFG/O
                         net (fo=626, routed)         1.507     2.700    system_i/axi_smc/inst/s00_entry_pipeline/s00_si_converter/inst/xpm_cdc_async_rst_inst/dest_clk
    SLICE_X10Y44         FDCE                                         r  system_i/axi_smc/inst/s00_entry_pipeline/s00_si_converter/inst/xpm_cdc_async_rst_inst/arststages_ff_reg[1]/C

Slack:                    inf
  Source:                 system_i/axi_smc/inst/clk_map/psr_aclk/U0/ACTIVE_LOW_BSR_OUT_DFF[0].FDRE_BSR_N/C
                            (rising edge-triggered cell FDRE clocked by clk_fpga_0  {rise@0.000ns fall@5.000ns period=10.000ns})
  Destination:            system_i/axi_smc/inst/s00_entry_pipeline/s00_si_converter/inst/xpm_cdc_async_rst_inst/arststages_ff_reg[2]/CLR
                            (recovery check against rising-edge clock clk_fpga_0  {rise@0.000ns fall@5.000ns period=10.000ns})
  Path Group:             (none)
  Path Type:              Recovery (Max at Slow Process Corner)
  Data Path Delay:        2.538ns  (logic 0.580ns (22.855%)  route 1.958ns (77.145%))
  Logic Levels:           1  (LUT1=1)
  Clock Path Skew:        -0.283ns (DCD - SCD + CPR)
    Destination Clock Delay (DCD):    2.699ns
    Source Clock Delay      (SCD):    2.982ns
    Clock Pessimism Removal (CPR):    0.000ns
  Clock Uncertainty:      0.154ns  ((TSJ^2 + TIJ^2)^1/2 + DJ) / 2 + PE
    Total System Jitter     (TSJ):    0.071ns
    Total Input Jitter      (TIJ):    0.300ns
    Discrete Jitter          (DJ):    0.000ns
    Phase Error              (PE):    0.000ns
  Timing Exception:       False Path

    Location             Delay type                Incr(ns)  Path(ns)    Netlist Resource(s)
  -------------------------------------------------------------------    -------------------
                         (clock clk_fpga_0 rise edge)
                                                      0.000     0.000 r  
    PS7_X0Y0             PS7                          0.000     0.000 r  system_i/processing_system7_0/inst/PS7_i/FCLKCLK[0]
                         net (fo=1, routed)           1.207     1.207    system_i/processing_system7_0/inst/FCLK_CLK_unbuffered[0]
    BUFGCTRL_X0Y0        BUFG (Prop_bufg_I_O)         0.101     1.308 r  system_i/processing_system7_0/inst/buffer_fclk_clk_0.FCLK_CLK_0_BUFG/O
                         net (fo=626, routed)         1.674     2.982    system_i/axi_smc/inst/clk_map/psr_aclk/U0/aclk
    SLICE_X14Y40         FDRE                                         r  system_i/axi_smc/inst/clk_map/psr_aclk/U0/ACTIVE_LOW_BSR_OUT_DFF[0].FDRE_BSR_N/C
  -------------------------------------------------------------------    -------------------
    SLICE_X14Y40         FDRE (Prop_fdre_C_Q)         0.456     3.438 r  system_i/axi_smc/inst/clk_map/psr_aclk/U0/ACTIVE_LOW_BSR_OUT_DFF[0].FDRE_BSR_N/Q
                         net (fo=9, routed)           1.459     4.897    system_i/axi_smc/inst/s00_entry_pipeline/s00_si_converter/inst/xpm_cdc_async_rst_inst/src_arst
    SLICE_X12Y44         LUT1 (Prop_lut1_I0_O)        0.124     5.021 f  system_i/axi_smc/inst/s00_entry_pipeline/s00_si_converter/inst/xpm_cdc_async_rst_inst/arststages_ff[2]_i_1/O
                         net (fo=3, routed)           0.498     5.520    system_i/axi_smc/inst/s00_entry_pipeline/s00_si_converter/inst/xpm_cdc_async_rst_inst/reset_pol
    SLICE_X10Y44         FDCE                                         f  system_i/axi_smc/inst/s00_entry_pipeline/s00_si_converter/inst/xpm_cdc_async_rst_inst/arststages_ff_reg[2]/CLR
  -------------------------------------------------------------------    -------------------

                         (clock clk_fpga_0 rise edge)
                                                      0.000     0.000 r  
    PS7_X0Y0             PS7                          0.000     0.000 r  system_i/processing_system7_0/inst/PS7_i/FCLKCLK[0]
                         net (fo=1, routed)           1.101     1.101    system_i/processing_system7_0/inst/FCLK_CLK_unbuffered[0]
    BUFGCTRL_X0Y0        BUFG (Prop_bufg_I_O)         0.091     1.192 r  system_i/processing_system7_0/inst/buffer_fclk_clk_0.FCLK_CLK_0_BUFG/O
                         net (fo=626, routed)         1.507     2.700    system_i/axi_smc/inst/s00_entry_pipeline/s00_si_converter/inst/xpm_cdc_async_rst_inst/dest_clk
    SLICE_X10Y44         FDCE                                         r  system_i/axi_smc/inst/s00_entry_pipeline/s00_si_converter/inst/xpm_cdc_async_rst_inst/arststages_ff_reg[2]/C

Slack:                    inf
  Source:                 system_i/axi_smc/inst/clk_map/psr_aclk/U0/ACTIVE_LOW_BSR_OUT_DFF[0].FDRE_BSR_N/C
                            (rising edge-triggered cell FDRE clocked by clk_fpga_0  {rise@0.000ns fall@5.000ns period=10.000ns})
  Destination:            system_i/axi_smc/inst/s00_nodes/s00_aw_node/inst/s_sc_xpm_cdc_async_rst_inst/arststages_ff_reg[0]/CLR
                            (recovery check against rising-edge clock clk_fpga_0  {rise@0.000ns fall@5.000ns period=10.000ns})
  Path Group:             (none)
  Path Type:              Recovery (Max at Slow Process Corner)
  Data Path Delay:        2.482ns  (logic 0.610ns (24.576%)  route 1.872ns (75.424%))
  Logic Levels:           1  (LUT1=1)
  Clock Path Skew:        -0.289ns (DCD - SCD + CPR)
    Destination Clock Delay (DCD):    2.693ns
    Source Clock Delay      (SCD):    2.982ns
    Clock Pessimism Removal (CPR):    0.000ns
  Clock Uncertainty:      0.154ns  ((TSJ^2 + TIJ^2)^1/2 + DJ) / 2 + PE
    Total System Jitter     (TSJ):    0.071ns
    Total Input Jitter      (TIJ):    0.300ns
    Discrete Jitter          (DJ):    0.000ns
    Phase Error              (PE):    0.000ns
  Timing Exception:       False Path

    Location             Delay type                Incr(ns)  Path(ns)    Netlist Resource(s)
  -------------------------------------------------------------------    -------------------
                         (clock clk_fpga_0 rise edge)
                                                      0.000     0.000 r  
    PS7_X0Y0             PS7                          0.000     0.000 r  system_i/processing_system7_0/inst/PS7_i/FCLKCLK[0]
                         net (fo=1, routed)           1.207     1.207    system_i/processing_system7_0/inst/FCLK_CLK_unbuffered[0]
    BUFGCTRL_X0Y0        BUFG (Prop_bufg_I_O)         0.101     1.308 r  system_i/processing_system7_0/inst/buffer_fclk_clk_0.FCLK_CLK_0_BUFG/O
                         net (fo=626, routed)         1.674     2.982    system_i/axi_smc/inst/clk_map/psr_aclk/U0/aclk
    SLICE_X14Y40         FDRE                                         r  system_i/axi_smc/inst/clk_map/psr_aclk/U0/ACTIVE_LOW_BSR_OUT_DFF[0].FDRE_BSR_N/C
  -------------------------------------------------------------------    -------------------
    SLICE_X14Y40         FDRE (Prop_fdre_C_Q)         0.456     3.438 r  system_i/axi_smc/inst/clk_map/psr_aclk/U0/ACTIVE_LOW_BSR_OUT_DFF[0].FDRE_BSR_N/Q
                         net (fo=9, routed)           0.973     4.411    system_i/axi_smc/inst/s00_nodes/s00_aw_node/inst/s_sc_xpm_cdc_async_rst_inst/src_arst
    SLICE_X13Y40         LUT1 (Prop_lut1_I0_O)        0.154     4.565 f  system_i/axi_smc/inst/s00_nodes/s00_aw_node/inst/s_sc_xpm_cdc_async_rst_inst/arststages_ff[2]_i_1/O
                         net (fo=3, routed)           0.899     5.464    system_i/axi_smc/inst/s00_nodes/s00_aw_node/inst/s_sc_xpm_cdc_async_rst_inst/reset_pol
    SLICE_X14Y42         FDCE                                         f  system_i/axi_smc/inst/s00_nodes/s00_aw_node/inst/s_sc_xpm_cdc_async_rst_inst/arststages_ff_reg[0]/CLR
  -------------------------------------------------------------------    -------------------

                         (clock clk_fpga_0 rise edge)
                                                      0.000     0.000 r  
    PS7_X0Y0             PS7                          0.000     0.000 r  system_i/processing_system7_0/inst/PS7_i/FCLKCLK[0]
                         net (fo=1, routed)           1.101     1.101    system_i/processing_system7_0/inst/FCLK_CLK_unbuffered[0]
    BUFGCTRL_X0Y0        BUFG (Prop_bufg_I_O)         0.091     1.192 r  system_i/processing_system7_0/inst/buffer_fclk_clk_0.FCLK_CLK_0_BUFG/O
                         net (fo=626, routed)         1.500     2.693    system_i/axi_smc/inst/s00_nodes/s00_aw_node/inst/s_sc_xpm_cdc_async_rst_inst/dest_clk
    SLICE_X14Y42         FDCE                                         r  system_i/axi_smc/inst/s00_nodes/s00_aw_node/inst/s_sc_xpm_cdc_async_rst_inst/arststages_ff_reg[0]/C

Slack:                    inf
  Source:                 system_i/axi_smc/inst/clk_map/psr_aclk/U0/ACTIVE_LOW_BSR_OUT_DFF[0].FDRE_BSR_N/C
                            (rising edge-triggered cell FDRE clocked by clk_fpga_0  {rise@0.000ns fall@5.000ns period=10.000ns})
  Destination:            system_i/axi_smc/inst/s00_nodes/s00_aw_node/inst/s_sc_xpm_cdc_async_rst_inst/arststages_ff_reg[1]/CLR
                            (recovery check against rising-edge clock clk_fpga_0  {rise@0.000ns fall@5.000ns period=10.000ns})
  Path Group:             (none)
  Path Type:              Recovery (Max at Slow Process Corner)
  Data Path Delay:        2.482ns  (logic 0.610ns (24.576%)  route 1.872ns (75.424%))
  Logic Levels:           1  (LUT1=1)
  Clock Path Skew:        -0.289ns (DCD - SCD + CPR)
    Destination Clock Delay (DCD):    2.693ns
    Source Clock Delay      (SCD):    2.982ns
    Clock Pessimism Removal (CPR):    0.000ns
  Clock Uncertainty:      0.154ns  ((TSJ^2 + TIJ^2)^1/2 + DJ) / 2 + PE
    Total System Jitter     (TSJ):    0.071ns
    Total Input Jitter      (TIJ):    0.300ns
    Discrete Jitter          (DJ):    0.000ns
    Phase Error              (PE):    0.000ns
  Timing Exception:       False Path

    Location             Delay type                Incr(ns)  Path(ns)    Netlist Resource(s)
  -------------------------------------------------------------------    -------------------
                         (clock clk_fpga_0 rise edge)
                                                      0.000     0.000 r  
    PS7_X0Y0             PS7                          0.000     0.000 r  system_i/processing_system7_0/inst/PS7_i/FCLKCLK[0]
                         net (fo=1, routed)           1.207     1.207    system_i/processing_system7_0/inst/FCLK_CLK_unbuffered[0]
    BUFGCTRL_X0Y0        BUFG (Prop_bufg_I_O)         0.101     1.308 r  system_i/processing_system7_0/inst/buffer_fclk_clk_0.FCLK_CLK_0_BUFG/O
                         net (fo=626, routed)         1.674     2.982    system_i/axi_smc/inst/clk_map/psr_aclk/U0/aclk
    SLICE_X14Y40         FDRE                                         r  system_i/axi_smc/inst/clk_map/psr_aclk/U0/ACTIVE_LOW_BSR_OUT_DFF[0].FDRE_BSR_N/C
  -------------------------------------------------------------------    -------------------
    SLICE_X14Y40         FDRE (Prop_fdre_C_Q)         0.456     3.438 r  system_i/axi_smc/inst/clk_map/psr_aclk/U0/ACTIVE_LOW_BSR_OUT_DFF[0].FDRE_BSR_N/Q
                         net (fo=9, routed)           0.973     4.411    system_i/axi_smc/inst/s00_nodes/s00_aw_node/inst/s_sc_xpm_cdc_async_rst_inst/src_arst
    SLICE_X13Y40         LUT1 (Prop_lut1_I0_O)        0.154     4.565 f  system_i/axi_smc/inst/s00_nodes/s00_aw_node/inst/s_sc_xpm_cdc_async_rst_inst/arststages_ff[2]_i_1/O
                         net (fo=3, routed)           0.899     5.464    system_i/axi_smc/inst/s00_nodes/s00_aw_node/inst/s_sc_xpm_cdc_async_rst_inst/reset_pol
    SLICE_X14Y42         FDCE                                         f  system_i/axi_smc/inst/s00_nodes/s00_aw_node/inst/s_sc_xpm_cdc_async_rst_inst/arststages_ff_reg[1]/CLR
  -------------------------------------------------------------------    -------------------

                         (clock clk_fpga_0 rise edge)
                                                      0.000     0.000 r  
    PS7_X0Y0             PS7                          0.000     0.000 r  system_i/processing_system7_0/inst/PS7_i/FCLKCLK[0]
                         net (fo=1, routed)           1.101     1.101    system_i/processing_system7_0/inst/FCLK_CLK_unbuffered[0]
    BUFGCTRL_X0Y0        BUFG (Prop_bufg_I_O)         0.091     1.192 r  system_i/processing_system7_0/inst/buffer_fclk_clk_0.FCLK_CLK_0_BUFG/O
                         net (fo=626, routed)         1.500     2.693    system_i/axi_smc/inst/s00_nodes/s00_aw_node/inst/s_sc_xpm_cdc_async_rst_inst/dest_clk
    SLICE_X14Y42         FDCE                                         r  system_i/axi_smc/inst/s00_nodes/s00_aw_node/inst/s_sc_xpm_cdc_async_rst_inst/arststages_ff_reg[1]/C

Slack:                    inf
  Source:                 system_i/axi_smc/inst/clk_map/psr_aclk/U0/ACTIVE_LOW_BSR_OUT_DFF[0].FDRE_BSR_N/C
                            (rising edge-triggered cell FDRE clocked by clk_fpga_0  {rise@0.000ns fall@5.000ns period=10.000ns})
  Destination:            system_i/axi_smc/inst/s00_nodes/s00_aw_node/inst/s_sc_xpm_cdc_async_rst_inst/arststages_ff_reg[2]/CLR
                            (recovery check against rising-edge clock clk_fpga_0  {rise@0.000ns fall@5.000ns period=10.000ns})
  Path Group:             (none)
  Path Type:              Recovery (Max at Slow Process Corner)
  Data Path Delay:        2.482ns  (logic 0.610ns (24.576%)  route 1.872ns (75.424%))
  Logic Levels:           1  (LUT1=1)
  Clock Path Skew:        -0.289ns (DCD - SCD + CPR)
    Destination Clock Delay (DCD):    2.693ns
    Source Clock Delay      (SCD):    2.982ns
    Clock Pessimism Removal (CPR):    0.000ns
  Clock Uncertainty:      0.154ns  ((TSJ^2 + TIJ^2)^1/2 + DJ) / 2 + PE
    Total System Jitter     (TSJ):    0.071ns
    Total Input Jitter      (TIJ):    0.300ns
    Discrete Jitter          (DJ):    0.000ns
    Phase Error              (PE):    0.000ns
  Timing Exception:       False Path

    Location             Delay type                Incr(ns)  Path(ns)    Netlist Resource(s)
  -------------------------------------------------------------------    -------------------
                         (clock clk_fpga_0 rise edge)
                                                      0.000     0.000 r  
    PS7_X0Y0             PS7                          0.000     0.000 r  system_i/processing_system7_0/inst/PS7_i/FCLKCLK[0]
                         net (fo=1, routed)           1.207     1.207    system_i/processing_system7_0/inst/FCLK_CLK_unbuffered[0]
    BUFGCTRL_X0Y0        BUFG (Prop_bufg_I_O)         0.101     1.308 r  system_i/processing_system7_0/inst/buffer_fclk_clk_0.FCLK_CLK_0_BUFG/O
                         net (fo=626, routed)         1.674     2.982    system_i/axi_smc/inst/clk_map/psr_aclk/U0/aclk
    SLICE_X14Y40         FDRE                                         r  system_i/axi_smc/inst/clk_map/psr_aclk/U0/ACTIVE_LOW_BSR_OUT_DFF[0].FDRE_BSR_N/C
  -------------------------------------------------------------------    -------------------
    SLICE_X14Y40         FDRE (Prop_fdre_C_Q)         0.456     3.438 r  system_i/axi_smc/inst/clk_map/psr_aclk/U0/ACTIVE_LOW_BSR_OUT_DFF[0].FDRE_BSR_N/Q
                         net (fo=9, routed)           0.973     4.411    system_i/axi_smc/inst/s00_nodes/s00_aw_node/inst/s_sc_xpm_cdc_async_rst_inst/src_arst
    SLICE_X13Y40         LUT1 (Prop_lut1_I0_O)        0.154     4.565 f  system_i/axi_smc/inst/s00_nodes/s00_aw_node/inst/s_sc_xpm_cdc_async_rst_inst/arststages_ff[2]_i_1/O
                         net (fo=3, routed)           0.899     5.464    system_i/axi_smc/inst/s00_nodes/s00_aw_node/inst/s_sc_xpm_cdc_async_rst_inst/reset_pol
    SLICE_X14Y42         FDCE                                         f  system_i/axi_smc/inst/s00_nodes/s00_aw_node/inst/s_sc_xpm_cdc_async_rst_inst/arststages_ff_reg[2]/CLR
  -------------------------------------------------------------------    -------------------

                         (clock clk_fpga_0 rise edge)
                                                      0.000     0.000 r  
    PS7_X0Y0             PS7                          0.000     0.000 r  system_i/processing_system7_0/inst/PS7_i/FCLKCLK[0]
                         net (fo=1, routed)           1.101     1.101    system_i/processing_system7_0/inst/FCLK_CLK_unbuffered[0]
    BUFGCTRL_X0Y0        BUFG (Prop_bufg_I_O)         0.091     1.192 r  system_i/processing_system7_0/inst/buffer_fclk_clk_0.FCLK_CLK_0_BUFG/O
                         net (fo=626, routed)         1.500     2.693    system_i/axi_smc/inst/s00_nodes/s00_aw_node/inst/s_sc_xpm_cdc_async_rst_inst/dest_clk
    SLICE_X14Y42         FDCE                                         r  system_i/axi_smc/inst/s00_nodes/s00_aw_node/inst/s_sc_xpm_cdc_async_rst_inst/arststages_ff_reg[2]/C

Slack:                    inf
  Source:                 system_i/axi_smc/inst/clk_map/psr_aclk/U0/ACTIVE_LOW_BSR_OUT_DFF[0].FDRE_BSR_N/C
                            (rising edge-triggered cell FDRE clocked by clk_fpga_0  {rise@0.000ns fall@5.000ns period=10.000ns})
  Destination:            system_i/axi_smc/inst/s00_nodes/s00_w_node/inst/s_sc_xpm_cdc_async_rst_inst/arststages_ff_reg[0]/CLR
                            (recovery check against rising-edge clock clk_fpga_0  {rise@0.000ns fall@5.000ns period=10.000ns})
  Path Group:             (none)
  Path Type:              Recovery (Max at Slow Process Corner)
  Data Path Delay:        2.446ns  (logic 0.580ns (23.711%)  route 1.866ns (76.289%))
  Logic Levels:           1  (LUT1=1)
  Clock Path Skew:        -0.283ns (DCD - SCD + CPR)
    Destination Clock Delay (DCD):    2.699ns
    Source Clock Delay      (SCD):    2.982ns
    Clock Pessimism Removal (CPR):    0.000ns
  Clock Uncertainty:      0.154ns  ((TSJ^2 + TIJ^2)^1/2 + DJ) / 2 + PE
    Total System Jitter     (TSJ):    0.071ns
    Total Input Jitter      (TIJ):    0.300ns
    Discrete Jitter          (DJ):    0.000ns
    Phase Error              (PE):    0.000ns
  Timing Exception:       False Path

    Location             Delay type                Incr(ns)  Path(ns)    Netlist Resource(s)
  -------------------------------------------------------------------    -------------------
                         (clock clk_fpga_0 rise edge)
                                                      0.000     0.000 r  
    PS7_X0Y0             PS7                          0.000     0.000 r  system_i/processing_system7_0/inst/PS7_i/FCLKCLK[0]
                         net (fo=1, routed)           1.207     1.207    system_i/processing_system7_0/inst/FCLK_CLK_unbuffered[0]
    BUFGCTRL_X0Y0        BUFG (Prop_bufg_I_O)         0.101     1.308 r  system_i/processing_system7_0/inst/buffer_fclk_clk_0.FCLK_CLK_0_BUFG/O
                         net (fo=626, routed)         1.674     2.982    system_i/axi_smc/inst/clk_map/psr_aclk/U0/aclk
    SLICE_X14Y40         FDRE                                         r  system_i/axi_smc/inst/clk_map/psr_aclk/U0/ACTIVE_LOW_BSR_OUT_DFF[0].FDRE_BSR_N/C
  -------------------------------------------------------------------    -------------------
    SLICE_X14Y40         FDRE (Prop_fdre_C_Q)         0.456     3.438 r  system_i/axi_smc/inst/clk_map/psr_aclk/U0/ACTIVE_LOW_BSR_OUT_DFF[0].FDRE_BSR_N/Q
                         net (fo=9, routed)           1.253     4.691    system_i/axi_smc/inst/s00_nodes/s00_w_node/inst/s_sc_xpm_cdc_async_rst_inst/src_arst
    SLICE_X12Y44         LUT1 (Prop_lut1_I0_O)        0.124     4.815 f  system_i/axi_smc/inst/s00_nodes/s00_w_node/inst/s_sc_xpm_cdc_async_rst_inst/arststages_ff[2]_i_1/O
                         net (fo=3, routed)           0.613     5.428    system_i/axi_smc/inst/s00_nodes/s00_w_node/inst/s_sc_xpm_cdc_async_rst_inst/reset_pol
    SLICE_X12Y44         FDCE                                         f  system_i/axi_smc/inst/s00_nodes/s00_w_node/inst/s_sc_xpm_cdc_async_rst_inst/arststages_ff_reg[0]/CLR
  -------------------------------------------------------------------    -------------------

                         (clock clk_fpga_0 rise edge)
                                                      0.000     0.000 r  
    PS7_X0Y0             PS7                          0.000     0.000 r  system_i/processing_system7_0/inst/PS7_i/FCLKCLK[0]
                         net (fo=1, routed)           1.101     1.101    system_i/processing_system7_0/inst/FCLK_CLK_unbuffered[0]
    BUFGCTRL_X0Y0        BUFG (Prop_bufg_I_O)         0.091     1.192 r  system_i/processing_system7_0/inst/buffer_fclk_clk_0.FCLK_CLK_0_BUFG/O
                         net (fo=626, routed)         1.507     2.700    system_i/axi_smc/inst/s00_nodes/s00_w_node/inst/s_sc_xpm_cdc_async_rst_inst/dest_clk
    SLICE_X12Y44         FDCE                                         r  system_i/axi_smc/inst/s00_nodes/s00_w_node/inst/s_sc_xpm_cdc_async_rst_inst/arststages_ff_reg[0]/C





Min Delay Paths
--------------------------------------------------------------------------------------
Slack:                    inf
  Source:                 system_i/axi_smc/inst/clk_map/psr_aclk/U0/ACTIVE_LOW_BSR_OUT_DFF[0].FDRE_BSR_N/C
                            (rising edge-triggered cell FDRE clocked by clk_fpga_0  {rise@0.000ns fall@5.000ns period=10.000ns})
  Destination:            system_i/axi_smc/inst/s00_nodes/s00_r_node/inst/s_sc_xpm_cdc_async_rst_inst/arststages_ff_reg[0]/CLR
                            (removal check against rising-edge clock clk_fpga_0  {rise@0.000ns fall@5.000ns period=10.000ns})
  Path Group:             (none)
  Path Type:              Removal (Min at Fast Process Corner)
  Data Path Delay:        0.735ns  (logic 0.189ns (25.698%)  route 0.546ns (74.302%))
  Logic Levels:           1  (LUT1=1)
  Clock Path Skew:        0.299ns (DCD - SCD - CPR)
    Destination Clock Delay (DCD):    1.202ns
    Source Clock Delay      (SCD):    0.903ns
    Clock Pessimism Removal (CPR):    -0.000ns
  Clock Uncertainty:      0.154ns  ((TSJ^2 + TIJ^2)^1/2 + DJ) / 2 + PE
    Total System Jitter     (TSJ):    0.071ns
    Total Input Jitter      (TIJ):    0.300ns
    Discrete Jitter          (DJ):    0.000ns
    Phase Error              (PE):    0.000ns
  Timing Exception:       False Path

    Location             Delay type                Incr(ns)  Path(ns)    Netlist Resource(s)
  -------------------------------------------------------------------    -------------------
                         (clock clk_fpga_0 rise edge)
                                                      0.000     0.000 r  
    PS7_X0Y0             PS7                          0.000     0.000 r  system_i/processing_system7_0/inst/PS7_i/FCLKCLK[0]
                         net (fo=1, routed)           0.315     0.315    system_i/processing_system7_0/inst/FCLK_CLK_unbuffered[0]
    BUFGCTRL_X0Y0        BUFG (Prop_bufg_I_O)         0.026     0.341 r  system_i/processing_system7_0/inst/buffer_fclk_clk_0.FCLK_CLK_0_BUFG/O
                         net (fo=626, routed)         0.562     0.903    system_i/axi_smc/inst/clk_map/psr_aclk/U0/aclk
    SLICE_X14Y40         FDRE                                         r  system_i/axi_smc/inst/clk_map/psr_aclk/U0/ACTIVE_LOW_BSR_OUT_DFF[0].FDRE_BSR_N/C
  -------------------------------------------------------------------    -------------------
    SLICE_X14Y40         FDRE (Prop_fdre_C_Q)         0.141     1.044 r  system_i/axi_smc/inst/clk_map/psr_aclk/U0/ACTIVE_LOW_BSR_OUT_DFF[0].FDRE_BSR_N/Q
                         net (fo=9, routed)           0.381     1.425    system_i/axi_smc/inst/s00_nodes/s00_r_node/inst/s_sc_xpm_cdc_async_rst_inst/src_arst
    SLICE_X12Y40         LUT1 (Prop_lut1_I0_O)        0.048     1.473 f  system_i/axi_smc/inst/s00_nodes/s00_r_node/inst/s_sc_xpm_cdc_async_rst_inst/arststages_ff[2]_i_1/O
                         net (fo=3, routed)           0.165     1.638    system_i/axi_smc/inst/s00_nodes/s00_r_node/inst/s_sc_xpm_cdc_async_rst_inst/reset_pol
    SLICE_X11Y39         FDCE                                         f  system_i/axi_smc/inst/s00_nodes/s00_r_node/inst/s_sc_xpm_cdc_async_rst_inst/arststages_ff_reg[0]/CLR
  -------------------------------------------------------------------    -------------------

                         (clock clk_fpga_0 rise edge)
                                                      0.000     0.000 r  
    PS7_X0Y0             PS7                          0.000     0.000 r  system_i/processing_system7_0/inst/PS7_i/FCLKCLK[0]
                         net (fo=1, routed)           0.341     0.341    system_i/processing_system7_0/inst/FCLK_CLK_unbuffered[0]
    BUFGCTRL_X0Y0        BUFG (Prop_bufg_I_O)         0.029     0.370 r  system_i/processing_system7_0/inst/buffer_fclk_clk_0.FCLK_CLK_0_BUFG/O
                         net (fo=626, routed)         0.832     1.202    system_i/axi_smc/inst/s00_nodes/s00_r_node/inst/s_sc_xpm_cdc_async_rst_inst/dest_clk
    SLICE_X11Y39         FDCE                                         r  system_i/axi_smc/inst/s00_nodes/s00_r_node/inst/s_sc_xpm_cdc_async_rst_inst/arststages_ff_reg[0]/C

Slack:                    inf
  Source:                 system_i/axi_smc/inst/clk_map/psr_aclk/U0/ACTIVE_LOW_BSR_OUT_DFF[0].FDRE_BSR_N/C
                            (rising edge-triggered cell FDRE clocked by clk_fpga_0  {rise@0.000ns fall@5.000ns period=10.000ns})
  Destination:            system_i/axi_smc/inst/s00_nodes/s00_r_node/inst/s_sc_xpm_cdc_async_rst_inst/arststages_ff_reg[1]/CLR
                            (removal check against rising-edge clock clk_fpga_0  {rise@0.000ns fall@5.000ns period=10.000ns})
  Path Group:             (none)
  Path Type:              Removal (Min at Fast Process Corner)
  Data Path Delay:        0.735ns  (logic 0.189ns (25.698%)  route 0.546ns (74.302%))
  Logic Levels:           1  (LUT1=1)
  Clock Path Skew:        0.299ns (DCD - SCD - CPR)
    Destination Clock Delay (DCD):    1.202ns
    Source Clock Delay      (SCD):    0.903ns
    Clock Pessimism Removal (CPR):    -0.000ns
  Clock Uncertainty:      0.154ns  ((TSJ^2 + TIJ^2)^1/2 + DJ) / 2 + PE
    Total System Jitter     (TSJ):    0.071ns
    Total Input Jitter      (TIJ):    0.300ns
    Discrete Jitter          (DJ):    0.000ns
    Phase Error              (PE):    0.000ns
  Timing Exception:       False Path

    Location             Delay type                Incr(ns)  Path(ns)    Netlist Resource(s)
  -------------------------------------------------------------------    -------------------
                         (clock clk_fpga_0 rise edge)
                                                      0.000     0.000 r  
    PS7_X0Y0             PS7                          0.000     0.000 r  system_i/processing_system7_0/inst/PS7_i/FCLKCLK[0]
                         net (fo=1, routed)           0.315     0.315    system_i/processing_system7_0/inst/FCLK_CLK_unbuffered[0]
    BUFGCTRL_X0Y0        BUFG (Prop_bufg_I_O)         0.026     0.341 r  system_i/processing_system7_0/inst/buffer_fclk_clk_0.FCLK_CLK_0_BUFG/O
                         net (fo=626, routed)         0.562     0.903    system_i/axi_smc/inst/clk_map/psr_aclk/U0/aclk
    SLICE_X14Y40         FDRE                                         r  system_i/axi_smc/inst/clk_map/psr_aclk/U0/ACTIVE_LOW_BSR_OUT_DFF[0].FDRE_BSR_N/C
  -------------------------------------------------------------------    -------------------
    SLICE_X14Y40         FDRE (Prop_fdre_C_Q)         0.141     1.044 r  system_i/axi_smc/inst/clk_map/psr_aclk/U0/ACTIVE_LOW_BSR_OUT_DFF[0].FDRE_BSR_N/Q
                         net (fo=9, routed)           0.381     1.425    system_i/axi_smc/inst/s00_nodes/s00_r_node/inst/s_sc_xpm_cdc_async_rst_inst/src_arst
    SLICE_X12Y40         LUT1 (Prop_lut1_I0_O)        0.048     1.473 f  system_i/axi_smc/inst/s00_nodes/s00_r_node/inst/s_sc_xpm_cdc_async_rst_inst/arststages_ff[2]_i_1/O
                         net (fo=3, routed)           0.165     1.638    system_i/axi_smc/inst/s00_nodes/s00_r_node/inst/s_sc_xpm_cdc_async_rst_inst/reset_pol
    SLICE_X11Y39         FDCE                                         f  system_i/axi_smc/inst/s00_nodes/s00_r_node/inst/s_sc_xpm_cdc_async_rst_inst/arststages_ff_reg[1]/CLR
  -------------------------------------------------------------------    -------------------

                         (clock clk_fpga_0 rise edge)
                                                      0.000     0.000 r  
    PS7_X0Y0             PS7                          0.000     0.000 r  system_i/processing_system7_0/inst/PS7_i/FCLKCLK[0]
                         net (fo=1, routed)           0.341     0.341    system_i/processing_system7_0/inst/FCLK_CLK_unbuffered[0]
    BUFGCTRL_X0Y0        BUFG (Prop_bufg_I_O)         0.029     0.370 r  system_i/processing_system7_0/inst/buffer_fclk_clk_0.FCLK_CLK_0_BUFG/O
                         net (fo=626, routed)         0.832     1.202    system_i/axi_smc/inst/s00_nodes/s00_r_node/inst/s_sc_xpm_cdc_async_rst_inst/dest_clk
    SLICE_X11Y39         FDCE                                         r  system_i/axi_smc/inst/s00_nodes/s00_r_node/inst/s_sc_xpm_cdc_async_rst_inst/arststages_ff_reg[1]/C

Slack:                    inf
  Source:                 system_i/axi_smc/inst/clk_map/psr_aclk/U0/ACTIVE_LOW_BSR_OUT_DFF[0].FDRE_BSR_N/C
                            (rising edge-triggered cell FDRE clocked by clk_fpga_0  {rise@0.000ns fall@5.000ns period=10.000ns})
  Destination:            system_i/axi_smc/inst/s00_nodes/s00_r_node/inst/s_sc_xpm_cdc_async_rst_inst/arststages_ff_reg[2]/CLR
                            (removal check against rising-edge clock clk_fpga_0  {rise@0.000ns fall@5.000ns period=10.000ns})
  Path Group:             (none)
  Path Type:              Removal (Min at Fast Process Corner)
  Data Path Delay:        0.735ns  (logic 0.189ns (25.698%)  route 0.546ns (74.302%))
  Logic Levels:           1  (LUT1=1)
  Clock Path Skew:        0.299ns (DCD - SCD - CPR)
    Destination Clock Delay (DCD):    1.202ns
    Source Clock Delay      (SCD):    0.903ns
    Clock Pessimism Removal (CPR):    -0.000ns
  Clock Uncertainty:      0.154ns  ((TSJ^2 + TIJ^2)^1/2 + DJ) / 2 + PE
    Total System Jitter     (TSJ):    0.071ns
    Total Input Jitter      (TIJ):    0.300ns
    Discrete Jitter          (DJ):    0.000ns
    Phase Error              (PE):    0.000ns
  Timing Exception:       False Path

    Location             Delay type                Incr(ns)  Path(ns)    Netlist Resource(s)
  -------------------------------------------------------------------    -------------------
                         (clock clk_fpga_0 rise edge)
                                                      0.000     0.000 r  
    PS7_X0Y0             PS7                          0.000     0.000 r  system_i/processing_system7_0/inst/PS7_i/FCLKCLK[0]
                         net (fo=1, routed)           0.315     0.315    system_i/processing_system7_0/inst/FCLK_CLK_unbuffered[0]
    BUFGCTRL_X0Y0        BUFG (Prop_bufg_I_O)         0.026     0.341 r  system_i/processing_system7_0/inst/buffer_fclk_clk_0.FCLK_CLK_0_BUFG/O
                         net (fo=626, routed)         0.562     0.903    system_i/axi_smc/inst/clk_map/psr_aclk/U0/aclk
    SLICE_X14Y40         FDRE                                         r  system_i/axi_smc/inst/clk_map/psr_aclk/U0/ACTIVE_LOW_BSR_OUT_DFF[0].FDRE_BSR_N/C
  -------------------------------------------------------------------    -------------------
    SLICE_X14Y40         FDRE (Prop_fdre_C_Q)         0.141     1.044 r  system_i/axi_smc/inst/clk_map/psr_aclk/U0/ACTIVE_LOW_BSR_OUT_DFF[0].FDRE_BSR_N/Q
                         net (fo=9, routed)           0.381     1.425    system_i/axi_smc/inst/s00_nodes/s00_r_node/inst/s_sc_xpm_cdc_async_rst_inst/src_arst
    SLICE_X12Y40         LUT1 (Prop_lut1_I0_O)        0.048     1.473 f  system_i/axi_smc/inst/s00_nodes/s00_r_node/inst/s_sc_xpm_cdc_async_rst_inst/arststages_ff[2]_i_1/O
                         net (fo=3, routed)           0.165     1.638    system_i/axi_smc/inst/s00_nodes/s00_r_node/inst/s_sc_xpm_cdc_async_rst_inst/reset_pol
    SLICE_X11Y39         FDCE                                         f  system_i/axi_smc/inst/s00_nodes/s00_r_node/inst/s_sc_xpm_cdc_async_rst_inst/arststages_ff_reg[2]/CLR
  -------------------------------------------------------------------    -------------------

                         (clock clk_fpga_0 rise edge)
                                                      0.000     0.000 r  
    PS7_X0Y0             PS7                          0.000     0.000 r  system_i/processing_system7_0/inst/PS7_i/FCLKCLK[0]
                         net (fo=1, routed)           0.341     0.341    system_i/processing_system7_0/inst/FCLK_CLK_unbuffered[0]
    BUFGCTRL_X0Y0        BUFG (Prop_bufg_I_O)         0.029     0.370 r  system_i/processing_system7_0/inst/buffer_fclk_clk_0.FCLK_CLK_0_BUFG/O
                         net (fo=626, routed)         0.832     1.202    system_i/axi_smc/inst/s00_nodes/s00_r_node/inst/s_sc_xpm_cdc_async_rst_inst/dest_clk
    SLICE_X11Y39         FDCE                                         r  system_i/axi_smc/inst/s00_nodes/s00_r_node/inst/s_sc_xpm_cdc_async_rst_inst/arststages_ff_reg[2]/C

Slack:                    inf
  Source:                 system_i/axi_smc/inst/clk_map/psr_aclk/U0/ACTIVE_LOW_BSR_OUT_DFF[0].FDRE_BSR_N/C
                            (rising edge-triggered cell FDRE clocked by clk_fpga_0  {rise@0.000ns fall@5.000ns period=10.000ns})
  Destination:            system_i/axi_smc/inst/s00_nodes/s00_b_node/inst/s_sc_xpm_cdc_async_rst_inst/arststages_ff_reg[0]/CLR
                            (removal check against rising-edge clock clk_fpga_0  {rise@0.000ns fall@5.000ns period=10.000ns})
  Path Group:             (none)
  Path Type:              Removal (Min at Fast Process Corner)
  Data Path Delay:        0.737ns  (logic 0.186ns (25.247%)  route 0.551ns (74.753%))
  Logic Levels:           1  (LUT1=1)
  Clock Path Skew:        0.300ns (DCD - SCD - CPR)
    Destination Clock Delay (DCD):    1.203ns
    Source Clock Delay      (SCD):    0.903ns
    Clock Pessimism Removal (CPR):    -0.000ns
  Clock Uncertainty:      0.154ns  ((TSJ^2 + TIJ^2)^1/2 + DJ) / 2 + PE
    Total System Jitter     (TSJ):    0.071ns
    Total Input Jitter      (TIJ):    0.300ns
    Discrete Jitter          (DJ):    0.000ns
    Phase Error              (PE):    0.000ns
  Timing Exception:       False Path

    Location             Delay type                Incr(ns)  Path(ns)    Netlist Resource(s)
  -------------------------------------------------------------------    -------------------
                         (clock clk_fpga_0 rise edge)
                                                      0.000     0.000 r  
    PS7_X0Y0             PS7                          0.000     0.000 r  system_i/processing_system7_0/inst/PS7_i/FCLKCLK[0]
                         net (fo=1, routed)           0.315     0.315    system_i/processing_system7_0/inst/FCLK_CLK_unbuffered[0]
    BUFGCTRL_X0Y0        BUFG (Prop_bufg_I_O)         0.026     0.341 r  system_i/processing_system7_0/inst/buffer_fclk_clk_0.FCLK_CLK_0_BUFG/O
                         net (fo=626, routed)         0.562     0.903    system_i/axi_smc/inst/clk_map/psr_aclk/U0/aclk
    SLICE_X14Y40         FDRE                                         r  system_i/axi_smc/inst/clk_map/psr_aclk/U0/ACTIVE_LOW_BSR_OUT_DFF[0].FDRE_BSR_N/C
  -------------------------------------------------------------------    -------------------
    SLICE_X14Y40         FDRE (Prop_fdre_C_Q)         0.141     1.044 r  system_i/axi_smc/inst/clk_map/psr_aclk/U0/ACTIVE_LOW_BSR_OUT_DFF[0].FDRE_BSR_N/Q
                         net (fo=9, routed)           0.381     1.425    system_i/axi_smc/inst/s00_nodes/s00_b_node/inst/s_sc_xpm_cdc_async_rst_inst/src_arst
    SLICE_X12Y40         LUT1 (Prop_lut1_I0_O)        0.045     1.470 f  system_i/axi_smc/inst/s00_nodes/s00_b_node/inst/s_sc_xpm_cdc_async_rst_inst/arststages_ff[2]_i_1/O
                         net (fo=3, routed)           0.169     1.639    system_i/axi_smc/inst/s00_nodes/s00_b_node/inst/s_sc_xpm_cdc_async_rst_inst/reset_pol
    SLICE_X12Y42         FDCE                                         f  system_i/axi_smc/inst/s00_nodes/s00_b_node/inst/s_sc_xpm_cdc_async_rst_inst/arststages_ff_reg[0]/CLR
  -------------------------------------------------------------------    -------------------

                         (clock clk_fpga_0 rise edge)
                                                      0.000     0.000 r  
    PS7_X0Y0             PS7                          0.000     0.000 r  system_i/processing_system7_0/inst/PS7_i/FCLKCLK[0]
                         net (fo=1, routed)           0.341     0.341    system_i/processing_system7_0/inst/FCLK_CLK_unbuffered[0]
    BUFGCTRL_X0Y0        BUFG (Prop_bufg_I_O)         0.029     0.370 r  system_i/processing_system7_0/inst/buffer_fclk_clk_0.FCLK_CLK_0_BUFG/O
                         net (fo=626, routed)         0.833     1.203    system_i/axi_smc/inst/s00_nodes/s00_b_node/inst/s_sc_xpm_cdc_async_rst_inst/dest_clk
    SLICE_X12Y42         FDCE                                         r  system_i/axi_smc/inst/s00_nodes/s00_b_node/inst/s_sc_xpm_cdc_async_rst_inst/arststages_ff_reg[0]/C

Slack:                    inf
  Source:                 system_i/axi_smc/inst/clk_map/psr_aclk/U0/ACTIVE_LOW_BSR_OUT_DFF[0].FDRE_BSR_N/C
                            (rising edge-triggered cell FDRE clocked by clk_fpga_0  {rise@0.000ns fall@5.000ns period=10.000ns})
  Destination:            system_i/axi_smc/inst/s00_nodes/s00_b_node/inst/s_sc_xpm_cdc_async_rst_inst/arststages_ff_reg[1]/CLR
                            (removal check against rising-edge clock clk_fpga_0  {rise@0.000ns fall@5.000ns period=10.000ns})
  Path Group:             (none)
  Path Type:              Removal (Min at Fast Process Corner)
  Data Path Delay:        0.737ns  (logic 0.186ns (25.247%)  route 0.551ns (74.753%))
  Logic Levels:           1  (LUT1=1)
  Clock Path Skew:        0.300ns (DCD - SCD - CPR)
    Destination Clock Delay (DCD):    1.203ns
    Source Clock Delay      (SCD):    0.903ns
    Clock Pessimism Removal (CPR):    -0.000ns
  Clock Uncertainty:      0.154ns  ((TSJ^2 + TIJ^2)^1/2 + DJ) / 2 + PE
    Total System Jitter     (TSJ):    0.071ns
    Total Input Jitter      (TIJ):    0.300ns
    Discrete Jitter          (DJ):    0.000ns
    Phase Error              (PE):    0.000ns
  Timing Exception:       False Path

    Location             Delay type                Incr(ns)  Path(ns)    Netlist Resource(s)
  -------------------------------------------------------------------    -------------------
                         (clock clk_fpga_0 rise edge)
                                                      0.000     0.000 r  
    PS7_X0Y0             PS7                          0.000     0.000 r  system_i/processing_system7_0/inst/PS7_i/FCLKCLK[0]
                         net (fo=1, routed)           0.315     0.315    system_i/processing_system7_0/inst/FCLK_CLK_unbuffered[0]
    BUFGCTRL_X0Y0        BUFG (Prop_bufg_I_O)         0.026     0.341 r  system_i/processing_system7_0/inst/buffer_fclk_clk_0.FCLK_CLK_0_BUFG/O
                         net (fo=626, routed)         0.562     0.903    system_i/axi_smc/inst/clk_map/psr_aclk/U0/aclk
    SLICE_X14Y40         FDRE                                         r  system_i/axi_smc/inst/clk_map/psr_aclk/U0/ACTIVE_LOW_BSR_OUT_DFF[0].FDRE_BSR_N/C
  -------------------------------------------------------------------    -------------------
    SLICE_X14Y40         FDRE (Prop_fdre_C_Q)         0.141     1.044 r  system_i/axi_smc/inst/clk_map/psr_aclk/U0/ACTIVE_LOW_BSR_OUT_DFF[0].FDRE_BSR_N/Q
                         net (fo=9, routed)           0.381     1.425    system_i/axi_smc/inst/s00_nodes/s00_b_node/inst/s_sc_xpm_cdc_async_rst_inst/src_arst
    SLICE_X12Y40         LUT1 (Prop_lut1_I0_O)        0.045     1.470 f  system_i/axi_smc/inst/s00_nodes/s00_b_node/inst/s_sc_xpm_cdc_async_rst_inst/arststages_ff[2]_i_1/O
                         net (fo=3, routed)           0.169     1.639    system_i/axi_smc/inst/s00_nodes/s00_b_node/inst/s_sc_xpm_cdc_async_rst_inst/reset_pol
    SLICE_X12Y42         FDCE                                         f  system_i/axi_smc/inst/s00_nodes/s00_b_node/inst/s_sc_xpm_cdc_async_rst_inst/arststages_ff_reg[1]/CLR
  -------------------------------------------------------------------    -------------------

                         (clock clk_fpga_0 rise edge)
                                                      0.000     0.000 r  
    PS7_X0Y0             PS7                          0.000     0.000 r  system_i/processing_system7_0/inst/PS7_i/FCLKCLK[0]
                         net (fo=1, routed)           0.341     0.341    system_i/processing_system7_0/inst/FCLK_CLK_unbuffered[0]
    BUFGCTRL_X0Y0        BUFG (Prop_bufg_I_O)         0.029     0.370 r  system_i/processing_system7_0/inst/buffer_fclk_clk_0.FCLK_CLK_0_BUFG/O
                         net (fo=626, routed)         0.833     1.203    system_i/axi_smc/inst/s00_nodes/s00_b_node/inst/s_sc_xpm_cdc_async_rst_inst/dest_clk
    SLICE_X12Y42         FDCE                                         r  system_i/axi_smc/inst/s00_nodes/s00_b_node/inst/s_sc_xpm_cdc_async_rst_inst/arststages_ff_reg[1]/C

Slack:                    inf
  Source:                 system_i/axi_smc/inst/clk_map/psr_aclk/U0/ACTIVE_LOW_BSR_OUT_DFF[0].FDRE_BSR_N/C
                            (rising edge-triggered cell FDRE clocked by clk_fpga_0  {rise@0.000ns fall@5.000ns period=10.000ns})
  Destination:            system_i/axi_smc/inst/s00_nodes/s00_b_node/inst/s_sc_xpm_cdc_async_rst_inst/arststages_ff_reg[2]/CLR
                            (removal check against rising-edge clock clk_fpga_0  {rise@0.000ns fall@5.000ns period=10.000ns})
  Path Group:             (none)
  Path Type:              Removal (Min at Fast Process Corner)
  Data Path Delay:        0.737ns  (logic 0.186ns (25.247%)  route 0.551ns (74.753%))
  Logic Levels:           1  (LUT1=1)
  Clock Path Skew:        0.300ns (DCD - SCD - CPR)
    Destination Clock Delay (DCD):    1.203ns
    Source Clock Delay      (SCD):    0.903ns
    Clock Pessimism Removal (CPR):    -0.000ns
  Clock Uncertainty:      0.154ns  ((TSJ^2 + TIJ^2)^1/2 + DJ) / 2 + PE
    Total System Jitter     (TSJ):    0.071ns
    Total Input Jitter      (TIJ):    0.300ns
    Discrete Jitter          (DJ):    0.000ns
    Phase Error              (PE):    0.000ns
  Timing Exception:       False Path

    Location             Delay type                Incr(ns)  Path(ns)    Netlist Resource(s)
  -------------------------------------------------------------------    -------------------
                         (clock clk_fpga_0 rise edge)
                                                      0.000     0.000 r  
    PS7_X0Y0             PS7                          0.000     0.000 r  system_i/processing_system7_0/inst/PS7_i/FCLKCLK[0]
                         net (fo=1, routed)           0.315     0.315    system_i/processing_system7_0/inst/FCLK_CLK_unbuffered[0]
    BUFGCTRL_X0Y0        BUFG (Prop_bufg_I_O)         0.026     0.341 r  system_i/processing_system7_0/inst/buffer_fclk_clk_0.FCLK_CLK_0_BUFG/O
                         net (fo=626, routed)         0.562     0.903    system_i/axi_smc/inst/clk_map/psr_aclk/U0/aclk
    SLICE_X14Y40         FDRE                                         r  system_i/axi_smc/inst/clk_map/psr_aclk/U0/ACTIVE_LOW_BSR_OUT_DFF[0].FDRE_BSR_N/C
  -------------------------------------------------------------------    -------------------
    SLICE_X14Y40         FDRE (Prop_fdre_C_Q)         0.141     1.044 r  system_i/axi_smc/inst/clk_map/psr_aclk/U0/ACTIVE_LOW_BSR_OUT_DFF[0].FDRE_BSR_N/Q
                         net (fo=9, routed)           0.381     1.425    system_i/axi_smc/inst/s00_nodes/s00_b_node/inst/s_sc_xpm_cdc_async_rst_inst/src_arst
    SLICE_X12Y40         LUT1 (Prop_lut1_I0_O)        0.045     1.470 f  system_i/axi_smc/inst/s00_nodes/s00_b_node/inst/s_sc_xpm_cdc_async_rst_inst/arststages_ff[2]_i_1/O
                         net (fo=3, routed)           0.169     1.639    system_i/axi_smc/inst/s00_nodes/s00_b_node/inst/s_sc_xpm_cdc_async_rst_inst/reset_pol
    SLICE_X12Y42         FDCE                                         f  system_i/axi_smc/inst/s00_nodes/s00_b_node/inst/s_sc_xpm_cdc_async_rst_inst/arststages_ff_reg[2]/CLR
  -------------------------------------------------------------------    -------------------

                         (clock clk_fpga_0 rise edge)
                                                      0.000     0.000 r  
    PS7_X0Y0             PS7                          0.000     0.000 r  system_i/processing_system7_0/inst/PS7_i/FCLKCLK[0]
                         net (fo=1, routed)           0.341     0.341    system_i/processing_system7_0/inst/FCLK_CLK_unbuffered[0]
    BUFGCTRL_X0Y0        BUFG (Prop_bufg_I_O)         0.029     0.370 r  system_i/processing_system7_0/inst/buffer_fclk_clk_0.FCLK_CLK_0_BUFG/O
                         net (fo=626, routed)         0.833     1.203    system_i/axi_smc/inst/s00_nodes/s00_b_node/inst/s_sc_xpm_cdc_async_rst_inst/dest_clk
    SLICE_X12Y42         FDCE                                         r  system_i/axi_smc/inst/s00_nodes/s00_b_node/inst/s_sc_xpm_cdc_async_rst_inst/arststages_ff_reg[2]/C

Slack:                    inf
  Source:                 system_i/axi_smc/inst/clk_map/psr_aclk/U0/ACTIVE_LOW_BSR_OUT_DFF[0].FDRE_BSR_N/C
                            (rising edge-triggered cell FDRE clocked by clk_fpga_0  {rise@0.000ns fall@5.000ns period=10.000ns})
  Destination:            system_i/axi_smc/inst/s00_entry_pipeline/s00_mmu/inst/xpm_cdc_async_rst_inst/arststages_ff_reg[0]/CLR
                            (removal check against rising-edge clock clk_fpga_0  {rise@0.000ns fall@5.000ns period=10.000ns})
  Path Group:             (none)
  Path Type:              Removal (Min at Fast Process Corner)
  Data Path Delay:        0.791ns  (logic 0.186ns (23.524%)  route 0.605ns (76.476%))
  Logic Levels:           1  (LUT1=1)
  Clock Path Skew:        0.300ns (DCD - SCD - CPR)
    Destination Clock Delay (DCD):    1.203ns
    Source Clock Delay      (SCD):    0.903ns
    Clock Pessimism Removal (CPR):    -0.000ns
  Clock Uncertainty:      0.154ns  ((TSJ^2 + TIJ^2)^1/2 + DJ) / 2 + PE
    Total System Jitter     (TSJ):    0.071ns
    Total Input Jitter      (TIJ):    0.300ns
    Discrete Jitter          (DJ):    0.000ns
    Phase Error              (PE):    0.000ns
  Timing Exception:       False Path

    Location             Delay type                Incr(ns)  Path(ns)    Netlist Resource(s)
  -------------------------------------------------------------------    -------------------
                         (clock clk_fpga_0 rise edge)
                                                      0.000     0.000 r  
    PS7_X0Y0             PS7                          0.000     0.000 r  system_i/processing_system7_0/inst/PS7_i/FCLKCLK[0]
                         net (fo=1, routed)           0.315     0.315    system_i/processing_system7_0/inst/FCLK_CLK_unbuffered[0]
    BUFGCTRL_X0Y0        BUFG (Prop_bufg_I_O)         0.026     0.341 r  system_i/processing_system7_0/inst/buffer_fclk_clk_0.FCLK_CLK_0_BUFG/O
                         net (fo=626, routed)         0.562     0.903    system_i/axi_smc/inst/clk_map/psr_aclk/U0/aclk
    SLICE_X14Y40         FDRE                                         r  system_i/axi_smc/inst/clk_map/psr_aclk/U0/ACTIVE_LOW_BSR_OUT_DFF[0].FDRE_BSR_N/C
  -------------------------------------------------------------------    -------------------
    SLICE_X14Y40         FDRE (Prop_fdre_C_Q)         0.141     1.044 r  system_i/axi_smc/inst/clk_map/psr_aclk/U0/ACTIVE_LOW_BSR_OUT_DFF[0].FDRE_BSR_N/Q
                         net (fo=9, routed)           0.397     1.441    system_i/axi_smc/inst/s00_entry_pipeline/s00_mmu/inst/xpm_cdc_async_rst_inst/src_arst
    SLICE_X12Y40         LUT1 (Prop_lut1_I0_O)        0.045     1.486 f  system_i/axi_smc/inst/s00_entry_pipeline/s00_mmu/inst/xpm_cdc_async_rst_inst/arststages_ff[2]_i_1/O
                         net (fo=3, routed)           0.207     1.693    system_i/axi_smc/inst/s00_entry_pipeline/s00_mmu/inst/xpm_cdc_async_rst_inst/reset_pol
    SLICE_X9Y40          FDCE                                         f  system_i/axi_smc/inst/s00_entry_pipeline/s00_mmu/inst/xpm_cdc_async_rst_inst/arststages_ff_reg[0]/CLR
  -------------------------------------------------------------------    -------------------

                         (clock clk_fpga_0 rise edge)
                                                      0.000     0.000 r  
    PS7_X0Y0             PS7                          0.000     0.000 r  system_i/processing_system7_0/inst/PS7_i/FCLKCLK[0]
                         net (fo=1, routed)           0.341     0.341    system_i/processing_system7_0/inst/FCLK_CLK_unbuffered[0]
    BUFGCTRL_X0Y0        BUFG (Prop_bufg_I_O)         0.029     0.370 r  system_i/processing_system7_0/inst/buffer_fclk_clk_0.FCLK_CLK_0_BUFG/O
                         net (fo=626, routed)         0.833     1.203    system_i/axi_smc/inst/s00_entry_pipeline/s00_mmu/inst/xpm_cdc_async_rst_inst/dest_clk
    SLICE_X9Y40          FDCE                                         r  system_i/axi_smc/inst/s00_entry_pipeline/s00_mmu/inst/xpm_cdc_async_rst_inst/arststages_ff_reg[0]/C

Slack:                    inf
  Source:                 system_i/axi_smc/inst/clk_map/psr_aclk/U0/ACTIVE_LOW_BSR_OUT_DFF[0].FDRE_BSR_N/C
                            (rising edge-triggered cell FDRE clocked by clk_fpga_0  {rise@0.000ns fall@5.000ns period=10.000ns})
  Destination:            system_i/axi_smc/inst/s00_entry_pipeline/s00_mmu/inst/xpm_cdc_async_rst_inst/arststages_ff_reg[1]/CLR
                            (removal check against rising-edge clock clk_fpga_0  {rise@0.000ns fall@5.000ns period=10.000ns})
  Path Group:             (none)
  Path Type:              Removal (Min at Fast Process Corner)
  Data Path Delay:        0.791ns  (logic 0.186ns (23.524%)  route 0.605ns (76.476%))
  Logic Levels:           1  (LUT1=1)
  Clock Path Skew:        0.300ns (DCD - SCD - CPR)
    Destination Clock Delay (DCD):    1.203ns
    Source Clock Delay      (SCD):    0.903ns
    Clock Pessimism Removal (CPR):    -0.000ns
  Clock Uncertainty:      0.154ns  ((TSJ^2 + TIJ^2)^1/2 + DJ) / 2 + PE
    Total System Jitter     (TSJ):    0.071ns
    Total Input Jitter      (TIJ):    0.300ns
    Discrete Jitter          (DJ):    0.000ns
    Phase Error              (PE):    0.000ns
  Timing Exception:       False Path

    Location             Delay type                Incr(ns)  Path(ns)    Netlist Resource(s)
  -------------------------------------------------------------------    -------------------
                         (clock clk_fpga_0 rise edge)
                                                      0.000     0.000 r  
    PS7_X0Y0             PS7                          0.000     0.000 r  system_i/processing_system7_0/inst/PS7_i/FCLKCLK[0]
                         net (fo=1, routed)           0.315     0.315    system_i/processing_system7_0/inst/FCLK_CLK_unbuffered[0]
    BUFGCTRL_X0Y0        BUFG (Prop_bufg_I_O)         0.026     0.341 r  system_i/processing_system7_0/inst/buffer_fclk_clk_0.FCLK_CLK_0_BUFG/O
                         net (fo=626, routed)         0.562     0.903    system_i/axi_smc/inst/clk_map/psr_aclk/U0/aclk
    SLICE_X14Y40         FDRE                                         r  system_i/axi_smc/inst/clk_map/psr_aclk/U0/ACTIVE_LOW_BSR_OUT_DFF[0].FDRE_BSR_N/C
  -------------------------------------------------------------------    -------------------
    SLICE_X14Y40         FDRE (Prop_fdre_C_Q)         0.141     1.044 r  system_i/axi_smc/inst/clk_map/psr_aclk/U0/ACTIVE_LOW_BSR_OUT_DFF[0].FDRE_BSR_N/Q
                         net (fo=9, routed)           0.397     1.441    system_i/axi_smc/inst/s00_entry_pipeline/s00_mmu/inst/xpm_cdc_async_rst_inst/src_arst
    SLICE_X12Y40         LUT1 (Prop_lut1_I0_O)        0.045     1.486 f  system_i/axi_smc/inst/s00_entry_pipeline/s00_mmu/inst/xpm_cdc_async_rst_inst/arststages_ff[2]_i_1/O
                         net (fo=3, routed)           0.207     1.693    system_i/axi_smc/inst/s00_entry_pipeline/s00_mmu/inst/xpm_cdc_async_rst_inst/reset_pol
    SLICE_X9Y40          FDCE                                         f  system_i/axi_smc/inst/s00_entry_pipeline/s00_mmu/inst/xpm_cdc_async_rst_inst/arststages_ff_reg[1]/CLR
  -------------------------------------------------------------------    -------------------

                         (clock clk_fpga_0 rise edge)
                                                      0.000     0.000 r  
    PS7_X0Y0             PS7                          0.000     0.000 r  system_i/processing_system7_0/inst/PS7_i/FCLKCLK[0]
                         net (fo=1, routed)           0.341     0.341    system_i/processing_system7_0/inst/FCLK_CLK_unbuffered[0]
    BUFGCTRL_X0Y0        BUFG (Prop_bufg_I_O)         0.029     0.370 r  system_i/processing_system7_0/inst/buffer_fclk_clk_0.FCLK_CLK_0_BUFG/O
                         net (fo=626, routed)         0.833     1.203    system_i/axi_smc/inst/s00_entry_pipeline/s00_mmu/inst/xpm_cdc_async_rst_inst/dest_clk
    SLICE_X9Y40          FDCE                                         r  system_i/axi_smc/inst/s00_entry_pipeline/s00_mmu/inst/xpm_cdc_async_rst_inst/arststages_ff_reg[1]/C

Slack:                    inf
  Source:                 system_i/axi_smc/inst/clk_map/psr_aclk/U0/ACTIVE_LOW_BSR_OUT_DFF[0].FDRE_BSR_N/C
                            (rising edge-triggered cell FDRE clocked by clk_fpga_0  {rise@0.000ns fall@5.000ns period=10.000ns})
  Destination:            system_i/axi_smc/inst/s00_entry_pipeline/s00_mmu/inst/xpm_cdc_async_rst_inst/arststages_ff_reg[2]/CLR
                            (removal check against rising-edge clock clk_fpga_0  {rise@0.000ns fall@5.000ns period=10.000ns})
  Path Group:             (none)
  Path Type:              Removal (Min at Fast Process Corner)
  Data Path Delay:        0.791ns  (logic 0.186ns (23.524%)  route 0.605ns (76.476%))
  Logic Levels:           1  (LUT1=1)
  Clock Path Skew:        0.300ns (DCD - SCD - CPR)
    Destination Clock Delay (DCD):    1.203ns
    Source Clock Delay      (SCD):    0.903ns
    Clock Pessimism Removal (CPR):    -0.000ns
  Clock Uncertainty:      0.154ns  ((TSJ^2 + TIJ^2)^1/2 + DJ) / 2 + PE
    Total System Jitter     (TSJ):    0.071ns
    Total Input Jitter      (TIJ):    0.300ns
    Discrete Jitter          (DJ):    0.000ns
    Phase Error              (PE):    0.000ns
  Timing Exception:       False Path

    Location             Delay type                Incr(ns)  Path(ns)    Netlist Resource(s)
  -------------------------------------------------------------------    -------------------
                         (clock clk_fpga_0 rise edge)
                                                      0.000     0.000 r  
    PS7_X0Y0             PS7                          0.000     0.000 r  system_i/processing_system7_0/inst/PS7_i/FCLKCLK[0]
                         net (fo=1, routed)           0.315     0.315    system_i/processing_system7_0/inst/FCLK_CLK_unbuffered[0]
    BUFGCTRL_X0Y0        BUFG (Prop_bufg_I_O)         0.026     0.341 r  system_i/processing_system7_0/inst/buffer_fclk_clk_0.FCLK_CLK_0_BUFG/O
                         net (fo=626, routed)         0.562     0.903    system_i/axi_smc/inst/clk_map/psr_aclk/U0/aclk
    SLICE_X14Y40         FDRE                                         r  system_i/axi_smc/inst/clk_map/psr_aclk/U0/ACTIVE_LOW_BSR_OUT_DFF[0].FDRE_BSR_N/C
  -------------------------------------------------------------------    -------------------
    SLICE_X14Y40         FDRE (Prop_fdre_C_Q)         0.141     1.044 r  system_i/axi_smc/inst/clk_map/psr_aclk/U0/ACTIVE_LOW_BSR_OUT_DFF[0].FDRE_BSR_N/Q
                         net (fo=9, routed)           0.397     1.441    system_i/axi_smc/inst/s00_entry_pipeline/s00_mmu/inst/xpm_cdc_async_rst_inst/src_arst
    SLICE_X12Y40         LUT1 (Prop_lut1_I0_O)        0.045     1.486 f  system_i/axi_smc/inst/s00_entry_pipeline/s00_mmu/inst/xpm_cdc_async_rst_inst/arststages_ff[2]_i_1/O
                         net (fo=3, routed)           0.207     1.693    system_i/axi_smc/inst/s00_entry_pipeline/s00_mmu/inst/xpm_cdc_async_rst_inst/reset_pol
    SLICE_X9Y40          FDCE                                         f  system_i/axi_smc/inst/s00_entry_pipeline/s00_mmu/inst/xpm_cdc_async_rst_inst/arststages_ff_reg[2]/CLR
  -------------------------------------------------------------------    -------------------

                         (clock clk_fpga_0 rise edge)
                                                      0.000     0.000 r  
    PS7_X0Y0             PS7                          0.000     0.000 r  system_i/processing_system7_0/inst/PS7_i/FCLKCLK[0]
                         net (fo=1, routed)           0.341     0.341    system_i/processing_system7_0/inst/FCLK_CLK_unbuffered[0]
    BUFGCTRL_X0Y0        BUFG (Prop_bufg_I_O)         0.029     0.370 r  system_i/processing_system7_0/inst/buffer_fclk_clk_0.FCLK_CLK_0_BUFG/O
                         net (fo=626, routed)         0.833     1.203    system_i/axi_smc/inst/s00_entry_pipeline/s00_mmu/inst/xpm_cdc_async_rst_inst/dest_clk
    SLICE_X9Y40          FDCE                                         r  system_i/axi_smc/inst/s00_entry_pipeline/s00_mmu/inst/xpm_cdc_async_rst_inst/arststages_ff_reg[2]/C

Slack:                    inf
  Source:                 system_i/axi_smc/inst/clk_map/psr_aclk/U0/ACTIVE_LOW_BSR_OUT_DFF[0].FDRE_BSR_N/C
                            (rising edge-triggered cell FDRE clocked by clk_fpga_0  {rise@0.000ns fall@5.000ns period=10.000ns})
  Destination:            system_i/axi_smc/inst/m00_exit_pipeline/m00_exit/inst/xpm_cdc_async_rst_inst/arststages_ff_reg[0]/CLR
                            (removal check against rising-edge clock clk_fpga_0  {rise@0.000ns fall@5.000ns period=10.000ns})
  Path Group:             (none)
  Path Type:              Removal (Min at Fast Process Corner)
  Data Path Delay:        0.853ns  (logic 0.190ns (22.274%)  route 0.663ns (77.726%))
  Logic Levels:           1  (LUT1=1)
  Clock Path Skew:        0.300ns (DCD - SCD - CPR)
    Destination Clock Delay (DCD):    1.203ns
    Source Clock Delay      (SCD):    0.903ns
    Clock Pessimism Removal (CPR):    -0.000ns
  Clock Uncertainty:      0.154ns  ((TSJ^2 + TIJ^2)^1/2 + DJ) / 2 + PE
    Total System Jitter     (TSJ):    0.071ns
    Total Input Jitter      (TIJ):    0.300ns
    Discrete Jitter          (DJ):    0.000ns
    Phase Error              (PE):    0.000ns
  Timing Exception:       False Path

    Location             Delay type                Incr(ns)  Path(ns)    Netlist Resource(s)
  -------------------------------------------------------------------    -------------------
                         (clock clk_fpga_0 rise edge)
                                                      0.000     0.000 r  
    PS7_X0Y0             PS7                          0.000     0.000 r  system_i/processing_system7_0/inst/PS7_i/FCLKCLK[0]
                         net (fo=1, routed)           0.315     0.315    system_i/processing_system7_0/inst/FCLK_CLK_unbuffered[0]
    BUFGCTRL_X0Y0        BUFG (Prop_bufg_I_O)         0.026     0.341 r  system_i/processing_system7_0/inst/buffer_fclk_clk_0.FCLK_CLK_0_BUFG/O
                         net (fo=626, routed)         0.562     0.903    system_i/axi_smc/inst/clk_map/psr_aclk/U0/aclk
    SLICE_X14Y40         FDRE                                         r  system_i/axi_smc/inst/clk_map/psr_aclk/U0/ACTIVE_LOW_BSR_OUT_DFF[0].FDRE_BSR_N/C
  -------------------------------------------------------------------    -------------------
    SLICE_X14Y40         FDRE (Prop_fdre_C_Q)         0.141     1.044 r  system_i/axi_smc/inst/clk_map/psr_aclk/U0/ACTIVE_LOW_BSR_OUT_DFF[0].FDRE_BSR_N/Q
                         net (fo=9, routed)           0.397     1.441    system_i/axi_smc/inst/m00_exit_pipeline/m00_exit/inst/xpm_cdc_async_rst_inst/src_arst
    SLICE_X12Y40         LUT1 (Prop_lut1_I0_O)        0.049     1.490 f  system_i/axi_smc/inst/m00_exit_pipeline/m00_exit/inst/xpm_cdc_async_rst_inst/arststages_ff[2]_i_1/O
                         net (fo=3, routed)           0.266     1.756    system_i/axi_smc/inst/m00_exit_pipeline/m00_exit/inst/xpm_cdc_async_rst_inst/reset_pol
    SLICE_X12Y40         FDCE                                         f  system_i/axi_smc/inst/m00_exit_pipeline/m00_exit/inst/xpm_cdc_async_rst_inst/arststages_ff_reg[0]/CLR
  -------------------------------------------------------------------    -------------------

                         (clock clk_fpga_0 rise edge)
                                                      0.000     0.000 r  
    PS7_X0Y0             PS7                          0.000     0.000 r  system_i/processing_system7_0/inst/PS7_i/FCLKCLK[0]
                         net (fo=1, routed)           0.341     0.341    system_i/processing_system7_0/inst/FCLK_CLK_unbuffered[0]
    BUFGCTRL_X0Y0        BUFG (Prop_bufg_I_O)         0.029     0.370 r  system_i/processing_system7_0/inst/buffer_fclk_clk_0.FCLK_CLK_0_BUFG/O
                         net (fo=626, routed)         0.833     1.203    system_i/axi_smc/inst/m00_exit_pipeline/m00_exit/inst/xpm_cdc_async_rst_inst/dest_clk
    SLICE_X12Y40         FDCE                                         r  system_i/axi_smc/inst/m00_exit_pipeline/m00_exit/inst/xpm_cdc_async_rst_inst/arststages_ff_reg[0]/C





--------------------------------------------------------------------------------------
Path Group:  (none)
From Clock:  
  To Clock:  

Max Delay             4 Endpoints
Min Delay             4 Endpoints
--------------------------------------------------------------------------------------


Max Delay Paths
--------------------------------------------------------------------------------------
Slack:                    inf
  Source:                 btn[2]
                            (input port)
  Destination:            led[2]
                            (output port)
  Path Group:             (none)
  Path Type:              Max at Slow Process Corner
  Data Path Delay:        8.797ns  (logic 4.957ns (56.341%)  route 3.841ns (43.659%))
  Logic Levels:           2  (IBUF=1 OBUF=1)

    Location             Delay type                Incr(ns)  Path(ns)    Netlist Resource(s)
  -------------------------------------------------------------------    -------------------
    V16                                               0.000     0.000 r  btn[2] (IN)
                         net (fo=0)                   0.000     0.000    btn[2]
    V16                  IBUF (Prop_ibuf_I_O)         1.471     1.471 r  btn_IBUF[2]_inst/O
                         net (fo=1, routed)           3.841     5.312    led_OBUF[2]
    G14                  OBUF (Prop_obuf_I_O)         3.485     8.797 r  led_OBUF[2]_inst/O
                         net (fo=0)                   0.000     8.797    led[2]
    G14                                                               r  led[2] (OUT)
  -------------------------------------------------------------------    -------------------

Slack:                    inf
  Source:                 btn[3]
                            (input port)
  Destination:            led[3]
                            (output port)
  Path Group:             (none)
  Path Type:              Max at Slow Process Corner
  Data Path Delay:        8.488ns  (logic 5.077ns (59.814%)  route 3.411ns (40.186%))
  Logic Levels:           2  (IBUF=1 OBUF=1)

    Location             Delay type                Incr(ns)  Path(ns)    Netlist Resource(s)
  -------------------------------------------------------------------    -------------------
    Y16                                               0.000     0.000 r  btn[3] (IN)
                         net (fo=0)                   0.000     0.000    btn[3]
    Y16                  IBUF (Prop_ibuf_I_O)         1.567     1.567 r  btn_IBUF[3]_inst/O
                         net (fo=1, routed)           3.411     4.978    led_OBUF[3]
    D18                  OBUF (Prop_obuf_I_O)         3.510     8.488 r  led_OBUF[3]_inst/O
                         net (fo=0)                   0.000     8.488    led[3]
    D18                                                               r  led[3] (OUT)
  -------------------------------------------------------------------    -------------------

Slack:                    inf
  Source:                 btn[0]
                            (input port)
  Destination:            led[0]
                            (output port)
  Path Group:             (none)
  Path Type:              Max at Slow Process Corner
  Data Path Delay:        8.236ns  (logic 4.990ns (60.589%)  route 3.246ns (39.411%))
  Logic Levels:           2  (IBUF=1 OBUF=1)

    Location             Delay type                Incr(ns)  Path(ns)    Netlist Resource(s)
  -------------------------------------------------------------------    -------------------
    R18                                               0.000     0.000 r  btn[0] (IN)
                         net (fo=0)                   0.000     0.000    btn[0]
    R18                  IBUF (Prop_ibuf_I_O)         1.459     1.459 r  btn_IBUF[0]_inst/O
                         net (fo=1, routed)           3.246     4.705    led_OBUF[0]
    M14                  OBUF (Prop_obuf_I_O)         3.531     8.236 r  led_OBUF[0]_inst/O
                         net (fo=0)                   0.000     8.236    led[0]
    M14                                                               r  led[0] (OUT)
  -------------------------------------------------------------------    -------------------

Slack:                    inf
  Source:                 btn[1]
                            (input port)
  Destination:            led[1]
                            (output port)
  Path Group:             (none)
  Path Type:              Max at Slow Process Corner
  Data Path Delay:        8.230ns  (logic 4.993ns (60.660%)  route 3.238ns (39.340%))
  Logic Levels:           2  (IBUF=1 OBUF=1)

    Location             Delay type                Incr(ns)  Path(ns)    Netlist Resource(s)
  -------------------------------------------------------------------    -------------------
    P16                                               0.000     0.000 r  btn[1] (IN)
                         net (fo=0)                   0.000     0.000    btn[1]
    P16                  IBUF (Prop_ibuf_I_O)         1.453     1.453 r  btn_IBUF[1]_inst/O
                         net (fo=1, routed)           3.238     4.691    led_OBUF[1]
    M15                  OBUF (Prop_obuf_I_O)         3.539     8.230 r  led_OBUF[1]_inst/O
                         net (fo=0)                   0.000     8.230    led[1]
    M15                                                               r  led[1] (OUT)
  -------------------------------------------------------------------    -------------------





Min Delay Paths
--------------------------------------------------------------------------------------
Slack:                    inf
  Source:                 btn[1]
                            (input port)
  Destination:            led[1]
                            (output port)
  Path Group:             (none)
  Path Type:              Min at Fast Process Corner
  Data Path Delay:        2.334ns  (logic 1.461ns (62.609%)  route 0.873ns (37.391%))
  Logic Levels:           2  (IBUF=1 OBUF=1)

    Location             Delay type                Incr(ns)  Path(ns)    Netlist Resource(s)
  -------------------------------------------------------------------    -------------------
    P16                                               0.000     0.000 r  btn[1] (IN)
                         net (fo=0)                   0.000     0.000    btn[1]
    P16                  IBUF (Prop_ibuf_I_O)         0.222     0.222 r  btn_IBUF[1]_inst/O
                         net (fo=1, routed)           0.873     1.094    led_OBUF[1]
    M15                  OBUF (Prop_obuf_I_O)         1.240     2.334 r  led_OBUF[1]_inst/O
                         net (fo=0)                   0.000     2.334    led[1]
    M15                                                               r  led[1] (OUT)
  -------------------------------------------------------------------    -------------------

Slack:                    inf
  Source:                 btn[0]
                            (input port)
  Destination:            led[0]
                            (output port)
  Path Group:             (none)
  Path Type:              Min at Fast Process Corner
  Data Path Delay:        2.358ns  (logic 1.459ns (61.878%)  route 0.899ns (38.122%))
  Logic Levels:           2  (IBUF=1 OBUF=1)

    Location             Delay type                Incr(ns)  Path(ns)    Netlist Resource(s)
  -------------------------------------------------------------------    -------------------
    R18                                               0.000     0.000 r  btn[0] (IN)
                         net (fo=0)                   0.000     0.000    btn[0]
    R18                  IBUF (Prop_ibuf_I_O)         0.227     0.227 r  btn_IBUF[0]_inst/O
                         net (fo=1, routed)           0.899     1.126    led_OBUF[0]
    M14                  OBUF (Prop_obuf_I_O)         1.232     2.358 r  led_OBUF[0]_inst/O
                         net (fo=0)                   0.000     2.358    led[0]
    M14                                                               r  led[0] (OUT)
  -------------------------------------------------------------------    -------------------

Slack:                    inf
  Source:                 btn[3]
                            (input port)
  Destination:            led[3]
                            (output port)
  Path Group:             (none)
  Path Type:              Min at Fast Process Corner
  Data Path Delay:        2.491ns  (logic 1.545ns (62.025%)  route 0.946ns (37.975%))
  Logic Levels:           2  (IBUF=1 OBUF=1)

    Location             Delay type                Incr(ns)  Path(ns)    Netlist Resource(s)
  -------------------------------------------------------------------    -------------------
    Y16                                               0.000     0.000 r  btn[3] (IN)
                         net (fo=0)                   0.000     0.000    btn[3]
    Y16                  IBUF (Prop_ibuf_I_O)         0.334     0.334 r  btn_IBUF[3]_inst/O
                         net (fo=1, routed)           0.946     1.280    led_OBUF[3]
    D18                  OBUF (Prop_obuf_I_O)         1.211     2.491 r  led_OBUF[3]_inst/O
                         net (fo=0)                   0.000     2.491    led[3]
    D18                                                               r  led[3] (OUT)
  -------------------------------------------------------------------    -------------------

Slack:                    inf
  Source:                 btn[2]
                            (input port)
  Destination:            led[2]
                            (output port)
  Path Group:             (none)
  Path Type:              Min at Fast Process Corner
  Data Path Delay:        2.522ns  (logic 1.426ns (56.541%)  route 1.096ns (43.459%))
  Logic Levels:           2  (IBUF=1 OBUF=1)

    Location             Delay type                Incr(ns)  Path(ns)    Netlist Resource(s)
  -------------------------------------------------------------------    -------------------
    V16                                               0.000     0.000 r  btn[2] (IN)
                         net (fo=0)                   0.000     0.000    btn[2]
    V16                  IBUF (Prop_ibuf_I_O)         0.239     0.239 r  btn_IBUF[2]_inst/O
                         net (fo=1, routed)           1.096     1.335    led_OBUF[2]
    G14                  OBUF (Prop_obuf_I_O)         1.187     2.522 r  led_OBUF[2]_inst/O
                         net (fo=0)                   0.000     2.522    led[2]
    G14                                                               r  led[2] (OUT)
  -------------------------------------------------------------------    -------------------





