Execute       source -notrace -encoding utf-8 D:/2025.2/Vitis/tps/tcl/tcl8.6/clock.tcl 
Execute         source -encoding utf-8 D:/2025.2/Vitis/tps/tcl/tcl8/8.5/msgcat-1.6.1.tm 
Execute           source D:/2025.2/Vitis/tps/tcl/tcllib2.0/0compatibility/pkgIndex.tcl 
Execute           source D:/2025.2/Vitis/tps/tcl/tcllib2.0/amazon-s3/pkgIndex.tcl 
Execute           source D:/2025.2/Vitis/tps/tcl/tcllib2.0/asn/pkgIndex.tcl 
Execute           source D:/2025.2/Vitis/tps/tcl/tcllib2.0/base32/pkgIndex.tcl 
Execute           source D:/2025.2/Vitis/tps/tcl/tcllib2.0/base64/pkgIndex.tcl 
Execute           source D:/2025.2/Vitis/tps/tcl/tcllib2.0/bee/pkgIndex.tcl 
Execute           source D:/2025.2/Vitis/tps/tcl/tcllib2.0/bench/pkgIndex.tcl 
Execute           source D:/2025.2/Vitis/tps/tcl/tcllib2.0/bibtex/pkgIndex.tcl 
Execute           source D:/2025.2/Vitis/tps/tcl/tcllib2.0/cache/pkgIndex.tcl 
Execute           source D:/2025.2/Vitis/tps/tcl/tcllib2.0/clay/pkgIndex.tcl 
Execute           source D:/2025.2/Vitis/tps/tcl/tcllib2.0/clock/pkgIndex.tcl 
Execute           source D:/2025.2/Vitis/tps/tcl/tcllib2.0/cmdline/pkgIndex.tcl 
Execute           source D:/2025.2/Vitis/tps/tcl/tcllib2.0/comm/pkgIndex.tcl 
Execute           source D:/2025.2/Vitis/tps/tcl/tcllib2.0/control/pkgIndex.tcl 
Execute           source D:/2025.2/Vitis/tps/tcl/tcllib2.0/coroutine/pkgIndex.tcl 
Execute           source D:/2025.2/Vitis/tps/tcl/tcllib2.0/counter/pkgIndex.tcl 
Execute           source D:/2025.2/Vitis/tps/tcl/tcllib2.0/crc/pkgIndex.tcl 
Execute           source D:/2025.2/Vitis/tps/tcl/tcllib2.0/cron/pkgIndex.tcl 
Execute           source D:/2025.2/Vitis/tps/tcl/tcllib2.0/csv/pkgIndex.tcl 
Execute           source D:/2025.2/Vitis/tps/tcl/tcllib2.0/debug/pkgIndex.tcl 
Execute           source D:/2025.2/Vitis/tps/tcl/tcllib2.0/defer/pkgIndex.tcl 
Execute           source D:/2025.2/Vitis/tps/tcl/tcllib2.0/dicttool/pkgIndex.tcl 
Execute           source D:/2025.2/Vitis/tps/tcl/tcllib2.0/dns/pkgIndex.tcl 
Execute           source D:/2025.2/Vitis/tps/tcl/tcllib2.0/docstrip/pkgIndex.tcl 
Execute           source D:/2025.2/Vitis/tps/tcl/tcllib2.0/doctools/pkgIndex.tcl 
Execute           source D:/2025.2/Vitis/tps/tcl/tcllib2.0/doctools2base/pkgIndex.tcl 
Execute           source D:/2025.2/Vitis/tps/tcl/tcllib2.0/doctools2idx/pkgIndex.tcl 
Execute           source D:/2025.2/Vitis/tps/tcl/tcllib2.0/doctools2toc/pkgIndex.tcl 
Execute           source D:/2025.2/Vitis/tps/tcl/tcllib2.0/dtplite/pkgIndex.tcl 
Execute           source D:/2025.2/Vitis/tps/tcl/tcllib2.0/fileutil/pkgIndex.tcl 
Execute           source D:/2025.2/Vitis/tps/tcl/tcllib2.0/ftp/pkgIndex.tcl 
Execute           source D:/2025.2/Vitis/tps/tcl/tcllib2.0/ftpd/pkgIndex.tcl 
Execute           source D:/2025.2/Vitis/tps/tcl/tcllib2.0/fumagic/pkgIndex.tcl 
Execute           source D:/2025.2/Vitis/tps/tcl/tcllib2.0/generator/pkgIndex.tcl 
Execute           source D:/2025.2/Vitis/tps/tcl/tcllib2.0/gpx/pkgIndex.tcl 
Execute           source D:/2025.2/Vitis/tps/tcl/tcllib2.0/grammar_aycock/pkgIndex.tcl 
Execute           source D:/2025.2/Vitis/tps/tcl/tcllib2.0/grammar_fa/pkgIndex.tcl 
Execute           source D:/2025.2/Vitis/tps/tcl/tcllib2.0/grammar_me/pkgIndex.tcl 
Execute           source D:/2025.2/Vitis/tps/tcl/tcllib2.0/grammar_peg/pkgIndex.tcl 
Execute           source D:/2025.2/Vitis/tps/tcl/tcllib2.0/hook/pkgIndex.tcl 
Execute           source D:/2025.2/Vitis/tps/tcl/tcllib2.0/html/pkgIndex.tcl 
Execute           source D:/2025.2/Vitis/tps/tcl/tcllib2.0/htmlparse/pkgIndex.tcl 
Execute           source D:/2025.2/Vitis/tps/tcl/tcllib2.0/http/pkgIndex.tcl 
Execute           source D:/2025.2/Vitis/tps/tcl/tcllib2.0/httpd/pkgIndex.tcl 
Execute           source D:/2025.2/Vitis/tps/tcl/tcllib2.0/httpwget/pkgIndex.tcl 
Execute           source D:/2025.2/Vitis/tps/tcl/tcllib2.0/ident/pkgIndex.tcl 
Execute           source D:/2025.2/Vitis/tps/tcl/tcllib2.0/imap4/pkgIndex.tcl 
Execute           source D:/2025.2/Vitis/tps/tcl/tcllib2.0/inifile/pkgIndex.tcl 
Execute           source D:/2025.2/Vitis/tps/tcl/tcllib2.0/interp/pkgIndex.tcl 
Execute           source D:/2025.2/Vitis/tps/tcl/tcllib2.0/irc/pkgIndex.tcl 
Execute           source D:/2025.2/Vitis/tps/tcl/tcllib2.0/javascript/pkgIndex.tcl 
Execute           source D:/2025.2/Vitis/tps/tcl/tcllib2.0/jpeg/pkgIndex.tcl 
Execute           source D:/2025.2/Vitis/tps/tcl/tcllib2.0/json/pkgIndex.tcl 
Execute           source D:/2025.2/Vitis/tps/tcl/tcllib2.0/lambda/pkgIndex.tcl 
Execute           source D:/2025.2/Vitis/tps/tcl/tcllib2.0/lazyset/pkgIndex.tcl 
Execute           source D:/2025.2/Vitis/tps/tcl/tcllib2.0/ldap/pkgIndex.tcl 
Execute           source D:/2025.2/Vitis/tps/tcl/tcllib2.0/log/pkgIndex.tcl 
Execute           source D:/2025.2/Vitis/tps/tcl/tcllib2.0/map/pkgIndex.tcl 
Execute           source D:/2025.2/Vitis/tps/tcl/tcllib2.0/mapproj/pkgIndex.tcl 
Execute           source D:/2025.2/Vitis/tps/tcl/tcllib2.0/markdown/pkgIndex.tcl 
Execute           source D:/2025.2/Vitis/tps/tcl/tcllib2.0/math/pkgIndex.tcl 
Execute           source D:/2025.2/Vitis/tps/tcl/tcllib2.0/md4/pkgIndex.tcl 
Execute           source D:/2025.2/Vitis/tps/tcl/tcllib2.0/md5/pkgIndex.tcl 
Execute           source D:/2025.2/Vitis/tps/tcl/tcllib2.0/md5crypt/pkgIndex.tcl 
Execute           source D:/2025.2/Vitis/tps/tcl/tcllib2.0/mime/pkgIndex.tcl 
Execute           source D:/2025.2/Vitis/tps/tcl/tcllib2.0/mkdoc/pkgIndex.tcl 
Execute           source D:/2025.2/Vitis/tps/tcl/tcllib2.0/multiplexer/pkgIndex.tcl 
Execute           source D:/2025.2/Vitis/tps/tcl/tcllib2.0/namespacex/pkgIndex.tcl 
Execute           source D:/2025.2/Vitis/tps/tcl/tcllib2.0/ncgi/pkgIndex.tcl 
Execute           source D:/2025.2/Vitis/tps/tcl/tcllib2.0/nettool/pkgIndex.tcl 
Execute           source D:/2025.2/Vitis/tps/tcl/tcllib2.0/nmea/pkgIndex.tcl 
Execute           source D:/2025.2/Vitis/tps/tcl/tcllib2.0/nns/pkgIndex.tcl 
Execute           source D:/2025.2/Vitis/tps/tcl/tcllib2.0/nntp/pkgIndex.tcl 
Execute           source D:/2025.2/Vitis/tps/tcl/tcllib2.0/ntp/pkgIndex.tcl 
Execute           source D:/2025.2/Vitis/tps/tcl/tcllib2.0/oauth/pkgIndex.tcl 
Execute           source D:/2025.2/Vitis/tps/tcl/tcllib2.0/oodialect/pkgIndex.tcl 
Execute           source D:/2025.2/Vitis/tps/tcl/tcllib2.0/oometa/pkgIndex.tcl 
Execute           source D:/2025.2/Vitis/tps/tcl/tcllib2.0/ooutil/pkgIndex.tcl 
Execute           source D:/2025.2/Vitis/tps/tcl/tcllib2.0/otp/pkgIndex.tcl 
Execute           source D:/2025.2/Vitis/tps/tcl/tcllib2.0/page/pkgIndex.tcl 
Execute           source D:/2025.2/Vitis/tps/tcl/tcllib2.0/pluginmgr/pkgIndex.tcl 
Execute           source D:/2025.2/Vitis/tps/tcl/tcllib2.0/png/pkgIndex.tcl 
Execute           source D:/2025.2/Vitis/tps/tcl/tcllib2.0/pop3/pkgIndex.tcl 
Execute           source D:/2025.2/Vitis/tps/tcl/tcllib2.0/pop3d/pkgIndex.tcl 
Execute           source D:/2025.2/Vitis/tps/tcl/tcllib2.0/practcl/pkgIndex.tcl 
Execute           source D:/2025.2/Vitis/tps/tcl/tcllib2.0/processman/pkgIndex.tcl 
Execute           source D:/2025.2/Vitis/tps/tcl/tcllib2.0/profiler/pkgIndex.tcl 
Execute           source D:/2025.2/Vitis/tps/tcl/tcllib2.0/pt/pkgIndex.tcl 
Execute           source D:/2025.2/Vitis/tps/tcl/tcllib2.0/rcs/pkgIndex.tcl 
Execute           source D:/2025.2/Vitis/tps/tcl/tcllib2.0/report/pkgIndex.tcl 
Execute           source D:/2025.2/Vitis/tps/tcl/tcllib2.0/rest/pkgIndex.tcl 
Execute           source D:/2025.2/Vitis/tps/tcl/tcllib2.0/ripemd/pkgIndex.tcl 
Execute           source D:/2025.2/Vitis/tps/tcl/tcllib2.0/sasl/pkgIndex.tcl 
Execute           source D:/2025.2/Vitis/tps/tcl/tcllib2.0/sha1/pkgIndex.tcl 
Execute           source D:/2025.2/Vitis/tps/tcl/tcllib2.0/simulation/pkgIndex.tcl 
Execute           source D:/2025.2/Vitis/tps/tcl/tcllib2.0/smtpd/pkgIndex.tcl 
Execute           source D:/2025.2/Vitis/tps/tcl/tcllib2.0/snit/pkgIndex.tcl 
Execute           source D:/2025.2/Vitis/tps/tcl/tcllib2.0/soundex/pkgIndex.tcl 
Execute           source D:/2025.2/Vitis/tps/tcl/tcllib2.0/stooop/pkgIndex.tcl 
Execute           source D:/2025.2/Vitis/tps/tcl/tcllib2.0/string/pkgIndex.tcl 
Execute           source D:/2025.2/Vitis/tps/tcl/tcllib2.0/stringprep/pkgIndex.tcl 
Execute           source D:/2025.2/Vitis/tps/tcl/tcllib2.0/struct/pkgIndex.tcl 
Execute           source D:/2025.2/Vitis/tps/tcl/tcllib2.0/tar/pkgIndex.tcl 
Execute           source D:/2025.2/Vitis/tps/tcl/tcllib2.0/tepam/pkgIndex.tcl 
Execute           source D:/2025.2/Vitis/tps/tcl/tcllib2.0/term/pkgIndex.tcl 
Execute           source D:/2025.2/Vitis/tps/tcl/tcllib2.0/textutil/pkgIndex.tcl 
Execute           source D:/2025.2/Vitis/tps/tcl/tcllib2.0/tie/pkgIndex.tcl 
Execute           source D:/2025.2/Vitis/tps/tcl/tcllib2.0/tiff/pkgIndex.tcl 
Execute           source D:/2025.2/Vitis/tps/tcl/tcllib2.0/tool/pkgIndex.tcl 
Execute           source D:/2025.2/Vitis/tps/tcl/tcllib2.0/transfer/pkgIndex.tcl 
Execute           source D:/2025.2/Vitis/tps/tcl/tcllib2.0/treeql/pkgIndex.tcl 
Execute           source D:/2025.2/Vitis/tps/tcl/tcllib2.0/try/pkgIndex.tcl 
Execute           source D:/2025.2/Vitis/tps/tcl/tcllib2.0/udpcluster/pkgIndex.tcl 
Execute           source D:/2025.2/Vitis/tps/tcl/tcllib2.0/uev/pkgIndex.tcl 
Execute           source D:/2025.2/Vitis/tps/tcl/tcllib2.0/units/pkgIndex.tcl 
Execute           source D:/2025.2/Vitis/tps/tcl/tcllib2.0/uri/pkgIndex.tcl 
Execute           source D:/2025.2/Vitis/tps/tcl/tcllib2.0/uuid/pkgIndex.tcl 
Execute           source D:/2025.2/Vitis/tps/tcl/tcllib2.0/valtype/pkgIndex.tcl 
Execute           source D:/2025.2/Vitis/tps/tcl/tcllib2.0/virtchannel_base/pkgIndex.tcl 
Execute           source D:/2025.2/Vitis/tps/tcl/tcllib2.0/virtchannel_core/pkgIndex.tcl 
Execute           source D:/2025.2/Vitis/tps/tcl/tcllib2.0/virtchannel_transform/pkgIndex.tcl 
Execute           source D:/2025.2/Vitis/tps/tcl/tcllib2.0/websocket/pkgIndex.tcl 
Execute           source D:/2025.2/Vitis/tps/tcl/tcllib2.0/wip/pkgIndex.tcl 
Execute           source D:/2025.2/Vitis/tps/tcl/tcllib2.0/yaml/pkgIndex.tcl 
Execute           source D:/2025.2/Vitis/tps/tcl/tcllib2.0/zip/pkgIndex.tcl 
Execute           source D:/2025.2/Vitis/tps/tcl/tcllib2.0/pkgIndex.tcl 
Execute             source D:/2025.2/Vitis/tps/tcl/tcllib2.0/0compatibility/pkgIndex.tcl 
Execute             source D:/2025.2/Vitis/tps/tcl/tcllib2.0/amazon-s3/pkgIndex.tcl 
Execute             source D:/2025.2/Vitis/tps/tcl/tcllib2.0/asn/pkgIndex.tcl 
Execute             source D:/2025.2/Vitis/tps/tcl/tcllib2.0/base32/pkgIndex.tcl 
Execute             source D:/2025.2/Vitis/tps/tcl/tcllib2.0/base64/pkgIndex.tcl 
Execute             source D:/2025.2/Vitis/tps/tcl/tcllib2.0/bee/pkgIndex.tcl 
Execute             source D:/2025.2/Vitis/tps/tcl/tcllib2.0/bench/pkgIndex.tcl 
Execute             source D:/2025.2/Vitis/tps/tcl/tcllib2.0/bibtex/pkgIndex.tcl 
Execute             source D:/2025.2/Vitis/tps/tcl/tcllib2.0/cache/pkgIndex.tcl 
Execute             source D:/2025.2/Vitis/tps/tcl/tcllib2.0/clay/pkgIndex.tcl 
Execute             source D:/2025.2/Vitis/tps/tcl/tcllib2.0/clock/pkgIndex.tcl 
Execute             source D:/2025.2/Vitis/tps/tcl/tcllib2.0/cmdline/pkgIndex.tcl 
Execute             source D:/2025.2/Vitis/tps/tcl/tcllib2.0/comm/pkgIndex.tcl 
Execute             source D:/2025.2/Vitis/tps/tcl/tcllib2.0/control/pkgIndex.tcl 
Execute             source D:/2025.2/Vitis/tps/tcl/tcllib2.0/coroutine/pkgIndex.tcl 
Execute             source D:/2025.2/Vitis/tps/tcl/tcllib2.0/counter/pkgIndex.tcl 
Execute             source D:/2025.2/Vitis/tps/tcl/tcllib2.0/crc/pkgIndex.tcl 
Execute             source D:/2025.2/Vitis/tps/tcl/tcllib2.0/cron/pkgIndex.tcl 
Execute             source D:/2025.2/Vitis/tps/tcl/tcllib2.0/csv/pkgIndex.tcl 
Execute             source D:/2025.2/Vitis/tps/tcl/tcllib2.0/debug/pkgIndex.tcl 
Execute             source D:/2025.2/Vitis/tps/tcl/tcllib2.0/defer/pkgIndex.tcl 
Execute             source D:/2025.2/Vitis/tps/tcl/tcllib2.0/dicttool/pkgIndex.tcl 
Execute             source D:/2025.2/Vitis/tps/tcl/tcllib2.0/dns/pkgIndex.tcl 
Execute             source D:/2025.2/Vitis/tps/tcl/tcllib2.0/docstrip/pkgIndex.tcl 
Execute             source D:/2025.2/Vitis/tps/tcl/tcllib2.0/doctools/pkgIndex.tcl 
Execute             source D:/2025.2/Vitis/tps/tcl/tcllib2.0/doctools2base/pkgIndex.tcl 
Execute             source D:/2025.2/Vitis/tps/tcl/tcllib2.0/doctools2idx/pkgIndex.tcl 
Execute             source D:/2025.2/Vitis/tps/tcl/tcllib2.0/doctools2toc/pkgIndex.tcl 
Execute             source D:/2025.2/Vitis/tps/tcl/tcllib2.0/dtplite/pkgIndex.tcl 
Execute             source D:/2025.2/Vitis/tps/tcl/tcllib2.0/fileutil/pkgIndex.tcl 
Execute             source D:/2025.2/Vitis/tps/tcl/tcllib2.0/ftp/pkgIndex.tcl 
Execute             source D:/2025.2/Vitis/tps/tcl/tcllib2.0/ftpd/pkgIndex.tcl 
Execute             source D:/2025.2/Vitis/tps/tcl/tcllib2.0/fumagic/pkgIndex.tcl 
Execute             source D:/2025.2/Vitis/tps/tcl/tcllib2.0/generator/pkgIndex.tcl 
Execute             source D:/2025.2/Vitis/tps/tcl/tcllib2.0/gpx/pkgIndex.tcl 
Execute             source D:/2025.2/Vitis/tps/tcl/tcllib2.0/grammar_aycock/pkgIndex.tcl 
Execute             source D:/2025.2/Vitis/tps/tcl/tcllib2.0/grammar_fa/pkgIndex.tcl 
Execute             source D:/2025.2/Vitis/tps/tcl/tcllib2.0/grammar_me/pkgIndex.tcl 
Execute             source D:/2025.2/Vitis/tps/tcl/tcllib2.0/grammar_peg/pkgIndex.tcl 
Execute             source D:/2025.2/Vitis/tps/tcl/tcllib2.0/hook/pkgIndex.tcl 
Execute             source D:/2025.2/Vitis/tps/tcl/tcllib2.0/html/pkgIndex.tcl 
Execute             source D:/2025.2/Vitis/tps/tcl/tcllib2.0/htmlparse/pkgIndex.tcl 
Execute             source D:/2025.2/Vitis/tps/tcl/tcllib2.0/http/pkgIndex.tcl 
Execute             source D:/2025.2/Vitis/tps/tcl/tcllib2.0/httpd/pkgIndex.tcl 
Execute             source D:/2025.2/Vitis/tps/tcl/tcllib2.0/httpwget/pkgIndex.tcl 
Execute             source D:/2025.2/Vitis/tps/tcl/tcllib2.0/ident/pkgIndex.tcl 
Execute             source D:/2025.2/Vitis/tps/tcl/tcllib2.0/imap4/pkgIndex.tcl 
Execute             source D:/2025.2/Vitis/tps/tcl/tcllib2.0/inifile/pkgIndex.tcl 
Execute             source D:/2025.2/Vitis/tps/tcl/tcllib2.0/interp/pkgIndex.tcl 
Execute             source D:/2025.2/Vitis/tps/tcl/tcllib2.0/irc/pkgIndex.tcl 
Execute             source D:/2025.2/Vitis/tps/tcl/tcllib2.0/javascript/pkgIndex.tcl 
Execute             source D:/2025.2/Vitis/tps/tcl/tcllib2.0/jpeg/pkgIndex.tcl 
Execute             source D:/2025.2/Vitis/tps/tcl/tcllib2.0/json/pkgIndex.tcl 
Execute             source D:/2025.2/Vitis/tps/tcl/tcllib2.0/lambda/pkgIndex.tcl 
Execute             source D:/2025.2/Vitis/tps/tcl/tcllib2.0/lazyset/pkgIndex.tcl 
Execute             source D:/2025.2/Vitis/tps/tcl/tcllib2.0/ldap/pkgIndex.tcl 
Execute             source D:/2025.2/Vitis/tps/tcl/tcllib2.0/log/pkgIndex.tcl 
Execute             source D:/2025.2/Vitis/tps/tcl/tcllib2.0/map/pkgIndex.tcl 
Execute             source D:/2025.2/Vitis/tps/tcl/tcllib2.0/mapproj/pkgIndex.tcl 
Execute             source D:/2025.2/Vitis/tps/tcl/tcllib2.0/markdown/pkgIndex.tcl 
Execute             source D:/2025.2/Vitis/tps/tcl/tcllib2.0/math/pkgIndex.tcl 
Execute             source D:/2025.2/Vitis/tps/tcl/tcllib2.0/md4/pkgIndex.tcl 
Execute             source D:/2025.2/Vitis/tps/tcl/tcllib2.0/md5/pkgIndex.tcl 
Execute             source D:/2025.2/Vitis/tps/tcl/tcllib2.0/md5crypt/pkgIndex.tcl 
Execute             source D:/2025.2/Vitis/tps/tcl/tcllib2.0/mime/pkgIndex.tcl 
Execute             source D:/2025.2/Vitis/tps/tcl/tcllib2.0/mkdoc/pkgIndex.tcl 
Execute             source D:/2025.2/Vitis/tps/tcl/tcllib2.0/multiplexer/pkgIndex.tcl 
Execute             source D:/2025.2/Vitis/tps/tcl/tcllib2.0/namespacex/pkgIndex.tcl 
Execute             source D:/2025.2/Vitis/tps/tcl/tcllib2.0/ncgi/pkgIndex.tcl 
Execute             source D:/2025.2/Vitis/tps/tcl/tcllib2.0/nettool/pkgIndex.tcl 
Execute             source D:/2025.2/Vitis/tps/tcl/tcllib2.0/nmea/pkgIndex.tcl 
Execute             source D:/2025.2/Vitis/tps/tcl/tcllib2.0/nns/pkgIndex.tcl 
Execute             source D:/2025.2/Vitis/tps/tcl/tcllib2.0/nntp/pkgIndex.tcl 
Execute             source D:/2025.2/Vitis/tps/tcl/tcllib2.0/ntp/pkgIndex.tcl 
Execute             source D:/2025.2/Vitis/tps/tcl/tcllib2.0/oauth/pkgIndex.tcl 
Execute             source D:/2025.2/Vitis/tps/tcl/tcllib2.0/oodialect/pkgIndex.tcl 
Execute             source D:/2025.2/Vitis/tps/tcl/tcllib2.0/oometa/pkgIndex.tcl 
Execute             source D:/2025.2/Vitis/tps/tcl/tcllib2.0/ooutil/pkgIndex.tcl 
Execute             source D:/2025.2/Vitis/tps/tcl/tcllib2.0/otp/pkgIndex.tcl 
Execute             source D:/2025.2/Vitis/tps/tcl/tcllib2.0/page/pkgIndex.tcl 
Execute             source D:/2025.2/Vitis/tps/tcl/tcllib2.0/pluginmgr/pkgIndex.tcl 
Execute             source D:/2025.2/Vitis/tps/tcl/tcllib2.0/png/pkgIndex.tcl 
Execute             source D:/2025.2/Vitis/tps/tcl/tcllib2.0/pop3/pkgIndex.tcl 
Execute             source D:/2025.2/Vitis/tps/tcl/tcllib2.0/pop3d/pkgIndex.tcl 
Execute             source D:/2025.2/Vitis/tps/tcl/tcllib2.0/practcl/pkgIndex.tcl 
Execute             source D:/2025.2/Vitis/tps/tcl/tcllib2.0/processman/pkgIndex.tcl 
Execute             source D:/2025.2/Vitis/tps/tcl/tcllib2.0/profiler/pkgIndex.tcl 
Execute             source D:/2025.2/Vitis/tps/tcl/tcllib2.0/pt/pkgIndex.tcl 
Execute             source D:/2025.2/Vitis/tps/tcl/tcllib2.0/rcs/pkgIndex.tcl 
Execute             source D:/2025.2/Vitis/tps/tcl/tcllib2.0/report/pkgIndex.tcl 
Execute             source D:/2025.2/Vitis/tps/tcl/tcllib2.0/rest/pkgIndex.tcl 
Execute             source D:/2025.2/Vitis/tps/tcl/tcllib2.0/ripemd/pkgIndex.tcl 
Execute             source D:/2025.2/Vitis/tps/tcl/tcllib2.0/sasl/pkgIndex.tcl 
Execute             source D:/2025.2/Vitis/tps/tcl/tcllib2.0/sha1/pkgIndex.tcl 
Execute             source D:/2025.2/Vitis/tps/tcl/tcllib2.0/simulation/pkgIndex.tcl 
Execute             source D:/2025.2/Vitis/tps/tcl/tcllib2.0/smtpd/pkgIndex.tcl 
Execute             source D:/2025.2/Vitis/tps/tcl/tcllib2.0/snit/pkgIndex.tcl 
Execute             source D:/2025.2/Vitis/tps/tcl/tcllib2.0/soundex/pkgIndex.tcl 
Execute             source D:/2025.2/Vitis/tps/tcl/tcllib2.0/stooop/pkgIndex.tcl 
Execute             source D:/2025.2/Vitis/tps/tcl/tcllib2.0/string/pkgIndex.tcl 
Execute             source D:/2025.2/Vitis/tps/tcl/tcllib2.0/stringprep/pkgIndex.tcl 
Execute             source D:/2025.2/Vitis/tps/tcl/tcllib2.0/struct/pkgIndex.tcl 
Execute             source D:/2025.2/Vitis/tps/tcl/tcllib2.0/tar/pkgIndex.tcl 
Execute             source D:/2025.2/Vitis/tps/tcl/tcllib2.0/tepam/pkgIndex.tcl 
Execute             source D:/2025.2/Vitis/tps/tcl/tcllib2.0/term/pkgIndex.tcl 
Execute             source D:/2025.2/Vitis/tps/tcl/tcllib2.0/textutil/pkgIndex.tcl 
Execute             source D:/2025.2/Vitis/tps/tcl/tcllib2.0/tie/pkgIndex.tcl 
Execute             source D:/2025.2/Vitis/tps/tcl/tcllib2.0/tiff/pkgIndex.tcl 
Execute             source D:/2025.2/Vitis/tps/tcl/tcllib2.0/tool/pkgIndex.tcl 
Execute             source D:/2025.2/Vitis/tps/tcl/tcllib2.0/transfer/pkgIndex.tcl 
Execute             source D:/2025.2/Vitis/tps/tcl/tcllib2.0/treeql/pkgIndex.tcl 
Execute             source D:/2025.2/Vitis/tps/tcl/tcllib2.0/try/pkgIndex.tcl 
Execute             source D:/2025.2/Vitis/tps/tcl/tcllib2.0/udpcluster/pkgIndex.tcl 
Execute             source D:/2025.2/Vitis/tps/tcl/tcllib2.0/uev/pkgIndex.tcl 
Execute             source D:/2025.2/Vitis/tps/tcl/tcllib2.0/units/pkgIndex.tcl 
Execute             source D:/2025.2/Vitis/tps/tcl/tcllib2.0/uri/pkgIndex.tcl 
Execute             source D:/2025.2/Vitis/tps/tcl/tcllib2.0/uuid/pkgIndex.tcl 
Execute             source D:/2025.2/Vitis/tps/tcl/tcllib2.0/valtype/pkgIndex.tcl 
Execute             source D:/2025.2/Vitis/tps/tcl/tcllib2.0/virtchannel_base/pkgIndex.tcl 
Execute             source D:/2025.2/Vitis/tps/tcl/tcllib2.0/virtchannel_core/pkgIndex.tcl 
Execute             source D:/2025.2/Vitis/tps/tcl/tcllib2.0/virtchannel_transform/pkgIndex.tcl 
Execute             source D:/2025.2/Vitis/tps/tcl/tcllib2.0/websocket/pkgIndex.tcl 
Execute             source D:/2025.2/Vitis/tps/tcl/tcllib2.0/wip/pkgIndex.tcl 
Execute             source D:/2025.2/Vitis/tps/tcl/tcllib2.0/yaml/pkgIndex.tcl 
Execute             source D:/2025.2/Vitis/tps/tcl/tcllib2.0/zip/pkgIndex.tcl 
Command           ap_source done; 0.326 sec.
Execute           source D:/2025.2/Vitis/tps/tcl/tdom/pkgIndex.tcl 
Execute           source D:/2025.2/Vitis/tps/tcl/tk8.6/pkgIndex.tcl 
Execute           source D:/2025.2/Vitis/tps/tcl/tcl8.6/opt0.4/pkgIndex.tcl 
Execute           source D:/2025.2/Vitis/tps/tcl/tcl8.6/pkgs/win/thread2.8.7/pkgIndex.tcl 
Command         ap_source done; 0.822 sec.
Execute         source D:/2025.2/Vitis/tps/tcl/tcllib2.0/0compatibility/pkgIndex.tcl 
Execute         source D:/2025.2/Vitis/tps/tcl/tcllib2.0/amazon-s3/pkgIndex.tcl 
Execute         source D:/2025.2/Vitis/tps/tcl/tcllib2.0/asn/pkgIndex.tcl 
Execute         source D:/2025.2/Vitis/tps/tcl/tcllib2.0/base32/pkgIndex.tcl 
Execute         source D:/2025.2/Vitis/tps/tcl/tcllib2.0/base64/pkgIndex.tcl 
Execute         source D:/2025.2/Vitis/tps/tcl/tcllib2.0/bee/pkgIndex.tcl 
Execute         source D:/2025.2/Vitis/tps/tcl/tcllib2.0/bench/pkgIndex.tcl 
Execute         source D:/2025.2/Vitis/tps/tcl/tcllib2.0/bibtex/pkgIndex.tcl 
Execute         source D:/2025.2/Vitis/tps/tcl/tcllib2.0/cache/pkgIndex.tcl 
Execute         source D:/2025.2/Vitis/tps/tcl/tcllib2.0/clay/pkgIndex.tcl 
Execute         source D:/2025.2/Vitis/tps/tcl/tcllib2.0/clock/pkgIndex.tcl 
Execute         source D:/2025.2/Vitis/tps/tcl/tcllib2.0/cmdline/pkgIndex.tcl 
Execute         source D:/2025.2/Vitis/tps/tcl/tcllib2.0/comm/pkgIndex.tcl 
Execute         source D:/2025.2/Vitis/tps/tcl/tcllib2.0/control/pkgIndex.tcl 
Execute         source D:/2025.2/Vitis/tps/tcl/tcllib2.0/coroutine/pkgIndex.tcl 
Execute         source D:/2025.2/Vitis/tps/tcl/tcllib2.0/counter/pkgIndex.tcl 
Execute         source D:/2025.2/Vitis/tps/tcl/tcllib2.0/crc/pkgIndex.tcl 
Execute         source D:/2025.2/Vitis/tps/tcl/tcllib2.0/cron/pkgIndex.tcl 
Execute         source D:/2025.2/Vitis/tps/tcl/tcllib2.0/csv/pkgIndex.tcl 
Execute         source D:/2025.2/Vitis/tps/tcl/tcllib2.0/debug/pkgIndex.tcl 
Execute         source D:/2025.2/Vitis/tps/tcl/tcllib2.0/defer/pkgIndex.tcl 
Execute         source D:/2025.2/Vitis/tps/tcl/tcllib2.0/dicttool/pkgIndex.tcl 
Execute         source D:/2025.2/Vitis/tps/tcl/tcllib2.0/dns/pkgIndex.tcl 
Execute         source D:/2025.2/Vitis/tps/tcl/tcllib2.0/docstrip/pkgIndex.tcl 
Execute         source D:/2025.2/Vitis/tps/tcl/tcllib2.0/doctools/pkgIndex.tcl 
Execute         source D:/2025.2/Vitis/tps/tcl/tcllib2.0/doctools2base/pkgIndex.tcl 
Execute         source D:/2025.2/Vitis/tps/tcl/tcllib2.0/doctools2idx/pkgIndex.tcl 
Execute         source D:/2025.2/Vitis/tps/tcl/tcllib2.0/doctools2toc/pkgIndex.tcl 
Execute         source D:/2025.2/Vitis/tps/tcl/tcllib2.0/dtplite/pkgIndex.tcl 
Execute         source D:/2025.2/Vitis/tps/tcl/tcllib2.0/fileutil/pkgIndex.tcl 
Execute         source D:/2025.2/Vitis/tps/tcl/tcllib2.0/ftp/pkgIndex.tcl 
Execute         source D:/2025.2/Vitis/tps/tcl/tcllib2.0/ftpd/pkgIndex.tcl 
Execute         source D:/2025.2/Vitis/tps/tcl/tcllib2.0/fumagic/pkgIndex.tcl 
Execute         source D:/2025.2/Vitis/tps/tcl/tcllib2.0/generator/pkgIndex.tcl 
Execute         source D:/2025.2/Vitis/tps/tcl/tcllib2.0/gpx/pkgIndex.tcl 
Execute         source D:/2025.2/Vitis/tps/tcl/tcllib2.0/grammar_aycock/pkgIndex.tcl 
Execute         source D:/2025.2/Vitis/tps/tcl/tcllib2.0/grammar_fa/pkgIndex.tcl 
Execute         source D:/2025.2/Vitis/tps/tcl/tcllib2.0/grammar_me/pkgIndex.tcl 
Execute         source D:/2025.2/Vitis/tps/tcl/tcllib2.0/grammar_peg/pkgIndex.tcl 
Execute         source D:/2025.2/Vitis/tps/tcl/tcllib2.0/hook/pkgIndex.tcl 
Execute         source D:/2025.2/Vitis/tps/tcl/tcllib2.0/html/pkgIndex.tcl 
Execute         source D:/2025.2/Vitis/tps/tcl/tcllib2.0/htmlparse/pkgIndex.tcl 
Execute         source D:/2025.2/Vitis/tps/tcl/tcllib2.0/http/pkgIndex.tcl 
Execute         source D:/2025.2/Vitis/tps/tcl/tcllib2.0/httpd/pkgIndex.tcl 
Execute         source D:/2025.2/Vitis/tps/tcl/tcllib2.0/httpwget/pkgIndex.tcl 
Execute         source D:/2025.2/Vitis/tps/tcl/tcllib2.0/ident/pkgIndex.tcl 
Execute         source D:/2025.2/Vitis/tps/tcl/tcllib2.0/imap4/pkgIndex.tcl 
Execute         source D:/2025.2/Vitis/tps/tcl/tcllib2.0/inifile/pkgIndex.tcl 
Execute         source D:/2025.2/Vitis/tps/tcl/tcllib2.0/interp/pkgIndex.tcl 
Execute         source D:/2025.2/Vitis/tps/tcl/tcllib2.0/irc/pkgIndex.tcl 
Execute         source D:/2025.2/Vitis/tps/tcl/tcllib2.0/javascript/pkgIndex.tcl 
Execute         source D:/2025.2/Vitis/tps/tcl/tcllib2.0/jpeg/pkgIndex.tcl 
Execute         source D:/2025.2/Vitis/tps/tcl/tcllib2.0/json/pkgIndex.tcl 
Execute         source D:/2025.2/Vitis/tps/tcl/tcllib2.0/lambda/pkgIndex.tcl 
Execute         source D:/2025.2/Vitis/tps/tcl/tcllib2.0/lazyset/pkgIndex.tcl 
Execute         source D:/2025.2/Vitis/tps/tcl/tcllib2.0/ldap/pkgIndex.tcl 
Execute         source D:/2025.2/Vitis/tps/tcl/tcllib2.0/log/pkgIndex.tcl 
Execute         source D:/2025.2/Vitis/tps/tcl/tcllib2.0/map/pkgIndex.tcl 
Execute         source D:/2025.2/Vitis/tps/tcl/tcllib2.0/mapproj/pkgIndex.tcl 
Execute         source D:/2025.2/Vitis/tps/tcl/tcllib2.0/markdown/pkgIndex.tcl 
Execute         source D:/2025.2/Vitis/tps/tcl/tcllib2.0/math/pkgIndex.tcl 
Execute         source D:/2025.2/Vitis/tps/tcl/tcllib2.0/md4/pkgIndex.tcl 
Execute         source D:/2025.2/Vitis/tps/tcl/tcllib2.0/md5/pkgIndex.tcl 
Execute         source D:/2025.2/Vitis/tps/tcl/tcllib2.0/md5crypt/pkgIndex.tcl 
Execute         source D:/2025.2/Vitis/tps/tcl/tcllib2.0/mime/pkgIndex.tcl 
Execute         source D:/2025.2/Vitis/tps/tcl/tcllib2.0/mkdoc/pkgIndex.tcl 
Execute         source D:/2025.2/Vitis/tps/tcl/tcllib2.0/multiplexer/pkgIndex.tcl 
Execute         source D:/2025.2/Vitis/tps/tcl/tcllib2.0/namespacex/pkgIndex.tcl 
Execute         source D:/2025.2/Vitis/tps/tcl/tcllib2.0/ncgi/pkgIndex.tcl 
Execute         source D:/2025.2/Vitis/tps/tcl/tcllib2.0/nettool/pkgIndex.tcl 
Execute         source D:/2025.2/Vitis/tps/tcl/tcllib2.0/nmea/pkgIndex.tcl 
Execute         source D:/2025.2/Vitis/tps/tcl/tcllib2.0/nns/pkgIndex.tcl 
Execute         source D:/2025.2/Vitis/tps/tcl/tcllib2.0/nntp/pkgIndex.tcl 
Execute         source D:/2025.2/Vitis/tps/tcl/tcllib2.0/ntp/pkgIndex.tcl 
Execute         source D:/2025.2/Vitis/tps/tcl/tcllib2.0/oauth/pkgIndex.tcl 
Execute         source D:/2025.2/Vitis/tps/tcl/tcllib2.0/oodialect/pkgIndex.tcl 
Execute         source D:/2025.2/Vitis/tps/tcl/tcllib2.0/oometa/pkgIndex.tcl 
Execute         source D:/2025.2/Vitis/tps/tcl/tcllib2.0/ooutil/pkgIndex.tcl 
Execute         source D:/2025.2/Vitis/tps/tcl/tcllib2.0/otp/pkgIndex.tcl 
Execute         source D:/2025.2/Vitis/tps/tcl/tcllib2.0/page/pkgIndex.tcl 
Execute         source D:/2025.2/Vitis/tps/tcl/tcllib2.0/pluginmgr/pkgIndex.tcl 
Execute         source D:/2025.2/Vitis/tps/tcl/tcllib2.0/png/pkgIndex.tcl 
Execute         source D:/2025.2/Vitis/tps/tcl/tcllib2.0/pop3/pkgIndex.tcl 
Execute         source D:/2025.2/Vitis/tps/tcl/tcllib2.0/pop3d/pkgIndex.tcl 
Execute         source D:/2025.2/Vitis/tps/tcl/tcllib2.0/practcl/pkgIndex.tcl 
Execute         source D:/2025.2/Vitis/tps/tcl/tcllib2.0/processman/pkgIndex.tcl 
Execute         source D:/2025.2/Vitis/tps/tcl/tcllib2.0/profiler/pkgIndex.tcl 
Execute         source D:/2025.2/Vitis/tps/tcl/tcllib2.0/pt/pkgIndex.tcl 
Execute         source D:/2025.2/Vitis/tps/tcl/tcllib2.0/rcs/pkgIndex.tcl 
Execute         source D:/2025.2/Vitis/tps/tcl/tcllib2.0/report/pkgIndex.tcl 
Execute         source D:/2025.2/Vitis/tps/tcl/tcllib2.0/rest/pkgIndex.tcl 
Execute         source D:/2025.2/Vitis/tps/tcl/tcllib2.0/ripemd/pkgIndex.tcl 
Execute         source D:/2025.2/Vitis/tps/tcl/tcllib2.0/sasl/pkgIndex.tcl 
Execute         source D:/2025.2/Vitis/tps/tcl/tcllib2.0/sha1/pkgIndex.tcl 
Execute         source D:/2025.2/Vitis/tps/tcl/tcllib2.0/simulation/pkgIndex.tcl 
Execute         source D:/2025.2/Vitis/tps/tcl/tcllib2.0/smtpd/pkgIndex.tcl 
Execute         source D:/2025.2/Vitis/tps/tcl/tcllib2.0/snit/pkgIndex.tcl 
Execute         source D:/2025.2/Vitis/tps/tcl/tcllib2.0/soundex/pkgIndex.tcl 
Execute         source D:/2025.2/Vitis/tps/tcl/tcllib2.0/stooop/pkgIndex.tcl 
Execute         source D:/2025.2/Vitis/tps/tcl/tcllib2.0/string/pkgIndex.tcl 
Execute         source D:/2025.2/Vitis/tps/tcl/tcllib2.0/stringprep/pkgIndex.tcl 
Execute         source D:/2025.2/Vitis/tps/tcl/tcllib2.0/struct/pkgIndex.tcl 
Execute         source D:/2025.2/Vitis/tps/tcl/tcllib2.0/tar/pkgIndex.tcl 
Execute         source D:/2025.2/Vitis/tps/tcl/tcllib2.0/tepam/pkgIndex.tcl 
Execute         source D:/2025.2/Vitis/tps/tcl/tcllib2.0/term/pkgIndex.tcl 
Execute         source D:/2025.2/Vitis/tps/tcl/tcllib2.0/textutil/pkgIndex.tcl 
Execute         source D:/2025.2/Vitis/tps/tcl/tcllib2.0/tie/pkgIndex.tcl 
Execute         source D:/2025.2/Vitis/tps/tcl/tcllib2.0/tiff/pkgIndex.tcl 
Execute         source D:/2025.2/Vitis/tps/tcl/tcllib2.0/tool/pkgIndex.tcl 
Execute         source D:/2025.2/Vitis/tps/tcl/tcllib2.0/transfer/pkgIndex.tcl 
Execute         source D:/2025.2/Vitis/tps/tcl/tcllib2.0/treeql/pkgIndex.tcl 
Execute         source D:/2025.2/Vitis/tps/tcl/tcllib2.0/try/pkgIndex.tcl 
Execute         source D:/2025.2/Vitis/tps/tcl/tcllib2.0/udpcluster/pkgIndex.tcl 
Execute         source D:/2025.2/Vitis/tps/tcl/tcllib2.0/uev/pkgIndex.tcl 
Execute         source D:/2025.2/Vitis/tps/tcl/tcllib2.0/units/pkgIndex.tcl 
Execute         source D:/2025.2/Vitis/tps/tcl/tcllib2.0/uri/pkgIndex.tcl 
Execute         source D:/2025.2/Vitis/tps/tcl/tcllib2.0/uuid/pkgIndex.tcl 
Execute         source D:/2025.2/Vitis/tps/tcl/tcllib2.0/valtype/pkgIndex.tcl 
Execute         source D:/2025.2/Vitis/tps/tcl/tcllib2.0/virtchannel_base/pkgIndex.tcl 
Execute         source D:/2025.2/Vitis/tps/tcl/tcllib2.0/virtchannel_core/pkgIndex.tcl 
Execute         source D:/2025.2/Vitis/tps/tcl/tcllib2.0/virtchannel_transform/pkgIndex.tcl 
Execute         source D:/2025.2/Vitis/tps/tcl/tcllib2.0/websocket/pkgIndex.tcl 
Execute         source D:/2025.2/Vitis/tps/tcl/tcllib2.0/wip/pkgIndex.tcl 
Execute         source D:/2025.2/Vitis/tps/tcl/tcllib2.0/yaml/pkgIndex.tcl 
Execute         source D:/2025.2/Vitis/tps/tcl/tcllib2.0/zip/pkgIndex.tcl 
Execute         source D:/2025.2/Vitis/tps/tcl/tcllib2.0/pkgIndex.tcl 
Execute           source D:/2025.2/Vitis/tps/tcl/tcllib2.0/0compatibility/pkgIndex.tcl 
Execute           source D:/2025.2/Vitis/tps/tcl/tcllib2.0/amazon-s3/pkgIndex.tcl 
Execute           source D:/2025.2/Vitis/tps/tcl/tcllib2.0/asn/pkgIndex.tcl 
Execute           source D:/2025.2/Vitis/tps/tcl/tcllib2.0/base32/pkgIndex.tcl 
Execute           source D:/2025.2/Vitis/tps/tcl/tcllib2.0/base64/pkgIndex.tcl 
Execute           source D:/2025.2/Vitis/tps/tcl/tcllib2.0/bee/pkgIndex.tcl 
Execute           source D:/2025.2/Vitis/tps/tcl/tcllib2.0/bench/pkgIndex.tcl 
Execute           source D:/2025.2/Vitis/tps/tcl/tcllib2.0/bibtex/pkgIndex.tcl 
Execute           source D:/2025.2/Vitis/tps/tcl/tcllib2.0/cache/pkgIndex.tcl 
Execute           source D:/2025.2/Vitis/tps/tcl/tcllib2.0/clay/pkgIndex.tcl 
Execute           source D:/2025.2/Vitis/tps/tcl/tcllib2.0/clock/pkgIndex.tcl 
Execute           source D:/2025.2/Vitis/tps/tcl/tcllib2.0/cmdline/pkgIndex.tcl 
Execute           source D:/2025.2/Vitis/tps/tcl/tcllib2.0/comm/pkgIndex.tcl 
Execute           source D:/2025.2/Vitis/tps/tcl/tcllib2.0/control/pkgIndex.tcl 
Execute           source D:/2025.2/Vitis/tps/tcl/tcllib2.0/coroutine/pkgIndex.tcl 
Execute           source D:/2025.2/Vitis/tps/tcl/tcllib2.0/counter/pkgIndex.tcl 
Execute           source D:/2025.2/Vitis/tps/tcl/tcllib2.0/crc/pkgIndex.tcl 
Execute           source D:/2025.2/Vitis/tps/tcl/tcllib2.0/cron/pkgIndex.tcl 
Execute           source D:/2025.2/Vitis/tps/tcl/tcllib2.0/csv/pkgIndex.tcl 
Execute           source D:/2025.2/Vitis/tps/tcl/tcllib2.0/debug/pkgIndex.tcl 
Execute           source D:/2025.2/Vitis/tps/tcl/tcllib2.0/defer/pkgIndex.tcl 
Execute           source D:/2025.2/Vitis/tps/tcl/tcllib2.0/dicttool/pkgIndex.tcl 
Execute           source D:/2025.2/Vitis/tps/tcl/tcllib2.0/dns/pkgIndex.tcl 
Execute           source D:/2025.2/Vitis/tps/tcl/tcllib2.0/docstrip/pkgIndex.tcl 
Execute           source D:/2025.2/Vitis/tps/tcl/tcllib2.0/doctools/pkgIndex.tcl 
Execute           source D:/2025.2/Vitis/tps/tcl/tcllib2.0/doctools2base/pkgIndex.tcl 
Execute           source D:/2025.2/Vitis/tps/tcl/tcllib2.0/doctools2idx/pkgIndex.tcl 
Execute           source D:/2025.2/Vitis/tps/tcl/tcllib2.0/doctools2toc/pkgIndex.tcl 
Execute           source D:/2025.2/Vitis/tps/tcl/tcllib2.0/dtplite/pkgIndex.tcl 
Execute           source D:/2025.2/Vitis/tps/tcl/tcllib2.0/fileutil/pkgIndex.tcl 
Execute           source D:/2025.2/Vitis/tps/tcl/tcllib2.0/ftp/pkgIndex.tcl 
Execute           source D:/2025.2/Vitis/tps/tcl/tcllib2.0/ftpd/pkgIndex.tcl 
Execute           source D:/2025.2/Vitis/tps/tcl/tcllib2.0/fumagic/pkgIndex.tcl 
Execute           source D:/2025.2/Vitis/tps/tcl/tcllib2.0/generator/pkgIndex.tcl 
Execute           source D:/2025.2/Vitis/tps/tcl/tcllib2.0/gpx/pkgIndex.tcl 
Execute           source D:/2025.2/Vitis/tps/tcl/tcllib2.0/grammar_aycock/pkgIndex.tcl 
Execute           source D:/2025.2/Vitis/tps/tcl/tcllib2.0/grammar_fa/pkgIndex.tcl 
Execute           source D:/2025.2/Vitis/tps/tcl/tcllib2.0/grammar_me/pkgIndex.tcl 
Execute           source D:/2025.2/Vitis/tps/tcl/tcllib2.0/grammar_peg/pkgIndex.tcl 
Execute           source D:/2025.2/Vitis/tps/tcl/tcllib2.0/hook/pkgIndex.tcl 
Execute           source D:/2025.2/Vitis/tps/tcl/tcllib2.0/html/pkgIndex.tcl 
Execute           source D:/2025.2/Vitis/tps/tcl/tcllib2.0/htmlparse/pkgIndex.tcl 
Execute           source D:/2025.2/Vitis/tps/tcl/tcllib2.0/http/pkgIndex.tcl 
Execute           source D:/2025.2/Vitis/tps/tcl/tcllib2.0/httpd/pkgIndex.tcl 
Execute           source D:/2025.2/Vitis/tps/tcl/tcllib2.0/httpwget/pkgIndex.tcl 
Execute           source D:/2025.2/Vitis/tps/tcl/tcllib2.0/ident/pkgIndex.tcl 
Execute           source D:/2025.2/Vitis/tps/tcl/tcllib2.0/imap4/pkgIndex.tcl 
Execute           source D:/2025.2/Vitis/tps/tcl/tcllib2.0/inifile/pkgIndex.tcl 
Execute           source D:/2025.2/Vitis/tps/tcl/tcllib2.0/interp/pkgIndex.tcl 
Execute           source D:/2025.2/Vitis/tps/tcl/tcllib2.0/irc/pkgIndex.tcl 
Execute           source D:/2025.2/Vitis/tps/tcl/tcllib2.0/javascript/pkgIndex.tcl 
Execute           source D:/2025.2/Vitis/tps/tcl/tcllib2.0/jpeg/pkgIndex.tcl 
Execute           source D:/2025.2/Vitis/tps/tcl/tcllib2.0/json/pkgIndex.tcl 
Execute           source D:/2025.2/Vitis/tps/tcl/tcllib2.0/lambda/pkgIndex.tcl 
Execute           source D:/2025.2/Vitis/tps/tcl/tcllib2.0/lazyset/pkgIndex.tcl 
Execute           source D:/2025.2/Vitis/tps/tcl/tcllib2.0/ldap/pkgIndex.tcl 
Execute           source D:/2025.2/Vitis/tps/tcl/tcllib2.0/log/pkgIndex.tcl 
Execute           source D:/2025.2/Vitis/tps/tcl/tcllib2.0/map/pkgIndex.tcl 
Execute           source D:/2025.2/Vitis/tps/tcl/tcllib2.0/mapproj/pkgIndex.tcl 
Execute           source D:/2025.2/Vitis/tps/tcl/tcllib2.0/markdown/pkgIndex.tcl 
Execute           source D:/2025.2/Vitis/tps/tcl/tcllib2.0/math/pkgIndex.tcl 
Execute           source D:/2025.2/Vitis/tps/tcl/tcllib2.0/md4/pkgIndex.tcl 
Execute           source D:/2025.2/Vitis/tps/tcl/tcllib2.0/md5/pkgIndex.tcl 
Execute           source D:/2025.2/Vitis/tps/tcl/tcllib2.0/md5crypt/pkgIndex.tcl 
Execute           source D:/2025.2/Vitis/tps/tcl/tcllib2.0/mime/pkgIndex.tcl 
Execute           source D:/2025.2/Vitis/tps/tcl/tcllib2.0/mkdoc/pkgIndex.tcl 
Execute           source D:/2025.2/Vitis/tps/tcl/tcllib2.0/multiplexer/pkgIndex.tcl 
Execute           source D:/2025.2/Vitis/tps/tcl/tcllib2.0/namespacex/pkgIndex.tcl 
Execute           source D:/2025.2/Vitis/tps/tcl/tcllib2.0/ncgi/pkgIndex.tcl 
Execute           source D:/2025.2/Vitis/tps/tcl/tcllib2.0/nettool/pkgIndex.tcl 
Execute           source D:/2025.2/Vitis/tps/tcl/tcllib2.0/nmea/pkgIndex.tcl 
Execute           source D:/2025.2/Vitis/tps/tcl/tcllib2.0/nns/pkgIndex.tcl 
Execute           source D:/2025.2/Vitis/tps/tcl/tcllib2.0/nntp/pkgIndex.tcl 
Execute           source D:/2025.2/Vitis/tps/tcl/tcllib2.0/ntp/pkgIndex.tcl 
Execute           source D:/2025.2/Vitis/tps/tcl/tcllib2.0/oauth/pkgIndex.tcl 
Execute           source D:/2025.2/Vitis/tps/tcl/tcllib2.0/oodialect/pkgIndex.tcl 
Execute           source D:/2025.2/Vitis/tps/tcl/tcllib2.0/oometa/pkgIndex.tcl 
Execute           source D:/2025.2/Vitis/tps/tcl/tcllib2.0/ooutil/pkgIndex.tcl 
Execute           source D:/2025.2/Vitis/tps/tcl/tcllib2.0/otp/pkgIndex.tcl 
Execute           source D:/2025.2/Vitis/tps/tcl/tcllib2.0/page/pkgIndex.tcl 
Execute           source D:/2025.2/Vitis/tps/tcl/tcllib2.0/pluginmgr/pkgIndex.tcl 
Execute           source D:/2025.2/Vitis/tps/tcl/tcllib2.0/png/pkgIndex.tcl 
Execute           source D:/2025.2/Vitis/tps/tcl/tcllib2.0/pop3/pkgIndex.tcl 
Execute           source D:/2025.2/Vitis/tps/tcl/tcllib2.0/pop3d/pkgIndex.tcl 
Execute           source D:/2025.2/Vitis/tps/tcl/tcllib2.0/practcl/pkgIndex.tcl 
Execute           source D:/2025.2/Vitis/tps/tcl/tcllib2.0/processman/pkgIndex.tcl 
Execute           source D:/2025.2/Vitis/tps/tcl/tcllib2.0/profiler/pkgIndex.tcl 
Execute           source D:/2025.2/Vitis/tps/tcl/tcllib2.0/pt/pkgIndex.tcl 
Execute           source D:/2025.2/Vitis/tps/tcl/tcllib2.0/rcs/pkgIndex.tcl 
Execute           source D:/2025.2/Vitis/tps/tcl/tcllib2.0/report/pkgIndex.tcl 
Execute           source D:/2025.2/Vitis/tps/tcl/tcllib2.0/rest/pkgIndex.tcl 
Execute           source D:/2025.2/Vitis/tps/tcl/tcllib2.0/ripemd/pkgIndex.tcl 
Execute           source D:/2025.2/Vitis/tps/tcl/tcllib2.0/sasl/pkgIndex.tcl 
Execute           source D:/2025.2/Vitis/tps/tcl/tcllib2.0/sha1/pkgIndex.tcl 
Execute           source D:/2025.2/Vitis/tps/tcl/tcllib2.0/simulation/pkgIndex.tcl 
Execute           source D:/2025.2/Vitis/tps/tcl/tcllib2.0/smtpd/pkgIndex.tcl 
Execute           source D:/2025.2/Vitis/tps/tcl/tcllib2.0/snit/pkgIndex.tcl 
Execute           source D:/2025.2/Vitis/tps/tcl/tcllib2.0/soundex/pkgIndex.tcl 
Execute           source D:/2025.2/Vitis/tps/tcl/tcllib2.0/stooop/pkgIndex.tcl 
Execute           source D:/2025.2/Vitis/tps/tcl/tcllib2.0/string/pkgIndex.tcl 
Execute           source D:/2025.2/Vitis/tps/tcl/tcllib2.0/stringprep/pkgIndex.tcl 
Execute           source D:/2025.2/Vitis/tps/tcl/tcllib2.0/struct/pkgIndex.tcl 
Execute           source D:/2025.2/Vitis/tps/tcl/tcllib2.0/tar/pkgIndex.tcl 
Execute           source D:/2025.2/Vitis/tps/tcl/tcllib2.0/tepam/pkgIndex.tcl 
Execute           source D:/2025.2/Vitis/tps/tcl/tcllib2.0/term/pkgIndex.tcl 
Execute           source D:/2025.2/Vitis/tps/tcl/tcllib2.0/textutil/pkgIndex.tcl 
Execute           source D:/2025.2/Vitis/tps/tcl/tcllib2.0/tie/pkgIndex.tcl 
Execute           source D:/2025.2/Vitis/tps/tcl/tcllib2.0/tiff/pkgIndex.tcl 
Execute           source D:/2025.2/Vitis/tps/tcl/tcllib2.0/tool/pkgIndex.tcl 
Execute           source D:/2025.2/Vitis/tps/tcl/tcllib2.0/transfer/pkgIndex.tcl 
Execute           source D:/2025.2/Vitis/tps/tcl/tcllib2.0/treeql/pkgIndex.tcl 
Execute           source D:/2025.2/Vitis/tps/tcl/tcllib2.0/try/pkgIndex.tcl 
Execute           source D:/2025.2/Vitis/tps/tcl/tcllib2.0/udpcluster/pkgIndex.tcl 
Execute           source D:/2025.2/Vitis/tps/tcl/tcllib2.0/uev/pkgIndex.tcl 
Execute           source D:/2025.2/Vitis/tps/tcl/tcllib2.0/units/pkgIndex.tcl 
Execute           source D:/2025.2/Vitis/tps/tcl/tcllib2.0/uri/pkgIndex.tcl 
Execute           source D:/2025.2/Vitis/tps/tcl/tcllib2.0/uuid/pkgIndex.tcl 
Execute           source D:/2025.2/Vitis/tps/tcl/tcllib2.0/valtype/pkgIndex.tcl 
Execute           source D:/2025.2/Vitis/tps/tcl/tcllib2.0/virtchannel_base/pkgIndex.tcl 
Execute           source D:/2025.2/Vitis/tps/tcl/tcllib2.0/virtchannel_core/pkgIndex.tcl 
Execute           source D:/2025.2/Vitis/tps/tcl/tcllib2.0/virtchannel_transform/pkgIndex.tcl 
Execute           source D:/2025.2/Vitis/tps/tcl/tcllib2.0/websocket/pkgIndex.tcl 
Execute           source D:/2025.2/Vitis/tps/tcl/tcllib2.0/wip/pkgIndex.tcl 
Execute           source D:/2025.2/Vitis/tps/tcl/tcllib2.0/yaml/pkgIndex.tcl 
Execute           source D:/2025.2/Vitis/tps/tcl/tcllib2.0/zip/pkgIndex.tcl 
Command         ap_source done; 0.299 sec.
Execute         source D:/2025.2/Vitis/tps/tcl/tdom/pkgIndex.tcl 
Execute         source D:/2025.2/Vitis/tps/tcl/tk8.6/pkgIndex.tcl 
Execute         source D:/2025.2/Vitis/tps/tcl/tcl8.6/opt0.4/pkgIndex.tcl 
Execute         source D:/2025.2/Vitis/tps/tcl/tcl8.6/pkgs/win/thread2.8.7/pkgIndex.tcl 
Command       ap_source done; 1.628 sec.
INFO-FLOW: Workspace C:/Users/Andy/Documents/TFG/Project/3_multiplicacion_acelerada/matrix_hls/matrix_hls/hls opened at Sun Apr 12 22:05:08 +0200 2026
Execute       send_msg_by_id INFO @200-1505@%s%s default  vivado 
INFO: [HLS 200-1505] Using default flow_target 'vivado'
Execute       send_msg_by_id INFO @200-2174@%s%s component hls_config.cfg 
INFO: [HLS 200-2174] Applying component config ini file hls_config.cfg
Execute       apply_ini hls_config.cfg 
Execute         send_msg_by_id INFO @200-1465@%s 'syn.file=matrix_mult.cpp' from hls_config.cfg(7) 
INFO: [HLS 200-1465] Applying config ini 'syn.file=matrix_mult.cpp' from hls_config.cfg(7)
Execute         add_files C:/Users/Andy/Documents/TFG/Project/3_multiplicacion_acelerada/matrix_hls/matrix_mult.cpp 
INFO: [HLS 200-10] Adding design file 'C:/Users/Andy/Documents/TFG/Project/3_multiplicacion_acelerada/matrix_hls/matrix_mult.cpp' to the project
Execute         send_msg_by_id INFO @200-1465@%s 'syn.top=matrix_mult' from hls_config.cfg(8) 
INFO: [HLS 200-1465] Applying config ini 'syn.top=matrix_mult' from hls_config.cfg(8)
Execute         set_top matrix_mult 
Execute         send_msg_by_id INFO @200-1465@%s 'flow_target=vivado' from hls_config.cfg(4) 
INFO: [HLS 200-1465] Applying config ini 'flow_target=vivado' from hls_config.cfg(4)
Execute         send_msg_by_id INFO @200-1505@%s%s  vivado 
INFO: [HLS 200-1505] Using flow_target 'vivado'
Execute         send_msg_by_id INFO @200-1465@%s 'part=xc7z010clg400-1' from hls_config.cfg(1) 
INFO: [HLS 200-1465] Applying config ini 'part=xc7z010clg400-1' from hls_config.cfg(1)
Execute         set_part xc7z010clg400-1 
Execute           create_platform xc7z010clg400-1 -board  
DBG:HLSDevice: Trying to load device library: D:/2025.2/Vitis\lib\win64.o\xv_hlsvwrap.dll
DBG:HLSDevice: first parts/arch.xml in RDI_DATADIR: D:/2025.2/Vivado/data/parts/arch.xml
DBG:HLSDevice: init success
INFO: [HLS 200-1611] Setting target device to 'xc7z010-clg400-1'
Command           create_platform done; 5.542 sec.
Execute           source D:/2025.2/Vitis/common/technology/xilinx/common/xilinx.gen 
Execute             source D:/2025.2/Vitis/common/technology/xilinx/interface/plb46.gen 
Execute             source D:/2025.2/Vitis/common/technology/xilinx/interface/axi4.gen 
Execute             source D:/2025.2/Vitis/common/technology/xilinx/interface/nativeAXI4.gen 
Execute               source D:/2025.2/Vitis/common/technology/xilinx/interface/saxilite.gen 
Execute             source D:/2025.2/Vitis/common/technology/xilinx/scripts/xilinxcoregen.gen 
Execute             source D:/2025.2/Vitis/common/technology/xilinx/interface/XilEDKCoreGen.gen 
Execute             source D:/2025.2/Vitis/common/technology/xilinx/ip/dds_compiler.gen 
Execute             source D:/2025.2/Vitis/common/technology/xilinx/ip/util.gen 
Execute             source D:/2025.2/Vitis/common/technology/xilinx/ip/xfft.gen 
Command             ap_source done; 0.614 sec.
Execute             source D:/2025.2/Vitis/common/technology/xilinx/ip/xfir.gen 
Execute             source D:/2025.2/Vitis/common/technology/xilinx/DSP48/dsp48.gen 
Command           ap_source done; 1.287 sec.
Execute           ap_part_info -name xc7z010-clg400-1 -data info 
Command           ap_part_info done; 0.111 sec.
Execute           config_compile -quiet -complex-mul-dsp=0 
Command         set_part done; 7.479 sec.
Execute         send_msg_by_id INFO @200-1465@%s 'package.output.format=ip_catalog' from hls_config.cfg(5) 
INFO: [HLS 200-1465] Applying config ini 'package.output.format=ip_catalog' from hls_config.cfg(5)
Execute         config_export -format=ip_catalog 
Command         config_export done; 0.147 sec.
Command       apply_ini done; 7.769 sec.
Execute       write_component -config C:/Users/Andy/Documents/TFG/Project/3_multiplicacion_acelerada/matrix_hls/hls_config.cfg 
Execute         send_msg_by_id INFO @200-2176@%s C:/Users/Andy/Documents/TFG/Project/3_multiplicacion_acelerada/matrix_hls/matrix_hls/vitis-comp.json 
INFO: [HLS 200-2176] Writing Vitis IDE component file C:/Users/Andy/Documents/TFG/Project/3_multiplicacion_acelerada/matrix_hls/matrix_hls/vitis-comp.json
Command       write_component done; 0.116 sec.
Command     open_solution done; 9.965 sec.
Command   open_component done; 10.031 sec.
Execute   apply_ini C:/Users/Andy/Documents/TFG/Project/3_multiplicacion_acelerada/matrix_hls/matrix_hls/hls/config.cmdline -iscmdline 
Execute   ::AP::init_summary_file csynth 
Execute     AP::app_get_file_relativeroot [AP::app_get_root] {}
Command   AP::init_summary_file done; 0.133 sec.
Execute   csynth_design 
Execute     AP::msg_collection_file -open C:/Users/Andy/Documents/TFG/Project/3_multiplicacion_acelerada/matrix_hls/matrix_hls/hls/.autopilot/db/be_messages.xml 
Execute     ap_part_info -name xc7z010-clg400-1 -data info 
Command     ap_part_info done; 0.161 sec.
INFO-FLOW: run_clang matrix_mult.cpp.xilinx-performance-pragma-detector exec: D:/2025.2/Vitis/win64/tools/clang-16/bin/xilinx-performance-pragma-detector matrix_mult.cpp -- -fhls -D__VITIS_HLS__ -DAESL_SYN -D__SYNTHESIS__ -D__HLS_SYN__ -I D:/2025.2/Vitis/common/technology/autopilot -I D:/2025.2/Vitis/common/technology/autopilot/ap_sysc -include etc/autopilot_ssdm_op.h -D__DSP48E1__ -target fpga64-xilinx-mingw32 --sysroot D:/2025.2/Vitis/tps/mingw/8.3.0/win64.o/nt {-hls-platform-db-name=D:/2025.2/Vitis\common/technology\xilinx/common/platform.db} -hls-platform-name=zynq_slow -device-resource-info=BRAM_120.000000_DSP_80.000000_FF_35200.000000_LUT_17600.000000_SLICE_4400.000000_URAM_0.000000 -device-name-info=xc7z010clg400-1 > C:/Users/Andy/Documents/TFG/Project/3_multiplicacion_acelerada/matrix_hls/matrix_hls/hls/.autopilot/db/matrix_mult.cpp.xilinx-performance-pragma-detector.out.log 2> C:/Users/Andy/Documents/TFG/Project/3_multiplicacion_acelerada/matrix_hls/matrix_hls/hls/.autopilot/db/matrix_mult.cpp.xilinx-performance-pragma-detector.err.log
INFO-FLOW: run_clang result=success num-err-msgs=0 num-stderr-lines=1
Execute     elaborate -effort=medium -skip_syncheck=0 -keep_printf=0 -skip_cdt=0 -skip_transform=0 -ng=0 -g=0 -from_csynth_design=1 
INFO: [HLS 200-111] Finished File checks and directory preparation: CPU user time: 4 seconds. CPU system time: 4 seconds. Elapsed time: 29.907 seconds; current allocated memory: 147.469 MB.
Execute       send_msg_by_id INFO @200-2191@%s%s C-Synthesis clang-16 
INFO: [HLS 200-2191] C-Synthesis will use clang-16 as the compiler
Execute       set_directive_top matrix_mult -name=matrix_mult 
INFO: [HLS 200-10] Analyzing design file 'matrix_mult.cpp' ... 
INFO-FLOW: Compiling one TU...
INFO-FLOW: Handling matrix_mult.cpp as C++
Execute       ap_part_info -name xc7z010-clg400-1 -data info 
INFO-FLOW: Running: GCC PP 39
INFO-FLOW: Source preprocessing
INFO-FLOW: run_clang matrix_mult.cpp.clang exec: D:/2025.2/Vitis/win64/tools/clang-16/bin/clang matrix_mult.cpp -foptimization-record-file=C:/Users/Andy/Documents/TFG/Project/3_multiplicacion_acelerada/matrix_hls/matrix_hls/hls/.autopilot/db/matrix_mult.cpp.clang.diag.yml -mllvm -pass-remarks-missed=reflow|pasta|unroll|inline -mllvm -pass-remarks=reflow|pasta|unroll|inline -fno-limit-debug-info --sysroot D:/2025.2/Vitis/tps/mingw/8.3.0/win64.o/nt -fhls -fno-exceptions -insert-hls-directive=C:/Users/Andy/Documents/TFG/Project/3_multiplicacion_acelerada/matrix_hls/matrix_hls/hls/.autopilot/db/all.directive.json -hls-directive-location -E -fno-math-errno -c -emit-llvm -mllvm -disable-llvm-optzns -Xclang -no-opaque-pointers -Xclang -fmerge-all-constants -Werror=implicit-hls-streams -Werror=return-type -Wpragmas -Wunused-parameter -Wdump-hls-pragmas -Wno-error=dump-hls-pragmas -hls-clock-period=10 -fno-threadsafe-statics -fno-use-cxa-atexit -target fpga64-xilinx-mingw32 -fno-threadsafe-statics -fno-use-cxa-atexit -D__VITIS_HLS__ -DAESL_SYN -D__SYNTHESIS__ -D__HLS_SYN__ -I D:/2025.2/Vitis/common/technology/autopilot -I D:/2025.2/Vitis/common/technology/autopilot/ap_sysc -include etc/autopilot_ssdm_op.h -D__DSP48E1__ -o C:/Users/Andy/Documents/TFG/Project/3_multiplicacion_acelerada/matrix_hls/matrix_hls/hls/.autopilot/db/matrix_mult.pp.0.cpp {-hls-platform-db-name=D:/2025.2/Vitis\common/technology\xilinx/common/platform.db} -hls-platform-name=zynq_slow -device-resource-info=BRAM_120.000000_DSP_80.000000_FF_35200.000000_LUT_17600.000000_SLICE_4400.000000_URAM_0.000000 -device-name-info=xc7z010clg400-1 > C:/Users/Andy/Documents/TFG/Project/3_multiplicacion_acelerada/matrix_hls/matrix_hls/hls/.autopilot/db/matrix_mult.cpp.clang.out.log 2> C:/Users/Andy/Documents/TFG/Project/3_multiplicacion_acelerada/matrix_hls/matrix_hls/hls/.autopilot/db/matrix_mult.cpp.clang.err.log
INFO-FLOW: run_clang result=success num-err-msgs=0 num-stderr-lines=0
INFO-FLOW: Done: GCC PP 39 time: 1.7 seconds 
INFO-FLOW: Source syntax check for synthesis
INFO-FLOW: run_clang clang exec: D:/2025.2/Vitis/win64/tools/clang-16/bin/clang -foptimization-record-file=C:/Users/Andy/Documents/TFG/Project/3_multiplicacion_acelerada/matrix_hls/matrix_hls/hls/.autopilot/db/clang.diag.yml -mllvm -pass-remarks-missed=reflow|pasta|unroll|inline -mllvm -pass-remarks=reflow|pasta|unroll|inline -fsyntax-only -fhls -target fpga64-xilinx-linux-gnu C:/Users/Andy/Documents/TFG/Project/3_multiplicacion_acelerada/matrix_hls/matrix_hls/hls/.autopilot/db/matrix_mult.pp.0.cpp {-hls-platform-db-name=D:/2025.2/Vitis\common/technology\xilinx/common/platform.db} -hls-platform-name=zynq_slow -device-resource-info=BRAM_120.000000_DSP_80.000000_FF_35200.000000_LUT_17600.000000_SLICE_4400.000000_URAM_0.000000 -device-name-info=xc7z010clg400-1 > C:/Users/Andy/Documents/TFG/Project/3_multiplicacion_acelerada/matrix_hls/matrix_hls/hls/.autopilot/db/clang.out.log 2> C:/Users/Andy/Documents/TFG/Project/3_multiplicacion_acelerada/matrix_hls/matrix_hls/hls/.autopilot/db/clang.err.log
INFO-FLOW: run_clang result=success num-err-msgs=0 num-stderr-lines=0
Execute       clang_tidy xilinx-systemc-detector -desc systemc-detector C:/Users/Andy/Documents/TFG/Project/3_multiplicacion_acelerada/matrix_hls/matrix_hls/hls/.autopilot/db/matrix_mult.pp.0.cpp  -target fpga -directive=C:/Users/Andy/Documents/TFG/Project/3_multiplicacion_acelerada/matrix_hls/matrix_hls/hls/.autopilot/db/.systemc_flag 
INFO-FLOW: exec D:/2025.2/Vitis/win64/tools/clang-16/bin/clang-tidy -header-filter=.* --checks=-*,xilinx-systemc-detector -import-directive=C:/Users/Andy/Documents/TFG/Project/3_multiplicacion_acelerada/matrix_hls/matrix_hls/hls/.autopilot/db/.systemc_flag -fix-errors C:/Users/Andy/Documents/TFG/Project/3_multiplicacion_acelerada/matrix_hls/matrix_hls/hls/.autopilot/db/matrix_mult.pp.0.cpp -- - -target fpga -fhls -ferror-limit=0
Command       clang_tidy done; 4.024 sec.
INFO-FLOW: Running: clang-tidy CDT preprocess 39
Execute       clang_tidy xilinx-directive2pragma -desc directive2pragma C:/Users/Andy/Documents/TFG/Project/3_multiplicacion_acelerada/matrix_hls/matrix_hls/hls/.autopilot/db/matrix_mult.pp.0.cpp  -target fpga -directive=C:/Users/Andy/Documents/TFG/Project/3_multiplicacion_acelerada/matrix_hls/matrix_hls/hls/.autopilot/db/all.directive.json 
INFO-FLOW: exec D:/2025.2/Vitis/win64/tools/clang-16/bin/clang-tidy -header-filter=.* --checks=-*,xilinx-directive2pragma -import-directive=C:/Users/Andy/Documents/TFG/Project/3_multiplicacion_acelerada/matrix_hls/matrix_hls/hls/.autopilot/db/all.directive.json -fix-errors C:/Users/Andy/Documents/TFG/Project/3_multiplicacion_acelerada/matrix_hls/matrix_hls/hls/.autopilot/db/matrix_mult.pp.0.cpp -- - -target fpga -fhls -ferror-limit=0
Command       clang_tidy done; 5.267 sec.
INFO-FLOW: Done: clang-tidy CDT preprocess 39 time: 5.3 seconds 
INFO-FLOW: Calling xilinx-label-all-loops ... 
INFO-FLOW: Calling xilinx-aggregate-on-hls-vector ... 
Execute       clang_tidy -errorcheck -desc loop-label xilinx-label-all-loops,xilinx-aggregate-on-hls-vector,,xilinx-warn-mayneed-no-ctor-attribute C:/Users/Andy/Documents/TFG/Project/3_multiplicacion_acelerada/matrix_hls/matrix_hls/hls/.autopilot/db/matrix_mult.pp.0.cpp  -target fpga 
INFO-FLOW: run_clang loop-label exec: D:/2025.2/Vitis/win64/tools/clang-16/bin/clang-tidy -export-fixes=C:/Users/Andy/Documents/TFG/Project/3_multiplicacion_acelerada/matrix_hls/matrix_hls/hls/.autopilot/db/matrix_mult.pp.0.cpp.clang-tidy.loop-label.diag.yml -header-filter=.* --checks=-*,xilinx-label-all-loops,xilinx-aggregate-on-hls-vector,,xilinx-warn-mayneed-no-ctor-attribute -fix-errors C:/Users/Andy/Documents/TFG/Project/3_multiplicacion_acelerada/matrix_hls/matrix_hls/hls/.autopilot/db/matrix_mult.pp.0.cpp -- - -target fpga -fhls -ferror-limit=0 > C:/Users/Andy/Documents/TFG/Project/3_multiplicacion_acelerada/matrix_hls/matrix_hls/hls/.autopilot/db/matrix_mult.pp.0.cpp.clang-tidy.loop-label.out.log 2> C:/Users/Andy/Documents/TFG/Project/3_multiplicacion_acelerada/matrix_hls/matrix_hls/hls/.autopilot/db/matrix_mult.pp.0.cpp.clang-tidy.loop-label.err.log
Execute         source D:/2025.2/Vitis/tps/tcl/tcllib2.0/yaml/yaml.tcl 
Execute           source D:/2025.2/Vitis/tps/tcl/tcllib2.0/cmdline/cmdline.tcl 
Command         ap_source done; 0.103 sec.
INFO-FLOW: run_clang result=success num-err-msgs=0 num-stderr-lines=68
Command       clang_tidy done; 6.777 sec.
INFO-FLOW: run_clang matrix_mult.pp.0.cpp.xilinx-dataflow-lawyer exec: D:/2025.2/Vitis/win64/tools/clang-16/bin/xilinx-dataflow-lawyer -export-fixes=C:/Users/Andy/Documents/TFG/Project/3_multiplicacion_acelerada/matrix_hls/matrix_hls/hls/.autopilot/db/matrix_mult.pp.0.cpp.xilinx-dataflow-lawyer.diag.yml C:/Users/Andy/Documents/TFG/Project/3_multiplicacion_acelerada/matrix_hls/matrix_hls/hls/.autopilot/db/matrix_mult.pp.0.cpp -- - -target fpga -fhls -ferror-limit=0 -fstrict-dataflow > C:/Users/Andy/Documents/TFG/Project/3_multiplicacion_acelerada/matrix_hls/matrix_hls/hls/.autopilot/db/matrix_mult.pp.0.cpp.xilinx-dataflow-lawyer.out.log 2> C:/Users/Andy/Documents/TFG/Project/3_multiplicacion_acelerada/matrix_hls/matrix_hls/hls/.autopilot/db/matrix_mult.pp.0.cpp.xilinx-dataflow-lawyer.err.log
INFO-FLOW: run_clang result=success num-err-msgs=0 num-stderr-lines=0
Execute       ap_part_info -name xc7z010-clg400-1 -data info 
INFO-FLOW: compiling source code to llvm bc
INFO-FLOW: run_clang matrix_mult.pp.0.cpp.clang exec: D:/2025.2/Vitis/win64/tools/clang-16/bin/clang -foptimization-record-file=C:/Users/Andy/Documents/TFG/Project/3_multiplicacion_acelerada/matrix_hls/matrix_hls/hls/.autopilot/db/matrix_mult.pp.0.cpp.clang.diag.yml -mllvm -pass-remarks-missed=reflow|pasta|unroll|inline -mllvm -pass-remarks=reflow|pasta|unroll|inline -flto -fno-exceptions -Wno-error=c++11-narrowing -fno-limit-debug-info -fhls -hls-emit-hint-scope C:/Users/Andy/Documents/TFG/Project/3_multiplicacion_acelerada/matrix_hls/matrix_hls/hls/.autopilot/db/matrix_mult.pp.0.cpp -fno-math-errno -c -emit-llvm -mllvm -disable-llvm-optzns -Xclang -no-opaque-pointers -Xclang -fmerge-all-constants -Werror=implicit-hls-streams -Werror=return-type -Wpragmas -Wunused-parameter -Wdump-hls-pragmas -Wno-error=dump-hls-pragmas -hls-clock-period=10 -fno-threadsafe-statics -fno-use-cxa-atexit -target fpga64-xilinx-linux-gnu -D__VITIS_HLS__ -DAESL_SYN -D__SYNTHESIS__ -D__HLS_SYN__ -I D:/2025.2/Vitis/common/technology/autopilot -I D:/2025.2/Vitis/common/technology/autopilot/ap_sysc -include etc/autopilot_ssdm_op.h -D__DSP48E1__ -g -o C:/Users/Andy/Documents/TFG/Project/3_multiplicacion_acelerada/matrix_hls/matrix_hls/hls/.autopilot/db/matrix_mult.pre.g.bc {-hls-platform-db-name=D:/2025.2/Vitis\common/technology\xilinx/common/platform.db} -hls-platform-name=zynq_slow -device-resource-info=BRAM_120.000000_DSP_80.000000_FF_35200.000000_LUT_17600.000000_SLICE_4400.000000_URAM_0.000000 -device-name-info=xc7z010clg400-1 > C:/Users/Andy/Documents/TFG/Project/3_multiplicacion_acelerada/matrix_hls/matrix_hls/hls/.autopilot/db/matrix_mult.pp.0.cpp.clang.out.log 2> C:/Users/Andy/Documents/TFG/Project/3_multiplicacion_acelerada/matrix_hls/matrix_hls/hls/.autopilot/db/matrix_mult.pp.0.cpp.clang.err.log
INFO-FLOW: run_clang result=success num-err-msgs=0 num-stderr-lines=0
INFO-FLOW: converting llvm 16.0.4 bc to downstrem bc
INFO-FLOW: run_clang matrix_mult.bc.llvm-converter exec: D:/2025.2/Vitis/win64/tools/clang-16/bin/llvm-converter -opaque-pointers=0 C:/Users/Andy/Documents/TFG/Project/3_multiplicacion_acelerada/matrix_hls/matrix_hls/hls/.autopilot/db/matrix_mult.pre.g.bc -o C:/Users/Andy/Documents/TFG/Project/3_multiplicacion_acelerada/matrix_hls/matrix_hls/hls/.autopilot/db/matrix_mult.bc > C:/Users/Andy/Documents/TFG/Project/3_multiplicacion_acelerada/matrix_hls/matrix_hls/hls/.autopilot/db/matrix_mult.bc.llvm-converter.out.log 2> C:/Users/Andy/Documents/TFG/Project/3_multiplicacion_acelerada/matrix_hls/matrix_hls/hls/.autopilot/db/matrix_mult.bc.llvm-converter.err.log
INFO-FLOW: run_clang result=success num-err-msgs=0 num-stderr-lines=0
INFO: [HLS 200-111] Finished Source Code Analysis and Preprocessing: CPU user time: 0 seconds. CPU system time: 0 seconds. Elapsed time: 30.873 seconds; current allocated memory: 149.738 MB.
INFO-FLOW: Linking Debug ...
INFO-FLOW: Linking dut bc code.
Execute       run_link_or_opt -out C:/Users/Andy/Documents/TFG/Project/3_multiplicacion_acelerada/matrix_hls/matrix_hls/hls/.autopilot/db/a.g.ld.0.bc -args C:/Users/Andy/Documents/TFG/Project/3_multiplicacion_acelerada/matrix_hls/matrix_hls/hls/.autopilot/db/matrix_mult.bc 
INFO-FLOW: run_clang a.g.ld.0.bc.llvm-link exec: D:/2025.2/Vitis/win64/tools/clang-3.9-csynth/bin/llvm-link C:/Users/Andy/Documents/TFG/Project/3_multiplicacion_acelerada/matrix_hls/matrix_hls/hls/.autopilot/db/matrix_mult.bc -o C:/Users/Andy/Documents/TFG/Project/3_multiplicacion_acelerada/matrix_hls/matrix_hls/hls/.autopilot/db/a.g.ld.0.bc > C:/Users/Andy/Documents/TFG/Project/3_multiplicacion_acelerada/matrix_hls/matrix_hls/hls/.autopilot/db/a.g.ld.0.bc.llvm-link.out.log 2> C:/Users/Andy/Documents/TFG/Project/3_multiplicacion_acelerada/matrix_hls/matrix_hls/hls/.autopilot/db/a.g.ld.0.bc.llvm-link.err.log
INFO-FLOW: run_clang result=success num-err-msgs=0 num-stderr-lines=0
Command       run_link_or_opt done; 0.514 sec.
Execute       run_link_or_opt -opt -out C:/Users/Andy/Documents/TFG/Project/3_multiplicacion_acelerada/matrix_hls/matrix_hls/hls/.autopilot/db/a.g.ld.1.lower.bc -args C:/Users/Andy/Documents/TFG/Project/3_multiplicacion_acelerada/matrix_hls/matrix_hls/hls/.autopilot/db/a.g.ld.0.bc -reflow-lower-math-intrinsics 
INFO-FLOW: run_clang a.g.ld.1.lower.bc.opt exec: D:/2025.2/Vitis/win64/tools/clang-3.9-csynth/bin/opt -pass-remarks-missed=reflow|pasta|unroll|inline -pass-remarks=reflow|pasta|unroll|inline -pass-remarks-output=C:/Users/Andy/Documents/TFG/Project/3_multiplicacion_acelerada/matrix_hls/matrix_hls/hls/.autopilot/db/a.g.ld.1.lower.bc.opt.diag.yml C:/Users/Andy/Documents/TFG/Project/3_multiplicacion_acelerada/matrix_hls/matrix_hls/hls/.autopilot/db/a.g.ld.0.bc -reflow-lower-math-intrinsics -o C:/Users/Andy/Documents/TFG/Project/3_multiplicacion_acelerada/matrix_hls/matrix_hls/hls/.autopilot/db/a.g.ld.1.lower.bc > C:/Users/Andy/Documents/TFG/Project/3_multiplicacion_acelerada/matrix_hls/matrix_hls/hls/.autopilot/db/a.g.ld.1.lower.bc.opt.out.log 2> C:/Users/Andy/Documents/TFG/Project/3_multiplicacion_acelerada/matrix_hls/matrix_hls/hls/.autopilot/db/a.g.ld.1.lower.bc.opt.err.log
INFO-FLOW: run_clang result=success num-err-msgs=0 num-stderr-lines=0
INFO-FLOW: Running: gen_design_size_report post-opt
INFO-FLOW: Done: gen_design_size_report post-opt time: 0 seconds 
Command       run_link_or_opt done; 0.245 sec.
INFO-FLOW: Linking math bc lib
Execute       run_link_or_opt -out C:/Users/Andy/Documents/TFG/Project/3_multiplicacion_acelerada/matrix_hls/matrix_hls/hls/.autopilot/db/a.g.ld.2.m1.bc -args C:/Users/Andy/Documents/TFG/Project/3_multiplicacion_acelerada/matrix_hls/matrix_hls/hls/.autopilot/db/a.g.ld.1.lower.bc -only-needed D:/2025.2/Vitis/win64/lib/libhlsm_39.bc D:/2025.2/Vitis/win64/lib/libhlsmc++_39.bc 
INFO-FLOW: run_clang a.g.ld.2.m1.bc.llvm-link exec: D:/2025.2/Vitis/win64/tools/clang-3.9-csynth/bin/llvm-link C:/Users/Andy/Documents/TFG/Project/3_multiplicacion_acelerada/matrix_hls/matrix_hls/hls/.autopilot/db/a.g.ld.1.lower.bc -only-needed D:/2025.2/Vitis/win64/lib/libhlsm_39.bc D:/2025.2/Vitis/win64/lib/libhlsmc++_39.bc -o C:/Users/Andy/Documents/TFG/Project/3_multiplicacion_acelerada/matrix_hls/matrix_hls/hls/.autopilot/db/a.g.ld.2.m1.bc > C:/Users/Andy/Documents/TFG/Project/3_multiplicacion_acelerada/matrix_hls/matrix_hls/hls/.autopilot/db/a.g.ld.2.m1.bc.llvm-link.out.log 2> C:/Users/Andy/Documents/TFG/Project/3_multiplicacion_acelerada/matrix_hls/matrix_hls/hls/.autopilot/db/a.g.ld.2.m1.bc.llvm-link.err.log
INFO-FLOW: run_clang result=success num-err-msgs=0 num-stderr-lines=0
Command       run_link_or_opt done; 9.004 sec.
Execute       run_link_or_opt -opt -out C:/Users/Andy/Documents/TFG/Project/3_multiplicacion_acelerada/matrix_hls/matrix_hls/hls/.autopilot/db/a.g.ld.3.fpc.bc -args C:/Users/Andy/Documents/TFG/Project/3_multiplicacion_acelerada/matrix_hls/matrix_hls/hls/.autopilot/db/a.g.ld.2.m1.bc -reflow-globaldce -hls-top-function-name=matrix_mult -reflow-float-conversion 
INFO-FLOW: run_clang a.g.ld.3.fpc.bc.opt exec: D:/2025.2/Vitis/win64/tools/clang-3.9-csynth/bin/opt -pass-remarks-missed=reflow|pasta|unroll|inline -pass-remarks=reflow|pasta|unroll|inline -pass-remarks-output=C:/Users/Andy/Documents/TFG/Project/3_multiplicacion_acelerada/matrix_hls/matrix_hls/hls/.autopilot/db/a.g.ld.3.fpc.bc.opt.diag.yml C:/Users/Andy/Documents/TFG/Project/3_multiplicacion_acelerada/matrix_hls/matrix_hls/hls/.autopilot/db/a.g.ld.2.m1.bc -reflow-globaldce -hls-top-function-name=matrix_mult -reflow-float-conversion -o C:/Users/Andy/Documents/TFG/Project/3_multiplicacion_acelerada/matrix_hls/matrix_hls/hls/.autopilot/db/a.g.ld.3.fpc.bc > C:/Users/Andy/Documents/TFG/Project/3_multiplicacion_acelerada/matrix_hls/matrix_hls/hls/.autopilot/db/a.g.ld.3.fpc.bc.opt.out.log 2> C:/Users/Andy/Documents/TFG/Project/3_multiplicacion_acelerada/matrix_hls/matrix_hls/hls/.autopilot/db/a.g.ld.3.fpc.bc.opt.err.log
INFO-FLOW: run_clang result=success num-err-msgs=0 num-stderr-lines=0
INFO-FLOW: Running: gen_design_size_report post-opt
INFO-FLOW: Done: gen_design_size_report post-opt time: 0 seconds 
Command       run_link_or_opt done; 2.62 sec.
Execute       run_link_or_opt -out C:/Users/Andy/Documents/TFG/Project/3_multiplicacion_acelerada/matrix_hls/matrix_hls/hls/.autopilot/db/a.g.ld.4.m2.bc -args C:/Users/Andy/Documents/TFG/Project/3_multiplicacion_acelerada/matrix_hls/matrix_hls/hls/.autopilot/db/a.g.ld.3.fpc.bc -only-needed D:/2025.2/Vitis/win64/lib/libfloatconversion_39.bc 
INFO-FLOW: run_clang a.g.ld.4.m2.bc.llvm-link exec: D:/2025.2/Vitis/win64/tools/clang-3.9-csynth/bin/llvm-link C:/Users/Andy/Documents/TFG/Project/3_multiplicacion_acelerada/matrix_hls/matrix_hls/hls/.autopilot/db/a.g.ld.3.fpc.bc -only-needed D:/2025.2/Vitis/win64/lib/libfloatconversion_39.bc -o C:/Users/Andy/Documents/TFG/Project/3_multiplicacion_acelerada/matrix_hls/matrix_hls/hls/.autopilot/db/a.g.ld.4.m2.bc > C:/Users/Andy/Documents/TFG/Project/3_multiplicacion_acelerada/matrix_hls/matrix_hls/hls/.autopilot/db/a.g.ld.4.m2.bc.llvm-link.out.log 2> C:/Users/Andy/Documents/TFG/Project/3_multiplicacion_acelerada/matrix_hls/matrix_hls/hls/.autopilot/db/a.g.ld.4.m2.bc.llvm-link.err.log
INFO-FLOW: run_clang result=success num-err-msgs=0 num-stderr-lines=0
Command       run_link_or_opt done; 0.16 sec.
Execute       run_link_or_opt -opt -out C:/Users/Andy/Documents/TFG/Project/3_multiplicacion_acelerada/matrix_hls/matrix_hls/hls/.autopilot/db/a.g.ld.5.gdce.bc -args C:/Users/Andy/Documents/TFG/Project/3_multiplicacion_acelerada/matrix_hls/matrix_hls/hls/.autopilot/db/a.g.ld.4.m2.bc -reflow-globaldce -hls-top-function-name=matrix_mult 
INFO-FLOW: run_clang a.g.ld.5.gdce.bc.opt exec: D:/2025.2/Vitis/win64/tools/clang-3.9-csynth/bin/opt -pass-remarks-missed=reflow|pasta|unroll|inline -pass-remarks=reflow|pasta|unroll|inline -pass-remarks-output=C:/Users/Andy/Documents/TFG/Project/3_multiplicacion_acelerada/matrix_hls/matrix_hls/hls/.autopilot/db/a.g.ld.5.gdce.bc.opt.diag.yml C:/Users/Andy/Documents/TFG/Project/3_multiplicacion_acelerada/matrix_hls/matrix_hls/hls/.autopilot/db/a.g.ld.4.m2.bc -reflow-globaldce -hls-top-function-name=matrix_mult -o C:/Users/Andy/Documents/TFG/Project/3_multiplicacion_acelerada/matrix_hls/matrix_hls/hls/.autopilot/db/a.g.ld.5.gdce.bc > C:/Users/Andy/Documents/TFG/Project/3_multiplicacion_acelerada/matrix_hls/matrix_hls/hls/.autopilot/db/a.g.ld.5.gdce.bc.opt.out.log 2> C:/Users/Andy/Documents/TFG/Project/3_multiplicacion_acelerada/matrix_hls/matrix_hls/hls/.autopilot/db/a.g.ld.5.gdce.bc.opt.err.log
INFO-FLOW: run_clang result=success num-err-msgs=0 num-stderr-lines=0
INFO-FLOW: Running: gen_design_size_report post-opt
INFO-FLOW: Done: gen_design_size_report post-opt time: 0 seconds 
Command       run_link_or_opt done; 0.147 sec.
Execute       send_msg_by_id INFO @200-777@%s Vivado 
INFO: [HLS 200-777] Using interface defaults for 'Vivado' flow target.
Execute       is_m_axi_addr64 
INFO-FLOW: Doing LTO.
INFO-FLOW: run_clang reflow (background poll_ms 5000) exec: D:/2025.2/Vitis/win64/tools/clang-3.9-csynth/bin/clang -foptimization-record-file=C:/Users/Andy/Documents/TFG/Project/3_multiplicacion_acelerada/matrix_hls/matrix_hls/hls/.autopilot/db/a.g.ld.0.bc.clang.reflow.diag.yml -mllvm -pass-remarks-missed=reflow|pasta|unroll|inline -mllvm -pass-remarks=reflow|pasta|unroll|inline -fhls -mllvm -hls-top-function-name=matrix_mult -mllvm -hls-db-dir -mllvm C:/Users/Andy/Documents/TFG/Project/3_multiplicacion_acelerada/matrix_hls/matrix_hls/hls/.autopilot/db -emit-llvm -c -target fpga64-xilinx-none -mllvm -xcl-xmlinfo=C:/Users/Andy/Documents/TFG/Project/3_multiplicacion_acelerada/matrix_hls/matrix_hls/hls/.autopilot/db/kernel.internal.xml -mllvm -top-io-mapping-info=C:/Users/Andy/Documents/TFG/Project/3_multiplicacion_acelerada/matrix_hls/matrix_hls/hls/.autopilot/db/top-io-fe.xml -mllvm -hls-bitcode-version=3.1 -mllvm -reflow-enable-slave-interface-default-setting=true -mllvm -gen-kernel-xml=false -mllvm -default-maxi-offset=slave -mllvm -reflow-unroll-size-threshold=10000 -mllvm -reflow-unroll-cost-threshold=1000000 -mllvm -maxi-latency=0 -mllvm -hls-maxi-data-size-in-bits=8 -mllvm -hls-maxi-max-data-size-in-bits=1024 -mllvm -hls-max-widen-size-in-bits=0 -mllvm -xcl-kernel-max-mem-ports=0 -mllvm -maxi-read-trans=16 -mllvm -maxi-write-trans=16 -mllvm -maxi-read-burst-len=16 -mllvm -maxi-write-burst-len=16 -mllvm -reflow-enable-saxi-64bits=0 -mllvm -reflow-basic-block-instr-threshold=200000 -mllvm -reflow-auto-pipeline-threshold=64 -mllvm -reflow-enable-maxi-auto-id-channel=0 -mllvm -reflow-bdd-simplify-threshold=1048576 -mllvm -reflow-fanout-threshold=16 -mllvm -reflow-force-aggressive-unroll=0 -mllvm -reflow-aggressive-unroll-adjust-factor=1.000000 -mllvm -reflow-complete-threshold=4 -mllvm -reflow-array-promotion-threshold=64 -mllvm -reflow-enable-critical-path-for-performance=1 -mllvm -assume-maxi-align=1 -mllvm -reflow-enable-dataflow-strict-mode-checking=1 -ftime-report -mllvm -time-passes -mllvm -reflow-auto-array-partition-mode=default -mllvm -reflow-enable-auto-small-array-partition=true -mllvm -reflow-enable-auto-array-promotion=true -mllvm -reflow-enable-auto-array-partition-for-flatten=true -mllvm -reflow-enable-auto-parallel-performance-driven=true -mllvm -reflow-enable-partition-for-automation=true -mllvm -reflow-aggregate-bitwidth-threshold=4096 -mllvm -reflow-reserved-saxilite-registers=0 -mllvm -enable-reflow-auto-loop-pipeline -mllvm -reflow-max-unroll-threshold=409600 -mllvm -auto-unroll-tripcount-threshold=0 -mllvm -reflow-assume-no-address-wrap=true -mllvm -reflow-enable-occurrence-inference=true -mllvm -reflow-emit-hint-scope=true -mllvm -reflow-enable-codegen-with-if=true -mllvm -reflow-enable-dataflow-canon=true -mllvm -reflow-enable-dataflow-canon2=true -mllvm -reflow-dump-extra-complexity-metric=true -mllvm -reflow-enable-dse-loop-nest-extraction=false -mllvm -hls -mllvm -disable-inlined-alloca-merging=true -mllvm -default-clock-period=10 -mllvm -use_read_first_ram_in_loop=1 -mllvm -default-clock-uncertainty=2.7 -x ir C:/Users/Andy/Documents/TFG/Project/3_multiplicacion_acelerada/matrix_hls/matrix_hls/hls/.autopilot/db/a.g.ld.5.gdce.bc -o C:/Users/Andy/Documents/TFG/Project/3_multiplicacion_acelerada/matrix_hls/matrix_hls/hls/.autopilot/db/a.g.lto.bc {-hls-platform-db-name=D:/2025.2/Vitis\common/technology\xilinx/common/platform.db} -hls-platform-name=zynq_slow -device-resource-info=BRAM_120.000000_DSP_80.000000_FF_35200.000000_LUT_17600.000000_SLICE_4400.000000_URAM_0.000000 -device-name-info=xc7z010clg400-1 2> C:/Users/Andy/Documents/TFG/Project/3_multiplicacion_acelerada/matrix_hls/matrix_hls/hls/.autopilot/db/a.g.ld.0.bc.clang.reflow.err.log bg_poll_cmd: ::AP::poll_clang_39_closed_source
Execute       send_msg_by_id INFO @200-1995@%s%s%s 1,013 Compile/Link (C:/Users/Andy/Documents/TFG/Project/3_multiplicacion_acelerada/matrix_hls/matrix_hls/hls/syn/report/csynth_design_size.rpt:2) 
INFO: [HLS 200-1995] There were 1,013 instructions in the design after the 'Compile/Link' phase of compilation. See the Design Size Report for more details (C:/Users/Andy/Documents/TFG/Project/3_multiplicacion_acelerada/matrix_hls/matrix_hls/hls/syn/report/csynth_design_size.rpt:2)
Execute       send_msg_by_id INFO @200-1995@%s%s%s 503 Unroll/Inline (step 1) (C:/Users/Andy/Documents/TFG/Project/3_multiplicacion_acelerada/matrix_hls/matrix_hls/hls/syn/report/csynth_design_size.rpt:2) 
INFO: [HLS 200-1995] There were 503 instructions in the design after the 'Unroll/Inline (step 1)' phase of compilation. See the Design Size Report for more details (C:/Users/Andy/Documents/TFG/Project/3_multiplicacion_acelerada/matrix_hls/matrix_hls/hls/syn/report/csynth_design_size.rpt:2)
Execute       send_msg_by_id INFO @200-1995@%s%s%s 441 Unroll/Inline (step 2) (C:/Users/Andy/Documents/TFG/Project/3_multiplicacion_acelerada/matrix_hls/matrix_hls/hls/syn/report/csynth_design_size.rpt:2) 
INFO: [HLS 200-1995] There were 441 instructions in the design after the 'Unroll/Inline (step 2)' phase of compilation. See the Design Size Report for more details (C:/Users/Andy/Documents/TFG/Project/3_multiplicacion_acelerada/matrix_hls/matrix_hls/hls/syn/report/csynth_design_size.rpt:2)
Execute       send_msg_by_id INFO @200-1995@%s%s%s 427 Unroll/Inline (step 3) (C:/Users/Andy/Documents/TFG/Project/3_multiplicacion_acelerada/matrix_hls/matrix_hls/hls/syn/report/csynth_design_size.rpt:2) 
INFO: [HLS 200-1995] There were 427 instructions in the design after the 'Unroll/Inline (step 3)' phase of compilation. See the Design Size Report for more details (C:/Users/Andy/Documents/TFG/Project/3_multiplicacion_acelerada/matrix_hls/matrix_hls/hls/syn/report/csynth_design_size.rpt:2)
Execute       send_msg_by_id INFO @200-1995@%s%s%s 393 Unroll/Inline (step 4) (C:/Users/Andy/Documents/TFG/Project/3_multiplicacion_acelerada/matrix_hls/matrix_hls/hls/syn/report/csynth_design_size.rpt:2) 
INFO: [HLS 200-1995] There were 393 instructions in the design after the 'Unroll/Inline (step 4)' phase of compilation. See the Design Size Report for more details (C:/Users/Andy/Documents/TFG/Project/3_multiplicacion_acelerada/matrix_hls/matrix_hls/hls/syn/report/csynth_design_size.rpt:2)
Execute       send_msg_by_id INFO @200-1995@%s%s%s 393 Array/Struct (step 1) (C:/Users/Andy/Documents/TFG/Project/3_multiplicacion_acelerada/matrix_hls/matrix_hls/hls/syn/report/csynth_design_size.rpt:2) 
INFO: [HLS 200-1995] There were 393 instructions in the design after the 'Array/Struct (step 1)' phase of compilation. See the Design Size Report for more details (C:/Users/Andy/Documents/TFG/Project/3_multiplicacion_acelerada/matrix_hls/matrix_hls/hls/syn/report/csynth_design_size.rpt:2)
Execute       send_msg_by_id INFO @200-1995@%s%s%s 393 Array/Struct (step 2) (C:/Users/Andy/Documents/TFG/Project/3_multiplicacion_acelerada/matrix_hls/matrix_hls/hls/syn/report/csynth_design_size.rpt:2) 
INFO: [HLS 200-1995] There were 393 instructions in the design after the 'Array/Struct (step 2)' phase of compilation. See the Design Size Report for more details (C:/Users/Andy/Documents/TFG/Project/3_multiplicacion_acelerada/matrix_hls/matrix_hls/hls/syn/report/csynth_design_size.rpt:2)
Execute       send_msg_by_id INFO @200-1995@%s%s%s 393 Array/Struct (step 3) (C:/Users/Andy/Documents/TFG/Project/3_multiplicacion_acelerada/matrix_hls/matrix_hls/hls/syn/report/csynth_design_size.rpt:2) 
INFO: [HLS 200-1995] There were 393 instructions in the design after the 'Array/Struct (step 3)' phase of compilation. See the Design Size Report for more details (C:/Users/Andy/Documents/TFG/Project/3_multiplicacion_acelerada/matrix_hls/matrix_hls/hls/syn/report/csynth_design_size.rpt:2)
Execute       send_msg_by_id INFO @200-1995@%s%s%s 393 Array/Struct (step 4) (C:/Users/Andy/Documents/TFG/Project/3_multiplicacion_acelerada/matrix_hls/matrix_hls/hls/syn/report/csynth_design_size.rpt:2) 
INFO: [HLS 200-1995] There were 393 instructions in the design after the 'Array/Struct (step 4)' phase of compilation. See the Design Size Report for more details (C:/Users/Andy/Documents/TFG/Project/3_multiplicacion_acelerada/matrix_hls/matrix_hls/hls/syn/report/csynth_design_size.rpt:2)
Execute       send_msg_by_id INFO @200-1995@%s%s%s 468 Array/Struct (step 5) (C:/Users/Andy/Documents/TFG/Project/3_multiplicacion_acelerada/matrix_hls/matrix_hls/hls/syn/report/csynth_design_size.rpt:2) 
INFO: [HLS 200-1995] There were 468 instructions in the design after the 'Array/Struct (step 5)' phase of compilation. See the Design Size Report for more details (C:/Users/Andy/Documents/TFG/Project/3_multiplicacion_acelerada/matrix_hls/matrix_hls/hls/syn/report/csynth_design_size.rpt:2)
Execute       send_msg_by_id INFO @200-1995@%s%s%s 466 Performance (step 1) (C:/Users/Andy/Documents/TFG/Project/3_multiplicacion_acelerada/matrix_hls/matrix_hls/hls/syn/report/csynth_design_size.rpt:2) 
INFO: [HLS 200-1995] There were 466 instructions in the design after the 'Performance (step 1)' phase of compilation. See the Design Size Report for more details (C:/Users/Andy/Documents/TFG/Project/3_multiplicacion_acelerada/matrix_hls/matrix_hls/hls/syn/report/csynth_design_size.rpt:2)
Execute       send_msg_by_id INFO @200-1995@%s%s%s 428 Performance (step 2) (C:/Users/Andy/Documents/TFG/Project/3_multiplicacion_acelerada/matrix_hls/matrix_hls/hls/syn/report/csynth_design_size.rpt:2) 
INFO: [HLS 200-1995] There were 428 instructions in the design after the 'Performance (step 2)' phase of compilation. See the Design Size Report for more details (C:/Users/Andy/Documents/TFG/Project/3_multiplicacion_acelerada/matrix_hls/matrix_hls/hls/syn/report/csynth_design_size.rpt:2)
Execute       send_msg_by_id INFO @200-1995@%s%s%s 2,851 Performance (step 3) (C:/Users/Andy/Documents/TFG/Project/3_multiplicacion_acelerada/matrix_hls/matrix_hls/hls/syn/report/csynth_design_size.rpt:2) 
INFO: [HLS 200-1995] There were 2,851 instructions in the design after the 'Performance (step 3)' phase of compilation. See the Design Size Report for more details (C:/Users/Andy/Documents/TFG/Project/3_multiplicacion_acelerada/matrix_hls/matrix_hls/hls/syn/report/csynth_design_size.rpt:2)
Execute       send_msg_by_id INFO @200-1995@%s%s%s 867 Performance (step 4) (C:/Users/Andy/Documents/TFG/Project/3_multiplicacion_acelerada/matrix_hls/matrix_hls/hls/syn/report/csynth_design_size.rpt:2) 
INFO: [HLS 200-1995] There were 867 instructions in the design after the 'Performance (step 4)' phase of compilation. See the Design Size Report for more details (C:/Users/Andy/Documents/TFG/Project/3_multiplicacion_acelerada/matrix_hls/matrix_hls/hls/syn/report/csynth_design_size.rpt:2)
Execute       send_msg_by_id INFO @200-1995@%s%s%s 846 HW Transforms (step 1) (C:/Users/Andy/Documents/TFG/Project/3_multiplicacion_acelerada/matrix_hls/matrix_hls/hls/syn/report/csynth_design_size.rpt:2) 
INFO: [HLS 200-1995] There were 846 instructions in the design after the 'HW Transforms (step 1)' phase of compilation. See the Design Size Report for more details (C:/Users/Andy/Documents/TFG/Project/3_multiplicacion_acelerada/matrix_hls/matrix_hls/hls/syn/report/csynth_design_size.rpt:2)
Command       send_msg_by_id done; 1.205 sec.
Execute       send_msg_by_id INFO @200-1995@%s%s%s 808 HW Transforms (step 2) (C:/Users/Andy/Documents/TFG/Project/3_multiplicacion_acelerada/matrix_hls/matrix_hls/hls/syn/report/csynth_design_size.rpt:2) 
INFO: [HLS 200-1995] There were 808 instructions in the design after the 'HW Transforms (step 2)' phase of compilation. See the Design Size Report for more details (C:/Users/Andy/Documents/TFG/Project/3_multiplicacion_acelerada/matrix_hls/matrix_hls/hls/syn/report/csynth_design_size.rpt:2)
INFO: [HLS 214-291] Loop 'VITIS_LOOP_43_7' is marked as complete unroll implied by the pipeline pragma (matrix_mult.cpp:43:30)
INFO: [HLS 214-186] Unrolling loop 'VITIS_LOOP_43_7' (matrix_mult.cpp:43:30) in function 'matrix_mult' completely with a factor of 32 (matrix_mult.cpp:10:0)
INFO: [HLS 214-178] Inlining function 'hls::axis<ap_uint<32>, 1ul, 1ul, 1ul, (unsigned char)56, false>::axis()' into 'matrix_mult(hls::stream<hls::axis<ap_uint<32>, 1ul, 1ul, 1ul, (unsigned char)56, false>, 0>&, hls::stream<hls::axis<ap_uint<32>, 1ul, 1ul, 1ul, (unsigned char)56, false>, 0>&)' (matrix_mult.cpp:10:0)
INFO: [HLS 214-376] Pipelining loop< VITIS_LOOP_24_2> at matrix_mult.cpp:24:26 due to pipeline_loops threshold
INFO: [HLS 214-376] Pipelining loop< VITIS_LOOP_32_4> at matrix_mult.cpp:32:26 due to pipeline_loops threshold
INFO: [HLS 214-376] Pipelining loop< VITIS_LOOP_53_9> at matrix_mult.cpp:53:26 due to pipeline_loops threshold
INFO: [HLS 214-270] Inferring pragma 'array_partition type=complete dim=2' for array 'A' due to pipeline pragma (matrix_mult.cpp:41:1)
INFO: [HLS 214-270] Inferring pragma 'array_partition type=complete dim=1' for array 'B' due to pipeline pragma (matrix_mult.cpp:41:1)
INFO: [HLS 214-248] Applying array_partition to 'A': Complete partitioning on dimension 2. (matrix_mult.cpp:18:9)
INFO: [HLS 214-248] Applying array_partition to 'B': Complete partitioning on dimension 1. (matrix_mult.cpp:19:9)
INFO-FLOW: run_clang result=success num-err-msgs=0 num-stderr-lines=32
INFO-FLOW: DBG:PUTS: copy_raw_kernel_xml ap_link_39: kernel.xml not generated: C:/Users/Andy/Documents/TFG/Project/3_multiplicacion_acelerada/matrix_hls/matrix_hls/hls/.autopilot/db/kernel.internal.xml
INFO: [HLS 200-111] Finished Compiling Optimization and Transform: CPU user time: 1 seconds. CPU system time: 0 seconds. Elapsed time: 20.588 seconds; current allocated memory: 151.711 MB.
INFO: [HLS 200-111] Finished Checking Pragmas: CPU user time: 0 seconds. CPU system time: 0 seconds. Elapsed time: 0.017 seconds; current allocated memory: 151.711 MB.
Execute       opt_and_import_c a -opt_level=2 -skip_syncheck=0 -ng=0 -keep_printf=0 
Execute         cleanup_all_models 
INFO: [HLS 200-10] Starting code transformations ...
INFO-FLOW: Running Standard Transforms...
Execute         transform -hls -share-std-xform -demangle-name -inline-byval-memcpy -always-inline -promote-dbg-pointer -interface-preproc -mem2reg -reassociate -gvn -reassociate -scalarrepl -mem2reg -keep-read-access -instcombine -dce -promote-dbg-pointer -bitop-raise -loop-simplify -indvarspre -indvars -loop-simplify -constprop -instcombine -simplifycfg -indvars -simplifycfg -dce -globaldce -basicaa -simplifycfg -mem2reg -globalopt -global-constprop -deadargelim -instcombine -simplifycfg -scalarrepl -instcombine -reassociate -licm -simplifycfg -loop-simplify -indvars -instcombine -simplifycfg -mem2reg -loop-simplify -indvars -instcombine -gvn -gvn -instcombine -adce -break-crit-edges -simplifycfg -loop-delete -global-array-opt -dce -dse -adce -find-syn-modules -top matrix_mult -deadargelim -mem2reg -instcombine -dce -presyn-prepare -interface-preproc -syn-check -check-rec-only -find-region -simplifycfg -func-extr -function-inline -globaldce -mem2reg -instcombine -dce -gvn -globaldce -adce -adse -constprop -instcombine -bit-constprop -instcombine -dce -simplifycfg -bitop-raise -simplifycfg -dce -loop-delete -reassociate -globalopt -global-privatize -mem2reg -dce -global-constprop -pointer-simplify -constprop -dce -promote-dbg-pointer -norm-name C:/Users/Andy/Documents/TFG/Project/3_multiplicacion_acelerada/matrix_hls/matrix_hls/hls/.autopilot/db/a.g.0.bc -o C:/Users/Andy/Documents/TFG/Project/3_multiplicacion_acelerada/matrix_hls/matrix_hls/hls/.autopilot/db/a.g.1.bc -f -phase std-opt 
Command         transform done; 0.245 sec.
INFO: [HLS 200-111] Finished Standard Transforms: CPU user time: 0 seconds. CPU system time: 0 seconds. Elapsed time: 0.325 seconds; current allocated memory: 157.535 MB.
INFO: [HLS 200-10] Checking synthesizability ...
INFO-FLOW: Checking Synthesizability 1/2..
Execute         transform -hls -syn-check -check-rec-only -scalarrepl -norm-name -dce -mem2reg -instcombine -directive-preproc -mem2reg -dse -dce -dce -pag -array-normalize -instcombine -dce -array-seg-normalize -instcombine -dce -data-pack -instcombine -dce -inst-simplify -array-flatten -instcombine -dce -array-burst -dce -deadargelim -promote-global-argument -simplifycfg -mem2reg -globaldce -dce -deadargelim -dce -instcombine -function-inline -globaldce -dce -doublePtrSimplify -doublePtrElim -dce -doublePtrSimplify -promote-dbg-pointer -dce -scalarrepl -dse -adse -instcombine -ptrLegalization -simplifycfg -dce -instcombine -pointer-simplify -ptrArgReplace -dce -instcombine -resolve-double-ptr -scalarrepl -norm-name -dce -mem2reg -instcombine -ptrLegalization -simplifycfg -deadargelim -instcombine -dce -inst-simplify -directive-preproc -mem2reg -dse -dce -globaldce C:/Users/Andy/Documents/TFG/Project/3_multiplicacion_acelerada/matrix_hls/matrix_hls/hls/.autopilot/db/a.g.1.bc -o C:/Users/Andy/Documents/TFG/Project/3_multiplicacion_acelerada/matrix_hls/matrix_hls/hls/.autopilot/db/a.g.2.prechk.bc -f 
Command         transform done; 0.156 sec.
INFO-FLOW: Checking Synthesizability 2/2..
Execute         transform -syn-check C:/Users/Andy/Documents/TFG/Project/3_multiplicacion_acelerada/matrix_hls/matrix_hls/hls/.autopilot/db/a.g.2.prechk.bc -o C:/Users/Andy/Documents/TFG/Project/3_multiplicacion_acelerada/matrix_hls/matrix_hls/hls/.autopilot/db/a.g.2.bc -f -phase syn-check 
INFO: [HLS 200-111] Finished Checking Synthesizability: CPU user time: 0 seconds. CPU system time: 0 seconds. Elapsed time: 0.2 seconds; current allocated memory: 159.672 MB.
INFO-FLOW: Compiler optimizing ...
INFO-FLOW: Share syncheck's 1.bc for syn flow: copy C:/Users/Andy/Documents/TFG/Project/3_multiplicacion_acelerada/matrix_hls/matrix_hls/hls/.autopilot/db/a.g.1.bc to C:/Users/Andy/Documents/TFG/Project/3_multiplicacion_acelerada/matrix_hls/matrix_hls/hls/.autopilot/db/a.o.1.bc
INFO-FLOW: Presyn 1...
Execute         transform -hls -tmp C:/Users/Andy/Documents/TFG/Project/3_multiplicacion_acelerada/matrix_hls/matrix_hls/hls/.autopilot/db -interface-port-rename -directive-preproc -mem2reg -dse -dce -scalarrepl -norm-name -deadargelim -dce -hls-dead-arg-elim -deadargelim -mem2reg -instcombine -dce -simplifycfg -dce -resource-proc -clib-intrinsic-prepare -dce -func-buffer -dce -pag -array-normalize -func-legal -instcombine -gvn -constprop -dce -simplifycfg -mem2reg -globaldce -resolve-double-ptr -dce -deadargelim -dce -instcombine -ptrArgReplace -mem2reg -dce -array-seg-normalize -deadargelim -instcombine -dce -directive-preproc -mem2reg -dse -dce -pointer-simplify -dce -dce -interface-preproc -data-pack -instcombine -dce -basicaa -aggr-aa -aggrmodref-aa -aggr-aa -gvn -gvn -basicaa -aggr-aa -aggrmodref-aa -aggr-aa -dse -adse -adce -loop-simplify -indvars -instcombine -gvn -loop-simplify -mem2reg -dce -find-region -instcombine -inst-simplify -interface-preproc -cfgopt -instcombine -indvars -loop-simplify -loop-bound -constprop -instcombine -simplifycfg -indvars -simplifycfg -dce -globaldce -clean-region -attach-range -gvn -inst-simplify -constprop -simplifycfg -dce -pointer-simplify -dce -globalopt -constprop -dce -ptrArgReplace -mem2reg -simplifycfg -dce -instcombine -dce -array-transform-check -array-reshape -instcombine -simplifycfg -dce -ptrArgReplace -deadargelim -mem2reg -instcombine -simplifycfg -dce -indvars -loop-simplify -loop-bound -constprop -instcombine -simplifycfg -indvars -simplifycfg -dce -globaldce -basicaa -aggr-aa -aggrmodref-aa -aggr-aa -dse -duplicate-dataflow-processes -globaldce -instcombine -array-partition -prepare-dynamic-array-partition -instcombine -simplifycfg -dce -ptrArgReplace -global-constprop -deadargelim -mem2reg -func-legal -dce -global-constprop -deadargelim -mem2reg -simplifycfg -dce -merge-param -deadargelim -globalopt -constprop -dce -ptrArgReplace -mem2reg -simplifycfg -dce -mem-intrinsic-preproc -dce -global-internalize -global-privatize -mem2reg -globaldce -lcssa -loop-simplify -phi-select-elim -promote-global-argument -ptrArgReplace -mem2reg -dce -globalopt -mergereturn -simplify-global-access -mem2reg -dce -pointer-simplify -dce -basicaa -aggr-aa -aggrmodref-aa -aggr-aa -functionattrs -basicaa -aggr-aa -aggrmodref-aa -aggr-aa -gvn -gvn -basicaa -aggr-aa -aggrmodref-aa -aggr-aa -dse -adse -adce -dce -norm-name -basicaa -aggr-aa -aggrmodref-aa -aggr-aa -accesses-merge -function-inline -complex-op-raise -inst-simplify -globaldce -func-legal -dce -loop-bound -arraycheck -bitwidthmin2 -bitwidthmin2 -on-by-dataflow -loop-delete -instcombine -simplifycfg -globaldce -dce -gvn -deadargelim -dce -loop-simplify -clean-region -simplifycfg -propagate-stable-arguments -instcombine -simplifycfg -dce -globaldce -duplicate-dataflow-processes -stream-intrinsic-preproc -dce -check-ap-stream -loop-simplify -eliminate-keepreads -extract-dataflow-in-loop -loop-simplify -dce -gvn -deadargelim -dse -duplicate-dataflow-processes -check-dataflow-syntax -legalize-stream-variable -globaldce -extract-subproc -global-constprop -deadargelim -globaldce -legalize-global -dce -dead-channel-elimination -canonicalize-gep -globaldce -dce -gvn -hls-dead-arg-elim -deadargelim -canonicalize-dataflow -directive-preproc -dce -globaldce -scalar-preprocessing -scalar-propagation2 -scalar-stream -deadargelim -globaldce -mem2reg -check-dataflow-channels -function-stream -dce -globaldce -prop-fifo-spec -internal-stream-gen -canonicalize-gep -globaldce -dce -gvn -deadargelim -mergereturn -indvars -loop-simplify -instcombine -array-stream -array-seg-normalize -array-partition -clean-array-spec -func-legal -instcombine -simplifycfg -dce -bundle-memfifo-ops -deadargelim -directive-preproc -mem2reg -dse -dce -group-axi-access -licm -simplifycfg -dce -loop-delete -hls-display -norm-name C:/Users/Andy/Documents/TFG/Project/3_multiplicacion_acelerada/matrix_hls/matrix_hls/hls/.autopilot/db/a.o.1.bc -o C:/Users/Andy/Documents/TFG/Project/3_multiplicacion_acelerada/matrix_hls/matrix_hls/hls/.autopilot/db/a.o.1.tmp.bc -f 
Command         transform done; 0.434 sec.
INFO-FLOW: Presyn 2...
Execute         transform -hls -keep-callgraph -scalarrepl -mem2reg -attach-range -dce -pipe-mux-gen -indvars -loop-bound -inst-simplify -instcombine -dce -merge-array-access -mem2reg -dce -clean-region -mergereturn -if-conv -instcombine -dce -constprop -basicaa -aggr-aa -aggrmodref-aa -aggr-aa -gvn -gvn -basicaa -aggr-aa -aggrmodref-aa -aggr-aa -dse -adse -adce -scalarrepl -mem2reg -global-constprop -deadargelim -deadargelim -instcombine -dce -simplifycfg -ptrArgReplace -mem2reg -function-inline -globaldce -mem2reg -instcombine -dce -expr-balance -instcombine -dce -bitwidthmin2 -bitwidthmin2 -interface-preproc -directive-preproc -inst-rectify -instcombine -dce -basicaa -aggr-aa -aggrmodref-aa -aggr-aa -functionattrs -constprop -instcombine -bit-constprop -simplify-global-access -globalopt -globaldce -inst-simplify -instcombine -elimdeaddata -dce -loop-delete -simplifycfg -loop-simplify -barrier -norm-name C:/Users/Andy/Documents/TFG/Project/3_multiplicacion_acelerada/matrix_hls/matrix_hls/hls/.autopilot/db/a.o.1.tmp.bc -o C:/Users/Andy/Documents/TFG/Project/3_multiplicacion_acelerada/matrix_hls/matrix_hls/hls/.autopilot/db/a.o.2.bc -f -phase presyn 
INFO: [XFORM 203-11] Balancing expressions in function 'matrix_mult' (matrix_mult.cpp:10:26)...31 expression(s) balanced.
Command         transform done; 0.214 sec.
INFO: [HLS 200-111] Finished Loop, function and other optimizations: CPU user time: 1 seconds. CPU system time: 0 seconds. Elapsed time: 0.677 seconds; current allocated memory: 181.867 MB.
Execute         transform -hls -auto-function-inline -globaldce -ptrArgReplace -mem2reg -dce -reset-lda -loop-simplify -indvars -aggr-aa -licm -loop-dep -loop-bound -licm -loop-simplify -loop-sink-hoist -flattenloopnest -array-flatten -gvn -instcombine -dce -array-map -dce -func-legal -gvn -adce -instcombine -cfgopt -simplifycfg-lite -loop-simplify -array-burst -promote-global-argument -dce -array-seg-normalize -basicaa -aggrmodref-aa -globalsmodref-aa -aggr-aa -gvn -gvn -basicaa -aggrmodref-aa -globalsmodref-aa -aggr-aa -dse -adse -adce -licm -inst-simplify -dce -globaldce -instcombine -array-stream -eliminate-keepreads -instcombine -dce -deadargelim -doublePtrSimplify -doublePtrElim -dce -doublePtrSimplify -promote-dbg-pointer -dce -scalarrepl -mem2reg -norm-name -mem2reg -instcombine -dse -adse -adce -ptrLegalization -dce -array-flatten -dce -instcombine -check-doubleptr -loop-rot -constprop -inst-simplify -cfgopt -simplifycfg-lite -loop-simplify -indvars -pointer-simplify -dce -loop-bound -loop-simplify -loop-preproc -constprop -global-constprop -gvn -mem2reg -instcombine -dce -loop-bound -loop-merge -dce -deadargelim -dce -canonicalize-dataflow -dce -deadargelim -globaldce -mem2reg -bram-byte-enable -inst-simplify -inst-rectify -instcombine -adce -deadargelim -load-elim -read-loop-dep -loop-simplify -loop-rewind-sink-hoist -loop-outline -hls-dead-arg-elim -directive-preproc -bitwidthmin2 -bitwidthmin2 -read-loop-dep -interface-preproc -directive-preproc -interface-gen -bram-byte-enable-spec-prop -mul2addshift -deadargelim -inst-simplify -dce -mem2reg -instcombine -gvn -dce -adse -loop-bound -instcombine -cfgopt -simplifycfg-lite -loop-simplify -clean-region -io-protocol -find-region -mem2reg -bitop-raise -complex-op-raise -inst-simplify -inst-rectify -instcombine -gvn -adce -deadargelim -float-op-raise -loop-simplify -phi-opt -bitop-raise -cfgopt -simplifycfg-lite -strip-dead-prototypes -interface-lower -bitop-lower -intrinsic-lower -auto-function-inline -basicaa -aggrmodref-aa -globalsmodref-aa -aggr-aa -inst-simplify -simplifycfg-lite -loop-simplify -mergereturn -inst-simplify -inst-rectify -globaldce -dce -load-elim -bitop-lower -float-op-raise -fma-raise -loop-rewind -pointer-simplify -dce -cfgopt -dce -loop-bound -loop-dep -read-loop-dep -dce -dyn-mem-reuse -dce -recurrence-min -dce -share-scalar-alloca -deadargelim -dce -check-stream -norm-name -legalize -inst-clarity -bitwidth -dce -validate-dataflow -dump-loop-dep-to-ir -check-all-ssdm -drop-inferred-ii -dump-complexity-metric C:/Users/Andy/Documents/TFG/Project/3_multiplicacion_acelerada/matrix_hls/matrix_hls/hls/.autopilot/db/a.o.2.bc -o C:/Users/Andy/Documents/TFG/Project/3_multiplicacion_acelerada/matrix_hls/matrix_hls/hls/.autopilot/db/a.o.3.bc -f -phase build-ssdm 
INFO: [HLS 200-2061] Successfully converted nested loops 'VITIS_LOOP_23_1'(matrix_mult.cpp:23:22) and 'VITIS_LOOP_24_2'(matrix_mult.cpp:24:26) in function 'matrix_mult' into perfectly nested loops.
INFO: [HLS 200-2061] Successfully converted nested loops 'VITIS_LOOP_31_3'(matrix_mult.cpp:31:22) and 'VITIS_LOOP_32_4'(matrix_mult.cpp:32:26) in function 'matrix_mult' into perfectly nested loops.
INFO: [HLS 200-2061] Successfully converted nested loops 'VITIS_LOOP_39_5'(matrix_mult.cpp:39:22) and 'VITIS_LOOP_40_6'(matrix_mult.cpp:40:26) in function 'matrix_mult' into perfectly nested loops.
INFO: [HLS 200-2061] Successfully converted nested loops 'VITIS_LOOP_52_8'(matrix_mult.cpp:52:22) and 'VITIS_LOOP_53_9'(matrix_mult.cpp:53:26) in function 'matrix_mult' into perfectly nested loops.
INFO: [XFORM 203-541] Flattening a loop nest 'VITIS_LOOP_23_1' (matrix_mult.cpp:23:22) in function 'matrix_mult'.
INFO: [XFORM 203-541] Flattening a loop nest 'VITIS_LOOP_31_3' (matrix_mult.cpp:31:22) in function 'matrix_mult'.
INFO: [XFORM 203-541] Flattening a loop nest 'VITIS_LOOP_39_5' (matrix_mult.cpp:39:22) in function 'matrix_mult'.
INFO: [XFORM 203-541] Flattening a loop nest 'VITIS_LOOP_52_8' (matrix_mult.cpp:52:22) in function 'matrix_mult'.
Execute           AP::auto_get_db
Command         transform done; 0.462 sec.
INFO-FLOW: Building ssdm...
Execute         transform -hls -cdfg-build C:/Users/Andy/Documents/TFG/Project/3_multiplicacion_acelerada/matrix_hls/matrix_hls/hls/.autopilot/db/a.o.3.bc -o C:/Users/Andy/Documents/TFG/Project/3_multiplicacion_acelerada/matrix_hls/matrix_hls/hls/.autopilot/db/a.o.3.bc -f -phase build-ssdm 
Command         transform done; 0.216 sec.
INFO: [HLS 200-111] Finished Architecture Synthesis: CPU user time: 0 seconds. CPU system time: 0 seconds. Elapsed time: 0.682 seconds; current allocated memory: 211.531 MB.
INFO-FLOW: Finish building internal data model.
Command       opt_and_import_c done; 1.891 sec.
Command     elaborate done; 53.426 sec.
Execute     ap_eval exec zip -j C:/Users/Andy/Documents/TFG/Project/3_multiplicacion_acelerada/matrix_hls/matrix_hls/hls/.autopilot/db/dut.hcp $dbDir/a.o.3.bc $dbDir/${topname}.rtl_wrap.cfg.tcl $dbDir/apatb_${topname}.cpp $dbDir/apatb_${topname}_util.cpp $dbDir/apatb_${topname}_ir.ll $dbDir/mapper_${topname}.cpp $dbDir/top-io-fe.xml $dbDir/kernel.internal.xml $workdir/../hls.app 
Command     ap_eval done; 0.462 sec.
INFO: [HLS 200-10] Starting hardware synthesis ...
INFO-FLOW: Synthesizing C/C++ design AP::SynTopModule=matrix_mult
INFO: [HLS 200-10] Synthesizing 'matrix_mult' ...
Execute     ap_set_top_model matrix_mult 
Execute     get_model_list matrix_mult -filter all-wo-channel -topdown 
Execute     preproc_iomode -model matrix_mult 
Execute     preproc_iomode -model matrix_mult_Pipeline_VITIS_LOOP_52_8_VITIS_LOOP_53_9 
Execute     preproc_iomode -model matrix_mult_Pipeline_VITIS_LOOP_39_5_VITIS_LOOP_40_6 
Execute     preproc_iomode -model matrix_mult_Pipeline_VITIS_LOOP_31_3_VITIS_LOOP_32_4 
Execute     preproc_iomode -model matrix_mult_Pipeline_VITIS_LOOP_23_1_VITIS_LOOP_24_2 
Execute     create_clock 
Execute       ap_set_clock -name default -period 10 -unit ns -default=false 
INFO: [SYN 201-201] Setting up clock 'default' with a period of 10ns.
Execute     get_model_list matrix_mult -filter all-wo-channel 
INFO-FLOW: Model list for configure: matrix_mult_Pipeline_VITIS_LOOP_23_1_VITIS_LOOP_24_2 matrix_mult_Pipeline_VITIS_LOOP_31_3_VITIS_LOOP_32_4 matrix_mult_Pipeline_VITIS_LOOP_39_5_VITIS_LOOP_40_6 matrix_mult_Pipeline_VITIS_LOOP_52_8_VITIS_LOOP_53_9 matrix_mult
INFO-FLOW: Configuring Module : matrix_mult_Pipeline_VITIS_LOOP_23_1_VITIS_LOOP_24_2 ...
Execute     set_default_model matrix_mult_Pipeline_VITIS_LOOP_23_1_VITIS_LOOP_24_2 
Execute     apply_spec_resource_limit matrix_mult_Pipeline_VITIS_LOOP_23_1_VITIS_LOOP_24_2 
INFO-FLOW: Configuring Module : matrix_mult_Pipeline_VITIS_LOOP_31_3_VITIS_LOOP_32_4 ...
Execute     set_default_model matrix_mult_Pipeline_VITIS_LOOP_31_3_VITIS_LOOP_32_4 
Execute     apply_spec_resource_limit matrix_mult_Pipeline_VITIS_LOOP_31_3_VITIS_LOOP_32_4 
INFO-FLOW: Configuring Module : matrix_mult_Pipeline_VITIS_LOOP_39_5_VITIS_LOOP_40_6 ...
Execute     set_default_model matrix_mult_Pipeline_VITIS_LOOP_39_5_VITIS_LOOP_40_6 
Execute     apply_spec_resource_limit matrix_mult_Pipeline_VITIS_LOOP_39_5_VITIS_LOOP_40_6 
INFO-FLOW: Configuring Module : matrix_mult_Pipeline_VITIS_LOOP_52_8_VITIS_LOOP_53_9 ...
Execute     set_default_model matrix_mult_Pipeline_VITIS_LOOP_52_8_VITIS_LOOP_53_9 
Execute     apply_spec_resource_limit matrix_mult_Pipeline_VITIS_LOOP_52_8_VITIS_LOOP_53_9 
INFO-FLOW: Configuring Module : matrix_mult ...
Execute     set_default_model matrix_mult 
Execute     apply_spec_resource_limit matrix_mult 
INFO-FLOW: Model list for preprocess: matrix_mult_Pipeline_VITIS_LOOP_23_1_VITIS_LOOP_24_2 matrix_mult_Pipeline_VITIS_LOOP_31_3_VITIS_LOOP_32_4 matrix_mult_Pipeline_VITIS_LOOP_39_5_VITIS_LOOP_40_6 matrix_mult_Pipeline_VITIS_LOOP_52_8_VITIS_LOOP_53_9 matrix_mult
INFO-FLOW: Preprocessing Module: matrix_mult_Pipeline_VITIS_LOOP_23_1_VITIS_LOOP_24_2 ...
Execute     set_default_model matrix_mult_Pipeline_VITIS_LOOP_23_1_VITIS_LOOP_24_2 
Execute     cdfg_preprocess -model matrix_mult_Pipeline_VITIS_LOOP_23_1_VITIS_LOOP_24_2 
Execute     rtl_gen_preprocess matrix_mult_Pipeline_VITIS_LOOP_23_1_VITIS_LOOP_24_2 
INFO-FLOW: Preprocessing Module: matrix_mult_Pipeline_VITIS_LOOP_31_3_VITIS_LOOP_32_4 ...
Execute     set_default_model matrix_mult_Pipeline_VITIS_LOOP_31_3_VITIS_LOOP_32_4 
Execute     cdfg_preprocess -model matrix_mult_Pipeline_VITIS_LOOP_31_3_VITIS_LOOP_32_4 
Execute     rtl_gen_preprocess matrix_mult_Pipeline_VITIS_LOOP_31_3_VITIS_LOOP_32_4 
INFO-FLOW: Preprocessing Module: matrix_mult_Pipeline_VITIS_LOOP_39_5_VITIS_LOOP_40_6 ...
Execute     set_default_model matrix_mult_Pipeline_VITIS_LOOP_39_5_VITIS_LOOP_40_6 
Execute     cdfg_preprocess -model matrix_mult_Pipeline_VITIS_LOOP_39_5_VITIS_LOOP_40_6 
Execute     rtl_gen_preprocess matrix_mult_Pipeline_VITIS_LOOP_39_5_VITIS_LOOP_40_6 
INFO-FLOW: Preprocessing Module: matrix_mult_Pipeline_VITIS_LOOP_52_8_VITIS_LOOP_53_9 ...
Execute     set_default_model matrix_mult_Pipeline_VITIS_LOOP_52_8_VITIS_LOOP_53_9 
Execute     cdfg_preprocess -model matrix_mult_Pipeline_VITIS_LOOP_52_8_VITIS_LOOP_53_9 
Execute     rtl_gen_preprocess matrix_mult_Pipeline_VITIS_LOOP_52_8_VITIS_LOOP_53_9 
INFO-FLOW: Preprocessing Module: matrix_mult ...
Execute     set_default_model matrix_mult 
Execute     cdfg_preprocess -model matrix_mult 
Execute     rtl_gen_preprocess matrix_mult 
INFO-FLOW: Model list for synthesis: matrix_mult_Pipeline_VITIS_LOOP_23_1_VITIS_LOOP_24_2 matrix_mult_Pipeline_VITIS_LOOP_31_3_VITIS_LOOP_32_4 matrix_mult_Pipeline_VITIS_LOOP_39_5_VITIS_LOOP_40_6 matrix_mult_Pipeline_VITIS_LOOP_52_8_VITIS_LOOP_53_9 matrix_mult
INFO: [HLS 200-10] ----------------------------------------------------------------
INFO: [HLS 200-42] -- Implementing module 'matrix_mult_Pipeline_VITIS_LOOP_23_1_VITIS_LOOP_24_2' 
INFO: [HLS 200-10] ----------------------------------------------------------------
Execute     set_default_model matrix_mult_Pipeline_VITIS_LOOP_23_1_VITIS_LOOP_24_2 
Execute     schedule -model matrix_mult_Pipeline_VITIS_LOOP_23_1_VITIS_LOOP_24_2 
INFO: [SCHED 204-11] Starting scheduling ...
INFO: [SCHED 204-61] Pipelining loop 'VITIS_LOOP_23_1_VITIS_LOOP_24_2'.
INFO: [HLS 200-1470] Pipelining result : Target II = NA, Final II = 1, Depth = 3, loop 'VITIS_LOOP_23_1_VITIS_LOOP_24_2'
INFO: [SCHED 204-11] Finished scheduling.
Command     schedule done; 0.3 sec.
INFO: [HLS 200-111] Finished Scheduling: CPU user time: 0 seconds. CPU system time: 1 seconds. Elapsed time: 0.898 seconds; current allocated memory: 217.297 MB.
Execute     syn_report -verbosereport -o C:/Users/Andy/Documents/TFG/Project/3_multiplicacion_acelerada/matrix_hls/matrix_hls/hls/.autopilot/db/matrix_mult_Pipeline_VITIS_LOOP_23_1_VITIS_LOOP_24_2.verbose.sched.rpt 
Execute       list_part -family xc7z010-clg400-1 
Execute         ap_family_info -name xc7z010-clg400-1 -data names 
Execute         ap_part_info -quiet -name xc7z010-clg400-1 -data family 
Execute     db_write -o C:/Users/Andy/Documents/TFG/Project/3_multiplicacion_acelerada/matrix_hls/matrix_hls/hls/.autopilot/db/matrix_mult_Pipeline_VITIS_LOOP_23_1_VITIS_LOOP_24_2.sched.adb -f 
Command     db_write done; 0.15 sec.
INFO-FLOW: Finish scheduling matrix_mult_Pipeline_VITIS_LOOP_23_1_VITIS_LOOP_24_2.
Execute     set_default_model matrix_mult_Pipeline_VITIS_LOOP_23_1_VITIS_LOOP_24_2 
Execute     bind -model matrix_mult_Pipeline_VITIS_LOOP_23_1_VITIS_LOOP_24_2 
INFO: [BIND 205-100] Starting micro-architecture generation ...
INFO: [BIND 205-101] Performing variable lifetime analysis.
INFO: [BIND 205-101] Exploring resource sharing.
INFO: [BIND 205-101] Binding ...
INFO: [BIND 205-100] Finished micro-architecture generation.
INFO: [HLS 200-111] Finished Binding: CPU user time: 0 seconds. CPU system time: 0 seconds. Elapsed time: 0.264 seconds; current allocated memory: 218.414 MB.
Execute     syn_report -verbosereport -o C:/Users/Andy/Documents/TFG/Project/3_multiplicacion_acelerada/matrix_hls/matrix_hls/hls/.autopilot/db/matrix_mult_Pipeline_VITIS_LOOP_23_1_VITIS_LOOP_24_2.verbose.bind.rpt 
Execute       list_part -family xc7z010-clg400-1 
Execute         ap_family_info -name xc7z010-clg400-1 -data names 
Execute         ap_part_info -quiet -name xc7z010-clg400-1 -data family 
Execute     db_write -o C:/Users/Andy/Documents/TFG/Project/3_multiplicacion_acelerada/matrix_hls/matrix_hls/hls/.autopilot/db/matrix_mult_Pipeline_VITIS_LOOP_23_1_VITIS_LOOP_24_2.bind.adb -f 
Command     db_write done; 0.126 sec.
INFO-FLOW: Finish binding matrix_mult_Pipeline_VITIS_LOOP_23_1_VITIS_LOOP_24_2.
INFO: [HLS 200-10] ----------------------------------------------------------------
INFO: [HLS 200-42] -- Implementing module 'matrix_mult_Pipeline_VITIS_LOOP_31_3_VITIS_LOOP_32_4' 
INFO: [HLS 200-10] ----------------------------------------------------------------
Execute     set_default_model matrix_mult_Pipeline_VITIS_LOOP_31_3_VITIS_LOOP_32_4 
Execute     schedule -model matrix_mult_Pipeline_VITIS_LOOP_31_3_VITIS_LOOP_32_4 
INFO: [SCHED 204-11] Starting scheduling ...
INFO: [SCHED 204-61] Pipelining loop 'VITIS_LOOP_31_3_VITIS_LOOP_32_4'.
INFO: [HLS 200-1470] Pipelining result : Target II = NA, Final II = 1, Depth = 3, loop 'VITIS_LOOP_31_3_VITIS_LOOP_32_4'
INFO: [SCHED 204-11] Finished scheduling.
Command     schedule done; 0.248 sec.
INFO: [HLS 200-111] Finished Scheduling: CPU user time: 1 seconds. CPU system time: 0 seconds. Elapsed time: 0.448 seconds; current allocated memory: 219.832 MB.
Execute     syn_report -verbosereport -o C:/Users/Andy/Documents/TFG/Project/3_multiplicacion_acelerada/matrix_hls/matrix_hls/hls/.autopilot/db/matrix_mult_Pipeline_VITIS_LOOP_31_3_VITIS_LOOP_32_4.verbose.sched.rpt 
Execute       list_part -family xc7z010-clg400-1 
Execute         ap_family_info -name xc7z010-clg400-1 -data names 
Execute         ap_part_info -quiet -name xc7z010-clg400-1 -data family 
Execute     db_write -o C:/Users/Andy/Documents/TFG/Project/3_multiplicacion_acelerada/matrix_hls/matrix_hls/hls/.autopilot/db/matrix_mult_Pipeline_VITIS_LOOP_31_3_VITIS_LOOP_32_4.sched.adb -f 
Command     db_write done; 0.128 sec.
INFO-FLOW: Finish scheduling matrix_mult_Pipeline_VITIS_LOOP_31_3_VITIS_LOOP_32_4.
Execute     set_default_model matrix_mult_Pipeline_VITIS_LOOP_31_3_VITIS_LOOP_32_4 
Execute     bind -model matrix_mult_Pipeline_VITIS_LOOP_31_3_VITIS_LOOP_32_4 
INFO: [BIND 205-100] Starting micro-architecture generation ...
INFO: [BIND 205-101] Performing variable lifetime analysis.
INFO: [BIND 205-101] Exploring resource sharing.
INFO: [BIND 205-101] Binding ...
INFO: [BIND 205-100] Finished micro-architecture generation.
INFO: [HLS 200-111] Finished Binding: CPU user time: 0 seconds. CPU system time: 0 seconds. Elapsed time: 0.218 seconds; current allocated memory: 219.902 MB.
Execute     syn_report -verbosereport -o C:/Users/Andy/Documents/TFG/Project/3_multiplicacion_acelerada/matrix_hls/matrix_hls/hls/.autopilot/db/matrix_mult_Pipeline_VITIS_LOOP_31_3_VITIS_LOOP_32_4.verbose.bind.rpt 
Execute       list_part -family xc7z010-clg400-1 
Execute         ap_family_info -name xc7z010-clg400-1 -data names 
Execute         ap_part_info -quiet -name xc7z010-clg400-1 -data family 
Execute     db_write -o C:/Users/Andy/Documents/TFG/Project/3_multiplicacion_acelerada/matrix_hls/matrix_hls/hls/.autopilot/db/matrix_mult_Pipeline_VITIS_LOOP_31_3_VITIS_LOOP_32_4.bind.adb -f 
Command     db_write done; 0.148 sec.
INFO-FLOW: Finish binding matrix_mult_Pipeline_VITIS_LOOP_31_3_VITIS_LOOP_32_4.
INFO: [HLS 200-10] ----------------------------------------------------------------
INFO: [HLS 200-42] -- Implementing module 'matrix_mult_Pipeline_VITIS_LOOP_39_5_VITIS_LOOP_40_6' 
INFO: [HLS 200-10] ----------------------------------------------------------------
Execute     set_default_model matrix_mult_Pipeline_VITIS_LOOP_39_5_VITIS_LOOP_40_6 
Execute     schedule -model matrix_mult_Pipeline_VITIS_LOOP_39_5_VITIS_LOOP_40_6 
INFO: [SCHED 204-11] Starting scheduling ...
INFO: [SCHED 204-61] Pipelining loop 'VITIS_LOOP_39_5_VITIS_LOOP_40_6'.
INFO: [HLS 200-1470] Pipelining result : Target II = NA, Final II = 1, Depth = 10, loop 'VITIS_LOOP_39_5_VITIS_LOOP_40_6'
INFO: [SCHED 204-11] Finished scheduling.
Command     schedule done; 0.632 sec.
INFO: [HLS 200-111] Finished Scheduling: CPU user time: 0 seconds. CPU system time: 0 seconds. Elapsed time: 0.878 seconds; current allocated memory: 221.961 MB.
Execute     syn_report -verbosereport -o C:/Users/Andy/Documents/TFG/Project/3_multiplicacion_acelerada/matrix_hls/matrix_hls/hls/.autopilot/db/matrix_mult_Pipeline_VITIS_LOOP_39_5_VITIS_LOOP_40_6.verbose.sched.rpt 
Execute       list_part -family xc7z010-clg400-1 
Execute         ap_family_info -name xc7z010-clg400-1 -data names 
Execute         ap_part_info -quiet -name xc7z010-clg400-1 -data family 
Execute     db_write -o C:/Users/Andy/Documents/TFG/Project/3_multiplicacion_acelerada/matrix_hls/matrix_hls/hls/.autopilot/db/matrix_mult_Pipeline_VITIS_LOOP_39_5_VITIS_LOOP_40_6.sched.adb -f 
Command     db_write done; 0.177 sec.
INFO-FLOW: Finish scheduling matrix_mult_Pipeline_VITIS_LOOP_39_5_VITIS_LOOP_40_6.
Execute     set_default_model matrix_mult_Pipeline_VITIS_LOOP_39_5_VITIS_LOOP_40_6 
Execute     bind -model matrix_mult_Pipeline_VITIS_LOOP_39_5_VITIS_LOOP_40_6 
INFO: [BIND 205-100] Starting micro-architecture generation ...
INFO: [BIND 205-101] Performing variable lifetime analysis.
INFO: [BIND 205-101] Exploring resource sharing.
INFO: [BIND 205-101] Binding ...
INFO: [BIND 205-100] Finished micro-architecture generation.
INFO: [HLS 200-111] Finished Binding: CPU user time: 1 seconds. CPU system time: 0 seconds. Elapsed time: 0.328 seconds; current allocated memory: 222.145 MB.
Execute     syn_report -verbosereport -o C:/Users/Andy/Documents/TFG/Project/3_multiplicacion_acelerada/matrix_hls/matrix_hls/hls/.autopilot/db/matrix_mult_Pipeline_VITIS_LOOP_39_5_VITIS_LOOP_40_6.verbose.bind.rpt 
Execute       list_part -family xc7z010-clg400-1 
Execute         ap_family_info -name xc7z010-clg400-1 -data names 
Execute         ap_part_info -quiet -name xc7z010-clg400-1 -data family 
Command     syn_report done; 0.114 sec.
Execute     db_write -o C:/Users/Andy/Documents/TFG/Project/3_multiplicacion_acelerada/matrix_hls/matrix_hls/hls/.autopilot/db/matrix_mult_Pipeline_VITIS_LOOP_39_5_VITIS_LOOP_40_6.bind.adb -f 
Command     db_write done; 0.216 sec.
INFO-FLOW: Finish binding matrix_mult_Pipeline_VITIS_LOOP_39_5_VITIS_LOOP_40_6.
INFO: [HLS 200-10] ----------------------------------------------------------------
INFO: [HLS 200-42] -- Implementing module 'matrix_mult_Pipeline_VITIS_LOOP_52_8_VITIS_LOOP_53_9' 
INFO: [HLS 200-10] ----------------------------------------------------------------
Execute     set_default_model matrix_mult_Pipeline_VITIS_LOOP_52_8_VITIS_LOOP_53_9 
Execute     schedule -model matrix_mult_Pipeline_VITIS_LOOP_52_8_VITIS_LOOP_53_9 
INFO: [SCHED 204-11] Starting scheduling ...
INFO: [SCHED 204-61] Pipelining loop 'VITIS_LOOP_52_8_VITIS_LOOP_53_9'.
INFO: [HLS 200-1470] Pipelining result : Target II = NA, Final II = 1, Depth = 4, loop 'VITIS_LOOP_52_8_VITIS_LOOP_53_9'
INFO: [SCHED 204-11] Finished scheduling.
INFO: [HLS 200-111] Finished Scheduling: CPU user time: 0 seconds. CPU system time: 0 seconds. Elapsed time: 0.402 seconds; current allocated memory: 222.293 MB.
Execute     syn_report -verbosereport -o C:/Users/Andy/Documents/TFG/Project/3_multiplicacion_acelerada/matrix_hls/matrix_hls/hls/.autopilot/db/matrix_mult_Pipeline_VITIS_LOOP_52_8_VITIS_LOOP_53_9.verbose.sched.rpt 
Execute       list_part -family xc7z010-clg400-1 
Execute         ap_family_info -name xc7z010-clg400-1 -data names 
Execute         ap_part_info -quiet -name xc7z010-clg400-1 -data family 
Execute     db_write -o C:/Users/Andy/Documents/TFG/Project/3_multiplicacion_acelerada/matrix_hls/matrix_hls/hls/.autopilot/db/matrix_mult_Pipeline_VITIS_LOOP_52_8_VITIS_LOOP_53_9.sched.adb -f 
INFO-FLOW: Finish scheduling matrix_mult_Pipeline_VITIS_LOOP_52_8_VITIS_LOOP_53_9.
Execute     set_default_model matrix_mult_Pipeline_VITIS_LOOP_52_8_VITIS_LOOP_53_9 
Execute     bind -model matrix_mult_Pipeline_VITIS_LOOP_52_8_VITIS_LOOP_53_9 
INFO: [BIND 205-100] Starting micro-architecture generation ...
INFO: [BIND 205-101] Performing variable lifetime analysis.
INFO: [BIND 205-101] Exploring resource sharing.
INFO: [BIND 205-101] Binding ...
INFO: [BIND 205-100] Finished micro-architecture generation.
INFO: [HLS 200-111] Finished Binding: CPU user time: 0 seconds. CPU system time: 0 seconds. Elapsed time: 0.144 seconds; current allocated memory: 222.355 MB.
Execute     syn_report -verbosereport -o C:/Users/Andy/Documents/TFG/Project/3_multiplicacion_acelerada/matrix_hls/matrix_hls/hls/.autopilot/db/matrix_mult_Pipeline_VITIS_LOOP_52_8_VITIS_LOOP_53_9.verbose.bind.rpt 
Execute       list_part -family xc7z010-clg400-1 
Execute         ap_family_info -name xc7z010-clg400-1 -data names 
Execute         ap_part_info -quiet -name xc7z010-clg400-1 -data family 
Command     syn_report done; 0.104 sec.
Execute     db_write -o C:/Users/Andy/Documents/TFG/Project/3_multiplicacion_acelerada/matrix_hls/matrix_hls/hls/.autopilot/db/matrix_mult_Pipeline_VITIS_LOOP_52_8_VITIS_LOOP_53_9.bind.adb -f 
INFO-FLOW: Finish binding matrix_mult_Pipeline_VITIS_LOOP_52_8_VITIS_LOOP_53_9.
INFO: [HLS 200-10] ----------------------------------------------------------------
INFO: [HLS 200-42] -- Implementing module 'matrix_mult' 
INFO: [HLS 200-10] ----------------------------------------------------------------
Execute     set_default_model matrix_mult 
Execute     schedule -model matrix_mult 
INFO: [SCHED 204-11] Starting scheduling ...
INFO: [SCHED 204-11] Finished scheduling.
INFO: [HLS 200-111] Finished Scheduling: CPU user time: 0 seconds. CPU system time: 0 seconds. Elapsed time: 0.271 seconds; current allocated memory: 222.809 MB.
Execute     syn_report -verbosereport -o C:/Users/Andy/Documents/TFG/Project/3_multiplicacion_acelerada/matrix_hls/matrix_hls/hls/.autopilot/db/matrix_mult.verbose.sched.rpt 
Execute       list_part -family xc7z010-clg400-1 
Execute         ap_family_info -name xc7z010-clg400-1 -data names 
Execute         ap_part_info -quiet -name xc7z010-clg400-1 -data family 
Execute     db_write -o C:/Users/Andy/Documents/TFG/Project/3_multiplicacion_acelerada/matrix_hls/matrix_hls/hls/.autopilot/db/matrix_mult.sched.adb -f 
Command     db_write done; 0.136 sec.
INFO-FLOW: Finish scheduling matrix_mult.
Execute     set_default_model matrix_mult 
Execute     bind -model matrix_mult 
INFO: [BIND 205-100] Starting micro-architecture generation ...
INFO: [BIND 205-101] Performing variable lifetime analysis.
INFO: [BIND 205-101] Exploring resource sharing.
INFO: [BIND 205-101] Binding ...
INFO: [BIND 205-100] Finished micro-architecture generation.
INFO: [HLS 200-111] Finished Binding: CPU user time: 0 seconds. CPU system time: 0 seconds. Elapsed time: 0.261 seconds; current allocated memory: 223.359 MB.
Execute     syn_report -verbosereport -o C:/Users/Andy/Documents/TFG/Project/3_multiplicacion_acelerada/matrix_hls/matrix_hls/hls/.autopilot/db/matrix_mult.verbose.bind.rpt 
Execute       list_part -family xc7z010-clg400-1 
Execute         ap_family_info -name xc7z010-clg400-1 -data names 
Execute         ap_part_info -quiet -name xc7z010-clg400-1 -data family 
Command     syn_report done; 0.11 sec.
Execute     db_write -o C:/Users/Andy/Documents/TFG/Project/3_multiplicacion_acelerada/matrix_hls/matrix_hls/hls/.autopilot/db/matrix_mult.bind.adb -f 
INFO-FLOW: Finish binding matrix_mult.
Execute     get_model_list matrix_mult -filter all-wo-channel 
INFO-FLOW: Preprocessing for RTLGen ...
Execute     rtl_gen_preprocess matrix_mult_Pipeline_VITIS_LOOP_23_1_VITIS_LOOP_24_2 
Execute     rtl_gen_preprocess matrix_mult_Pipeline_VITIS_LOOP_31_3_VITIS_LOOP_32_4 
Execute     rtl_gen_preprocess matrix_mult_Pipeline_VITIS_LOOP_39_5_VITIS_LOOP_40_6 
Execute     rtl_gen_preprocess matrix_mult_Pipeline_VITIS_LOOP_52_8_VITIS_LOOP_53_9 
Execute     rtl_gen_preprocess matrix_mult 
INFO-FLOW: Model list for RTL generation: matrix_mult_Pipeline_VITIS_LOOP_23_1_VITIS_LOOP_24_2 matrix_mult_Pipeline_VITIS_LOOP_31_3_VITIS_LOOP_32_4 matrix_mult_Pipeline_VITIS_LOOP_39_5_VITIS_LOOP_40_6 matrix_mult_Pipeline_VITIS_LOOP_52_8_VITIS_LOOP_53_9 matrix_mult
INFO: [HLS 200-10] ----------------------------------------------------------------
INFO: [HLS 200-10] -- Generating RTL for module 'matrix_mult_Pipeline_VITIS_LOOP_23_1_VITIS_LOOP_24_2' 
INFO: [HLS 200-10] ----------------------------------------------------------------
Execute     create_rtl_model matrix_mult_Pipeline_VITIS_LOOP_23_1_VITIS_LOOP_24_2 -top_prefix matrix_mult_ -sub_prefix matrix_mult_ -mg_file C:/Users/Andy/Documents/TFG/Project/3_multiplicacion_acelerada/matrix_hls/matrix_hls/hls/.autopilot/db/matrix_mult_Pipeline_VITIS_LOOP_23_1_VITIS_LOOP_24_2.compgen.tcl 
INFO: [HLS 200-1030] Apply Unified Pipeline Control on module 'matrix_mult_Pipeline_VITIS_LOOP_23_1_VITIS_LOOP_24_2' pipeline 'VITIS_LOOP_23_1_VITIS_LOOP_24_2' pipeline type 'loop pipeline'
INFO: [RTGEN 206-100] Finished creating RTL model for 'matrix_mult_Pipeline_VITIS_LOOP_23_1_VITIS_LOOP_24_2'.
Command     create_rtl_model done; 0.165 sec.
INFO: [HLS 200-111] Finished Creating RTL model: CPU user time: 0 seconds. CPU system time: 0 seconds. Elapsed time: 0.493 seconds; current allocated memory: 226.098 MB.
Execute     source C:/Users/Andy/Documents/TFG/Project/3_multiplicacion_acelerada/matrix_hls/matrix_hls/hls/.autopilot/db/matrix_mult.rtl_wrap.cfg.tcl 
Execute     gen_rtl matrix_mult_Pipeline_VITIS_LOOP_23_1_VITIS_LOOP_24_2 -style xilinx -f -lang vhdl -o C:/Users/Andy/Documents/TFG/Project/3_multiplicacion_acelerada/matrix_hls/matrix_hls/hls/syn/vhdl/matrix_mult_matrix_mult_Pipeline_VITIS_LOOP_23_1_VITIS_LOOP_24_2 
Execute     gen_rtl matrix_mult_Pipeline_VITIS_LOOP_23_1_VITIS_LOOP_24_2 -style xilinx -f -lang vlog -o C:/Users/Andy/Documents/TFG/Project/3_multiplicacion_acelerada/matrix_hls/matrix_hls/hls/syn/verilog/matrix_mult_matrix_mult_Pipeline_VITIS_LOOP_23_1_VITIS_LOOP_24_2 
Execute     syn_report -csynth -model matrix_mult_Pipeline_VITIS_LOOP_23_1_VITIS_LOOP_24_2 -o C:/Users/Andy/Documents/TFG/Project/3_multiplicacion_acelerada/matrix_hls/matrix_hls/hls/syn/report/matrix_mult_Pipeline_VITIS_LOOP_23_1_VITIS_LOOP_24_2_csynth.rpt 
Execute       list_part -family xc7z010-clg400-1 
Execute         ap_family_info -name xc7z010-clg400-1 -data names 
Execute         ap_part_info -quiet -name xc7z010-clg400-1 -data family 
Command     syn_report done; 0.103 sec.
Execute     syn_report -rtlxml -model matrix_mult_Pipeline_VITIS_LOOP_23_1_VITIS_LOOP_24_2 -o C:/Users/Andy/Documents/TFG/Project/3_multiplicacion_acelerada/matrix_hls/matrix_hls/hls/syn/report/matrix_mult_Pipeline_VITIS_LOOP_23_1_VITIS_LOOP_24_2_csynth.xml 
Execute       list_part -family xc7z010-clg400-1 
Execute         ap_family_info -name xc7z010-clg400-1 -data names 
Execute         ap_part_info -quiet -name xc7z010-clg400-1 -data family 
Execute     syn_report -verbosereport -model matrix_mult_Pipeline_VITIS_LOOP_23_1_VITIS_LOOP_24_2 -o C:/Users/Andy/Documents/TFG/Project/3_multiplicacion_acelerada/matrix_hls/matrix_hls/hls/.autopilot/db/matrix_mult_Pipeline_VITIS_LOOP_23_1_VITIS_LOOP_24_2.verbose.rpt 
Execute       list_part -family xc7z010-clg400-1 
Execute         ap_family_info -name xc7z010-clg400-1 -data names 
Execute         ap_part_info -quiet -name xc7z010-clg400-1 -data family 
Execute     db_write -model matrix_mult_Pipeline_VITIS_LOOP_23_1_VITIS_LOOP_24_2 -f -o C:/Users/Andy/Documents/TFG/Project/3_multiplicacion_acelerada/matrix_hls/matrix_hls/hls/.autopilot/db/matrix_mult_Pipeline_VITIS_LOOP_23_1_VITIS_LOOP_24_2.adb 
Command     db_write done; 0.185 sec.
Execute     db_write -model matrix_mult_Pipeline_VITIS_LOOP_23_1_VITIS_LOOP_24_2 -bindview -o C:/Users/Andy/Documents/TFG/Project/3_multiplicacion_acelerada/matrix_hls/matrix_hls/hls/.autopilot/db/design.bindinfo.xml 
Execute     gen_tb_info matrix_mult_Pipeline_VITIS_LOOP_23_1_VITIS_LOOP_24_2 -p C:/Users/Andy/Documents/TFG/Project/3_multiplicacion_acelerada/matrix_hls/matrix_hls/hls/.autopilot/db -o C:/Users/Andy/Documents/TFG/Project/3_multiplicacion_acelerada/matrix_hls/matrix_hls/hls/.autopilot/db/matrix_mult_Pipeline_VITIS_LOOP_23_1_VITIS_LOOP_24_2 
INFO: [HLS 200-10] ----------------------------------------------------------------
INFO: [HLS 200-10] -- Generating RTL for module 'matrix_mult_Pipeline_VITIS_LOOP_31_3_VITIS_LOOP_32_4' 
INFO: [HLS 200-10] ----------------------------------------------------------------
Execute     create_rtl_model matrix_mult_Pipeline_VITIS_LOOP_31_3_VITIS_LOOP_32_4 -top_prefix matrix_mult_ -sub_prefix matrix_mult_ -mg_file C:/Users/Andy/Documents/TFG/Project/3_multiplicacion_acelerada/matrix_hls/matrix_hls/hls/.autopilot/db/matrix_mult_Pipeline_VITIS_LOOP_31_3_VITIS_LOOP_32_4.compgen.tcl 
INFO: [HLS 200-1030] Apply Unified Pipeline Control on module 'matrix_mult_Pipeline_VITIS_LOOP_31_3_VITIS_LOOP_32_4' pipeline 'VITIS_LOOP_31_3_VITIS_LOOP_32_4' pipeline type 'loop pipeline'
INFO: [RTGEN 206-100] Finished creating RTL model for 'matrix_mult_Pipeline_VITIS_LOOP_31_3_VITIS_LOOP_32_4'.
Command     create_rtl_model done; 0.181 sec.
INFO: [HLS 200-111] Finished Creating RTL model: CPU user time: 1 seconds. CPU system time: 1 seconds. Elapsed time: 1.899 seconds; current allocated memory: 230.352 MB.
Execute     source C:/Users/Andy/Documents/TFG/Project/3_multiplicacion_acelerada/matrix_hls/matrix_hls/hls/.autopilot/db/matrix_mult.rtl_wrap.cfg.tcl 
Execute     gen_rtl matrix_mult_Pipeline_VITIS_LOOP_31_3_VITIS_LOOP_32_4 -style xilinx -f -lang vhdl -o C:/Users/Andy/Documents/TFG/Project/3_multiplicacion_acelerada/matrix_hls/matrix_hls/hls/syn/vhdl/matrix_mult_matrix_mult_Pipeline_VITIS_LOOP_31_3_VITIS_LOOP_32_4 
Execute     gen_rtl matrix_mult_Pipeline_VITIS_LOOP_31_3_VITIS_LOOP_32_4 -style xilinx -f -lang vlog -o C:/Users/Andy/Documents/TFG/Project/3_multiplicacion_acelerada/matrix_hls/matrix_hls/hls/syn/verilog/matrix_mult_matrix_mult_Pipeline_VITIS_LOOP_31_3_VITIS_LOOP_32_4 
Execute     syn_report -csynth -model matrix_mult_Pipeline_VITIS_LOOP_31_3_VITIS_LOOP_32_4 -o C:/Users/Andy/Documents/TFG/Project/3_multiplicacion_acelerada/matrix_hls/matrix_hls/hls/syn/report/matrix_mult_Pipeline_VITIS_LOOP_31_3_VITIS_LOOP_32_4_csynth.rpt 
Execute       list_part -family xc7z010-clg400-1 
Execute         ap_family_info -name xc7z010-clg400-1 -data names 
Execute         ap_part_info -quiet -name xc7z010-clg400-1 -data family 
Execute     syn_report -rtlxml -model matrix_mult_Pipeline_VITIS_LOOP_31_3_VITIS_LOOP_32_4 -o C:/Users/Andy/Documents/TFG/Project/3_multiplicacion_acelerada/matrix_hls/matrix_hls/hls/syn/report/matrix_mult_Pipeline_VITIS_LOOP_31_3_VITIS_LOOP_32_4_csynth.xml 
Execute       list_part -family xc7z010-clg400-1 
Execute         ap_family_info -name xc7z010-clg400-1 -data names 
Execute         ap_part_info -quiet -name xc7z010-clg400-1 -data family 
Execute     syn_report -verbosereport -model matrix_mult_Pipeline_VITIS_LOOP_31_3_VITIS_LOOP_32_4 -o C:/Users/Andy/Documents/TFG/Project/3_multiplicacion_acelerada/matrix_hls/matrix_hls/hls/.autopilot/db/matrix_mult_Pipeline_VITIS_LOOP_31_3_VITIS_LOOP_32_4.verbose.rpt 
Execute       list_part -family xc7z010-clg400-1 
Execute         ap_family_info -name xc7z010-clg400-1 -data names 
Execute         ap_part_info -quiet -name xc7z010-clg400-1 -data family 
Execute     db_write -model matrix_mult_Pipeline_VITIS_LOOP_31_3_VITIS_LOOP_32_4 -f -o C:/Users/Andy/Documents/TFG/Project/3_multiplicacion_acelerada/matrix_hls/matrix_hls/hls/.autopilot/db/matrix_mult_Pipeline_VITIS_LOOP_31_3_VITIS_LOOP_32_4.adb 
Command     db_write done; 0.165 sec.
Execute     db_write -model matrix_mult_Pipeline_VITIS_LOOP_31_3_VITIS_LOOP_32_4 -bindview -o C:/Users/Andy/Documents/TFG/Project/3_multiplicacion_acelerada/matrix_hls/matrix_hls/hls/.autopilot/db/design.bindinfo.xml 
Execute     gen_tb_info matrix_mult_Pipeline_VITIS_LOOP_31_3_VITIS_LOOP_32_4 -p C:/Users/Andy/Documents/TFG/Project/3_multiplicacion_acelerada/matrix_hls/matrix_hls/hls/.autopilot/db -o C:/Users/Andy/Documents/TFG/Project/3_multiplicacion_acelerada/matrix_hls/matrix_hls/hls/.autopilot/db/matrix_mult_Pipeline_VITIS_LOOP_31_3_VITIS_LOOP_32_4 
INFO: [HLS 200-10] ----------------------------------------------------------------
INFO: [HLS 200-10] -- Generating RTL for module 'matrix_mult_Pipeline_VITIS_LOOP_39_5_VITIS_LOOP_40_6' 
INFO: [HLS 200-10] ----------------------------------------------------------------
Execute     create_rtl_model matrix_mult_Pipeline_VITIS_LOOP_39_5_VITIS_LOOP_40_6 -top_prefix matrix_mult_ -sub_prefix matrix_mult_ -mg_file C:/Users/Andy/Documents/TFG/Project/3_multiplicacion_acelerada/matrix_hls/matrix_hls/hls/.autopilot/db/matrix_mult_Pipeline_VITIS_LOOP_39_5_VITIS_LOOP_40_6.compgen.tcl 
INFO: [HLS 200-1030] Apply Unified Pipeline Control on module 'matrix_mult_Pipeline_VITIS_LOOP_39_5_VITIS_LOOP_40_6' pipeline 'VITIS_LOOP_39_5_VITIS_LOOP_40_6' pipeline type 'loop pipeline'
INFO: [RTGEN 206-100] Generating core module 'mul_32s_32s_32_2_1': 32 instance(s).
INFO: [RTGEN 206-100] Finished creating RTL model for 'matrix_mult_Pipeline_VITIS_LOOP_39_5_VITIS_LOOP_40_6'.
Command     create_rtl_model done; 0.412 sec.
INFO: [HLS 200-111] Finished Creating RTL model: CPU user time: 0 seconds. CPU system time: 0 seconds. Elapsed time: 2.045 seconds; current allocated memory: 236.434 MB.
Execute     source C:/Users/Andy/Documents/TFG/Project/3_multiplicacion_acelerada/matrix_hls/matrix_hls/hls/.autopilot/db/matrix_mult.rtl_wrap.cfg.tcl 
Execute     gen_rtl matrix_mult_Pipeline_VITIS_LOOP_39_5_VITIS_LOOP_40_6 -style xilinx -f -lang vhdl -o C:/Users/Andy/Documents/TFG/Project/3_multiplicacion_acelerada/matrix_hls/matrix_hls/hls/syn/vhdl/matrix_mult_matrix_mult_Pipeline_VITIS_LOOP_39_5_VITIS_LOOP_40_6 
Execute     gen_rtl matrix_mult_Pipeline_VITIS_LOOP_39_5_VITIS_LOOP_40_6 -style xilinx -f -lang vlog -o C:/Users/Andy/Documents/TFG/Project/3_multiplicacion_acelerada/matrix_hls/matrix_hls/hls/syn/verilog/matrix_mult_matrix_mult_Pipeline_VITIS_LOOP_39_5_VITIS_LOOP_40_6 
Execute     syn_report -csynth -model matrix_mult_Pipeline_VITIS_LOOP_39_5_VITIS_LOOP_40_6 -o C:/Users/Andy/Documents/TFG/Project/3_multiplicacion_acelerada/matrix_hls/matrix_hls/hls/syn/report/matrix_mult_Pipeline_VITIS_LOOP_39_5_VITIS_LOOP_40_6_csynth.rpt 
Execute       list_part -family xc7z010-clg400-1 
Execute         ap_family_info -name xc7z010-clg400-1 -data names 
Execute         ap_part_info -quiet -name xc7z010-clg400-1 -data family 
Command     syn_report done; 0.133 sec.
Execute     syn_report -rtlxml -model matrix_mult_Pipeline_VITIS_LOOP_39_5_VITIS_LOOP_40_6 -o C:/Users/Andy/Documents/TFG/Project/3_multiplicacion_acelerada/matrix_hls/matrix_hls/hls/syn/report/matrix_mult_Pipeline_VITIS_LOOP_39_5_VITIS_LOOP_40_6_csynth.xml 
Execute       list_part -family xc7z010-clg400-1 
Execute         ap_family_info -name xc7z010-clg400-1 -data names 
Execute         ap_part_info -quiet -name xc7z010-clg400-1 -data family 
Execute     syn_report -verbosereport -model matrix_mult_Pipeline_VITIS_LOOP_39_5_VITIS_LOOP_40_6 -o C:/Users/Andy/Documents/TFG/Project/3_multiplicacion_acelerada/matrix_hls/matrix_hls/hls/.autopilot/db/matrix_mult_Pipeline_VITIS_LOOP_39_5_VITIS_LOOP_40_6.verbose.rpt 
Execute       list_part -family xc7z010-clg400-1 
Execute         ap_family_info -name xc7z010-clg400-1 -data names 
Execute         ap_part_info -quiet -name xc7z010-clg400-1 -data family 
Command     syn_report done; 0.167 sec.
Execute     db_write -model matrix_mult_Pipeline_VITIS_LOOP_39_5_VITIS_LOOP_40_6 -f -o C:/Users/Andy/Documents/TFG/Project/3_multiplicacion_acelerada/matrix_hls/matrix_hls/hls/.autopilot/db/matrix_mult_Pipeline_VITIS_LOOP_39_5_VITIS_LOOP_40_6.adb 
Command     db_write done; 0.244 sec.
Execute     db_write -model matrix_mult_Pipeline_VITIS_LOOP_39_5_VITIS_LOOP_40_6 -bindview -o C:/Users/Andy/Documents/TFG/Project/3_multiplicacion_acelerada/matrix_hls/matrix_hls/hls/.autopilot/db/design.bindinfo.xml 
Execute     gen_tb_info matrix_mult_Pipeline_VITIS_LOOP_39_5_VITIS_LOOP_40_6 -p C:/Users/Andy/Documents/TFG/Project/3_multiplicacion_acelerada/matrix_hls/matrix_hls/hls/.autopilot/db -o C:/Users/Andy/Documents/TFG/Project/3_multiplicacion_acelerada/matrix_hls/matrix_hls/hls/.autopilot/db/matrix_mult_Pipeline_VITIS_LOOP_39_5_VITIS_LOOP_40_6 
INFO: [HLS 200-10] ----------------------------------------------------------------
INFO: [HLS 200-10] -- Generating RTL for module 'matrix_mult_Pipeline_VITIS_LOOP_52_8_VITIS_LOOP_53_9' 
INFO: [HLS 200-10] ----------------------------------------------------------------
Execute     create_rtl_model matrix_mult_Pipeline_VITIS_LOOP_52_8_VITIS_LOOP_53_9 -top_prefix matrix_mult_ -sub_prefix matrix_mult_ -mg_file C:/Users/Andy/Documents/TFG/Project/3_multiplicacion_acelerada/matrix_hls/matrix_hls/hls/.autopilot/db/matrix_mult_Pipeline_VITIS_LOOP_52_8_VITIS_LOOP_53_9.compgen.tcl 
INFO: [HLS 200-1030] Apply Unified Pipeline Control on module 'matrix_mult_Pipeline_VITIS_LOOP_52_8_VITIS_LOOP_53_9' pipeline 'VITIS_LOOP_52_8_VITIS_LOOP_53_9' pipeline type 'loop pipeline'
INFO: [RTGEN 206-100] Finished creating RTL model for 'matrix_mult_Pipeline_VITIS_LOOP_52_8_VITIS_LOOP_53_9'.
INFO: [HLS 200-111] Finished Creating RTL model: CPU user time: 1 seconds. CPU system time: 1 seconds. Elapsed time: 2.752 seconds; current allocated memory: 242.965 MB.
Execute     source C:/Users/Andy/Documents/TFG/Project/3_multiplicacion_acelerada/matrix_hls/matrix_hls/hls/.autopilot/db/matrix_mult.rtl_wrap.cfg.tcl 
Execute     gen_rtl matrix_mult_Pipeline_VITIS_LOOP_52_8_VITIS_LOOP_53_9 -style xilinx -f -lang vhdl -o C:/Users/Andy/Documents/TFG/Project/3_multiplicacion_acelerada/matrix_hls/matrix_hls/hls/syn/vhdl/matrix_mult_matrix_mult_Pipeline_VITIS_LOOP_52_8_VITIS_LOOP_53_9 
Execute     gen_rtl matrix_mult_Pipeline_VITIS_LOOP_52_8_VITIS_LOOP_53_9 -style xilinx -f -lang vlog -o C:/Users/Andy/Documents/TFG/Project/3_multiplicacion_acelerada/matrix_hls/matrix_hls/hls/syn/verilog/matrix_mult_matrix_mult_Pipeline_VITIS_LOOP_52_8_VITIS_LOOP_53_9 
Execute     syn_report -csynth -model matrix_mult_Pipeline_VITIS_LOOP_52_8_VITIS_LOOP_53_9 -o C:/Users/Andy/Documents/TFG/Project/3_multiplicacion_acelerada/matrix_hls/matrix_hls/hls/syn/report/matrix_mult_Pipeline_VITIS_LOOP_52_8_VITIS_LOOP_53_9_csynth.rpt 
Execute       list_part -family xc7z010-clg400-1 
Execute         ap_family_info -name xc7z010-clg400-1 -data names 
Execute         ap_part_info -quiet -name xc7z010-clg400-1 -data family 
Execute     syn_report -rtlxml -model matrix_mult_Pipeline_VITIS_LOOP_52_8_VITIS_LOOP_53_9 -o C:/Users/Andy/Documents/TFG/Project/3_multiplicacion_acelerada/matrix_hls/matrix_hls/hls/syn/report/matrix_mult_Pipeline_VITIS_LOOP_52_8_VITIS_LOOP_53_9_csynth.xml 
Execute       list_part -family xc7z010-clg400-1 
Execute         ap_family_info -name xc7z010-clg400-1 -data names 
Execute         ap_part_info -quiet -name xc7z010-clg400-1 -data family 
Execute     syn_report -verbosereport -model matrix_mult_Pipeline_VITIS_LOOP_52_8_VITIS_LOOP_53_9 -o C:/Users/Andy/Documents/TFG/Project/3_multiplicacion_acelerada/matrix_hls/matrix_hls/hls/.autopilot/db/matrix_mult_Pipeline_VITIS_LOOP_52_8_VITIS_LOOP_53_9.verbose.rpt 
Execute       list_part -family xc7z010-clg400-1 
Execute         ap_family_info -name xc7z010-clg400-1 -data names 
Execute         ap_part_info -quiet -name xc7z010-clg400-1 -data family 
Execute     db_write -model matrix_mult_Pipeline_VITIS_LOOP_52_8_VITIS_LOOP_53_9 -f -o C:/Users/Andy/Documents/TFG/Project/3_multiplicacion_acelerada/matrix_hls/matrix_hls/hls/.autopilot/db/matrix_mult_Pipeline_VITIS_LOOP_52_8_VITIS_LOOP_53_9.adb 
Command     db_write done; 0.115 sec.
Execute     db_write -model matrix_mult_Pipeline_VITIS_LOOP_52_8_VITIS_LOOP_53_9 -bindview -o C:/Users/Andy/Documents/TFG/Project/3_multiplicacion_acelerada/matrix_hls/matrix_hls/hls/.autopilot/db/design.bindinfo.xml 
Execute     gen_tb_info matrix_mult_Pipeline_VITIS_LOOP_52_8_VITIS_LOOP_53_9 -p C:/Users/Andy/Documents/TFG/Project/3_multiplicacion_acelerada/matrix_hls/matrix_hls/hls/.autopilot/db -o C:/Users/Andy/Documents/TFG/Project/3_multiplicacion_acelerada/matrix_hls/matrix_hls/hls/.autopilot/db/matrix_mult_Pipeline_VITIS_LOOP_52_8_VITIS_LOOP_53_9 
INFO: [HLS 200-10] ----------------------------------------------------------------
INFO: [HLS 200-10] -- Generating RTL for module 'matrix_mult' 
INFO: [HLS 200-10] ----------------------------------------------------------------
Execute     create_rtl_model matrix_mult -top_prefix  -sub_prefix matrix_mult_ -mg_file C:/Users/Andy/Documents/TFG/Project/3_multiplicacion_acelerada/matrix_hls/matrix_hls/hls/.autopilot/db/matrix_mult.compgen.tcl 
WARNING: [RTGEN 206-101] Design contains AXI ports. Reset is fixed to synchronous and active low.
INFO: [RTGEN 206-500] Setting interface mode on port 'matrix_mult/in_stream_V_data_V' to 'axis' (register, both mode).
INFO: [RTGEN 206-500] Setting interface mode on port 'matrix_mult/in_stream_V_keep_V' to 'axis' (register, both mode).
INFO: [RTGEN 206-500] Setting interface mode on port 'matrix_mult/in_stream_V_strb_V' to 'axis' (register, both mode).
INFO: [RTGEN 206-500] Setting interface mode on port 'matrix_mult/in_stream_V_user_V' to 'axis' (register, both mode).
INFO: [RTGEN 206-500] Setting interface mode on port 'matrix_mult/in_stream_V_last_V' to 'axis' (register, both mode).
INFO: [RTGEN 206-500] Setting interface mode on port 'matrix_mult/in_stream_V_id_V' to 'axis' (register, both mode).
INFO: [RTGEN 206-500] Setting interface mode on port 'matrix_mult/in_stream_V_dest_V' to 'axis' (register, both mode).
INFO: [RTGEN 206-500] Setting interface mode on port 'matrix_mult/out_stream_V_data_V' to 'axis' (register, both mode).
INFO: [RTGEN 206-500] Setting interface mode on port 'matrix_mult/out_stream_V_keep_V' to 'axis' (register, both mode).
INFO: [RTGEN 206-500] Setting interface mode on port 'matrix_mult/out_stream_V_strb_V' to 'axis' (register, both mode).
INFO: [RTGEN 206-500] Setting interface mode on port 'matrix_mult/out_stream_V_user_V' to 'axis' (register, both mode).
INFO: [RTGEN 206-500] Setting interface mode on port 'matrix_mult/out_stream_V_last_V' to 'axis' (register, both mode).
INFO: [RTGEN 206-500] Setting interface mode on port 'matrix_mult/out_stream_V_id_V' to 'axis' (register, both mode).
INFO: [RTGEN 206-500] Setting interface mode on port 'matrix_mult/out_stream_V_dest_V' to 'axis' (register, both mode).
INFO: [RTGEN 206-500] Setting interface mode on function 'matrix_mult' to 's_axilite & ap_ctrl_hs'.
INFO: [RTGEN 206-100] Bundling port 'return' to AXI-Lite port CTRL.
INFO: [RTGEN 206-100] Finished creating RTL model for 'matrix_mult'.
INFO: [RTMG 210-278] Implementing memory 'matrix_mult_A_RAM_AUTO_1R1W' using auto RAMs.
INFO: [RTMG 210-278] Implementing memory 'matrix_mult_C_RAM_AUTO_1R1W' using auto RAMs.
Command     create_rtl_model done; 0.585 sec.
INFO: [HLS 200-111] Finished Creating RTL model: CPU user time: 1 seconds. CPU system time: 1 seconds. Elapsed time: 1.37 seconds; current allocated memory: 246.984 MB.
Execute     source C:/Users/Andy/Documents/TFG/Project/3_multiplicacion_acelerada/matrix_hls/matrix_hls/hls/.autopilot/db/matrix_mult.rtl_wrap.cfg.tcl 
Execute     gen_rtl matrix_mult -istop -style xilinx -f -lang vhdl -o C:/Users/Andy/Documents/TFG/Project/3_multiplicacion_acelerada/matrix_hls/matrix_hls/hls/syn/vhdl/matrix_mult 
Command     gen_rtl done; 0.133 sec.
Execute     gen_rtl matrix_mult -istop -style xilinx -f -lang vlog -o C:/Users/Andy/Documents/TFG/Project/3_multiplicacion_acelerada/matrix_hls/matrix_hls/hls/syn/verilog/matrix_mult 
Command     gen_rtl done; 0.115 sec.
Execute     syn_report -csynth -model matrix_mult -o C:/Users/Andy/Documents/TFG/Project/3_multiplicacion_acelerada/matrix_hls/matrix_hls/hls/syn/report/matrix_mult_csynth.rpt 
Execute       list_part -family xc7z010-clg400-1 
Execute         ap_family_info -name xc7z010-clg400-1 -data names 
Execute         ap_part_info -quiet -name xc7z010-clg400-1 -data family 
Execute     syn_report -rtlxml -model matrix_mult -o C:/Users/Andy/Documents/TFG/Project/3_multiplicacion_acelerada/matrix_hls/matrix_hls/hls/syn/report/matrix_mult_csynth.xml 
Execute       list_part -family xc7z010-clg400-1 
Execute         ap_family_info -name xc7z010-clg400-1 -data names 
Execute         ap_part_info -quiet -name xc7z010-clg400-1 -data family 
Execute     syn_report -verbosereport -model matrix_mult -o C:/Users/Andy/Documents/TFG/Project/3_multiplicacion_acelerada/matrix_hls/matrix_hls/hls/.autopilot/db/matrix_mult.verbose.rpt 
Execute       list_part -family xc7z010-clg400-1 
Execute         ap_family_info -name xc7z010-clg400-1 -data names 
Execute         ap_part_info -quiet -name xc7z010-clg400-1 -data family 
Command     syn_report done; 0.151 sec.
Execute     db_write -model matrix_mult -f -o C:/Users/Andy/Documents/TFG/Project/3_multiplicacion_acelerada/matrix_hls/matrix_hls/hls/.autopilot/db/matrix_mult.adb 
Command     db_write done; 0.164 sec.
Execute     db_write -model matrix_mult -bindview -o C:/Users/Andy/Documents/TFG/Project/3_multiplicacion_acelerada/matrix_hls/matrix_hls/hls/.autopilot/db/design.bindinfo.xml 
Execute     gen_tb_info matrix_mult -p C:/Users/Andy/Documents/TFG/Project/3_multiplicacion_acelerada/matrix_hls/matrix_hls/hls/.autopilot/db -o C:/Users/Andy/Documents/TFG/Project/3_multiplicacion_acelerada/matrix_hls/matrix_hls/hls/.autopilot/db/matrix_mult 
Execute     export_constraint_db -f -tool general -o C:/Users/Andy/Documents/TFG/Project/3_multiplicacion_acelerada/matrix_hls/matrix_hls/hls/.autopilot/db/matrix_mult.constraint.tcl 
Execute     syn_report -designview -model matrix_mult -o C:/Users/Andy/Documents/TFG/Project/3_multiplicacion_acelerada/matrix_hls/matrix_hls/hls/.autopilot/db/matrix_mult.design.xml 
Command     syn_report done; 0.236 sec.
Execute     syn_report -csynthDesign -model matrix_mult -o C:/Users/Andy/Documents/TFG/Project/3_multiplicacion_acelerada/matrix_hls/matrix_hls/hls/syn/report/csynth.rpt -MHOut C:/Users/Andy/Documents/TFG/Project/3_multiplicacion_acelerada/matrix_hls/matrix_hls/hls/.autopilot/db/kernel_module_hierarchy.tcl 
Execute       list_part -family xc7z010-clg400-1 
Execute         ap_family_info -name xc7z010-clg400-1 -data names 
Execute         ap_part_info -quiet -name xc7z010-clg400-1 -data family 
Execute     syn_report -wcfg -model matrix_mult -o C:/Users/Andy/Documents/TFG/Project/3_multiplicacion_acelerada/matrix_hls/matrix_hls/hls/.autopilot/db/matrix_mult_dataflow_ana.wcfg 
Execute     syn_report -protoinst -model matrix_mult -o C:/Users/Andy/Documents/TFG/Project/3_multiplicacion_acelerada/matrix_hls/matrix_hls/hls/.autopilot/db/matrix_mult.protoinst 
Execute     sc_get_clocks matrix_mult 
Execute     sc_get_portdomain matrix_mult 
INFO-FLOW: Model list for RTL component generation: matrix_mult_Pipeline_VITIS_LOOP_23_1_VITIS_LOOP_24_2 matrix_mult_Pipeline_VITIS_LOOP_31_3_VITIS_LOOP_32_4 matrix_mult_Pipeline_VITIS_LOOP_39_5_VITIS_LOOP_40_6 matrix_mult_Pipeline_VITIS_LOOP_52_8_VITIS_LOOP_53_9 matrix_mult
INFO-FLOW: Handling components in module [matrix_mult_Pipeline_VITIS_LOOP_23_1_VITIS_LOOP_24_2] ... 
Execute     source C:/Users/Andy/Documents/TFG/Project/3_multiplicacion_acelerada/matrix_hls/matrix_hls/hls/.autopilot/db/matrix_mult_Pipeline_VITIS_LOOP_23_1_VITIS_LOOP_24_2.compgen.tcl 
INFO-FLOW: Found component matrix_mult_flow_control_loop_pipe_sequential_init.
INFO-FLOW: Append model matrix_mult_flow_control_loop_pipe_sequential_init
INFO-FLOW: Handling components in module [matrix_mult_Pipeline_VITIS_LOOP_31_3_VITIS_LOOP_32_4] ... 
Execute     source C:/Users/Andy/Documents/TFG/Project/3_multiplicacion_acelerada/matrix_hls/matrix_hls/hls/.autopilot/db/matrix_mult_Pipeline_VITIS_LOOP_31_3_VITIS_LOOP_32_4.compgen.tcl 
INFO-FLOW: Found component matrix_mult_flow_control_loop_pipe_sequential_init.
INFO-FLOW: Append model matrix_mult_flow_control_loop_pipe_sequential_init
INFO-FLOW: Handling components in module [matrix_mult_Pipeline_VITIS_LOOP_39_5_VITIS_LOOP_40_6] ... 
Execute     source C:/Users/Andy/Documents/TFG/Project/3_multiplicacion_acelerada/matrix_hls/matrix_hls/hls/.autopilot/db/matrix_mult_Pipeline_VITIS_LOOP_39_5_VITIS_LOOP_40_6.compgen.tcl 
INFO-FLOW: Found component matrix_mult_mul_32s_32s_32_2_1.
INFO-FLOW: Append model matrix_mult_mul_32s_32s_32_2_1
INFO-FLOW: Found component matrix_mult_flow_control_loop_pipe_sequential_init.
INFO-FLOW: Append model matrix_mult_flow_control_loop_pipe_sequential_init
INFO-FLOW: Handling components in module [matrix_mult_Pipeline_VITIS_LOOP_52_8_VITIS_LOOP_53_9] ... 
Execute     source C:/Users/Andy/Documents/TFG/Project/3_multiplicacion_acelerada/matrix_hls/matrix_hls/hls/.autopilot/db/matrix_mult_Pipeline_VITIS_LOOP_52_8_VITIS_LOOP_53_9.compgen.tcl 
INFO-FLOW: Found component matrix_mult_flow_control_loop_pipe_sequential_init.
INFO-FLOW: Append model matrix_mult_flow_control_loop_pipe_sequential_init
INFO-FLOW: Handling components in module [matrix_mult] ... 
Execute     source C:/Users/Andy/Documents/TFG/Project/3_multiplicacion_acelerada/matrix_hls/matrix_hls/hls/.autopilot/db/matrix_mult.compgen.tcl 
INFO-FLOW: Found component matrix_mult_A_RAM_AUTO_1R1W.
INFO-FLOW: Append model matrix_mult_A_RAM_AUTO_1R1W
INFO-FLOW: Found component matrix_mult_C_RAM_AUTO_1R1W.
INFO-FLOW: Append model matrix_mult_C_RAM_AUTO_1R1W
INFO-FLOW: Found component matrix_mult_CTRL_s_axi.
INFO-FLOW: Append model matrix_mult_CTRL_s_axi
INFO-FLOW: Found component matrix_mult_regslice_both.
INFO-FLOW: Append model matrix_mult_regslice_both
INFO-FLOW: Found component matrix_mult_regslice_both.
INFO-FLOW: Append model matrix_mult_regslice_both
INFO-FLOW: Found component matrix_mult_regslice_both.
INFO-FLOW: Append model matrix_mult_regslice_both
INFO-FLOW: Found component matrix_mult_regslice_both.
INFO-FLOW: Append model matrix_mult_regslice_both
INFO-FLOW: Found component matrix_mult_regslice_both.
INFO-FLOW: Append model matrix_mult_regslice_both
INFO-FLOW: Found component matrix_mult_regslice_both.
INFO-FLOW: Append model matrix_mult_regslice_both
INFO-FLOW: Found component matrix_mult_regslice_both.
INFO-FLOW: Append model matrix_mult_regslice_both
INFO-FLOW: Found component matrix_mult_regslice_both.
INFO-FLOW: Append model matrix_mult_regslice_both
INFO-FLOW: Found component matrix_mult_regslice_both.
INFO-FLOW: Append model matrix_mult_regslice_both
INFO-FLOW: Found component matrix_mult_regslice_both.
INFO-FLOW: Append model matrix_mult_regslice_both
INFO-FLOW: Found component matrix_mult_regslice_both.
INFO-FLOW: Append model matrix_mult_regslice_both
INFO-FLOW: Found component matrix_mult_regslice_both.
INFO-FLOW: Append model matrix_mult_regslice_both
INFO-FLOW: Found component matrix_mult_regslice_both.
INFO-FLOW: Append model matrix_mult_regslice_both
INFO-FLOW: Found component matrix_mult_regslice_both.
INFO-FLOW: Append model matrix_mult_regslice_both
INFO-FLOW: Append model matrix_mult_Pipeline_VITIS_LOOP_23_1_VITIS_LOOP_24_2
INFO-FLOW: Append model matrix_mult_Pipeline_VITIS_LOOP_31_3_VITIS_LOOP_32_4
INFO-FLOW: Append model matrix_mult_Pipeline_VITIS_LOOP_39_5_VITIS_LOOP_40_6
INFO-FLOW: Append model matrix_mult_Pipeline_VITIS_LOOP_52_8_VITIS_LOOP_53_9
INFO-FLOW: Append model matrix_mult
INFO-FLOW: Generating RTL model list ...
INFO-FLOW: All models in this session: matrix_mult_flow_control_loop_pipe_sequential_init matrix_mult_flow_control_loop_pipe_sequential_init matrix_mult_mul_32s_32s_32_2_1 matrix_mult_flow_control_loop_pipe_sequential_init matrix_mult_flow_control_loop_pipe_sequential_init matrix_mult_A_RAM_AUTO_1R1W matrix_mult_C_RAM_AUTO_1R1W matrix_mult_CTRL_s_axi matrix_mult_regslice_both matrix_mult_regslice_both matrix_mult_regslice_both matrix_mult_regslice_both matrix_mult_regslice_both matrix_mult_regslice_both matrix_mult_regslice_both matrix_mult_regslice_both matrix_mult_regslice_both matrix_mult_regslice_both matrix_mult_regslice_both matrix_mult_regslice_both matrix_mult_regslice_both matrix_mult_regslice_both matrix_mult_Pipeline_VITIS_LOOP_23_1_VITIS_LOOP_24_2 matrix_mult_Pipeline_VITIS_LOOP_31_3_VITIS_LOOP_32_4 matrix_mult_Pipeline_VITIS_LOOP_39_5_VITIS_LOOP_40_6 matrix_mult_Pipeline_VITIS_LOOP_52_8_VITIS_LOOP_53_9 matrix_mult
INFO-FLOW: Generating C:/Users/Andy/Documents/TFG/Project/3_multiplicacion_acelerada/matrix_hls/matrix_hls/hls/.autopilot/db/autopilot.rtl.models.txt file...
INFO-FLOW: To file: write model matrix_mult_flow_control_loop_pipe_sequential_init
INFO-FLOW: To file: write model matrix_mult_flow_control_loop_pipe_sequential_init
INFO-FLOW: To file: write model matrix_mult_mul_32s_32s_32_2_1
INFO-FLOW: To file: write model matrix_mult_flow_control_loop_pipe_sequential_init
INFO-FLOW: To file: write model matrix_mult_flow_control_loop_pipe_sequential_init
INFO-FLOW: To file: write model matrix_mult_A_RAM_AUTO_1R1W
INFO-FLOW: To file: write model matrix_mult_C_RAM_AUTO_1R1W
INFO-FLOW: To file: write model matrix_mult_CTRL_s_axi
INFO-FLOW: To file: write model matrix_mult_regslice_both
INFO-FLOW: To file: write model matrix_mult_regslice_both
INFO-FLOW: To file: write model matrix_mult_regslice_both
INFO-FLOW: To file: write model matrix_mult_regslice_both
INFO-FLOW: To file: write model matrix_mult_regslice_both
INFO-FLOW: To file: write model matrix_mult_regslice_both
INFO-FLOW: To file: write model matrix_mult_regslice_both
INFO-FLOW: To file: write model matrix_mult_regslice_both
INFO-FLOW: To file: write model matrix_mult_regslice_both
INFO-FLOW: To file: write model matrix_mult_regslice_both
INFO-FLOW: To file: write model matrix_mult_regslice_both
INFO-FLOW: To file: write model matrix_mult_regslice_both
INFO-FLOW: To file: write model matrix_mult_regslice_both
INFO-FLOW: To file: write model matrix_mult_regslice_both
INFO-FLOW: To file: write model matrix_mult_Pipeline_VITIS_LOOP_23_1_VITIS_LOOP_24_2
INFO-FLOW: To file: write model matrix_mult_Pipeline_VITIS_LOOP_31_3_VITIS_LOOP_32_4
INFO-FLOW: To file: write model matrix_mult_Pipeline_VITIS_LOOP_39_5_VITIS_LOOP_40_6
INFO-FLOW: To file: write model matrix_mult_Pipeline_VITIS_LOOP_52_8_VITIS_LOOP_53_9
INFO-FLOW: To file: write model matrix_mult
INFO-FLOW: Generating C:/Users/Andy/Documents/TFG/Project/3_multiplicacion_acelerada/matrix_hls/matrix_hls/hls/.autopilot/db/autopilot.rtl.models.tcl file...
INFO-FLOW: Finished generating RTL model list.


INFO-FLOW: RTL Generation done.
INFO-FLOW: CAS Generation done.
INFO-FLOW: CBC Generation done.
Execute     AP::msg_collection_file -close 
INFO-FLOW: DBG:PROC: ::AESL_AUTOMG::auto_generate_csynth_design
INFO-FLOW: DBG:PUTS: read_platform_lib C:/Users/Andy/Documents/TFG/Project/3_multiplicacion_acelerada/matrix_hls/matrix_hls/hls/.autopilot/db/global.setting.tcl
Execute     source D:/2025.2/Vitis/common/technology/generic/autopilot/common.gen 
Execute       source D:/2025.2/Vitis/common/technology/generic/autopilot/APCoreGen.gen 
Execute     source D:/2025.2/Vitis/common/technology/generic/autopilot/op.gen 
Execute     source D:/2025.2/Vitis/common/technology/generic/autopilot/op_simcore.gen 
Execute     source D:/2025.2/Vitis/common/technology/generic/autopilot/interface.gen 
Execute     source C:/Users/Andy/Documents/TFG/Project/3_multiplicacion_acelerada/matrix_hls/matrix_hls/hls/.autopilot/db/global.setting.tcl 
Execute     source D:/2025.2/Vitis/common/technology/xilinx/common/xilinx.gen 
Execute       source D:/2025.2/Vitis/common/technology/xilinx/interface/plb46.gen 
Execute       source D:/2025.2/Vitis/common/technology/xilinx/interface/axi4.gen 
Execute       source D:/2025.2/Vitis/common/technology/xilinx/interface/nativeAXI4.gen 
Execute         source D:/2025.2/Vitis/common/technology/xilinx/interface/saxilite.gen 
Execute       source D:/2025.2/Vitis/common/technology/xilinx/scripts/xilinxcoregen.gen 
Execute       source D:/2025.2/Vitis/common/technology/xilinx/interface/XilEDKCoreGen.gen 
Execute       source D:/2025.2/Vitis/common/technology/xilinx/ip/dds_compiler.gen 
Execute       source D:/2025.2/Vitis/common/technology/xilinx/ip/util.gen 
Execute       source D:/2025.2/Vitis/common/technology/xilinx/ip/xfft.gen 
Command       ap_source done; 0.227 sec.
Execute       source D:/2025.2/Vitis/common/technology/xilinx/ip/xfir.gen 
Execute       source D:/2025.2/Vitis/common/technology/xilinx/DSP48/dsp48.gen 
Command     ap_source done; 0.301 sec.
INFO-FLOW: DBG:PUTS:   using AESL_AUTOCG::g_clock_period=10.000 (was NA)
INFO-FLOW: DBG:PROC: ::AESL_AUTOMG::generate_ip_cores gen_sim_model='1' gen_fp_models='0' gen_for_export='0' dstSCDir='' dstVhdlDir='C:/Users/Andy/Documents/TFG/Project/3_multiplicacion_acelerada/matrix_hls/matrix_hls/hls/.autopilot/db/vhdl' dstVlogDir='C:/Users/Andy/Documents/TFG/Project/3_multiplicacion_acelerada/matrix_hls/matrix_hls/hls/.autopilot/db/vlog' tclDir='C:/Users/Andy/Documents/TFG/Project/3_multiplicacion_acelerada/matrix_hls/matrix_hls/hls/.autopilot/db' modelList='matrix_mult_flow_control_loop_pipe_sequential_init
matrix_mult_flow_control_loop_pipe_sequential_init
matrix_mult_mul_32s_32s_32_2_1
matrix_mult_flow_control_loop_pipe_sequential_init
matrix_mult_flow_control_loop_pipe_sequential_init
matrix_mult_A_RAM_AUTO_1R1W
matrix_mult_C_RAM_AUTO_1R1W
matrix_mult_CTRL_s_axi
matrix_mult_regslice_both
matrix_mult_regslice_both
matrix_mult_regslice_both
matrix_mult_regslice_both
matrix_mult_regslice_both
matrix_mult_regslice_both
matrix_mult_regslice_both
matrix_mult_regslice_both
matrix_mult_regslice_both
matrix_mult_regslice_both
matrix_mult_regslice_both
matrix_mult_regslice_both
matrix_mult_regslice_both
matrix_mult_regslice_both
matrix_mult_Pipeline_VITIS_LOOP_23_1_VITIS_LOOP_24_2
matrix_mult_Pipeline_VITIS_LOOP_31_3_VITIS_LOOP_32_4
matrix_mult_Pipeline_VITIS_LOOP_39_5_VITIS_LOOP_40_6
matrix_mult_Pipeline_VITIS_LOOP_52_8_VITIS_LOOP_53_9
matrix_mult
' expOnly='0'
Execute     source C:/Users/Andy/Documents/TFG/Project/3_multiplicacion_acelerada/matrix_hls/matrix_hls/hls/.autopilot/db/global.setting.tcl 
Execute     ap_part_info -name xc7z010-clg400-1 -data names -quiet 
Execute     ap_part_info -name xc7z010-clg400-1 -data info -quiet 
Execute     source C:/Users/Andy/Documents/TFG/Project/3_multiplicacion_acelerada/matrix_hls/matrix_hls/hls/.autopilot/db/global.setting.tcl 
Execute     source C:/Users/Andy/Documents/TFG/Project/3_multiplicacion_acelerada/matrix_hls/matrix_hls/hls/.autopilot/db/global.setting.tcl 
Execute     source C:/Users/Andy/Documents/TFG/Project/3_multiplicacion_acelerada/matrix_hls/matrix_hls/hls/.autopilot/db/matrix_mult_Pipeline_VITIS_LOOP_23_1_VITIS_LOOP_24_2.compgen.tcl 
Execute     source C:/Users/Andy/Documents/TFG/Project/3_multiplicacion_acelerada/matrix_hls/matrix_hls/hls/.autopilot/db/matrix_mult_Pipeline_VITIS_LOOP_31_3_VITIS_LOOP_32_4.compgen.tcl 
Execute     source C:/Users/Andy/Documents/TFG/Project/3_multiplicacion_acelerada/matrix_hls/matrix_hls/hls/.autopilot/db/matrix_mult_Pipeline_VITIS_LOOP_39_5_VITIS_LOOP_40_6.compgen.tcl 
Execute     source C:/Users/Andy/Documents/TFG/Project/3_multiplicacion_acelerada/matrix_hls/matrix_hls/hls/.autopilot/db/matrix_mult_Pipeline_VITIS_LOOP_52_8_VITIS_LOOP_53_9.compgen.tcl 
Execute     source C:/Users/Andy/Documents/TFG/Project/3_multiplicacion_acelerada/matrix_hls/matrix_hls/hls/.autopilot/db/matrix_mult.compgen.tcl 
Execute       source ./CTRL.slave.tcl 
Command     ap_source done; 0.252 sec.
INFO: [HLS 200-111] Finished Generating all RTL models: CPU user time: 1 seconds. CPU system time: 1 seconds. Elapsed time: 4.073 seconds; current allocated memory: 252.984 MB.
INFO-FLOW: DBG:PROC: ::HLSREPORTS::create_csynth_xml bind_info_var='bind_info' RtlSubPrefix='matrix_mult_' outfile=''
INFO-FLOW: Running: create_csynth_xml read xml data
INFO-FLOW: Done: create_csynth_xml read xml data time: 0 seconds 
INFO-FLOW: create_csynth_xml: all_module_nodes count=5
INFO-FLOW: Running: create_csynth_xml bind info
INFO-FLOW: create_csynth_xml: all_bind_nodes count=142
INFO-FLOW: Done: create_csynth_xml bind info time: 0.1 seconds 
INFO-FLOW: create_csynth_xml: bind_instances counts: modules=5 instances=142
INFO-FLOW: Running: create_csynth_xml update csynth_xml_module_hier
INFO-FLOW: Done: create_csynth_xml update csynth_xml_module_hier time: 0 seconds 
INFO-FLOW: create_csynth_xml: csynth_xml_module_hier max_depth=3
INFO-FLOW: Running: create_csynth_xml gen bind_report_dict
INFO-FLOW: Done: create_csynth_xml gen bind_report_dict time: 0 seconds 
INFO-FLOW: Running: create_csynth_xml config info
INFO-FLOW: Done: create_csynth_xml config info time: 2.9 seconds 
INFO-FLOW: Running: create_csynth_xml write xml
INFO-FLOW: Done: create_csynth_xml write xml time: 0 seconds 
INFO-FLOW: DBG:PUTS:      create_csynth_xml wrote csynth_xml=C:/Users/Andy/Documents/TFG/Project/3_multiplicacion_acelerada/matrix_hls/matrix_hls/hls/syn/report/csynth.xml
INFO-FLOW: Running: generate_json
INFO-FLOW: DBG:PROC: ::AP::DESIGN_DATA::generate_json generate_bd_files='0' generate_xo_files='0' modelList='matrix_mult_flow_control_loop_pipe_sequential_init
matrix_mult_flow_control_loop_pipe_sequential_init
matrix_mult_mul_32s_32s_32_2_1
matrix_mult_flow_control_loop_pipe_sequential_init
matrix_mult_flow_control_loop_pipe_sequential_init
matrix_mult_A_RAM_AUTO_1R1W
matrix_mult_C_RAM_AUTO_1R1W
matrix_mult_CTRL_s_axi
matrix_mult_regslice_both
matrix_mult_regslice_both
matrix_mult_regslice_both
matrix_mult_regslice_both
matrix_mult_regslice_both
matrix_mult_regslice_both
matrix_mult_regslice_both
matrix_mult_regslice_both
matrix_mult_regslice_both
matrix_mult_regslice_both
matrix_mult_regslice_both
matrix_mult_regslice_both
matrix_mult_regslice_both
matrix_mult_regslice_both
matrix_mult_Pipeline_VITIS_LOOP_23_1_VITIS_LOOP_24_2
matrix_mult_Pipeline_VITIS_LOOP_31_3_VITIS_LOOP_32_4
matrix_mult_Pipeline_VITIS_LOOP_39_5_VITIS_LOOP_40_6
matrix_mult_Pipeline_VITIS_LOOP_52_8_VITIS_LOOP_53_9
matrix_mult
' rtl_lang='both' bootstrap_tcl='false' outdir='' outfilename=''
Execute     source C:/Users/Andy/Documents/TFG/Project/3_multiplicacion_acelerada/matrix_hls/matrix_hls/hls/.autopilot/db/global.setting.tcl 
Execute     source C:/Users/Andy/Documents/TFG/Project/3_multiplicacion_acelerada/matrix_hls/matrix_hls/hls/.autopilot/db/global.setting.tcl 
Execute     source C:/Users/Andy/Documents/TFG/Project/3_multiplicacion_acelerada/matrix_hls/matrix_hls/hls/.autopilot/db/top-io-be.tcl 
Execute     source C:/Users/Andy/Documents/TFG/Project/3_multiplicacion_acelerada/matrix_hls/matrix_hls/hls/.autopilot/db/matrix_mult.tbgen.tcl 
Execute     source C:/Users/Andy/Documents/TFG/Project/3_multiplicacion_acelerada/matrix_hls/matrix_hls/hls/.autopilot/db/matrix_mult.compgen.dataonly.tcl 
Execute     source C:/Users/Andy/Documents/TFG/Project/3_multiplicacion_acelerada/matrix_hls/matrix_hls/hls/.autopilot/db/matrix_mult.compgen.dataonly.tcl 
Execute     source C:/Users/Andy/Documents/TFG/Project/3_multiplicacion_acelerada/matrix_hls/matrix_hls/hls/.autopilot/db/matrix_mult.rtl_wrap.cfg.tcl 
Execute     source C:/Users/Andy/Documents/TFG/Project/3_multiplicacion_acelerada/matrix_hls/matrix_hls/hls/.autopilot/db/matrix_mult.compgen.dataonly.tcl 
Execute     source C:/Users/Andy/Documents/TFG/Project/3_multiplicacion_acelerada/matrix_hls/matrix_hls/hls/.autopilot/db/matrix_mult_Pipeline_VITIS_LOOP_23_1_VITIS_LOOP_24_2.tbgen.tcl 
Execute     source C:/Users/Andy/Documents/TFG/Project/3_multiplicacion_acelerada/matrix_hls/matrix_hls/hls/.autopilot/db/matrix_mult_Pipeline_VITIS_LOOP_31_3_VITIS_LOOP_32_4.tbgen.tcl 
Execute     source C:/Users/Andy/Documents/TFG/Project/3_multiplicacion_acelerada/matrix_hls/matrix_hls/hls/.autopilot/db/matrix_mult_Pipeline_VITIS_LOOP_39_5_VITIS_LOOP_40_6.tbgen.tcl 
Execute     source C:/Users/Andy/Documents/TFG/Project/3_multiplicacion_acelerada/matrix_hls/matrix_hls/hls/.autopilot/db/matrix_mult_Pipeline_VITIS_LOOP_52_8_VITIS_LOOP_53_9.tbgen.tcl 
Execute     source C:/Users/Andy/Documents/TFG/Project/3_multiplicacion_acelerada/matrix_hls/matrix_hls/hls/.autopilot/db/matrix_mult.tbgen.tcl 
Execute     source C:/Users/Andy/Documents/TFG/Project/3_multiplicacion_acelerada/matrix_hls/matrix_hls/hls/.autopilot/db/global.setting.tcl 
Execute     ap_part_info -name xc7z010-clg400-1 -data names -quiet 
Execute     ap_part_info -name xc7z010-clg400-1 -data info -quiet 
Execute     source C:/Users/Andy/Documents/TFG/Project/3_multiplicacion_acelerada/matrix_hls/matrix_hls/hls/.autopilot/db/matrix_mult.constraint.tcl 
Execute     sc_get_clocks matrix_mult 
Execute     source C:/Users/Andy/Documents/TFG/Project/3_multiplicacion_acelerada/matrix_hls/matrix_hls/hls/.autopilot/db/global.setting.tcl 
Execute     source D:/2025.2/Vitis/tps/tcl/tcllib2.0/fileutil/fileutil.tcl 
INFO-FLOW: Done: generate_json time: 1.8 seconds 
INFO-FLOW: Running: add_csynth_report_sections
INFO-FLOW: DBG:PROC: ::HLSREPORTS::add_csynth_report_sections bind_info_dict='adapter_nodes {{BINDTYPE adapter ID {} IMPL {} LATENCY {} OPTYPE {} PRAGMA {} RTLNAME CTRL_s_axi_U SOURCE {} VARIABLE {} LOOP {} BUNDLEDNAME CTRL DSP 0 BRAM 0 URAM 0 STORAGESUBTYPE s_axilite STORAGESIZE {} STORAGEUSAGE interface DISPNAME {bind_adapter }}} cache_nodes {} report_dict {TOPINST matrix_mult MODULE2INSTS {matrix_mult matrix_mult matrix_mult_Pipeline_VITIS_LOOP_23_1_VITIS_LOOP_24_2 grp_matrix_mult_Pipeline_VITIS_LOOP_23_1_VITIS_LOOP_24_2_fu_328 matrix_mult_Pipeline_VITIS_LOOP_31_3_VITIS_LOOP_32_4 grp_matrix_mult_Pipeline_VITIS_LOOP_31_3_VITIS_LOOP_32_4_fu_378 matrix_mult_Pipeline_VITIS_LOOP_39_5_VITIS_LOOP_40_6 grp_matrix_mult_Pipeline_VITIS_LOOP_39_5_VITIS_LOOP_40_6_fu_428 matrix_mult_Pipeline_VITIS_LOOP_52_8_VITIS_LOOP_53_9 grp_matrix_mult_Pipeline_VITIS_LOOP_52_8_VITIS_LOOP_53_9_fu_497} INST2MODULE {matrix_mult matrix_mult grp_matrix_mult_Pipeline_VITIS_LOOP_23_1_VITIS_LOOP_24_2_fu_328 matrix_mult_Pipeline_VITIS_LOOP_23_1_VITIS_LOOP_24_2 grp_matrix_mult_Pipeline_VITIS_LOOP_31_3_VITIS_LOOP_32_4_fu_378 matrix_mult_Pipeline_VITIS_LOOP_31_3_VITIS_LOOP_32_4 grp_matrix_mult_Pipeline_VITIS_LOOP_39_5_VITIS_LOOP_40_6_fu_428 matrix_mult_Pipeline_VITIS_LOOP_39_5_VITIS_LOOP_40_6 grp_matrix_mult_Pipeline_VITIS_LOOP_52_8_VITIS_LOOP_53_9_fu_497 matrix_mult_Pipeline_VITIS_LOOP_52_8_VITIS_LOOP_53_9} INSTDATA {matrix_mult {DEPTH 1 CHILDREN {grp_matrix_mult_Pipeline_VITIS_LOOP_23_1_VITIS_LOOP_24_2_fu_328 grp_matrix_mult_Pipeline_VITIS_LOOP_31_3_VITIS_LOOP_32_4_fu_378 grp_matrix_mult_Pipeline_VITIS_LOOP_39_5_VITIS_LOOP_40_6_fu_428 grp_matrix_mult_Pipeline_VITIS_LOOP_52_8_VITIS_LOOP_53_9_fu_497}} grp_matrix_mult_Pipeline_VITIS_LOOP_23_1_VITIS_LOOP_24_2_fu_328 {DEPTH 2 CHILDREN {}} grp_matrix_mult_Pipeline_VITIS_LOOP_31_3_VITIS_LOOP_32_4_fu_378 {DEPTH 2 CHILDREN {}} grp_matrix_mult_Pipeline_VITIS_LOOP_39_5_VITIS_LOOP_40_6_fu_428 {DEPTH 2 CHILDREN {}} grp_matrix_mult_Pipeline_VITIS_LOOP_52_8_VITIS_LOOP_53_9_fu_497 {DEPTH 2 CHILDREN {}}} MODULEDATA {matrix_mult_Pipeline_VITIS_LOOP_23_1_VITIS_LOOP_24_2 {BINDINFO {{BINDTYPE op ID {} IMPL auto LATENCY 0 OPTYPE seteq PRAGMA {} RTLNAME icmp_ln23_fu_648_p2 SOURCE matrix_mult.cpp:23 VARIABLE icmp_ln23 LOOP VITIS_LOOP_23_1_VITIS_LOOP_24_2 BUNDLEDNAME {} DSP 0 BRAM 0 URAM 0 STORAGESUBTYPE {} DISPNAME {bind_op seteq} VISIBLE false} {BINDTYPE op ID {} IMPL fabric LATENCY 0 OPTYPE add PRAGMA {} RTLNAME add_ln23_1_fu_654_p2 SOURCE matrix_mult.cpp:23 VARIABLE add_ln23_1 LOOP VITIS_LOOP_23_1_VITIS_LOOP_24_2 BUNDLEDNAME {} DSP 0 BRAM 0 URAM 0 STORAGESUBTYPE {} DISPNAME {bind_op add} VISIBLE true} {BINDTYPE op ID {} IMPL fabric LATENCY 0 OPTYPE add PRAGMA {} RTLNAME add_ln23_fu_766_p2 SOURCE matrix_mult.cpp:23 VARIABLE add_ln23 LOOP VITIS_LOOP_23_1_VITIS_LOOP_24_2 BUNDLEDNAME {} DSP 0 BRAM 0 URAM 0 STORAGESUBTYPE {} DISPNAME {bind_op add} VISIBLE true} {BINDTYPE op ID {} IMPL auto LATENCY 0 OPTYPE seteq PRAGMA {} RTLNAME icmp_ln24_fu_668_p2 SOURCE matrix_mult.cpp:24 VARIABLE icmp_ln24 LOOP VITIS_LOOP_23_1_VITIS_LOOP_24_2 BUNDLEDNAME {} DSP 0 BRAM 0 URAM 0 STORAGESUBTYPE {} DISPNAME {bind_op seteq} VISIBLE false} {BINDTYPE op ID {} IMPL auto_sel LATENCY 0 OPTYPE select PRAGMA {} RTLNAME select_ln23_fu_674_p3 SOURCE matrix_mult.cpp:23 VARIABLE select_ln23 LOOP VITIS_LOOP_23_1_VITIS_LOOP_24_2 BUNDLEDNAME {} DSP 0 BRAM 0 URAM 0 STORAGESUBTYPE {} DISPNAME {bind_op select} VISIBLE false} {BINDTYPE op ID {} IMPL auto_sel LATENCY 0 OPTYPE select PRAGMA {} RTLNAME select_ln23_1_fu_772_p3 SOURCE matrix_mult.cpp:23 VARIABLE select_ln23_1 LOOP VITIS_LOOP_23_1_VITIS_LOOP_24_2 BUNDLEDNAME {} DSP 0 BRAM 0 URAM 0 STORAGESUBTYPE {} DISPNAME {bind_op select} VISIBLE false} {BINDTYPE op ID {} IMPL fabric LATENCY 0 OPTYPE add PRAGMA {} RTLNAME add_ln24_fu_752_p2 SOURCE matrix_mult.cpp:24 VARIABLE add_ln24 LOOP VITIS_LOOP_23_1_VITIS_LOOP_24_2 BUNDLEDNAME {} DSP 0 BRAM 0 URAM 0 STORAGESUBTYPE {} DISPNAME {bind_op add} VISIBLE true}} AREA {DSP 0 BRAM 0 URAM 0}} matrix_mult_Pipeline_VITIS_LOOP_31_3_VITIS_LOOP_32_4 {BINDINFO {{BINDTYPE op ID {} IMPL auto LATENCY 0 OPTYPE seteq PRAGMA {} RTLNAME icmp_ln31_fu_648_p2 SOURCE matrix_mult.cpp:31 VARIABLE icmp_ln31 LOOP VITIS_LOOP_31_3_VITIS_LOOP_32_4 BUNDLEDNAME {} DSP 0 BRAM 0 URAM 0 STORAGESUBTYPE {} DISPNAME {bind_op seteq} VISIBLE false} {BINDTYPE op ID {} IMPL fabric LATENCY 0 OPTYPE add PRAGMA {} RTLNAME add_ln31_1_fu_654_p2 SOURCE matrix_mult.cpp:31 VARIABLE add_ln31_1 LOOP VITIS_LOOP_31_3_VITIS_LOOP_32_4 BUNDLEDNAME {} DSP 0 BRAM 0 URAM 0 STORAGESUBTYPE {} DISPNAME {bind_op add} VISIBLE true} {BINDTYPE op ID {} IMPL fabric LATENCY 0 OPTYPE add PRAGMA {} RTLNAME add_ln31_fu_671_p2 SOURCE matrix_mult.cpp:31 VARIABLE add_ln31 LOOP VITIS_LOOP_31_3_VITIS_LOOP_32_4 BUNDLEDNAME {} DSP 0 BRAM 0 URAM 0 STORAGESUBTYPE {} DISPNAME {bind_op add} VISIBLE true} {BINDTYPE op ID {} IMPL auto LATENCY 0 OPTYPE seteq PRAGMA {} RTLNAME icmp_ln32_fu_677_p2 SOURCE matrix_mult.cpp:32 VARIABLE icmp_ln32 LOOP VITIS_LOOP_31_3_VITIS_LOOP_32_4 BUNDLEDNAME {} DSP 0 BRAM 0 URAM 0 STORAGESUBTYPE {} DISPNAME {bind_op seteq} VISIBLE false} {BINDTYPE op ID {} IMPL auto_sel LATENCY 0 OPTYPE select PRAGMA {} RTLNAME select_ln31_fu_683_p3 SOURCE matrix_mult.cpp:31 VARIABLE select_ln31 LOOP VITIS_LOOP_31_3_VITIS_LOOP_32_4 BUNDLEDNAME {} DSP 0 BRAM 0 URAM 0 STORAGESUBTYPE {} DISPNAME {bind_op select} VISIBLE false} {BINDTYPE op ID {} IMPL auto_sel LATENCY 0 OPTYPE select PRAGMA {} RTLNAME select_ln31_1_fu_691_p3 SOURCE matrix_mult.cpp:31 VARIABLE select_ln31_1 LOOP VITIS_LOOP_31_3_VITIS_LOOP_32_4 BUNDLEDNAME {} DSP 0 BRAM 0 URAM 0 STORAGESUBTYPE {} DISPNAME {bind_op select} VISIBLE false} {BINDTYPE op ID {} IMPL fabric LATENCY 0 OPTYPE add PRAGMA {} RTLNAME add_ln32_fu_769_p2 SOURCE matrix_mult.cpp:32 VARIABLE add_ln32 LOOP VITIS_LOOP_31_3_VITIS_LOOP_32_4 BUNDLEDNAME {} DSP 0 BRAM 0 URAM 0 STORAGESUBTYPE {} DISPNAME {bind_op add} VISIBLE true}} AREA {DSP 0 BRAM 0 URAM 0}} matrix_mult_Pipeline_VITIS_LOOP_39_5_VITIS_LOOP_40_6 {BINDINFO {{BINDTYPE op ID {} IMPL auto LATENCY 0 OPTYPE seteq PRAGMA {} RTLNAME icmp_ln39_fu_1169_p2 SOURCE matrix_mult.cpp:39 VARIABLE icmp_ln39 LOOP VITIS_LOOP_39_5_VITIS_LOOP_40_6 BUNDLEDNAME {} DSP 0 BRAM 0 URAM 0 STORAGESUBTYPE {} DISPNAME {bind_op seteq} VISIBLE false} {BINDTYPE op ID {} IMPL fabric LATENCY 0 OPTYPE add PRAGMA {} RTLNAME add_ln39_1_fu_1175_p2 SOURCE matrix_mult.cpp:39 VARIABLE add_ln39_1 LOOP VITIS_LOOP_39_5_VITIS_LOOP_40_6 BUNDLEDNAME {} DSP 0 BRAM 0 URAM 0 STORAGESUBTYPE {} DISPNAME {bind_op add} VISIBLE true} {BINDTYPE op ID {} IMPL fabric LATENCY 0 OPTYPE add PRAGMA {} RTLNAME add_ln39_fu_1192_p2 SOURCE matrix_mult.cpp:39 VARIABLE add_ln39 LOOP VITIS_LOOP_39_5_VITIS_LOOP_40_6 BUNDLEDNAME {} DSP 0 BRAM 0 URAM 0 STORAGESUBTYPE {} DISPNAME {bind_op add} VISIBLE true} {BINDTYPE op ID {} IMPL auto LATENCY 0 OPTYPE seteq PRAGMA {} RTLNAME icmp_ln40_fu_1198_p2 SOURCE matrix_mult.cpp:40 VARIABLE icmp_ln40 LOOP VITIS_LOOP_39_5_VITIS_LOOP_40_6 BUNDLEDNAME {} DSP 0 BRAM 0 URAM 0 STORAGESUBTYPE {} DISPNAME {bind_op seteq} VISIBLE false} {BINDTYPE op ID {} IMPL auto_sel LATENCY 0 OPTYPE select PRAGMA {} RTLNAME select_ln39_fu_1204_p3 SOURCE matrix_mult.cpp:39 VARIABLE select_ln39 LOOP VITIS_LOOP_39_5_VITIS_LOOP_40_6 BUNDLEDNAME {} DSP 0 BRAM 0 URAM 0 STORAGESUBTYPE {} DISPNAME {bind_op select} VISIBLE false} {BINDTYPE op ID {} IMPL auto_sel LATENCY 0 OPTYPE select PRAGMA {} RTLNAME select_ln39_1_fu_1212_p3 SOURCE matrix_mult.cpp:39 VARIABLE select_ln39_1 LOOP VITIS_LOOP_39_5_VITIS_LOOP_40_6 BUNDLEDNAME {} DSP 0 BRAM 0 URAM 0 STORAGESUBTYPE {} DISPNAME {bind_op select} VISIBLE false} {BINDTYPE op ID {} IMPL fabric LATENCY 0 OPTYPE add PRAGMA {} RTLNAME add_ln47_fu_1252_p2 SOURCE matrix_mult.cpp:47 VARIABLE add_ln47 LOOP VITIS_LOOP_39_5_VITIS_LOOP_40_6 BUNDLEDNAME {} DSP 0 BRAM 0 URAM 0 STORAGESUBTYPE {} DISPNAME {bind_op add} VISIBLE true} {BINDTYPE op ID {} IMPL auto LATENCY 1 OPTYPE mul PRAGMA {} RTLNAME mul_32s_32s_32_2_1_U79 SOURCE matrix_mult.cpp:45 VARIABLE mul_ln45 LOOP VITIS_LOOP_39_5_VITIS_LOOP_40_6 BUNDLEDNAME {} DSP 3 BRAM 0 URAM 0 STORAGESUBTYPE {} DISPNAME {bind_op mul} VISIBLE true} {BINDTYPE op ID {} IMPL auto LATENCY 1 OPTYPE mul PRAGMA {} RTLNAME mul_32s_32s_32_2_1_U80 SOURCE matrix_mult.cpp:45 VARIABLE mul_ln45_1 LOOP VITIS_LOOP_39_5_VITIS_LOOP_40_6 BUNDLEDNAME {} DSP 3 BRAM 0 URAM 0 STORAGESUBTYPE {} DISPNAME {bind_op mul} VISIBLE true} {BINDTYPE op ID {} IMPL auto LATENCY 1 OPTYPE mul PRAGMA {} RTLNAME mul_32s_32s_32_2_1_U81 SOURCE matrix_mult.cpp:45 VARIABLE mul_ln45_2 LOOP VITIS_LOOP_39_5_VITIS_LOOP_40_6 BUNDLEDNAME {} DSP 3 BRAM 0 URAM 0 STORAGESUBTYPE {} DISPNAME {bind_op mul} VISIBLE true} {BINDTYPE op ID {} IMPL auto LATENCY 1 OPTYPE mul PRAGMA {} RTLNAME mul_32s_32s_32_2_1_U82 SOURCE matrix_mult.cpp:45 VARIABLE mul_ln45_3 LOOP VITIS_LOOP_39_5_VITIS_LOOP_40_6 BUNDLEDNAME {} DSP 3 BRAM 0 URAM 0 STORAGESUBTYPE {} DISPNAME {bind_op mul} VISIBLE true} {BINDTYPE op ID {} IMPL auto LATENCY 1 OPTYPE mul PRAGMA {} RTLNAME mul_32s_32s_32_2_1_U83 SOURCE matrix_mult.cpp:45 VARIABLE mul_ln45_4 LOOP VITIS_LOOP_39_5_VITIS_LOOP_40_6 BUNDLEDNAME {} DSP 3 BRAM 0 URAM 0 STORAGESUBTYPE {} DISPNAME {bind_op mul} VISIBLE true} {BINDTYPE op ID {} IMPL auto LATENCY 1 OPTYPE mul PRAGMA {} RTLNAME mul_32s_32s_32_2_1_U84 SOURCE matrix_mult.cpp:45 VARIABLE mul_ln45_5 LOOP VITIS_LOOP_39_5_VITIS_LOOP_40_6 BUNDLEDNAME {} DSP 3 BRAM 0 URAM 0 STORAGESUBTYPE {} DISPNAME {bind_op mul} VISIBLE true} {BINDTYPE op ID {} IMPL auto LATENCY 1 OPTYPE mul PRAGMA {} RTLNAME mul_32s_32s_32_2_1_U85 SOURCE matrix_mult.cpp:45 VARIABLE mul_ln45_6 LOOP VITIS_LOOP_39_5_VITIS_LOOP_40_6 BUNDLEDNAME {} DSP 3 BRAM 0 URAM 0 STORAGESUBTYPE {} DISPNAME {bind_op mul} VISIBLE true} {BINDTYPE op ID {} IMPL auto LATENCY 1 OPTYPE mul PRAGMA {} RTLNAME mul_32s_32s_32_2_1_U86 SOURCE matrix_mult.cpp:45 VARIABLE mul_ln45_7 LOOP VITIS_LOOP_39_5_VITIS_LOOP_40_6 BUNDLEDNAME {} DSP 3 BRAM 0 URAM 0 STORAGESUBTYPE {} DISPNAME {bind_op mul} VISIBLE true} {BINDTYPE op ID {} IMPL auto LATENCY 1 OPTYPE mul PRAGMA {} RTLNAME mul_32s_32s_32_2_1_U87 SOURCE matrix_mult.cpp:45 VARIABLE mul_ln45_8 LOOP VITIS_LOOP_39_5_VITIS_LOOP_40_6 BUNDLEDNAME {} DSP 3 BRAM 0 URAM 0 STORAGESUBTYPE {} DISPNAME {bind_op mul} VISIBLE true} {BINDTYPE op ID {} IMPL auto LATENCY 1 OPTYPE mul PRAGMA {} RTLNAME mul_32s_32s_32_2_1_U88 SOURCE matrix_mult.cpp:45 VARIABLE mul_ln45_9 LOOP VITIS_LOOP_39_5_VITIS_LOOP_40_6 BUNDLEDNAME {} DSP 3 BRAM 0 URAM 0 STORAGESUBTYPE {} DISPNAME {bind_op mul} VISIBLE true} {BINDTYPE op ID {} IMPL auto LATENCY 1 OPTYPE mul PRAGMA {} RTLNAME mul_32s_32s_32_2_1_U89 SOURCE matrix_mult.cpp:45 VARIABLE mul_ln45_10 LOOP VITIS_LOOP_39_5_VITIS_LOOP_40_6 BUNDLEDNAME {} DSP 3 BRAM 0 URAM 0 STORAGESUBTYPE {} DISPNAME {bind_op mul} VISIBLE true} {BINDTYPE op ID {} IMPL auto LATENCY 1 OPTYPE mul PRAGMA {} RTLNAME mul_32s_32s_32_2_1_U90 SOURCE matrix_mult.cpp:45 VARIABLE mul_ln45_11 LOOP VITIS_LOOP_39_5_VITIS_LOOP_40_6 BUNDLEDNAME {} DSP 3 BRAM 0 URAM 0 STORAGESUBTYPE {} DISPNAME {bind_op mul} VISIBLE true} {BINDTYPE op ID {} IMPL auto LATENCY 1 OPTYPE mul PRAGMA {} RTLNAME mul_32s_32s_32_2_1_U91 SOURCE matrix_mult.cpp:45 VARIABLE mul_ln45_12 LOOP VITIS_LOOP_39_5_VITIS_LOOP_40_6 BUNDLEDNAME {} DSP 3 BRAM 0 URAM 0 STORAGESUBTYPE {} DISPNAME {bind_op mul} VISIBLE true} {BINDTYPE op ID {} IMPL auto LATENCY 1 OPTYPE mul PRAGMA {} RTLNAME mul_32s_32s_32_2_1_U92 SOURCE matrix_mult.cpp:45 VARIABLE mul_ln45_13 LOOP VITIS_LOOP_39_5_VITIS_LOOP_40_6 BUNDLEDNAME {} DSP 3 BRAM 0 URAM 0 STORAGESUBTYPE {} DISPNAME {bind_op mul} VISIBLE true} {BINDTYPE op ID {} IMPL auto LATENCY 1 OPTYPE mul PRAGMA {} RTLNAME mul_32s_32s_32_2_1_U93 SOURCE matrix_mult.cpp:45 VARIABLE mul_ln45_14 LOOP VITIS_LOOP_39_5_VITIS_LOOP_40_6 BUNDLEDNAME {} DSP 3 BRAM 0 URAM 0 STORAGESUBTYPE {} DISPNAME {bind_op mul} VISIBLE true} {BINDTYPE op ID {} IMPL auto LATENCY 1 OPTYPE mul PRAGMA {} RTLNAME mul_32s_32s_32_2_1_U94 SOURCE matrix_mult.cpp:45 VARIABLE mul_ln45_15 LOOP VITIS_LOOP_39_5_VITIS_LOOP_40_6 BUNDLEDNAME {} DSP 3 BRAM 0 URAM 0 STORAGESUBTYPE {} DISPNAME {bind_op mul} VISIBLE true} {BINDTYPE op ID {} IMPL auto LATENCY 1 OPTYPE mul PRAGMA {} RTLNAME mul_32s_32s_32_2_1_U95 SOURCE matrix_mult.cpp:45 VARIABLE mul_ln45_16 LOOP VITIS_LOOP_39_5_VITIS_LOOP_40_6 BUNDLEDNAME {} DSP 3 BRAM 0 URAM 0 STORAGESUBTYPE {} DISPNAME {bind_op mul} VISIBLE true} {BINDTYPE op ID {} IMPL auto LATENCY 1 OPTYPE mul PRAGMA {} RTLNAME mul_32s_32s_32_2_1_U96 SOURCE matrix_mult.cpp:45 VARIABLE mul_ln45_17 LOOP VITIS_LOOP_39_5_VITIS_LOOP_40_6 BUNDLEDNAME {} DSP 3 BRAM 0 URAM 0 STORAGESUBTYPE {} DISPNAME {bind_op mul} VISIBLE true} {BINDTYPE op ID {} IMPL auto LATENCY 1 OPTYPE mul PRAGMA {} RTLNAME mul_32s_32s_32_2_1_U97 SOURCE matrix_mult.cpp:45 VARIABLE mul_ln45_18 LOOP VITIS_LOOP_39_5_VITIS_LOOP_40_6 BUNDLEDNAME {} DSP 3 BRAM 0 URAM 0 STORAGESUBTYPE {} DISPNAME {bind_op mul} VISIBLE true} {BINDTYPE op ID {} IMPL auto LATENCY 1 OPTYPE mul PRAGMA {} RTLNAME mul_32s_32s_32_2_1_U98 SOURCE matrix_mult.cpp:45 VARIABLE mul_ln45_19 LOOP VITIS_LOOP_39_5_VITIS_LOOP_40_6 BUNDLEDNAME {} DSP 3 BRAM 0 URAM 0 STORAGESUBTYPE {} DISPNAME {bind_op mul} VISIBLE true} {BINDTYPE op ID {} IMPL auto LATENCY 1 OPTYPE mul PRAGMA {} RTLNAME mul_32s_32s_32_2_1_U103 SOURCE matrix_mult.cpp:45 VARIABLE mul_ln45_20 LOOP VITIS_LOOP_39_5_VITIS_LOOP_40_6 BUNDLEDNAME {} DSP 3 BRAM 0 URAM 0 STORAGESUBTYPE {} DISPNAME {bind_op mul} VISIBLE true} {BINDTYPE op ID {} IMPL auto LATENCY 1 OPTYPE mul PRAGMA {} RTLNAME mul_32s_32s_32_2_1_U104 SOURCE matrix_mult.cpp:45 VARIABLE mul_ln45_21 LOOP VITIS_LOOP_39_5_VITIS_LOOP_40_6 BUNDLEDNAME {} DSP 3 BRAM 0 URAM 0 STORAGESUBTYPE {} DISPNAME {bind_op mul} VISIBLE true} {BINDTYPE op ID {} IMPL auto LATENCY 1 OPTYPE mul PRAGMA {} RTLNAME mul_32s_32s_32_2_1_U105 SOURCE matrix_mult.cpp:45 VARIABLE mul_ln45_22 LOOP VITIS_LOOP_39_5_VITIS_LOOP_40_6 BUNDLEDNAME {} DSP 3 BRAM 0 URAM 0 STORAGESUBTYPE {} DISPNAME {bind_op mul} VISIBLE true} {BINDTYPE op ID {} IMPL auto LATENCY 1 OPTYPE mul PRAGMA {} RTLNAME mul_32s_32s_32_2_1_U106 SOURCE matrix_mult.cpp:45 VARIABLE mul_ln45_23 LOOP VITIS_LOOP_39_5_VITIS_LOOP_40_6 BUNDLEDNAME {} DSP 3 BRAM 0 URAM 0 STORAGESUBTYPE {} DISPNAME {bind_op mul} VISIBLE true} {BINDTYPE op ID {} IMPL auto LATENCY 1 OPTYPE mul PRAGMA {} RTLNAME mul_32s_32s_32_2_1_U99 SOURCE matrix_mult.cpp:45 VARIABLE mul_ln45_24 LOOP VITIS_LOOP_39_5_VITIS_LOOP_40_6 BUNDLEDNAME {} DSP 3 BRAM 0 URAM 0 STORAGESUBTYPE {} DISPNAME {bind_op mul} VISIBLE true} {BINDTYPE op ID {} IMPL auto LATENCY 1 OPTYPE mul PRAGMA {} RTLNAME mul_32s_32s_32_2_1_U100 SOURCE matrix_mult.cpp:45 VARIABLE mul_ln45_25 LOOP VITIS_LOOP_39_5_VITIS_LOOP_40_6 BUNDLEDNAME {} DSP 3 BRAM 0 URAM 0 STORAGESUBTYPE {} DISPNAME {bind_op mul} VISIBLE true} {BINDTYPE op ID {} IMPL auto LATENCY 1 OPTYPE mul PRAGMA {} RTLNAME mul_32s_32s_32_2_1_U101 SOURCE matrix_mult.cpp:45 VARIABLE mul_ln45_26 LOOP VITIS_LOOP_39_5_VITIS_LOOP_40_6 BUNDLEDNAME {} DSP 3 BRAM 0 URAM 0 STORAGESUBTYPE {} DISPNAME {bind_op mul} VISIBLE true} {BINDTYPE op ID {} IMPL auto LATENCY 1 OPTYPE mul PRAGMA {} RTLNAME mul_32s_32s_32_2_1_U102 SOURCE matrix_mult.cpp:45 VARIABLE mul_ln45_27 LOOP VITIS_LOOP_39_5_VITIS_LOOP_40_6 BUNDLEDNAME {} DSP 3 BRAM 0 URAM 0 STORAGESUBTYPE {} DISPNAME {bind_op mul} VISIBLE true} {BINDTYPE op ID {} IMPL auto LATENCY 1 OPTYPE mul PRAGMA {} RTLNAME mul_32s_32s_32_2_1_U107 SOURCE matrix_mult.cpp:45 VARIABLE mul_ln45_28 LOOP VITIS_LOOP_39_5_VITIS_LOOP_40_6 BUNDLEDNAME {} DSP 3 BRAM 0 URAM 0 STORAGESUBTYPE {} DISPNAME {bind_op mul} VISIBLE true} {BINDTYPE op ID {} IMPL auto LATENCY 1 OPTYPE mul PRAGMA {} RTLNAME mul_32s_32s_32_2_1_U108 SOURCE matrix_mult.cpp:45 VARIABLE mul_ln45_29 LOOP VITIS_LOOP_39_5_VITIS_LOOP_40_6 BUNDLEDNAME {} DSP 3 BRAM 0 URAM 0 STORAGESUBTYPE {} DISPNAME {bind_op mul} VISIBLE true} {BINDTYPE op ID {} IMPL auto LATENCY 1 OPTYPE mul PRAGMA {} RTLNAME mul_32s_32s_32_2_1_U109 SOURCE matrix_mult.cpp:45 VARIABLE mul_ln45_30 LOOP VITIS_LOOP_39_5_VITIS_LOOP_40_6 BUNDLEDNAME {} DSP 3 BRAM 0 URAM 0 STORAGESUBTYPE {} DISPNAME {bind_op mul} VISIBLE true} {BINDTYPE op ID {} IMPL auto LATENCY 1 OPTYPE mul PRAGMA {} RTLNAME mul_32s_32s_32_2_1_U110 SOURCE matrix_mult.cpp:45 VARIABLE mul_ln45_31 LOOP VITIS_LOOP_39_5_VITIS_LOOP_40_6 BUNDLEDNAME {} DSP 3 BRAM 0 URAM 0 STORAGESUBTYPE {} DISPNAME {bind_op mul} VISIBLE true} {BINDTYPE op ID {} IMPL fabric LATENCY 0 OPTYPE add PRAGMA {} RTLNAME add_ln45_fu_1363_p2 SOURCE matrix_mult.cpp:45 VARIABLE add_ln45 LOOP VITIS_LOOP_39_5_VITIS_LOOP_40_6 BUNDLEDNAME {} DSP 0 BRAM 0 URAM 0 STORAGESUBTYPE {} DISPNAME {bind_op add} VISIBLE true} {BINDTYPE op ID {} IMPL fabric LATENCY 0 OPTYPE add PRAGMA {} RTLNAME add_ln45_1_fu_1367_p2 SOURCE matrix_mult.cpp:45 VARIABLE add_ln45_1 LOOP VITIS_LOOP_39_5_VITIS_LOOP_40_6 BUNDLEDNAME {} DSP 0 BRAM 0 URAM 0 STORAGESUBTYPE {} DISPNAME {bind_op add} VISIBLE true} {BINDTYPE op ID {} IMPL fabric LATENCY 0 OPTYPE add PRAGMA {} RTLNAME add_ln45_4_fu_1292_p2 SOURCE matrix_mult.cpp:45 VARIABLE add_ln45_4 LOOP VITIS_LOOP_39_5_VITIS_LOOP_40_6 BUNDLEDNAME {} DSP 0 BRAM 0 URAM 0 STORAGESUBTYPE {} DISPNAME {bind_op add} VISIBLE true} {BINDTYPE op ID {} IMPL fabric LATENCY 0 OPTYPE add PRAGMA {} RTLNAME add_ln45_7_fu_1382_p2 SOURCE matrix_mult.cpp:45 VARIABLE add_ln45_7 LOOP VITIS_LOOP_39_5_VITIS_LOOP_40_6 BUNDLEDNAME {} DSP 0 BRAM 0 URAM 0 STORAGESUBTYPE {} DISPNAME {bind_op add} VISIBLE true} {BINDTYPE op ID {} IMPL fabric LATENCY 0 OPTYPE add PRAGMA {} RTLNAME add_ln45_8_fu_1386_p2 SOURCE matrix_mult.cpp:45 VARIABLE add_ln45_8 LOOP VITIS_LOOP_39_5_VITIS_LOOP_40_6 BUNDLEDNAME {} DSP 0 BRAM 0 URAM 0 STORAGESUBTYPE {} DISPNAME {bind_op add} VISIBLE true} {BINDTYPE op ID {} IMPL fabric LATENCY 0 OPTYPE add PRAGMA {} RTLNAME add_ln45_11_fu_1306_p2 SOURCE matrix_mult.cpp:45 VARIABLE add_ln45_11 LOOP VITIS_LOOP_39_5_VITIS_LOOP_40_6 BUNDLEDNAME {} DSP 0 BRAM 0 URAM 0 STORAGESUBTYPE {} DISPNAME {bind_op add} VISIBLE true} {BINDTYPE op ID {} IMPL fabric LATENCY 0 OPTYPE add PRAGMA {} RTLNAME add_ln45_16_fu_1320_p2 SOURCE matrix_mult.cpp:45 VARIABLE add_ln45_16 LOOP VITIS_LOOP_39_5_VITIS_LOOP_40_6 BUNDLEDNAME {} DSP 0 BRAM 0 URAM 0 STORAGESUBTYPE {} DISPNAME {bind_op add} VISIBLE true} {BINDTYPE op ID {} IMPL fabric LATENCY 0 OPTYPE add PRAGMA {} RTLNAME add_ln45_19_fu_1334_p2 SOURCE matrix_mult.cpp:45 VARIABLE add_ln45_19 LOOP VITIS_LOOP_39_5_VITIS_LOOP_40_6 BUNDLEDNAME {} DSP 0 BRAM 0 URAM 0 STORAGESUBTYPE {} DISPNAME {bind_op add} VISIBLE true} {BINDTYPE op ID {} IMPL fabric LATENCY 0 OPTYPE add PRAGMA {} RTLNAME add_ln45_22_fu_1344_p2 SOURCE matrix_mult.cpp:45 VARIABLE add_ln45_22 LOOP VITIS_LOOP_39_5_VITIS_LOOP_40_6 BUNDLEDNAME {} DSP 0 BRAM 0 URAM 0 STORAGESUBTYPE {} DISPNAME {bind_op add} VISIBLE true} {BINDTYPE op ID {} IMPL fabric LATENCY 0 OPTYPE add PRAGMA {} RTLNAME add_ln45_23_fu_1348_p2 SOURCE matrix_mult.cpp:45 VARIABLE add_ln45_23 LOOP VITIS_LOOP_39_5_VITIS_LOOP_40_6 BUNDLEDNAME {} DSP 0 BRAM 0 URAM 0 STORAGESUBTYPE {} DISPNAME {bind_op add} VISIBLE true} {BINDTYPE op ID {} IMPL fabric LATENCY 0 OPTYPE add PRAGMA {} RTLNAME add_ln45_26_fu_1278_p2 SOURCE matrix_mult.cpp:45 VARIABLE add_ln45_26 LOOP VITIS_LOOP_39_5_VITIS_LOOP_40_6 BUNDLEDNAME {} DSP 0 BRAM 0 URAM 0 STORAGESUBTYPE {} DISPNAME {bind_op add} VISIBLE true} {BINDTYPE op ID {} IMPL fabric LATENCY 0 OPTYPE add PRAGMA {} RTLNAME add_ln40_fu_1258_p2 SOURCE matrix_mult.cpp:40 VARIABLE add_ln40 LOOP VITIS_LOOP_39_5_VITIS_LOOP_40_6 BUNDLEDNAME {} DSP 0 BRAM 0 URAM 0 STORAGESUBTYPE {} DISPNAME {bind_op add} VISIBLE true}} AREA {DSP 96 BRAM 0 URAM 0}} matrix_mult_Pipeline_VITIS_LOOP_52_8_VITIS_LOOP_53_9 {BINDINFO {{BINDTYPE op ID {} IMPL auto LATENCY 0 OPTYPE seteq PRAGMA {} RTLNAME icmp_ln52_fu_144_p2 SOURCE matrix_mult.cpp:52 VARIABLE icmp_ln52 LOOP VITIS_LOOP_52_8_VITIS_LOOP_53_9 BUNDLEDNAME {} DSP 0 BRAM 0 URAM 0 STORAGESUBTYPE {} DISPNAME {bind_op seteq} VISIBLE false} {BINDTYPE op ID {} IMPL fabric LATENCY 0 OPTYPE add PRAGMA {} RTLNAME add_ln52_1_fu_150_p2 SOURCE matrix_mult.cpp:52 VARIABLE add_ln52_1 LOOP VITIS_LOOP_52_8_VITIS_LOOP_53_9 BUNDLEDNAME {} DSP 0 BRAM 0 URAM 0 STORAGESUBTYPE {} DISPNAME {bind_op add} VISIBLE true} {BINDTYPE op ID {} IMPL fabric LATENCY 0 OPTYPE add PRAGMA {} RTLNAME add_ln52_fu_167_p2 SOURCE matrix_mult.cpp:52 VARIABLE add_ln52 LOOP VITIS_LOOP_52_8_VITIS_LOOP_53_9 BUNDLEDNAME {} DSP 0 BRAM 0 URAM 0 STORAGESUBTYPE {} DISPNAME {bind_op add} VISIBLE true} {BINDTYPE op ID {} IMPL auto LATENCY 0 OPTYPE seteq PRAGMA {} RTLNAME icmp_ln53_fu_173_p2 SOURCE matrix_mult.cpp:53 VARIABLE icmp_ln53 LOOP VITIS_LOOP_52_8_VITIS_LOOP_53_9 BUNDLEDNAME {} DSP 0 BRAM 0 URAM 0 STORAGESUBTYPE {} DISPNAME {bind_op seteq} VISIBLE false} {BINDTYPE op ID {} IMPL auto_sel LATENCY 0 OPTYPE select PRAGMA {} RTLNAME select_ln52_fu_179_p3 SOURCE matrix_mult.cpp:52 VARIABLE select_ln52 LOOP VITIS_LOOP_52_8_VITIS_LOOP_53_9 BUNDLEDNAME {} DSP 0 BRAM 0 URAM 0 STORAGESUBTYPE {} DISPNAME {bind_op select} VISIBLE false} {BINDTYPE op ID {} IMPL auto_sel LATENCY 0 OPTYPE select PRAGMA {} RTLNAME select_ln52_1_fu_187_p3 SOURCE matrix_mult.cpp:52 VARIABLE select_ln52_1 LOOP VITIS_LOOP_52_8_VITIS_LOOP_53_9 BUNDLEDNAME {} DSP 0 BRAM 0 URAM 0 STORAGESUBTYPE {} DISPNAME {bind_op select} VISIBLE false} {BINDTYPE op ID {} IMPL auto LATENCY 0 OPTYPE seteq PRAGMA {} RTLNAME icmp_ln62_fu_207_p2 SOURCE matrix_mult.cpp:62 VARIABLE icmp_ln62 LOOP VITIS_LOOP_52_8_VITIS_LOOP_53_9 BUNDLEDNAME {} DSP 0 BRAM 0 URAM 0 STORAGESUBTYPE {} DISPNAME {bind_op seteq} VISIBLE false} {BINDTYPE op ID {} IMPL fabric LATENCY 0 OPTYPE add PRAGMA {} RTLNAME add_ln55_fu_217_p2 SOURCE matrix_mult.cpp:55 VARIABLE add_ln55 LOOP VITIS_LOOP_52_8_VITIS_LOOP_53_9 BUNDLEDNAME {} DSP 0 BRAM 0 URAM 0 STORAGESUBTYPE {} DISPNAME {bind_op add} VISIBLE true} {BINDTYPE op ID {} IMPL auto LATENCY 0 OPTYPE seteq PRAGMA {} RTLNAME icmp_ln62_1_fu_223_p2 SOURCE matrix_mult.cpp:62 VARIABLE icmp_ln62_1 LOOP VITIS_LOOP_52_8_VITIS_LOOP_53_9 BUNDLEDNAME {} DSP 0 BRAM 0 URAM 0 STORAGESUBTYPE {} DISPNAME {bind_op seteq} VISIBLE false} {BINDTYPE op ID {} IMPL auto LATENCY 0 OPTYPE and PRAGMA {} RTLNAME and_ln62_fu_229_p2 SOURCE matrix_mult.cpp:62 VARIABLE and_ln62 LOOP VITIS_LOOP_52_8_VITIS_LOOP_53_9 BUNDLEDNAME {} DSP 0 BRAM 0 URAM 0 STORAGESUBTYPE {} DISPNAME {bind_op and} VISIBLE false} {BINDTYPE op ID {} IMPL fabric LATENCY 0 OPTYPE add PRAGMA {} RTLNAME add_ln53_fu_235_p2 SOURCE matrix_mult.cpp:53 VARIABLE add_ln53 LOOP VITIS_LOOP_52_8_VITIS_LOOP_53_9 BUNDLEDNAME {} DSP 0 BRAM 0 URAM 0 STORAGESUBTYPE {} DISPNAME {bind_op add} VISIBLE true}} AREA {DSP 0 BRAM 0 URAM 0}} matrix_mult {BINDINFO {{BINDTYPE storage ID {} IMPL auto LATENCY 1 OPTYPE ram_1p PRAGMA {} RTLNAME A_U SOURCE matrix_mult.cpp:18 VARIABLE A LOOP {} BUNDLEDNAME {} DSP 0 BRAM 2 URAM 0 STORAGESUBTYPE {} STORAGESIZE {32 32 1} STORAGEUSAGE {ram_1p array} DISPNAME {bind_storage ram_1p} VISIBLE true} {BINDTYPE storage ID {} IMPL auto LATENCY 1 OPTYPE ram_1p PRAGMA {} RTLNAME A_1_U SOURCE matrix_mult.cpp:18 VARIABLE A_1 LOOP {} BUNDLEDNAME {} DSP 0 BRAM 2 URAM 0 STORAGESUBTYPE {} STORAGESIZE {32 32 1} STORAGEUSAGE {ram_1p array} DISPNAME {bind_storage ram_1p} VISIBLE true} {BINDTYPE storage ID {} IMPL auto LATENCY 1 OPTYPE ram_1p PRAGMA {} RTLNAME A_2_U SOURCE matrix_mult.cpp:18 VARIABLE A_2 LOOP {} BUNDLEDNAME {} DSP 0 BRAM 2 URAM 0 STORAGESUBTYPE {} STORAGESIZE {32 32 1} STORAGEUSAGE {ram_1p array} DISPNAME {bind_storage ram_1p} VISIBLE true} {BINDTYPE storage ID {} IMPL auto LATENCY 1 OPTYPE ram_1p PRAGMA {} RTLNAME A_3_U SOURCE matrix_mult.cpp:18 VARIABLE A_3 LOOP {} BUNDLEDNAME {} DSP 0 BRAM 2 URAM 0 STORAGESUBTYPE {} STORAGESIZE {32 32 1} STORAGEUSAGE {ram_1p array} DISPNAME {bind_storage ram_1p} VISIBLE true} {BINDTYPE storage ID {} IMPL auto LATENCY 1 OPTYPE ram_1p PRAGMA {} RTLNAME A_4_U SOURCE matrix_mult.cpp:18 VARIABLE A_4 LOOP {} BUNDLEDNAME {} DSP 0 BRAM 2 URAM 0 STORAGESUBTYPE {} STORAGESIZE {32 32 1} STORAGEUSAGE {ram_1p array} DISPNAME {bind_storage ram_1p} VISIBLE true} {BINDTYPE storage ID {} IMPL auto LATENCY 1 OPTYPE ram_1p PRAGMA {} RTLNAME A_5_U SOURCE matrix_mult.cpp:18 VARIABLE A_5 LOOP {} BUNDLEDNAME {} DSP 0 BRAM 2 URAM 0 STORAGESUBTYPE {} STORAGESIZE {32 32 1} STORAGEUSAGE {ram_1p array} DISPNAME {bind_storage ram_1p} VISIBLE true} {BINDTYPE storage ID {} IMPL auto LATENCY 1 OPTYPE ram_1p PRAGMA {} RTLNAME A_6_U SOURCE matrix_mult.cpp:18 VARIABLE A_6 LOOP {} BUNDLEDNAME {} DSP 0 BRAM 2 URAM 0 STORAGESUBTYPE {} STORAGESIZE {32 32 1} STORAGEUSAGE {ram_1p array} DISPNAME {bind_storage ram_1p} VISIBLE true} {BINDTYPE storage ID {} IMPL auto LATENCY 1 OPTYPE ram_1p PRAGMA {} RTLNAME A_7_U SOURCE matrix_mult.cpp:18 VARIABLE A_7 LOOP {} BUNDLEDNAME {} DSP 0 BRAM 2 URAM 0 STORAGESUBTYPE {} STORAGESIZE {32 32 1} STORAGEUSAGE {ram_1p array} DISPNAME {bind_storage ram_1p} VISIBLE true} {BINDTYPE storage ID {} IMPL auto LATENCY 1 OPTYPE ram_1p PRAGMA {} RTLNAME A_8_U SOURCE matrix_mult.cpp:18 VARIABLE A_8 LOOP {} BUNDLEDNAME {} DSP 0 BRAM 2 URAM 0 STORAGESUBTYPE {} STORAGESIZE {32 32 1} STORAGEUSAGE {ram_1p array} DISPNAME {bind_storage ram_1p} VISIBLE true} {BINDTYPE storage ID {} IMPL auto LATENCY 1 OPTYPE ram_1p PRAGMA {} RTLNAME A_9_U SOURCE matrix_mult.cpp:18 VARIABLE A_9 LOOP {} BUNDLEDNAME {} DSP 0 BRAM 2 URAM 0 STORAGESUBTYPE {} STORAGESIZE {32 32 1} STORAGEUSAGE {ram_1p array} DISPNAME {bind_storage ram_1p} VISIBLE true} {BINDTYPE storage ID {} IMPL auto LATENCY 1 OPTYPE ram_1p PRAGMA {} RTLNAME A_10_U SOURCE matrix_mult.cpp:18 VARIABLE A_10 LOOP {} BUNDLEDNAME {} DSP 0 BRAM 2 URAM 0 STORAGESUBTYPE {} STORAGESIZE {32 32 1} STORAGEUSAGE {ram_1p array} DISPNAME {bind_storage ram_1p} VISIBLE true} {BINDTYPE storage ID {} IMPL auto LATENCY 1 OPTYPE ram_1p PRAGMA {} RTLNAME A_11_U SOURCE matrix_mult.cpp:18 VARIABLE A_11 LOOP {} BUNDLEDNAME {} DSP 0 BRAM 2 URAM 0 STORAGESUBTYPE {} STORAGESIZE {32 32 1} STORAGEUSAGE {ram_1p array} DISPNAME {bind_storage ram_1p} VISIBLE true} {BINDTYPE storage ID {} IMPL auto LATENCY 1 OPTYPE ram_1p PRAGMA {} RTLNAME A_12_U SOURCE matrix_mult.cpp:18 VARIABLE A_12 LOOP {} BUNDLEDNAME {} DSP 0 BRAM 2 URAM 0 STORAGESUBTYPE {} STORAGESIZE {32 32 1} STORAGEUSAGE {ram_1p array} DISPNAME {bind_storage ram_1p} VISIBLE true} {BINDTYPE storage ID {} IMPL auto LATENCY 1 OPTYPE ram_1p PRAGMA {} RTLNAME A_13_U SOURCE matrix_mult.cpp:18 VARIABLE A_13 LOOP {} BUNDLEDNAME {} DSP 0 BRAM 2 URAM 0 STORAGESUBTYPE {} STORAGESIZE {32 32 1} STORAGEUSAGE {ram_1p array} DISPNAME {bind_storage ram_1p} VISIBLE true} {BINDTYPE storage ID {} IMPL auto LATENCY 1 OPTYPE ram_1p PRAGMA {} RTLNAME A_14_U SOURCE matrix_mult.cpp:18 VARIABLE A_14 LOOP {} BUNDLEDNAME {} DSP 0 BRAM 2 URAM 0 STORAGESUBTYPE {} STORAGESIZE {32 32 1} STORAGEUSAGE {ram_1p array} DISPNAME {bind_storage ram_1p} VISIBLE true} {BINDTYPE storage ID {} IMPL auto LATENCY 1 OPTYPE ram_1p PRAGMA {} RTLNAME A_15_U SOURCE matrix_mult.cpp:18 VARIABLE A_15 LOOP {} BUNDLEDNAME {} DSP 0 BRAM 2 URAM 0 STORAGESUBTYPE {} STORAGESIZE {32 32 1} STORAGEUSAGE {ram_1p array} DISPNAME {bind_storage ram_1p} VISIBLE true} {BINDTYPE storage ID {} IMPL auto LATENCY 1 OPTYPE ram_1p PRAGMA {} RTLNAME A_16_U SOURCE matrix_mult.cpp:18 VARIABLE A_16 LOOP {} BUNDLEDNAME {} DSP 0 BRAM 2 URAM 0 STORAGESUBTYPE {} STORAGESIZE {32 32 1} STORAGEUSAGE {ram_1p array} DISPNAME {bind_storage ram_1p} VISIBLE true} {BINDTYPE storage ID {} IMPL auto LATENCY 1 OPTYPE ram_1p PRAGMA {} RTLNAME A_17_U SOURCE matrix_mult.cpp:18 VARIABLE A_17 LOOP {} BUNDLEDNAME {} DSP 0 BRAM 2 URAM 0 STORAGESUBTYPE {} STORAGESIZE {32 32 1} STORAGEUSAGE {ram_1p array} DISPNAME {bind_storage ram_1p} VISIBLE true} {BINDTYPE storage ID {} IMPL auto LATENCY 1 OPTYPE ram_1p PRAGMA {} RTLNAME A_18_U SOURCE matrix_mult.cpp:18 VARIABLE A_18 LOOP {} BUNDLEDNAME {} DSP 0 BRAM 2 URAM 0 STORAGESUBTYPE {} STORAGESIZE {32 32 1} STORAGEUSAGE {ram_1p array} DISPNAME {bind_storage ram_1p} VISIBLE true} {BINDTYPE storage ID {} IMPL auto LATENCY 1 OPTYPE ram_1p PRAGMA {} RTLNAME A_19_U SOURCE matrix_mult.cpp:18 VARIABLE A_19 LOOP {} BUNDLEDNAME {} DSP 0 BRAM 2 URAM 0 STORAGESUBTYPE {} STORAGESIZE {32 32 1} STORAGEUSAGE {ram_1p array} DISPNAME {bind_storage ram_1p} VISIBLE true} {BINDTYPE storage ID {} IMPL auto LATENCY 1 OPTYPE ram_1p PRAGMA {} RTLNAME A_20_U SOURCE matrix_mult.cpp:18 VARIABLE A_20 LOOP {} BUNDLEDNAME {} DSP 0 BRAM 2 URAM 0 STORAGESUBTYPE {} STORAGESIZE {32 32 1} STORAGEUSAGE {ram_1p array} DISPNAME {bind_storage ram_1p} VISIBLE true} {BINDTYPE storage ID {} IMPL auto LATENCY 1 OPTYPE ram_1p PRAGMA {} RTLNAME A_21_U SOURCE matrix_mult.cpp:18 VARIABLE A_21 LOOP {} BUNDLEDNAME {} DSP 0 BRAM 2 URAM 0 STORAGESUBTYPE {} STORAGESIZE {32 32 1} STORAGEUSAGE {ram_1p array} DISPNAME {bind_storage ram_1p} VISIBLE true} {BINDTYPE storage ID {} IMPL auto LATENCY 1 OPTYPE ram_1p PRAGMA {} RTLNAME A_22_U SOURCE matrix_mult.cpp:18 VARIABLE A_22 LOOP {} BUNDLEDNAME {} DSP 0 BRAM 2 URAM 0 STORAGESUBTYPE {} STORAGESIZE {32 32 1} STORAGEUSAGE {ram_1p array} DISPNAME {bind_storage ram_1p} VISIBLE true} {BINDTYPE storage ID {} IMPL auto LATENCY 1 OPTYPE ram_1p PRAGMA {} RTLNAME A_23_U SOURCE matrix_mult.cpp:18 VARIABLE A_23 LOOP {} BUNDLEDNAME {} DSP 0 BRAM 2 URAM 0 STORAGESUBTYPE {} STORAGESIZE {32 32 1} STORAGEUSAGE {ram_1p array} DISPNAME {bind_storage ram_1p} VISIBLE true} {BINDTYPE storage ID {} IMPL auto LATENCY 1 OPTYPE ram_1p PRAGMA {} RTLNAME A_24_U SOURCE matrix_mult.cpp:18 VARIABLE A_24 LOOP {} BUNDLEDNAME {} DSP 0 BRAM 2 URAM 0 STORAGESUBTYPE {} STORAGESIZE {32 32 1} STORAGEUSAGE {ram_1p array} DISPNAME {bind_storage ram_1p} VISIBLE true} {BINDTYPE storage ID {} IMPL auto LATENCY 1 OPTYPE ram_1p PRAGMA {} RTLNAME A_25_U SOURCE matrix_mult.cpp:18 VARIABLE A_25 LOOP {} BUNDLEDNAME {} DSP 0 BRAM 2 URAM 0 STORAGESUBTYPE {} STORAGESIZE {32 32 1} STORAGEUSAGE {ram_1p array} DISPNAME {bind_storage ram_1p} VISIBLE true} {BINDTYPE storage ID {} IMPL auto LATENCY 1 OPTYPE ram_1p PRAGMA {} RTLNAME A_26_U SOURCE matrix_mult.cpp:18 VARIABLE A_26 LOOP {} BUNDLEDNAME {} DSP 0 BRAM 2 URAM 0 STORAGESUBTYPE {} STORAGESIZE {32 32 1} STORAGEUSAGE {ram_1p array} DISPNAME {bind_storage ram_1p} VISIBLE true} {BINDTYPE storage ID {} IMPL auto LATENCY 1 OPTYPE ram_1p PRAGMA {} RTLNAME A_27_U SOURCE matrix_mult.cpp:18 VARIABLE A_27 LOOP {} BUNDLEDNAME {} DSP 0 BRAM 2 URAM 0 STORAGESUBTYPE {} STORAGESIZE {32 32 1} STORAGEUSAGE {ram_1p array} DISPNAME {bind_storage ram_1p} VISIBLE true} {BINDTYPE storage ID {} IMPL auto LATENCY 1 OPTYPE ram_1p PRAGMA {} RTLNAME A_28_U SOURCE matrix_mult.cpp:18 VARIABLE A_28 LOOP {} BUNDLEDNAME {} DSP 0 BRAM 2 URAM 0 STORAGESUBTYPE {} STORAGESIZE {32 32 1} STORAGEUSAGE {ram_1p array} DISPNAME {bind_storage ram_1p} VISIBLE true} {BINDTYPE storage ID {} IMPL auto LATENCY 1 OPTYPE ram_1p PRAGMA {} RTLNAME A_29_U SOURCE matrix_mult.cpp:18 VARIABLE A_29 LOOP {} BUNDLEDNAME {} DSP 0 BRAM 2 URAM 0 STORAGESUBTYPE {} STORAGESIZE {32 32 1} STORAGEUSAGE {ram_1p array} DISPNAME {bind_storage ram_1p} VISIBLE true} {BINDTYPE storage ID {} IMPL auto LATENCY 1 OPTYPE ram_1p PRAGMA {} RTLNAME A_30_U SOURCE matrix_mult.cpp:18 VARIABLE A_30 LOOP {} BUNDLEDNAME {} DSP 0 BRAM 2 URAM 0 STORAGESUBTYPE {} STORAGESIZE {32 32 1} STORAGEUSAGE {ram_1p array} DISPNAME {bind_storage ram_1p} VISIBLE true} {BINDTYPE storage ID {} IMPL auto LATENCY 1 OPTYPE ram_1p PRAGMA {} RTLNAME A_31_U SOURCE matrix_mult.cpp:18 VARIABLE A_31 LOOP {} BUNDLEDNAME {} DSP 0 BRAM 2 URAM 0 STORAGESUBTYPE {} STORAGESIZE {32 32 1} STORAGEUSAGE {ram_1p array} DISPNAME {bind_storage ram_1p} VISIBLE true} {BINDTYPE storage ID {} IMPL auto LATENCY 1 OPTYPE ram_1p PRAGMA {} RTLNAME B_U SOURCE matrix_mult.cpp:19 VARIABLE B LOOP {} BUNDLEDNAME {} DSP 0 BRAM 2 URAM 0 STORAGESUBTYPE {} STORAGESIZE {32 32 1} STORAGEUSAGE {ram_1p array} DISPNAME {bind_storage ram_1p} VISIBLE true} {BINDTYPE storage ID {} IMPL auto LATENCY 1 OPTYPE ram_1p PRAGMA {} RTLNAME B_1_U SOURCE matrix_mult.cpp:19 VARIABLE B_1 LOOP {} BUNDLEDNAME {} DSP 0 BRAM 2 URAM 0 STORAGESUBTYPE {} STORAGESIZE {32 32 1} STORAGEUSAGE {ram_1p array} DISPNAME {bind_storage ram_1p} VISIBLE true} {BINDTYPE storage ID {} IMPL auto LATENCY 1 OPTYPE ram_1p PRAGMA {} RTLNAME B_2_U SOURCE matrix_mult.cpp:19 VARIABLE B_2 LOOP {} BUNDLEDNAME {} DSP 0 BRAM 2 URAM 0 STORAGESUBTYPE {} STORAGESIZE {32 32 1} STORAGEUSAGE {ram_1p array} DISPNAME {bind_storage ram_1p} VISIBLE true} {BINDTYPE storage ID {} IMPL auto LATENCY 1 OPTYPE ram_1p PRAGMA {} RTLNAME B_3_U SOURCE matrix_mult.cpp:19 VARIABLE B_3 LOOP {} BUNDLEDNAME {} DSP 0 BRAM 2 URAM 0 STORAGESUBTYPE {} STORAGESIZE {32 32 1} STORAGEUSAGE {ram_1p array} DISPNAME {bind_storage ram_1p} VISIBLE true} {BINDTYPE storage ID {} IMPL auto LATENCY 1 OPTYPE ram_1p PRAGMA {} RTLNAME B_4_U SOURCE matrix_mult.cpp:19 VARIABLE B_4 LOOP {} BUNDLEDNAME {} DSP 0 BRAM 2 URAM 0 STORAGESUBTYPE {} STORAGESIZE {32 32 1} STORAGEUSAGE {ram_1p array} DISPNAME {bind_storage ram_1p} VISIBLE true} {BINDTYPE storage ID {} IMPL auto LATENCY 1 OPTYPE ram_1p PRAGMA {} RTLNAME B_5_U SOURCE matrix_mult.cpp:19 VARIABLE B_5 LOOP {} BUNDLEDNAME {} DSP 0 BRAM 2 URAM 0 STORAGESUBTYPE {} STORAGESIZE {32 32 1} STORAGEUSAGE {ram_1p array} DISPNAME {bind_storage ram_1p} VISIBLE true} {BINDTYPE storage ID {} IMPL auto LATENCY 1 OPTYPE ram_1p PRAGMA {} RTLNAME B_6_U SOURCE matrix_mult.cpp:19 VARIABLE B_6 LOOP {} BUNDLEDNAME {} DSP 0 BRAM 2 URAM 0 STORAGESUBTYPE {} STORAGESIZE {32 32 1} STORAGEUSAGE {ram_1p array} DISPNAME {bind_storage ram_1p} VISIBLE true} {BINDTYPE storage ID {} IMPL auto LATENCY 1 OPTYPE ram_1p PRAGMA {} RTLNAME B_7_U SOURCE matrix_mult.cpp:19 VARIABLE B_7 LOOP {} BUNDLEDNAME {} DSP 0 BRAM 2 URAM 0 STORAGESUBTYPE {} STORAGESIZE {32 32 1} STORAGEUSAGE {ram_1p array} DISPNAME {bind_storage ram_1p} VISIBLE true} {BINDTYPE storage ID {} IMPL auto LATENCY 1 OPTYPE ram_1p PRAGMA {} RTLNAME B_8_U SOURCE matrix_mult.cpp:19 VARIABLE B_8 LOOP {} BUNDLEDNAME {} DSP 0 BRAM 2 URAM 0 STORAGESUBTYPE {} STORAGESIZE {32 32 1} STORAGEUSAGE {ram_1p array} DISPNAME {bind_storage ram_1p} VISIBLE true} {BINDTYPE storage ID {} IMPL auto LATENCY 1 OPTYPE ram_1p PRAGMA {} RTLNAME B_9_U SOURCE matrix_mult.cpp:19 VARIABLE B_9 LOOP {} BUNDLEDNAME {} DSP 0 BRAM 2 URAM 0 STORAGESUBTYPE {} STORAGESIZE {32 32 1} STORAGEUSAGE {ram_1p array} DISPNAME {bind_storage ram_1p} VISIBLE true} {BINDTYPE storage ID {} IMPL auto LATENCY 1 OPTYPE ram_1p PRAGMA {} RTLNAME B_10_U SOURCE matrix_mult.cpp:19 VARIABLE B_10 LOOP {} BUNDLEDNAME {} DSP 0 BRAM 2 URAM 0 STORAGESUBTYPE {} STORAGESIZE {32 32 1} STORAGEUSAGE {ram_1p array} DISPNAME {bind_storage ram_1p} VISIBLE true} {BINDTYPE storage ID {} IMPL auto LATENCY 1 OPTYPE ram_1p PRAGMA {} RTLNAME B_11_U SOURCE matrix_mult.cpp:19 VARIABLE B_11 LOOP {} BUNDLEDNAME {} DSP 0 BRAM 2 URAM 0 STORAGESUBTYPE {} STORAGESIZE {32 32 1} STORAGEUSAGE {ram_1p array} DISPNAME {bind_storage ram_1p} VISIBLE true} {BINDTYPE storage ID {} IMPL auto LATENCY 1 OPTYPE ram_1p PRAGMA {} RTLNAME B_12_U SOURCE matrix_mult.cpp:19 VARIABLE B_12 LOOP {} BUNDLEDNAME {} DSP 0 BRAM 2 URAM 0 STORAGESUBTYPE {} STORAGESIZE {32 32 1} STORAGEUSAGE {ram_1p array} DISPNAME {bind_storage ram_1p} VISIBLE true} {BINDTYPE storage ID {} IMPL auto LATENCY 1 OPTYPE ram_1p PRAGMA {} RTLNAME B_13_U SOURCE matrix_mult.cpp:19 VARIABLE B_13 LOOP {} BUNDLEDNAME {} DSP 0 BRAM 2 URAM 0 STORAGESUBTYPE {} STORAGESIZE {32 32 1} STORAGEUSAGE {ram_1p array} DISPNAME {bind_storage ram_1p} VISIBLE true} {BINDTYPE storage ID {} IMPL auto LATENCY 1 OPTYPE ram_1p PRAGMA {} RTLNAME B_14_U SOURCE matrix_mult.cpp:19 VARIABLE B_14 LOOP {} BUNDLEDNAME {} DSP 0 BRAM 2 URAM 0 STORAGESUBTYPE {} STORAGESIZE {32 32 1} STORAGEUSAGE {ram_1p array} DISPNAME {bind_storage ram_1p} VISIBLE true} {BINDTYPE storage ID {} IMPL auto LATENCY 1 OPTYPE ram_1p PRAGMA {} RTLNAME B_15_U SOURCE matrix_mult.cpp:19 VARIABLE B_15 LOOP {} BUNDLEDNAME {} DSP 0 BRAM 2 URAM 0 STORAGESUBTYPE {} STORAGESIZE {32 32 1} STORAGEUSAGE {ram_1p array} DISPNAME {bind_storage ram_1p} VISIBLE true} {BINDTYPE storage ID {} IMPL auto LATENCY 1 OPTYPE ram_1p PRAGMA {} RTLNAME B_16_U SOURCE matrix_mult.cpp:19 VARIABLE B_16 LOOP {} BUNDLEDNAME {} DSP 0 BRAM 2 URAM 0 STORAGESUBTYPE {} STORAGESIZE {32 32 1} STORAGEUSAGE {ram_1p array} DISPNAME {bind_storage ram_1p} VISIBLE true} {BINDTYPE storage ID {} IMPL auto LATENCY 1 OPTYPE ram_1p PRAGMA {} RTLNAME B_17_U SOURCE matrix_mult.cpp:19 VARIABLE B_17 LOOP {} BUNDLEDNAME {} DSP 0 BRAM 2 URAM 0 STORAGESUBTYPE {} STORAGESIZE {32 32 1} STORAGEUSAGE {ram_1p array} DISPNAME {bind_storage ram_1p} VISIBLE true} {BINDTYPE storage ID {} IMPL auto LATENCY 1 OPTYPE ram_1p PRAGMA {} RTLNAME B_18_U SOURCE matrix_mult.cpp:19 VARIABLE B_18 LOOP {} BUNDLEDNAME {} DSP 0 BRAM 2 URAM 0 STORAGESUBTYPE {} STORAGESIZE {32 32 1} STORAGEUSAGE {ram_1p array} DISPNAME {bind_storage ram_1p} VISIBLE true} {BINDTYPE storage ID {} IMPL auto LATENCY 1 OPTYPE ram_1p PRAGMA {} RTLNAME B_19_U SOURCE matrix_mult.cpp:19 VARIABLE B_19 LOOP {} BUNDLEDNAME {} DSP 0 BRAM 2 URAM 0 STORAGESUBTYPE {} STORAGESIZE {32 32 1} STORAGEUSAGE {ram_1p array} DISPNAME {bind_storage ram_1p} VISIBLE true} {BINDTYPE storage ID {} IMPL auto LATENCY 1 OPTYPE ram_1p PRAGMA {} RTLNAME B_20_U SOURCE matrix_mult.cpp:19 VARIABLE B_20 LOOP {} BUNDLEDNAME {} DSP 0 BRAM 2 URAM 0 STORAGESUBTYPE {} STORAGESIZE {32 32 1} STORAGEUSAGE {ram_1p array} DISPNAME {bind_storage ram_1p} VISIBLE true} {BINDTYPE storage ID {} IMPL auto LATENCY 1 OPTYPE ram_1p PRAGMA {} RTLNAME B_21_U SOURCE matrix_mult.cpp:19 VARIABLE B_21 LOOP {} BUNDLEDNAME {} DSP 0 BRAM 2 URAM 0 STORAGESUBTYPE {} STORAGESIZE {32 32 1} STORAGEUSAGE {ram_1p array} DISPNAME {bind_storage ram_1p} VISIBLE true} {BINDTYPE storage ID {} IMPL auto LATENCY 1 OPTYPE ram_1p PRAGMA {} RTLNAME B_22_U SOURCE matrix_mult.cpp:19 VARIABLE B_22 LOOP {} BUNDLEDNAME {} DSP 0 BRAM 2 URAM 0 STORAGESUBTYPE {} STORAGESIZE {32 32 1} STORAGEUSAGE {ram_1p array} DISPNAME {bind_storage ram_1p} VISIBLE true} {BINDTYPE storage ID {} IMPL auto LATENCY 1 OPTYPE ram_1p PRAGMA {} RTLNAME B_23_U SOURCE matrix_mult.cpp:19 VARIABLE B_23 LOOP {} BUNDLEDNAME {} DSP 0 BRAM 2 URAM 0 STORAGESUBTYPE {} STORAGESIZE {32 32 1} STORAGEUSAGE {ram_1p array} DISPNAME {bind_storage ram_1p} VISIBLE true} {BINDTYPE storage ID {} IMPL auto LATENCY 1 OPTYPE ram_1p PRAGMA {} RTLNAME B_24_U SOURCE matrix_mult.cpp:19 VARIABLE B_24 LOOP {} BUNDLEDNAME {} DSP 0 BRAM 2 URAM 0 STORAGESUBTYPE {} STORAGESIZE {32 32 1} STORAGEUSAGE {ram_1p array} DISPNAME {bind_storage ram_1p} VISIBLE true} {BINDTYPE storage ID {} IMPL auto LATENCY 1 OPTYPE ram_1p PRAGMA {} RTLNAME B_25_U SOURCE matrix_mult.cpp:19 VARIABLE B_25 LOOP {} BUNDLEDNAME {} DSP 0 BRAM 2 URAM 0 STORAGESUBTYPE {} STORAGESIZE {32 32 1} STORAGEUSAGE {ram_1p array} DISPNAME {bind_storage ram_1p} VISIBLE true} {BINDTYPE storage ID {} IMPL auto LATENCY 1 OPTYPE ram_1p PRAGMA {} RTLNAME B_26_U SOURCE matrix_mult.cpp:19 VARIABLE B_26 LOOP {} BUNDLEDNAME {} DSP 0 BRAM 2 URAM 0 STORAGESUBTYPE {} STORAGESIZE {32 32 1} STORAGEUSAGE {ram_1p array} DISPNAME {bind_storage ram_1p} VISIBLE true} {BINDTYPE storage ID {} IMPL auto LATENCY 1 OPTYPE ram_1p PRAGMA {} RTLNAME B_27_U SOURCE matrix_mult.cpp:19 VARIABLE B_27 LOOP {} BUNDLEDNAME {} DSP 0 BRAM 2 URAM 0 STORAGESUBTYPE {} STORAGESIZE {32 32 1} STORAGEUSAGE {ram_1p array} DISPNAME {bind_storage ram_1p} VISIBLE true} {BINDTYPE storage ID {} IMPL auto LATENCY 1 OPTYPE ram_1p PRAGMA {} RTLNAME B_28_U SOURCE matrix_mult.cpp:19 VARIABLE B_28 LOOP {} BUNDLEDNAME {} DSP 0 BRAM 2 URAM 0 STORAGESUBTYPE {} STORAGESIZE {32 32 1} STORAGEUSAGE {ram_1p array} DISPNAME {bind_storage ram_1p} VISIBLE true} {BINDTYPE storage ID {} IMPL auto LATENCY 1 OPTYPE ram_1p PRAGMA {} RTLNAME B_29_U SOURCE matrix_mult.cpp:19 VARIABLE B_29 LOOP {} BUNDLEDNAME {} DSP 0 BRAM 2 URAM 0 STORAGESUBTYPE {} STORAGESIZE {32 32 1} STORAGEUSAGE {ram_1p array} DISPNAME {bind_storage ram_1p} VISIBLE true} {BINDTYPE storage ID {} IMPL auto LATENCY 1 OPTYPE ram_1p PRAGMA {} RTLNAME B_30_U SOURCE matrix_mult.cpp:19 VARIABLE B_30 LOOP {} BUNDLEDNAME {} DSP 0 BRAM 2 URAM 0 STORAGESUBTYPE {} STORAGESIZE {32 32 1} STORAGEUSAGE {ram_1p array} DISPNAME {bind_storage ram_1p} VISIBLE true} {BINDTYPE storage ID {} IMPL auto LATENCY 1 OPTYPE ram_1p PRAGMA {} RTLNAME B_31_U SOURCE matrix_mult.cpp:19 VARIABLE B_31 LOOP {} BUNDLEDNAME {} DSP 0 BRAM 2 URAM 0 STORAGESUBTYPE {} STORAGESIZE {32 32 1} STORAGEUSAGE {ram_1p array} DISPNAME {bind_storage ram_1p} VISIBLE true} {BINDTYPE storage ID {} IMPL auto LATENCY 1 OPTYPE ram_1p PRAGMA {} RTLNAME C_U SOURCE matrix_mult.cpp:20 VARIABLE C LOOP {} BUNDLEDNAME {} DSP 0 BRAM 2 URAM 0 STORAGESUBTYPE {} STORAGESIZE {32 1024 1} STORAGEUSAGE {ram_1p array} DISPNAME {bind_storage ram_1p} VISIBLE true}} AREA {DSP 96 BRAM 66 URAM 0}}}}'
INFO-FLOW: DBG:PUTS:      update_csynth_reports json2rpt_hw_sw_interfaces
INFO-FLOW: Running: gen_csynth_sec_pragma
INFO-FLOW: Done: gen_csynth_sec_pragma time: 0.2 seconds 
Execute     send_msg_by_id INFO @200-2225@%s C:/Users/Andy/Documents/TFG/Project/3_multiplicacion_acelerada/matrix_hls/matrix_hls/hls/syn/inferred_directives.ini 
INFO: [HLS 200-2225] Wrote inferred directives to file C:/Users/Andy/Documents/TFG/Project/3_multiplicacion_acelerada/matrix_hls/matrix_hls/hls/syn/inferred_directives.ini
INFO-FLOW: DBG:PUTS:      update_csynth_reports wrote xml
INFO-FLOW: DBG:PUTS:      update_csynth_reports appended to csynth rpt file
INFO-FLOW: Done: add_csynth_report_sections time: 0.7 seconds 
INFO: [HLS 200-111] Finished Updating report files: CPU user time: 1 seconds. CPU system time: 1 seconds. Elapsed time: 5.604 seconds; current allocated memory: 260.191 MB.
INFO: [VHDL 208-304] Generating VHDL RTL for matrix_mult.
INFO: [VLOG 209-307] Generating Verilog RTL for matrix_mult.
Execute     syn_report -model matrix_mult -printsummary 
INFO: [HLS 200-790] **** Loop Constraint Status: All loop constraints were satisfied.
INFO: [HLS 200-789] **** Estimated Fmax: 144.45 MHz
Execute     AP::msg_collection_file -close 
Command   csynth_design done; 86.593 sec.
Execute   close_project 
Execute     close_solution 
Execute       cleanup_all 
Execute       cleanup_all 
Execute       source -notrace -encoding utf-8 D:/2025.2/Vitis/tps/tcl/tcl8.6/clock.tcl 
Execute         source -encoding utf-8 D:/2025.2/Vitis/tps/tcl/tcl8/8.5/msgcat-1.6.1.tm 
Execute           source D:/2025.2/Vitis/tps/tcl/tcllib2.0/0compatibility/pkgIndex.tcl 
Execute           source D:/2025.2/Vitis/tps/tcl/tcllib2.0/amazon-s3/pkgIndex.tcl 
Execute           source D:/2025.2/Vitis/tps/tcl/tcllib2.0/asn/pkgIndex.tcl 
Execute           source D:/2025.2/Vitis/tps/tcl/tcllib2.0/base32/pkgIndex.tcl 
Execute           source D:/2025.2/Vitis/tps/tcl/tcllib2.0/base64/pkgIndex.tcl 
Execute           source D:/2025.2/Vitis/tps/tcl/tcllib2.0/bee/pkgIndex.tcl 
Execute           source D:/2025.2/Vitis/tps/tcl/tcllib2.0/bench/pkgIndex.tcl 
Execute           source D:/2025.2/Vitis/tps/tcl/tcllib2.0/bibtex/pkgIndex.tcl 
Execute           source D:/2025.2/Vitis/tps/tcl/tcllib2.0/cache/pkgIndex.tcl 
Execute           source D:/2025.2/Vitis/tps/tcl/tcllib2.0/clay/pkgIndex.tcl 
Execute           source D:/2025.2/Vitis/tps/tcl/tcllib2.0/clock/pkgIndex.tcl 
Execute           source D:/2025.2/Vitis/tps/tcl/tcllib2.0/cmdline/pkgIndex.tcl 
Execute           source D:/2025.2/Vitis/tps/tcl/tcllib2.0/comm/pkgIndex.tcl 
Execute           source D:/2025.2/Vitis/tps/tcl/tcllib2.0/control/pkgIndex.tcl 
Execute           source D:/2025.2/Vitis/tps/tcl/tcllib2.0/coroutine/pkgIndex.tcl 
Execute           source D:/2025.2/Vitis/tps/tcl/tcllib2.0/counter/pkgIndex.tcl 
Execute           source D:/2025.2/Vitis/tps/tcl/tcllib2.0/crc/pkgIndex.tcl 
Execute           source D:/2025.2/Vitis/tps/tcl/tcllib2.0/cron/pkgIndex.tcl 
Execute           source D:/2025.2/Vitis/tps/tcl/tcllib2.0/csv/pkgIndex.tcl 
Execute           source D:/2025.2/Vitis/tps/tcl/tcllib2.0/debug/pkgIndex.tcl 
Execute           source D:/2025.2/Vitis/tps/tcl/tcllib2.0/defer/pkgIndex.tcl 
Execute           source D:/2025.2/Vitis/tps/tcl/tcllib2.0/dicttool/pkgIndex.tcl 
Execute           source D:/2025.2/Vitis/tps/tcl/tcllib2.0/dns/pkgIndex.tcl 
Execute           source D:/2025.2/Vitis/tps/tcl/tcllib2.0/docstrip/pkgIndex.tcl 
Execute           source D:/2025.2/Vitis/tps/tcl/tcllib2.0/doctools/pkgIndex.tcl 
Execute           source D:/2025.2/Vitis/tps/tcl/tcllib2.0/doctools2base/pkgIndex.tcl 
Execute           source D:/2025.2/Vitis/tps/tcl/tcllib2.0/doctools2idx/pkgIndex.tcl 
Execute           source D:/2025.2/Vitis/tps/tcl/tcllib2.0/doctools2toc/pkgIndex.tcl 
Execute           source D:/2025.2/Vitis/tps/tcl/tcllib2.0/dtplite/pkgIndex.tcl 
Execute           source D:/2025.2/Vitis/tps/tcl/tcllib2.0/fileutil/pkgIndex.tcl 
Execute           source D:/2025.2/Vitis/tps/tcl/tcllib2.0/ftp/pkgIndex.tcl 
Execute           source D:/2025.2/Vitis/tps/tcl/tcllib2.0/ftpd/pkgIndex.tcl 
Execute           source D:/2025.2/Vitis/tps/tcl/tcllib2.0/fumagic/pkgIndex.tcl 
Execute           source D:/2025.2/Vitis/tps/tcl/tcllib2.0/generator/pkgIndex.tcl 
Execute           source D:/2025.2/Vitis/tps/tcl/tcllib2.0/gpx/pkgIndex.tcl 
Execute           source D:/2025.2/Vitis/tps/tcl/tcllib2.0/grammar_aycock/pkgIndex.tcl 
Execute           source D:/2025.2/Vitis/tps/tcl/tcllib2.0/grammar_fa/pkgIndex.tcl 
Execute           source D:/2025.2/Vitis/tps/tcl/tcllib2.0/grammar_me/pkgIndex.tcl 
Execute           source D:/2025.2/Vitis/tps/tcl/tcllib2.0/grammar_peg/pkgIndex.tcl 
Execute           source D:/2025.2/Vitis/tps/tcl/tcllib2.0/hook/pkgIndex.tcl 
Execute           source D:/2025.2/Vitis/tps/tcl/tcllib2.0/html/pkgIndex.tcl 
Execute           source D:/2025.2/Vitis/tps/tcl/tcllib2.0/htmlparse/pkgIndex.tcl 
Execute           source D:/2025.2/Vitis/tps/tcl/tcllib2.0/http/pkgIndex.tcl 
Execute           source D:/2025.2/Vitis/tps/tcl/tcllib2.0/httpd/pkgIndex.tcl 
Execute           source D:/2025.2/Vitis/tps/tcl/tcllib2.0/httpwget/pkgIndex.tcl 
Execute           source D:/2025.2/Vitis/tps/tcl/tcllib2.0/ident/pkgIndex.tcl 
Execute           source D:/2025.2/Vitis/tps/tcl/tcllib2.0/imap4/pkgIndex.tcl 
Execute           source D:/2025.2/Vitis/tps/tcl/tcllib2.0/inifile/pkgIndex.tcl 
Execute           source D:/2025.2/Vitis/tps/tcl/tcllib2.0/interp/pkgIndex.tcl 
Execute           source D:/2025.2/Vitis/tps/tcl/tcllib2.0/irc/pkgIndex.tcl 
Execute           source D:/2025.2/Vitis/tps/tcl/tcllib2.0/javascript/pkgIndex.tcl 
Execute           source D:/2025.2/Vitis/tps/tcl/tcllib2.0/jpeg/pkgIndex.tcl 
Execute           source D:/2025.2/Vitis/tps/tcl/tcllib2.0/json/pkgIndex.tcl 
Execute           source D:/2025.2/Vitis/tps/tcl/tcllib2.0/lambda/pkgIndex.tcl 
Execute           source D:/2025.2/Vitis/tps/tcl/tcllib2.0/lazyset/pkgIndex.tcl 
Execute           source D:/2025.2/Vitis/tps/tcl/tcllib2.0/ldap/pkgIndex.tcl 
Execute           source D:/2025.2/Vitis/tps/tcl/tcllib2.0/log/pkgIndex.tcl 
Execute           source D:/2025.2/Vitis/tps/tcl/tcllib2.0/map/pkgIndex.tcl 
Execute           source D:/2025.2/Vitis/tps/tcl/tcllib2.0/mapproj/pkgIndex.tcl 
Execute           source D:/2025.2/Vitis/tps/tcl/tcllib2.0/markdown/pkgIndex.tcl 
Execute           source D:/2025.2/Vitis/tps/tcl/tcllib2.0/math/pkgIndex.tcl 
Execute           source D:/2025.2/Vitis/tps/tcl/tcllib2.0/md4/pkgIndex.tcl 
Execute           source D:/2025.2/Vitis/tps/tcl/tcllib2.0/md5/pkgIndex.tcl 
Execute           source D:/2025.2/Vitis/tps/tcl/tcllib2.0/md5crypt/pkgIndex.tcl 
Execute           source D:/2025.2/Vitis/tps/tcl/tcllib2.0/mime/pkgIndex.tcl 
Execute           source D:/2025.2/Vitis/tps/tcl/tcllib2.0/mkdoc/pkgIndex.tcl 
Execute           source D:/2025.2/Vitis/tps/tcl/tcllib2.0/multiplexer/pkgIndex.tcl 
Execute           source D:/2025.2/Vitis/tps/tcl/tcllib2.0/namespacex/pkgIndex.tcl 
Execute           source D:/2025.2/Vitis/tps/tcl/tcllib2.0/ncgi/pkgIndex.tcl 
Execute           source D:/2025.2/Vitis/tps/tcl/tcllib2.0/nettool/pkgIndex.tcl 
Execute           source D:/2025.2/Vitis/tps/tcl/tcllib2.0/nmea/pkgIndex.tcl 
Execute           source D:/2025.2/Vitis/tps/tcl/tcllib2.0/nns/pkgIndex.tcl 
Execute           source D:/2025.2/Vitis/tps/tcl/tcllib2.0/nntp/pkgIndex.tcl 
Execute           source D:/2025.2/Vitis/tps/tcl/tcllib2.0/ntp/pkgIndex.tcl 
Execute           source D:/2025.2/Vitis/tps/tcl/tcllib2.0/oauth/pkgIndex.tcl 
Execute           source D:/2025.2/Vitis/tps/tcl/tcllib2.0/oodialect/pkgIndex.tcl 
Execute           source D:/2025.2/Vitis/tps/tcl/tcllib2.0/oometa/pkgIndex.tcl 
Execute           source D:/2025.2/Vitis/tps/tcl/tcllib2.0/ooutil/pkgIndex.tcl 
Execute           source D:/2025.2/Vitis/tps/tcl/tcllib2.0/otp/pkgIndex.tcl 
Execute           source D:/2025.2/Vitis/tps/tcl/tcllib2.0/page/pkgIndex.tcl 
Execute           source D:/2025.2/Vitis/tps/tcl/tcllib2.0/pluginmgr/pkgIndex.tcl 
Execute           source D:/2025.2/Vitis/tps/tcl/tcllib2.0/png/pkgIndex.tcl 
Execute           source D:/2025.2/Vitis/tps/tcl/tcllib2.0/pop3/pkgIndex.tcl 
Execute           source D:/2025.2/Vitis/tps/tcl/tcllib2.0/pop3d/pkgIndex.tcl 
Execute           source D:/2025.2/Vitis/tps/tcl/tcllib2.0/practcl/pkgIndex.tcl 
Execute           source D:/2025.2/Vitis/tps/tcl/tcllib2.0/processman/pkgIndex.tcl 
Execute           source D:/2025.2/Vitis/tps/tcl/tcllib2.0/profiler/pkgIndex.tcl 
Execute           source D:/2025.2/Vitis/tps/tcl/tcllib2.0/pt/pkgIndex.tcl 
Execute           source D:/2025.2/Vitis/tps/tcl/tcllib2.0/rcs/pkgIndex.tcl 
Execute           source D:/2025.2/Vitis/tps/tcl/tcllib2.0/report/pkgIndex.tcl 
Execute           source D:/2025.2/Vitis/tps/tcl/tcllib2.0/rest/pkgIndex.tcl 
Execute           source D:/2025.2/Vitis/tps/tcl/tcllib2.0/ripemd/pkgIndex.tcl 
Execute           source D:/2025.2/Vitis/tps/tcl/tcllib2.0/sasl/pkgIndex.tcl 
Execute           source D:/2025.2/Vitis/tps/tcl/tcllib2.0/sha1/pkgIndex.tcl 
Execute           source D:/2025.2/Vitis/tps/tcl/tcllib2.0/simulation/pkgIndex.tcl 
Execute           source D:/2025.2/Vitis/tps/tcl/tcllib2.0/smtpd/pkgIndex.tcl 
Execute           source D:/2025.2/Vitis/tps/tcl/tcllib2.0/snit/pkgIndex.tcl 
Execute           source D:/2025.2/Vitis/tps/tcl/tcllib2.0/soundex/pkgIndex.tcl 
Execute           source D:/2025.2/Vitis/tps/tcl/tcllib2.0/stooop/pkgIndex.tcl 
Execute           source D:/2025.2/Vitis/tps/tcl/tcllib2.0/string/pkgIndex.tcl 
Execute           source D:/2025.2/Vitis/tps/tcl/tcllib2.0/stringprep/pkgIndex.tcl 
Execute           source D:/2025.2/Vitis/tps/tcl/tcllib2.0/struct/pkgIndex.tcl 
Execute           source D:/2025.2/Vitis/tps/tcl/tcllib2.0/tar/pkgIndex.tcl 
Execute           source D:/2025.2/Vitis/tps/tcl/tcllib2.0/tepam/pkgIndex.tcl 
Execute           source D:/2025.2/Vitis/tps/tcl/tcllib2.0/term/pkgIndex.tcl 
Execute           source D:/2025.2/Vitis/tps/tcl/tcllib2.0/textutil/pkgIndex.tcl 
Execute           source D:/2025.2/Vitis/tps/tcl/tcllib2.0/tie/pkgIndex.tcl 
Execute           source D:/2025.2/Vitis/tps/tcl/tcllib2.0/tiff/pkgIndex.tcl 
Execute           source D:/2025.2/Vitis/tps/tcl/tcllib2.0/tool/pkgIndex.tcl 
Execute           source D:/2025.2/Vitis/tps/tcl/tcllib2.0/transfer/pkgIndex.tcl 
Execute           source D:/2025.2/Vitis/tps/tcl/tcllib2.0/treeql/pkgIndex.tcl 
Execute           source D:/2025.2/Vitis/tps/tcl/tcllib2.0/try/pkgIndex.tcl 
Execute           source D:/2025.2/Vitis/tps/tcl/tcllib2.0/udpcluster/pkgIndex.tcl 
Execute           source D:/2025.2/Vitis/tps/tcl/tcllib2.0/uev/pkgIndex.tcl 
Execute           source D:/2025.2/Vitis/tps/tcl/tcllib2.0/units/pkgIndex.tcl 
Execute           source D:/2025.2/Vitis/tps/tcl/tcllib2.0/uri/pkgIndex.tcl 
Execute           source D:/2025.2/Vitis/tps/tcl/tcllib2.0/uuid/pkgIndex.tcl 
Execute           source D:/2025.2/Vitis/tps/tcl/tcllib2.0/valtype/pkgIndex.tcl 
Execute           source D:/2025.2/Vitis/tps/tcl/tcllib2.0/virtchannel_base/pkgIndex.tcl 
Execute           source D:/2025.2/Vitis/tps/tcl/tcllib2.0/virtchannel_core/pkgIndex.tcl 
Execute           source D:/2025.2/Vitis/tps/tcl/tcllib2.0/virtchannel_transform/pkgIndex.tcl 
Execute           source D:/2025.2/Vitis/tps/tcl/tcllib2.0/websocket/pkgIndex.tcl 
Execute           source D:/2025.2/Vitis/tps/tcl/tcllib2.0/wip/pkgIndex.tcl 
Execute           source D:/2025.2/Vitis/tps/tcl/tcllib2.0/yaml/pkgIndex.tcl 
Execute           source D:/2025.2/Vitis/tps/tcl/tcllib2.0/zip/pkgIndex.tcl 
Execute           source D:/2025.2/Vitis/tps/tcl/tcllib2.0/pkgIndex.tcl 
Execute             source D:/2025.2/Vitis/tps/tcl/tcllib2.0/0compatibility/pkgIndex.tcl 
Execute             source D:/2025.2/Vitis/tps/tcl/tcllib2.0/amazon-s3/pkgIndex.tcl 
Execute             source D:/2025.2/Vitis/tps/tcl/tcllib2.0/asn/pkgIndex.tcl 
Execute             source D:/2025.2/Vitis/tps/tcl/tcllib2.0/base32/pkgIndex.tcl 
Execute             source D:/2025.2/Vitis/tps/tcl/tcllib2.0/base64/pkgIndex.tcl 
Execute             source D:/2025.2/Vitis/tps/tcl/tcllib2.0/bee/pkgIndex.tcl 
Execute             source D:/2025.2/Vitis/tps/tcl/tcllib2.0/bench/pkgIndex.tcl 
Execute             source D:/2025.2/Vitis/tps/tcl/tcllib2.0/bibtex/pkgIndex.tcl 
Execute             source D:/2025.2/Vitis/tps/tcl/tcllib2.0/cache/pkgIndex.tcl 
Execute             source D:/2025.2/Vitis/tps/tcl/tcllib2.0/clay/pkgIndex.tcl 
Execute             source D:/2025.2/Vitis/tps/tcl/tcllib2.0/clock/pkgIndex.tcl 
Execute             source D:/2025.2/Vitis/tps/tcl/tcllib2.0/cmdline/pkgIndex.tcl 
Execute             source D:/2025.2/Vitis/tps/tcl/tcllib2.0/comm/pkgIndex.tcl 
Execute             source D:/2025.2/Vitis/tps/tcl/tcllib2.0/control/pkgIndex.tcl 
Execute             source D:/2025.2/Vitis/tps/tcl/tcllib2.0/coroutine/pkgIndex.tcl 
Execute             source D:/2025.2/Vitis/tps/tcl/tcllib2.0/counter/pkgIndex.tcl 
Execute             source D:/2025.2/Vitis/tps/tcl/tcllib2.0/crc/pkgIndex.tcl 
Execute             source D:/2025.2/Vitis/tps/tcl/tcllib2.0/cron/pkgIndex.tcl 
Execute             source D:/2025.2/Vitis/tps/tcl/tcllib2.0/csv/pkgIndex.tcl 
Execute             source D:/2025.2/Vitis/tps/tcl/tcllib2.0/debug/pkgIndex.tcl 
Execute             source D:/2025.2/Vitis/tps/tcl/tcllib2.0/defer/pkgIndex.tcl 
Execute             source D:/2025.2/Vitis/tps/tcl/tcllib2.0/dicttool/pkgIndex.tcl 
Execute             source D:/2025.2/Vitis/tps/tcl/tcllib2.0/dns/pkgIndex.tcl 
Execute             source D:/2025.2/Vitis/tps/tcl/tcllib2.0/docstrip/pkgIndex.tcl 
Execute             source D:/2025.2/Vitis/tps/tcl/tcllib2.0/doctools/pkgIndex.tcl 
Execute             source D:/2025.2/Vitis/tps/tcl/tcllib2.0/doctools2base/pkgIndex.tcl 
Execute             source D:/2025.2/Vitis/tps/tcl/tcllib2.0/doctools2idx/pkgIndex.tcl 
Execute             source D:/2025.2/Vitis/tps/tcl/tcllib2.0/doctools2toc/pkgIndex.tcl 
Execute             source D:/2025.2/Vitis/tps/tcl/tcllib2.0/dtplite/pkgIndex.tcl 
Execute             source D:/2025.2/Vitis/tps/tcl/tcllib2.0/fileutil/pkgIndex.tcl 
Execute             source D:/2025.2/Vitis/tps/tcl/tcllib2.0/ftp/pkgIndex.tcl 
Execute             source D:/2025.2/Vitis/tps/tcl/tcllib2.0/ftpd/pkgIndex.tcl 
Execute             source D:/2025.2/Vitis/tps/tcl/tcllib2.0/fumagic/pkgIndex.tcl 
Execute             source D:/2025.2/Vitis/tps/tcl/tcllib2.0/generator/pkgIndex.tcl 
Execute             source D:/2025.2/Vitis/tps/tcl/tcllib2.0/gpx/pkgIndex.tcl 
Execute             source D:/2025.2/Vitis/tps/tcl/tcllib2.0/grammar_aycock/pkgIndex.tcl 
Execute             source D:/2025.2/Vitis/tps/tcl/tcllib2.0/grammar_fa/pkgIndex.tcl 
Execute             source D:/2025.2/Vitis/tps/tcl/tcllib2.0/grammar_me/pkgIndex.tcl 
Execute             source D:/2025.2/Vitis/tps/tcl/tcllib2.0/grammar_peg/pkgIndex.tcl 
Execute             source D:/2025.2/Vitis/tps/tcl/tcllib2.0/hook/pkgIndex.tcl 
Execute             source D:/2025.2/Vitis/tps/tcl/tcllib2.0/html/pkgIndex.tcl 
Execute             source D:/2025.2/Vitis/tps/tcl/tcllib2.0/htmlparse/pkgIndex.tcl 
Execute             source D:/2025.2/Vitis/tps/tcl/tcllib2.0/http/pkgIndex.tcl 
Execute             source D:/2025.2/Vitis/tps/tcl/tcllib2.0/httpd/pkgIndex.tcl 
Execute             source D:/2025.2/Vitis/tps/tcl/tcllib2.0/httpwget/pkgIndex.tcl 
Execute             source D:/2025.2/Vitis/tps/tcl/tcllib2.0/ident/pkgIndex.tcl 
Execute             source D:/2025.2/Vitis/tps/tcl/tcllib2.0/imap4/pkgIndex.tcl 
Execute             source D:/2025.2/Vitis/tps/tcl/tcllib2.0/inifile/pkgIndex.tcl 
Execute             source D:/2025.2/Vitis/tps/tcl/tcllib2.0/interp/pkgIndex.tcl 
Execute             source D:/2025.2/Vitis/tps/tcl/tcllib2.0/irc/pkgIndex.tcl 
Execute             source D:/2025.2/Vitis/tps/tcl/tcllib2.0/javascript/pkgIndex.tcl 
Execute             source D:/2025.2/Vitis/tps/tcl/tcllib2.0/jpeg/pkgIndex.tcl 
Execute             source D:/2025.2/Vitis/tps/tcl/tcllib2.0/json/pkgIndex.tcl 
Execute             source D:/2025.2/Vitis/tps/tcl/tcllib2.0/lambda/pkgIndex.tcl 
Execute             source D:/2025.2/Vitis/tps/tcl/tcllib2.0/lazyset/pkgIndex.tcl 
Execute             source D:/2025.2/Vitis/tps/tcl/tcllib2.0/ldap/pkgIndex.tcl 
Execute             source D:/2025.2/Vitis/tps/tcl/tcllib2.0/log/pkgIndex.tcl 
Execute             source D:/2025.2/Vitis/tps/tcl/tcllib2.0/map/pkgIndex.tcl 
Execute             source D:/2025.2/Vitis/tps/tcl/tcllib2.0/mapproj/pkgIndex.tcl 
Execute             source D:/2025.2/Vitis/tps/tcl/tcllib2.0/markdown/pkgIndex.tcl 
Execute             source D:/2025.2/Vitis/tps/tcl/tcllib2.0/math/pkgIndex.tcl 
Execute             source D:/2025.2/Vitis/tps/tcl/tcllib2.0/md4/pkgIndex.tcl 
Execute             source D:/2025.2/Vitis/tps/tcl/tcllib2.0/md5/pkgIndex.tcl 
Execute             source D:/2025.2/Vitis/tps/tcl/tcllib2.0/md5crypt/pkgIndex.tcl 
Execute             source D:/2025.2/Vitis/tps/tcl/tcllib2.0/mime/pkgIndex.tcl 
Execute             source D:/2025.2/Vitis/tps/tcl/tcllib2.0/mkdoc/pkgIndex.tcl 
Execute             source D:/2025.2/Vitis/tps/tcl/tcllib2.0/multiplexer/pkgIndex.tcl 
Execute             source D:/2025.2/Vitis/tps/tcl/tcllib2.0/namespacex/pkgIndex.tcl 
Execute             source D:/2025.2/Vitis/tps/tcl/tcllib2.0/ncgi/pkgIndex.tcl 
Execute             source D:/2025.2/Vitis/tps/tcl/tcllib2.0/nettool/pkgIndex.tcl 
Execute             source D:/2025.2/Vitis/tps/tcl/tcllib2.0/nmea/pkgIndex.tcl 
Execute             source D:/2025.2/Vitis/tps/tcl/tcllib2.0/nns/pkgIndex.tcl 
Execute             source D:/2025.2/Vitis/tps/tcl/tcllib2.0/nntp/pkgIndex.tcl 
Execute             source D:/2025.2/Vitis/tps/tcl/tcllib2.0/ntp/pkgIndex.tcl 
Execute             source D:/2025.2/Vitis/tps/tcl/tcllib2.0/oauth/pkgIndex.tcl 
Execute             source D:/2025.2/Vitis/tps/tcl/tcllib2.0/oodialect/pkgIndex.tcl 
Execute             source D:/2025.2/Vitis/tps/tcl/tcllib2.0/oometa/pkgIndex.tcl 
Execute             source D:/2025.2/Vitis/tps/tcl/tcllib2.0/ooutil/pkgIndex.tcl 
Execute             source D:/2025.2/Vitis/tps/tcl/tcllib2.0/otp/pkgIndex.tcl 
Execute             source D:/2025.2/Vitis/tps/tcl/tcllib2.0/page/pkgIndex.tcl 
Execute             source D:/2025.2/Vitis/tps/tcl/tcllib2.0/pluginmgr/pkgIndex.tcl 
Execute             source D:/2025.2/Vitis/tps/tcl/tcllib2.0/png/pkgIndex.tcl 
Execute             source D:/2025.2/Vitis/tps/tcl/tcllib2.0/pop3/pkgIndex.tcl 
Execute             source D:/2025.2/Vitis/tps/tcl/tcllib2.0/pop3d/pkgIndex.tcl 
Execute             source D:/2025.2/Vitis/tps/tcl/tcllib2.0/practcl/pkgIndex.tcl 
Execute             source D:/2025.2/Vitis/tps/tcl/tcllib2.0/processman/pkgIndex.tcl 
Execute             source D:/2025.2/Vitis/tps/tcl/tcllib2.0/profiler/pkgIndex.tcl 
Execute             source D:/2025.2/Vitis/tps/tcl/tcllib2.0/pt/pkgIndex.tcl 
Execute             source D:/2025.2/Vitis/tps/tcl/tcllib2.0/rcs/pkgIndex.tcl 
Execute             source D:/2025.2/Vitis/tps/tcl/tcllib2.0/report/pkgIndex.tcl 
Execute             source D:/2025.2/Vitis/tps/tcl/tcllib2.0/rest/pkgIndex.tcl 
Execute             source D:/2025.2/Vitis/tps/tcl/tcllib2.0/ripemd/pkgIndex.tcl 
Execute             source D:/2025.2/Vitis/tps/tcl/tcllib2.0/sasl/pkgIndex.tcl 
Execute             source D:/2025.2/Vitis/tps/tcl/tcllib2.0/sha1/pkgIndex.tcl 
Execute             source D:/2025.2/Vitis/tps/tcl/tcllib2.0/simulation/pkgIndex.tcl 
Execute             source D:/2025.2/Vitis/tps/tcl/tcllib2.0/smtpd/pkgIndex.tcl 
Execute             source D:/2025.2/Vitis/tps/tcl/tcllib2.0/snit/pkgIndex.tcl 
Execute             source D:/2025.2/Vitis/tps/tcl/tcllib2.0/soundex/pkgIndex.tcl 
Execute             source D:/2025.2/Vitis/tps/tcl/tcllib2.0/stooop/pkgIndex.tcl 
Execute             source D:/2025.2/Vitis/tps/tcl/tcllib2.0/string/pkgIndex.tcl 
Execute             source D:/2025.2/Vitis/tps/tcl/tcllib2.0/stringprep/pkgIndex.tcl 
Execute             source D:/2025.2/Vitis/tps/tcl/tcllib2.0/struct/pkgIndex.tcl 
Execute             source D:/2025.2/Vitis/tps/tcl/tcllib2.0/tar/pkgIndex.tcl 
Execute             source D:/2025.2/Vitis/tps/tcl/tcllib2.0/tepam/pkgIndex.tcl 
Execute             source D:/2025.2/Vitis/tps/tcl/tcllib2.0/term/pkgIndex.tcl 
Execute             source D:/2025.2/Vitis/tps/tcl/tcllib2.0/textutil/pkgIndex.tcl 
Execute             source D:/2025.2/Vitis/tps/tcl/tcllib2.0/tie/pkgIndex.tcl 
Execute             source D:/2025.2/Vitis/tps/tcl/tcllib2.0/tiff/pkgIndex.tcl 
Execute             source D:/2025.2/Vitis/tps/tcl/tcllib2.0/tool/pkgIndex.tcl 
Execute             source D:/2025.2/Vitis/tps/tcl/tcllib2.0/transfer/pkgIndex.tcl 
Execute             source D:/2025.2/Vitis/tps/tcl/tcllib2.0/treeql/pkgIndex.tcl 
Execute             source D:/2025.2/Vitis/tps/tcl/tcllib2.0/try/pkgIndex.tcl 
Execute             source D:/2025.2/Vitis/tps/tcl/tcllib2.0/udpcluster/pkgIndex.tcl 
Execute             source D:/2025.2/Vitis/tps/tcl/tcllib2.0/uev/pkgIndex.tcl 
Execute             source D:/2025.2/Vitis/tps/tcl/tcllib2.0/units/pkgIndex.tcl 
Execute             source D:/2025.2/Vitis/tps/tcl/tcllib2.0/uri/pkgIndex.tcl 
Execute             source D:/2025.2/Vitis/tps/tcl/tcllib2.0/uuid/pkgIndex.tcl 
Execute             source D:/2025.2/Vitis/tps/tcl/tcllib2.0/valtype/pkgIndex.tcl 
Execute             source D:/2025.2/Vitis/tps/tcl/tcllib2.0/virtchannel_base/pkgIndex.tcl 
Execute             source D:/2025.2/Vitis/tps/tcl/tcllib2.0/virtchannel_core/pkgIndex.tcl 
Execute             source D:/2025.2/Vitis/tps/tcl/tcllib2.0/virtchannel_transform/pkgIndex.tcl 
Execute             source D:/2025.2/Vitis/tps/tcl/tcllib2.0/websocket/pkgIndex.tcl 
Execute             source D:/2025.2/Vitis/tps/tcl/tcllib2.0/wip/pkgIndex.tcl 
Execute             source D:/2025.2/Vitis/tps/tcl/tcllib2.0/yaml/pkgIndex.tcl 
Execute             source D:/2025.2/Vitis/tps/tcl/tcllib2.0/zip/pkgIndex.tcl 
Command           ap_source done; 0.291 sec.
Execute           source D:/2025.2/Vitis/tps/tcl/tdom/pkgIndex.tcl 
Execute           source D:/2025.2/Vitis/tps/tcl/tk8.6/pkgIndex.tcl 
Execute           source D:/2025.2/Vitis/tps/tcl/tcl8.6/opt0.4/pkgIndex.tcl 
Execute           source D:/2025.2/Vitis/tps/tcl/tcl8.6/pkgs/win/thread2.8.7/pkgIndex.tcl 
Command         ap_source done; 0.663 sec.
Execute         source D:/2025.2/Vitis/tps/tcl/tcllib2.0/0compatibility/pkgIndex.tcl 
Execute         source D:/2025.2/Vitis/tps/tcl/tcllib2.0/amazon-s3/pkgIndex.tcl 
Execute         source D:/2025.2/Vitis/tps/tcl/tcllib2.0/asn/pkgIndex.tcl 
Execute         source D:/2025.2/Vitis/tps/tcl/tcllib2.0/base32/pkgIndex.tcl 
Execute         source D:/2025.2/Vitis/tps/tcl/tcllib2.0/base64/pkgIndex.tcl 
Execute         source D:/2025.2/Vitis/tps/tcl/tcllib2.0/bee/pkgIndex.tcl 
Execute         source D:/2025.2/Vitis/tps/tcl/tcllib2.0/bench/pkgIndex.tcl 
Execute         source D:/2025.2/Vitis/tps/tcl/tcllib2.0/bibtex/pkgIndex.tcl 
Execute         source D:/2025.2/Vitis/tps/tcl/tcllib2.0/cache/pkgIndex.tcl 
Execute         source D:/2025.2/Vitis/tps/tcl/tcllib2.0/clay/pkgIndex.tcl 
Execute         source D:/2025.2/Vitis/tps/tcl/tcllib2.0/clock/pkgIndex.tcl 
Execute         source D:/2025.2/Vitis/tps/tcl/tcllib2.0/cmdline/pkgIndex.tcl 
Execute         source D:/2025.2/Vitis/tps/tcl/tcllib2.0/comm/pkgIndex.tcl 
Execute         source D:/2025.2/Vitis/tps/tcl/tcllib2.0/control/pkgIndex.tcl 
Execute         source D:/2025.2/Vitis/tps/tcl/tcllib2.0/coroutine/pkgIndex.tcl 
Execute         source D:/2025.2/Vitis/tps/tcl/tcllib2.0/counter/pkgIndex.tcl 
Execute         source D:/2025.2/Vitis/tps/tcl/tcllib2.0/crc/pkgIndex.tcl 
Execute         source D:/2025.2/Vitis/tps/tcl/tcllib2.0/cron/pkgIndex.tcl 
Execute         source D:/2025.2/Vitis/tps/tcl/tcllib2.0/csv/pkgIndex.tcl 
Execute         source D:/2025.2/Vitis/tps/tcl/tcllib2.0/debug/pkgIndex.tcl 
Execute         source D:/2025.2/Vitis/tps/tcl/tcllib2.0/defer/pkgIndex.tcl 
Execute         source D:/2025.2/Vitis/tps/tcl/tcllib2.0/dicttool/pkgIndex.tcl 
Execute         source D:/2025.2/Vitis/tps/tcl/tcllib2.0/dns/pkgIndex.tcl 
Execute         source D:/2025.2/Vitis/tps/tcl/tcllib2.0/docstrip/pkgIndex.tcl 
Execute         source D:/2025.2/Vitis/tps/tcl/tcllib2.0/doctools/pkgIndex.tcl 
Execute         source D:/2025.2/Vitis/tps/tcl/tcllib2.0/doctools2base/pkgIndex.tcl 
Execute         source D:/2025.2/Vitis/tps/tcl/tcllib2.0/doctools2idx/pkgIndex.tcl 
Execute         source D:/2025.2/Vitis/tps/tcl/tcllib2.0/doctools2toc/pkgIndex.tcl 
Execute         source D:/2025.2/Vitis/tps/tcl/tcllib2.0/dtplite/pkgIndex.tcl 
Execute         source D:/2025.2/Vitis/tps/tcl/tcllib2.0/fileutil/pkgIndex.tcl 
Execute         source D:/2025.2/Vitis/tps/tcl/tcllib2.0/ftp/pkgIndex.tcl 
Execute         source D:/2025.2/Vitis/tps/tcl/tcllib2.0/ftpd/pkgIndex.tcl 
Execute         source D:/2025.2/Vitis/tps/tcl/tcllib2.0/fumagic/pkgIndex.tcl 
Execute         source D:/2025.2/Vitis/tps/tcl/tcllib2.0/generator/pkgIndex.tcl 
Execute         source D:/2025.2/Vitis/tps/tcl/tcllib2.0/gpx/pkgIndex.tcl 
Execute         source D:/2025.2/Vitis/tps/tcl/tcllib2.0/grammar_aycock/pkgIndex.tcl 
Execute         source D:/2025.2/Vitis/tps/tcl/tcllib2.0/grammar_fa/pkgIndex.tcl 
Execute         source D:/2025.2/Vitis/tps/tcl/tcllib2.0/grammar_me/pkgIndex.tcl 
Execute         source D:/2025.2/Vitis/tps/tcl/tcllib2.0/grammar_peg/pkgIndex.tcl 
Execute         source D:/2025.2/Vitis/tps/tcl/tcllib2.0/hook/pkgIndex.tcl 
Execute         source D:/2025.2/Vitis/tps/tcl/tcllib2.0/html/pkgIndex.tcl 
Execute         source D:/2025.2/Vitis/tps/tcl/tcllib2.0/htmlparse/pkgIndex.tcl 
Execute         source D:/2025.2/Vitis/tps/tcl/tcllib2.0/http/pkgIndex.tcl 
Execute         source D:/2025.2/Vitis/tps/tcl/tcllib2.0/httpd/pkgIndex.tcl 
Execute         source D:/2025.2/Vitis/tps/tcl/tcllib2.0/httpwget/pkgIndex.tcl 
Execute         source D:/2025.2/Vitis/tps/tcl/tcllib2.0/ident/pkgIndex.tcl 
Execute         source D:/2025.2/Vitis/tps/tcl/tcllib2.0/imap4/pkgIndex.tcl 
Execute         source D:/2025.2/Vitis/tps/tcl/tcllib2.0/inifile/pkgIndex.tcl 
Execute         source D:/2025.2/Vitis/tps/tcl/tcllib2.0/interp/pkgIndex.tcl 
Execute         source D:/2025.2/Vitis/tps/tcl/tcllib2.0/irc/pkgIndex.tcl 
Execute         source D:/2025.2/Vitis/tps/tcl/tcllib2.0/javascript/pkgIndex.tcl 
Execute         source D:/2025.2/Vitis/tps/tcl/tcllib2.0/jpeg/pkgIndex.tcl 
Execute         source D:/2025.2/Vitis/tps/tcl/tcllib2.0/json/pkgIndex.tcl 
Execute         source D:/2025.2/Vitis/tps/tcl/tcllib2.0/lambda/pkgIndex.tcl 
Execute         source D:/2025.2/Vitis/tps/tcl/tcllib2.0/lazyset/pkgIndex.tcl 
Execute         source D:/2025.2/Vitis/tps/tcl/tcllib2.0/ldap/pkgIndex.tcl 
Execute         source D:/2025.2/Vitis/tps/tcl/tcllib2.0/log/pkgIndex.tcl 
Execute         source D:/2025.2/Vitis/tps/tcl/tcllib2.0/map/pkgIndex.tcl 
Execute         source D:/2025.2/Vitis/tps/tcl/tcllib2.0/mapproj/pkgIndex.tcl 
Execute         source D:/2025.2/Vitis/tps/tcl/tcllib2.0/markdown/pkgIndex.tcl 
Execute         source D:/2025.2/Vitis/tps/tcl/tcllib2.0/math/pkgIndex.tcl 
Execute         source D:/2025.2/Vitis/tps/tcl/tcllib2.0/md4/pkgIndex.tcl 
Execute         source D:/2025.2/Vitis/tps/tcl/tcllib2.0/md5/pkgIndex.tcl 
Execute         source D:/2025.2/Vitis/tps/tcl/tcllib2.0/md5crypt/pkgIndex.tcl 
Execute         source D:/2025.2/Vitis/tps/tcl/tcllib2.0/mime/pkgIndex.tcl 
Execute         source D:/2025.2/Vitis/tps/tcl/tcllib2.0/mkdoc/pkgIndex.tcl 
Execute         source D:/2025.2/Vitis/tps/tcl/tcllib2.0/multiplexer/pkgIndex.tcl 
Execute         source D:/2025.2/Vitis/tps/tcl/tcllib2.0/namespacex/pkgIndex.tcl 
Execute         source D:/2025.2/Vitis/tps/tcl/tcllib2.0/ncgi/pkgIndex.tcl 
Execute         source D:/2025.2/Vitis/tps/tcl/tcllib2.0/nettool/pkgIndex.tcl 
Execute         source D:/2025.2/Vitis/tps/tcl/tcllib2.0/nmea/pkgIndex.tcl 
Execute         source D:/2025.2/Vitis/tps/tcl/tcllib2.0/nns/pkgIndex.tcl 
Execute         source D:/2025.2/Vitis/tps/tcl/tcllib2.0/nntp/pkgIndex.tcl 
Execute         source D:/2025.2/Vitis/tps/tcl/tcllib2.0/ntp/pkgIndex.tcl 
Execute         source D:/2025.2/Vitis/tps/tcl/tcllib2.0/oauth/pkgIndex.tcl 
Execute         source D:/2025.2/Vitis/tps/tcl/tcllib2.0/oodialect/pkgIndex.tcl 
Execute         source D:/2025.2/Vitis/tps/tcl/tcllib2.0/oometa/pkgIndex.tcl 
Execute         source D:/2025.2/Vitis/tps/tcl/tcllib2.0/ooutil/pkgIndex.tcl 
Execute         source D:/2025.2/Vitis/tps/tcl/tcllib2.0/otp/pkgIndex.tcl 
Execute         source D:/2025.2/Vitis/tps/tcl/tcllib2.0/page/pkgIndex.tcl 
Execute         source D:/2025.2/Vitis/tps/tcl/tcllib2.0/pluginmgr/pkgIndex.tcl 
Execute         source D:/2025.2/Vitis/tps/tcl/tcllib2.0/png/pkgIndex.tcl 
Execute         source D:/2025.2/Vitis/tps/tcl/tcllib2.0/pop3/pkgIndex.tcl 
Execute         source D:/2025.2/Vitis/tps/tcl/tcllib2.0/pop3d/pkgIndex.tcl 
Execute         source D:/2025.2/Vitis/tps/tcl/tcllib2.0/practcl/pkgIndex.tcl 
Execute         source D:/2025.2/Vitis/tps/tcl/tcllib2.0/processman/pkgIndex.tcl 
Execute         source D:/2025.2/Vitis/tps/tcl/tcllib2.0/profiler/pkgIndex.tcl 
Execute         source D:/2025.2/Vitis/tps/tcl/tcllib2.0/pt/pkgIndex.tcl 
Execute         source D:/2025.2/Vitis/tps/tcl/tcllib2.0/rcs/pkgIndex.tcl 
Execute         source D:/2025.2/Vitis/tps/tcl/tcllib2.0/report/pkgIndex.tcl 
Execute         source D:/2025.2/Vitis/tps/tcl/tcllib2.0/rest/pkgIndex.tcl 
Execute         source D:/2025.2/Vitis/tps/tcl/tcllib2.0/ripemd/pkgIndex.tcl 
Execute         source D:/2025.2/Vitis/tps/tcl/tcllib2.0/sasl/pkgIndex.tcl 
Execute         source D:/2025.2/Vitis/tps/tcl/tcllib2.0/sha1/pkgIndex.tcl 
Execute         source D:/2025.2/Vitis/tps/tcl/tcllib2.0/simulation/pkgIndex.tcl 
Execute         source D:/2025.2/Vitis/tps/tcl/tcllib2.0/smtpd/pkgIndex.tcl 
Execute         source D:/2025.2/Vitis/tps/tcl/tcllib2.0/snit/pkgIndex.tcl 
Execute         source D:/2025.2/Vitis/tps/tcl/tcllib2.0/soundex/pkgIndex.tcl 
Execute         source D:/2025.2/Vitis/tps/tcl/tcllib2.0/stooop/pkgIndex.tcl 
Execute         source D:/2025.2/Vitis/tps/tcl/tcllib2.0/string/pkgIndex.tcl 
Execute         source D:/2025.2/Vitis/tps/tcl/tcllib2.0/stringprep/pkgIndex.tcl 
Execute         source D:/2025.2/Vitis/tps/tcl/tcllib2.0/struct/pkgIndex.tcl 
Execute         source D:/2025.2/Vitis/tps/tcl/tcllib2.0/tar/pkgIndex.tcl 
Execute         source D:/2025.2/Vitis/tps/tcl/tcllib2.0/tepam/pkgIndex.tcl 
Execute         source D:/2025.2/Vitis/tps/tcl/tcllib2.0/term/pkgIndex.tcl 
Execute         source D:/2025.2/Vitis/tps/tcl/tcllib2.0/textutil/pkgIndex.tcl 
Execute         source D:/2025.2/Vitis/tps/tcl/tcllib2.0/tie/pkgIndex.tcl 
Execute         source D:/2025.2/Vitis/tps/tcl/tcllib2.0/tiff/pkgIndex.tcl 
Execute         source D:/2025.2/Vitis/tps/tcl/tcllib2.0/tool/pkgIndex.tcl 
Execute         source D:/2025.2/Vitis/tps/tcl/tcllib2.0/transfer/pkgIndex.tcl 
Execute         source D:/2025.2/Vitis/tps/tcl/tcllib2.0/treeql/pkgIndex.tcl 
Execute         source D:/2025.2/Vitis/tps/tcl/tcllib2.0/try/pkgIndex.tcl 
Execute         source D:/2025.2/Vitis/tps/tcl/tcllib2.0/udpcluster/pkgIndex.tcl 
Execute         source D:/2025.2/Vitis/tps/tcl/tcllib2.0/uev/pkgIndex.tcl 
Execute         source D:/2025.2/Vitis/tps/tcl/tcllib2.0/units/pkgIndex.tcl 
Execute         source D:/2025.2/Vitis/tps/tcl/tcllib2.0/uri/pkgIndex.tcl 
Execute         source D:/2025.2/Vitis/tps/tcl/tcllib2.0/uuid/pkgIndex.tcl 
Execute         source D:/2025.2/Vitis/tps/tcl/tcllib2.0/valtype/pkgIndex.tcl 
Execute         source D:/2025.2/Vitis/tps/tcl/tcllib2.0/virtchannel_base/pkgIndex.tcl 
Execute         source D:/2025.2/Vitis/tps/tcl/tcllib2.0/virtchannel_core/pkgIndex.tcl 
Execute         source D:/2025.2/Vitis/tps/tcl/tcllib2.0/virtchannel_transform/pkgIndex.tcl 
Execute         source D:/2025.2/Vitis/tps/tcl/tcllib2.0/websocket/pkgIndex.tcl 
Execute         source D:/2025.2/Vitis/tps/tcl/tcllib2.0/wip/pkgIndex.tcl 
Execute         source D:/2025.2/Vitis/tps/tcl/tcllib2.0/yaml/pkgIndex.tcl 
Execute         source D:/2025.2/Vitis/tps/tcl/tcllib2.0/zip/pkgIndex.tcl 
Execute         source D:/2025.2/Vitis/tps/tcl/tcllib2.0/pkgIndex.tcl 
Execute           source D:/2025.2/Vitis/tps/tcl/tcllib2.0/0compatibility/pkgIndex.tcl 
Execute           source D:/2025.2/Vitis/tps/tcl/tcllib2.0/amazon-s3/pkgIndex.tcl 
Execute           source D:/2025.2/Vitis/tps/tcl/tcllib2.0/asn/pkgIndex.tcl 
Execute           source D:/2025.2/Vitis/tps/tcl/tcllib2.0/base32/pkgIndex.tcl 
Execute           source D:/2025.2/Vitis/tps/tcl/tcllib2.0/base64/pkgIndex.tcl 
Execute           source D:/2025.2/Vitis/tps/tcl/tcllib2.0/bee/pkgIndex.tcl 
Execute           source D:/2025.2/Vitis/tps/tcl/tcllib2.0/bench/pkgIndex.tcl 
Execute           source D:/2025.2/Vitis/tps/tcl/tcllib2.0/bibtex/pkgIndex.tcl 
Execute           source D:/2025.2/Vitis/tps/tcl/tcllib2.0/cache/pkgIndex.tcl 
Execute           source D:/2025.2/Vitis/tps/tcl/tcllib2.0/clay/pkgIndex.tcl 
Execute           source D:/2025.2/Vitis/tps/tcl/tcllib2.0/clock/pkgIndex.tcl 
Execute           source D:/2025.2/Vitis/tps/tcl/tcllib2.0/cmdline/pkgIndex.tcl 
Execute           source D:/2025.2/Vitis/tps/tcl/tcllib2.0/comm/pkgIndex.tcl 
Execute           source D:/2025.2/Vitis/tps/tcl/tcllib2.0/control/pkgIndex.tcl 
Execute           source D:/2025.2/Vitis/tps/tcl/tcllib2.0/coroutine/pkgIndex.tcl 
Execute           source D:/2025.2/Vitis/tps/tcl/tcllib2.0/counter/pkgIndex.tcl 
Execute           source D:/2025.2/Vitis/tps/tcl/tcllib2.0/crc/pkgIndex.tcl 
Execute           source D:/2025.2/Vitis/tps/tcl/tcllib2.0/cron/pkgIndex.tcl 
Execute           source D:/2025.2/Vitis/tps/tcl/tcllib2.0/csv/pkgIndex.tcl 
Execute           source D:/2025.2/Vitis/tps/tcl/tcllib2.0/debug/pkgIndex.tcl 
Execute           source D:/2025.2/Vitis/tps/tcl/tcllib2.0/defer/pkgIndex.tcl 
Execute           source D:/2025.2/Vitis/tps/tcl/tcllib2.0/dicttool/pkgIndex.tcl 
Execute           source D:/2025.2/Vitis/tps/tcl/tcllib2.0/dns/pkgIndex.tcl 
Execute           source D:/2025.2/Vitis/tps/tcl/tcllib2.0/docstrip/pkgIndex.tcl 
Execute           source D:/2025.2/Vitis/tps/tcl/tcllib2.0/doctools/pkgIndex.tcl 
Execute           source D:/2025.2/Vitis/tps/tcl/tcllib2.0/doctools2base/pkgIndex.tcl 
Execute           source D:/2025.2/Vitis/tps/tcl/tcllib2.0/doctools2idx/pkgIndex.tcl 
Execute           source D:/2025.2/Vitis/tps/tcl/tcllib2.0/doctools2toc/pkgIndex.tcl 
Execute           source D:/2025.2/Vitis/tps/tcl/tcllib2.0/dtplite/pkgIndex.tcl 
Execute           source D:/2025.2/Vitis/tps/tcl/tcllib2.0/fileutil/pkgIndex.tcl 
Execute           source D:/2025.2/Vitis/tps/tcl/tcllib2.0/ftp/pkgIndex.tcl 
Execute           source D:/2025.2/Vitis/tps/tcl/tcllib2.0/ftpd/pkgIndex.tcl 
Execute           source D:/2025.2/Vitis/tps/tcl/tcllib2.0/fumagic/pkgIndex.tcl 
Execute           source D:/2025.2/Vitis/tps/tcl/tcllib2.0/generator/pkgIndex.tcl 
Execute           source D:/2025.2/Vitis/tps/tcl/tcllib2.0/gpx/pkgIndex.tcl 
Execute           source D:/2025.2/Vitis/tps/tcl/tcllib2.0/grammar_aycock/pkgIndex.tcl 
Execute           source D:/2025.2/Vitis/tps/tcl/tcllib2.0/grammar_fa/pkgIndex.tcl 
Execute           source D:/2025.2/Vitis/tps/tcl/tcllib2.0/grammar_me/pkgIndex.tcl 
Execute           source D:/2025.2/Vitis/tps/tcl/tcllib2.0/grammar_peg/pkgIndex.tcl 
Execute           source D:/2025.2/Vitis/tps/tcl/tcllib2.0/hook/pkgIndex.tcl 
Execute           source D:/2025.2/Vitis/tps/tcl/tcllib2.0/html/pkgIndex.tcl 
Execute           source D:/2025.2/Vitis/tps/tcl/tcllib2.0/htmlparse/pkgIndex.tcl 
Execute           source D:/2025.2/Vitis/tps/tcl/tcllib2.0/http/pkgIndex.tcl 
Execute           source D:/2025.2/Vitis/tps/tcl/tcllib2.0/httpd/pkgIndex.tcl 
Execute           source D:/2025.2/Vitis/tps/tcl/tcllib2.0/httpwget/pkgIndex.tcl 
Execute           source D:/2025.2/Vitis/tps/tcl/tcllib2.0/ident/pkgIndex.tcl 
Execute           source D:/2025.2/Vitis/tps/tcl/tcllib2.0/imap4/pkgIndex.tcl 
Execute           source D:/2025.2/Vitis/tps/tcl/tcllib2.0/inifile/pkgIndex.tcl 
Execute           source D:/2025.2/Vitis/tps/tcl/tcllib2.0/interp/pkgIndex.tcl 
Execute           source D:/2025.2/Vitis/tps/tcl/tcllib2.0/irc/pkgIndex.tcl 
Execute           source D:/2025.2/Vitis/tps/tcl/tcllib2.0/javascript/pkgIndex.tcl 
Execute           source D:/2025.2/Vitis/tps/tcl/tcllib2.0/jpeg/pkgIndex.tcl 
Execute           source D:/2025.2/Vitis/tps/tcl/tcllib2.0/json/pkgIndex.tcl 
Execute           source D:/2025.2/Vitis/tps/tcl/tcllib2.0/lambda/pkgIndex.tcl 
Execute           source D:/2025.2/Vitis/tps/tcl/tcllib2.0/lazyset/pkgIndex.tcl 
Execute           source D:/2025.2/Vitis/tps/tcl/tcllib2.0/ldap/pkgIndex.tcl 
Execute           source D:/2025.2/Vitis/tps/tcl/tcllib2.0/log/pkgIndex.tcl 
Execute           source D:/2025.2/Vitis/tps/tcl/tcllib2.0/map/pkgIndex.tcl 
Execute           source D:/2025.2/Vitis/tps/tcl/tcllib2.0/mapproj/pkgIndex.tcl 
Execute           source D:/2025.2/Vitis/tps/tcl/tcllib2.0/markdown/pkgIndex.tcl 
Execute           source D:/2025.2/Vitis/tps/tcl/tcllib2.0/math/pkgIndex.tcl 
Execute           source D:/2025.2/Vitis/tps/tcl/tcllib2.0/md4/pkgIndex.tcl 
Execute           source D:/2025.2/Vitis/tps/tcl/tcllib2.0/md5/pkgIndex.tcl 
Execute           source D:/2025.2/Vitis/tps/tcl/tcllib2.0/md5crypt/pkgIndex.tcl 
Execute           source D:/2025.2/Vitis/tps/tcl/tcllib2.0/mime/pkgIndex.tcl 
Execute           source D:/2025.2/Vitis/tps/tcl/tcllib2.0/mkdoc/pkgIndex.tcl 
Execute           source D:/2025.2/Vitis/tps/tcl/tcllib2.0/multiplexer/pkgIndex.tcl 
Execute           source D:/2025.2/Vitis/tps/tcl/tcllib2.0/namespacex/pkgIndex.tcl 
Execute           source D:/2025.2/Vitis/tps/tcl/tcllib2.0/ncgi/pkgIndex.tcl 
Execute           source D:/2025.2/Vitis/tps/tcl/tcllib2.0/nettool/pkgIndex.tcl 
Execute           source D:/2025.2/Vitis/tps/tcl/tcllib2.0/nmea/pkgIndex.tcl 
Execute           source D:/2025.2/Vitis/tps/tcl/tcllib2.0/nns/pkgIndex.tcl 
Execute           source D:/2025.2/Vitis/tps/tcl/tcllib2.0/nntp/pkgIndex.tcl 
Execute           source D:/2025.2/Vitis/tps/tcl/tcllib2.0/ntp/pkgIndex.tcl 
Execute           source D:/2025.2/Vitis/tps/tcl/tcllib2.0/oauth/pkgIndex.tcl 
Execute           source D:/2025.2/Vitis/tps/tcl/tcllib2.0/oodialect/pkgIndex.tcl 
Execute           source D:/2025.2/Vitis/tps/tcl/tcllib2.0/oometa/pkgIndex.tcl 
Execute           source D:/2025.2/Vitis/tps/tcl/tcllib2.0/ooutil/pkgIndex.tcl 
Execute           source D:/2025.2/Vitis/tps/tcl/tcllib2.0/otp/pkgIndex.tcl 
Execute           source D:/2025.2/Vitis/tps/tcl/tcllib2.0/page/pkgIndex.tcl 
Execute           source D:/2025.2/Vitis/tps/tcl/tcllib2.0/pluginmgr/pkgIndex.tcl 
Execute           source D:/2025.2/Vitis/tps/tcl/tcllib2.0/png/pkgIndex.tcl 
Execute           source D:/2025.2/Vitis/tps/tcl/tcllib2.0/pop3/pkgIndex.tcl 
Execute           source D:/2025.2/Vitis/tps/tcl/tcllib2.0/pop3d/pkgIndex.tcl 
Execute           source D:/2025.2/Vitis/tps/tcl/tcllib2.0/practcl/pkgIndex.tcl 
Execute           source D:/2025.2/Vitis/tps/tcl/tcllib2.0/processman/pkgIndex.tcl 
Execute           source D:/2025.2/Vitis/tps/tcl/tcllib2.0/profiler/pkgIndex.tcl 
Execute           source D:/2025.2/Vitis/tps/tcl/tcllib2.0/pt/pkgIndex.tcl 
Execute           source D:/2025.2/Vitis/tps/tcl/tcllib2.0/rcs/pkgIndex.tcl 
Execute           source D:/2025.2/Vitis/tps/tcl/tcllib2.0/report/pkgIndex.tcl 
Execute           source D:/2025.2/Vitis/tps/tcl/tcllib2.0/rest/pkgIndex.tcl 
Execute           source D:/2025.2/Vitis/tps/tcl/tcllib2.0/ripemd/pkgIndex.tcl 
Execute           source D:/2025.2/Vitis/tps/tcl/tcllib2.0/sasl/pkgIndex.tcl 
Execute           source D:/2025.2/Vitis/tps/tcl/tcllib2.0/sha1/pkgIndex.tcl 
Execute           source D:/2025.2/Vitis/tps/tcl/tcllib2.0/simulation/pkgIndex.tcl 
Execute           source D:/2025.2/Vitis/tps/tcl/tcllib2.0/smtpd/pkgIndex.tcl 
Execute           source D:/2025.2/Vitis/tps/tcl/tcllib2.0/snit/pkgIndex.tcl 
Execute           source D:/2025.2/Vitis/tps/tcl/tcllib2.0/soundex/pkgIndex.tcl 
Execute           source D:/2025.2/Vitis/tps/tcl/tcllib2.0/stooop/pkgIndex.tcl 
Execute           source D:/2025.2/Vitis/tps/tcl/tcllib2.0/string/pkgIndex.tcl 
Execute           source D:/2025.2/Vitis/tps/tcl/tcllib2.0/stringprep/pkgIndex.tcl 
Execute           source D:/2025.2/Vitis/tps/tcl/tcllib2.0/struct/pkgIndex.tcl 
Execute           source D:/2025.2/Vitis/tps/tcl/tcllib2.0/tar/pkgIndex.tcl 
Execute           source D:/2025.2/Vitis/tps/tcl/tcllib2.0/tepam/pkgIndex.tcl 
Execute           source D:/2025.2/Vitis/tps/tcl/tcllib2.0/term/pkgIndex.tcl 
Execute           source D:/2025.2/Vitis/tps/tcl/tcllib2.0/textutil/pkgIndex.tcl 
Execute           source D:/2025.2/Vitis/tps/tcl/tcllib2.0/tie/pkgIndex.tcl 
Execute           source D:/2025.2/Vitis/tps/tcl/tcllib2.0/tiff/pkgIndex.tcl 
Execute           source D:/2025.2/Vitis/tps/tcl/tcllib2.0/tool/pkgIndex.tcl 
Execute           source D:/2025.2/Vitis/tps/tcl/tcllib2.0/transfer/pkgIndex.tcl 
Execute           source D:/2025.2/Vitis/tps/tcl/tcllib2.0/treeql/pkgIndex.tcl 
Execute           source D:/2025.2/Vitis/tps/tcl/tcllib2.0/try/pkgIndex.tcl 
Execute           source D:/2025.2/Vitis/tps/tcl/tcllib2.0/udpcluster/pkgIndex.tcl 
Execute           source D:/2025.2/Vitis/tps/tcl/tcllib2.0/uev/pkgIndex.tcl 
Execute           source D:/2025.2/Vitis/tps/tcl/tcllib2.0/units/pkgIndex.tcl 
Execute           source D:/2025.2/Vitis/tps/tcl/tcllib2.0/uri/pkgIndex.tcl 
Execute           source D:/2025.2/Vitis/tps/tcl/tcllib2.0/uuid/pkgIndex.tcl 
Execute           source D:/2025.2/Vitis/tps/tcl/tcllib2.0/valtype/pkgIndex.tcl 
Execute           source D:/2025.2/Vitis/tps/tcl/tcllib2.0/virtchannel_base/pkgIndex.tcl 
Execute           source D:/2025.2/Vitis/tps/tcl/tcllib2.0/virtchannel_core/pkgIndex.tcl 
Execute           source D:/2025.2/Vitis/tps/tcl/tcllib2.0/virtchannel_transform/pkgIndex.tcl 
Execute           source D:/2025.2/Vitis/tps/tcl/tcllib2.0/websocket/pkgIndex.tcl 
Execute           source D:/2025.2/Vitis/tps/tcl/tcllib2.0/wip/pkgIndex.tcl 
Execute           source D:/2025.2/Vitis/tps/tcl/tcllib2.0/yaml/pkgIndex.tcl 
Execute           source D:/2025.2/Vitis/tps/tcl/tcllib2.0/zip/pkgIndex.tcl 
Command         ap_source done; 0.329 sec.
Execute         source D:/2025.2/Vitis/tps/tcl/tdom/pkgIndex.tcl 
Execute         source D:/2025.2/Vitis/tps/tcl/tk8.6/pkgIndex.tcl 
Execute         source D:/2025.2/Vitis/tps/tcl/tcl8.6/opt0.4/pkgIndex.tcl 
Execute         source D:/2025.2/Vitis/tps/tcl/tcl8.6/pkgs/win/thread2.8.7/pkgIndex.tcl 
Command       ap_source done; 1.354 sec.
INFO-FLOW: Workspace C:/Users/Andy/Documents/TFG/Project/3_multiplicacion_acelerada/matrix_hls/matrix_hls/hls opened at Sun Apr 12 22:09:14 +0200 2026
Execute       source C:/Users/Andy/Documents/TFG/Project/3_multiplicacion_acelerada/matrix_hls/matrix_hls/hls/.autopilot/db/global.setting.tcl 
Execute       set_part xc7z010-clg400-1 
Execute         create_platform xc7z010-clg400-1 -board  
DBG:HLSDevice: Trying to load device library: D:/2025.2/Vitis\lib\win64.o\xv_hlsvwrap.dll
DBG:HLSDevice: first parts/arch.xml in RDI_DATADIR: D:/2025.2/Vivado/data/parts/arch.xml
DBG:HLSDevice: init success
INFO: [HLS 200-1611] Setting target device to 'xc7z010-clg400-1'
Command         create_platform done; 2.938 sec.
Execute         source D:/2025.2/Vitis/common/technology/xilinx/common/xilinx.gen 
Execute           source D:/2025.2/Vitis/common/technology/xilinx/interface/plb46.gen 
Execute           source D:/2025.2/Vitis/common/technology/xilinx/interface/axi4.gen 
Execute           source D:/2025.2/Vitis/common/technology/xilinx/interface/nativeAXI4.gen 
Execute             source D:/2025.2/Vitis/common/technology/xilinx/interface/saxilite.gen 
Execute           source D:/2025.2/Vitis/common/technology/xilinx/scripts/xilinxcoregen.gen 
Execute           source D:/2025.2/Vitis/common/technology/xilinx/interface/XilEDKCoreGen.gen 
Execute           source D:/2025.2/Vitis/common/technology/xilinx/ip/dds_compiler.gen 
Execute           source D:/2025.2/Vitis/common/technology/xilinx/ip/util.gen 
Execute           source D:/2025.2/Vitis/common/technology/xilinx/ip/xfft.gen 
Command           ap_source done; 0.216 sec.
Execute           source D:/2025.2/Vitis/common/technology/xilinx/ip/xfir.gen 
Execute           source D:/2025.2/Vitis/common/technology/xilinx/DSP48/dsp48.gen 
Command         ap_source done; 0.324 sec.
Execute         ap_part_info -name xc7z010-clg400-1 -data info 
Execute         config_compile -quiet -complex-mul-dsp=0 
Command       set_part done; 3.359 sec.
Execute       send_msg_by_id INFO @200-1505@%s%s default  vivado 
INFO: [HLS 200-1505] Using default flow_target 'vivado'
Execute       send_msg_by_id INFO @200-2174@%s%s component hls_config.cfg 
INFO: [HLS 200-2174] Applying component config ini file hls_config.cfg
Execute       apply_ini hls_config.cfg 
Execute         send_msg_by_id INFO @200-1465@%s 'syn.file=matrix_mult.cpp' from hls_config.cfg(7) 
INFO: [HLS 200-1465] Applying config ini 'syn.file=matrix_mult.cpp' from hls_config.cfg(7)
Execute         add_files C:/Users/Andy/Documents/TFG/Project/3_multiplicacion_acelerada/matrix_hls/matrix_mult.cpp 
INFO: [HLS 200-10] Adding design file 'C:/Users/Andy/Documents/TFG/Project/3_multiplicacion_acelerada/matrix_hls/matrix_mult.cpp' to the project
Execute         send_msg_by_id INFO @200-1465@%s 'syn.top=matrix_mult' from hls_config.cfg(8) 
INFO: [HLS 200-1465] Applying config ini 'syn.top=matrix_mult' from hls_config.cfg(8)
Execute         set_top matrix_mult 
Execute         send_msg_by_id INFO @200-1465@%s 'flow_target=vivado' from hls_config.cfg(4) 
INFO: [HLS 200-1465] Applying config ini 'flow_target=vivado' from hls_config.cfg(4)
Execute         send_msg_by_id INFO @200-1505@%s%s  vivado 
INFO: [HLS 200-1505] Using flow_target 'vivado'
Execute         send_msg_by_id INFO @200-1465@%s 'part=xc7z010clg400-1' from hls_config.cfg(1) 
INFO: [HLS 200-1465] Applying config ini 'part=xc7z010clg400-1' from hls_config.cfg(1)
Execute         set_part xc7z010clg400-1 
Execute           create_platform xc7z010clg400-1 -board  
Command           create_platform done; 0.616 sec.
Execute           source D:/2025.2/Vitis/common/technology/xilinx/common/xilinx.gen 
Execute             source D:/2025.2/Vitis/common/technology/xilinx/interface/plb46.gen 
Execute             source D:/2025.2/Vitis/common/technology/xilinx/interface/axi4.gen 
Execute             source D:/2025.2/Vitis/common/technology/xilinx/interface/nativeAXI4.gen 
Execute               source D:/2025.2/Vitis/common/technology/xilinx/interface/saxilite.gen 
Execute             source D:/2025.2/Vitis/common/technology/xilinx/scripts/xilinxcoregen.gen 
Execute             source D:/2025.2/Vitis/common/technology/xilinx/interface/XilEDKCoreGen.gen 
Execute             source D:/2025.2/Vitis/common/technology/xilinx/ip/dds_compiler.gen 
Execute             source D:/2025.2/Vitis/common/technology/xilinx/ip/util.gen 
Execute             source D:/2025.2/Vitis/common/technology/xilinx/ip/xfft.gen 
Command             ap_source done; 0.201 sec.
Execute             source D:/2025.2/Vitis/common/technology/xilinx/ip/xfir.gen 
Execute             source D:/2025.2/Vitis/common/technology/xilinx/DSP48/dsp48.gen 
Command           ap_source done; 0.286 sec.
Execute           ap_part_info -name xc7z010-clg400-1 -data info 
Execute           config_compile -quiet -complex-mul-dsp=0 
Command         set_part done; 1.01 sec.
Execute         send_msg_by_id INFO @200-1465@%s 'package.output.format=ip_catalog' from hls_config.cfg(5) 
INFO: [HLS 200-1465] Applying config ini 'package.output.format=ip_catalog' from hls_config.cfg(5)
Execute         config_export -format=ip_catalog 
Command       apply_ini done; 1.156 sec.
Execute       write_component -config C:/Users/Andy/Documents/TFG/Project/3_multiplicacion_acelerada/matrix_hls/hls_config.cfg 
Execute         send_msg_by_id INFO @200-2176@%s C:/Users/Andy/Documents/TFG/Project/3_multiplicacion_acelerada/matrix_hls/matrix_hls/vitis-comp.json 
INFO: [HLS 200-2176] Writing Vitis IDE component file C:/Users/Andy/Documents/TFG/Project/3_multiplicacion_acelerada/matrix_hls/matrix_hls/vitis-comp.json
Command     open_solution done; 6.16 sec.
Command   open_component done; 6.183 sec.
Execute   apply_ini C:/Users/Andy/Documents/TFG/Project/3_multiplicacion_acelerada/matrix_hls/matrix_hls/hls/config.cmdline -iscmdline 
Execute   ::AP::init_summary_file package-ip 
Execute     AP::app_get_file_relativeroot [AP::app_get_root] {}
Execute     AP::get_vpp_package_output_file
Execute   export_design -flow none 
Execute     config_export -flow=none 
INFO-FLOW: DBG:PUTS: export_design_wrap: -format ip_catalog -rtl verilog
Execute     source C:/Users/Andy/Documents/TFG/Project/3_multiplicacion_acelerada/matrix_hls/matrix_hls/hls/.autopilot/db/global.setting.tcl 
INFO-FLOW: DBG:PUTS:   auto_impl: pack: -export -rtl verilog
INFO-FLOW: DBG:PROC: ::AESL_AUTOIMPL::auto_impl args='-export -rtl verilog'
Execute     source C:/Users/Andy/Documents/TFG/Project/3_multiplicacion_acelerada/matrix_hls/matrix_hls/hls/.autopilot/db/global.setting.tcl 
INFO: [IMPL 213-8] Exporting RTL as a Vivado IP.
INFO-FLOW: DBG:PUTS: automg_wrap -export -pcore_version 1.00.a -rtl vlog -tool Vivado -impltomg_flag
INFO-FLOW: DBG:PROC: ::AESL_AUTOMG::auto_generate args='-export -pcore_version 1.00.a -rtl vlog -tool Vivado -impltomg_flag'
INFO-FLOW: DBG:PUTS:     auto_generate -export -pcore_version 1.00.a -rtl vlog -tool Vivado -impltomg_flag
Execute     source C:/Users/Andy/Documents/TFG/Project/3_multiplicacion_acelerada/matrix_hls/matrix_hls/hls/.autopilot/db/global.setting.tcl 
INFO-FLOW: DBG:PUTS: read_platform_lib C:/Users/Andy/Documents/TFG/Project/3_multiplicacion_acelerada/matrix_hls/matrix_hls/hls/.autopilot/db/global.setting.tcl
Execute     source D:/2025.2/Vitis/common/technology/generic/autopilot/common.gen 
Execute       source D:/2025.2/Vitis/common/technology/generic/autopilot/APCoreGen.gen 
Execute     source D:/2025.2/Vitis/common/technology/generic/autopilot/op.gen 
Execute     source D:/2025.2/Vitis/common/technology/generic/autopilot/op_simcore.gen 
Execute     source D:/2025.2/Vitis/common/technology/generic/autopilot/interface.gen 
Execute     source C:/Users/Andy/Documents/TFG/Project/3_multiplicacion_acelerada/matrix_hls/matrix_hls/hls/.autopilot/db/global.setting.tcl 
Execute     source D:/2025.2/Vitis/common/technology/xilinx/common/xilinx.gen 
Execute       source D:/2025.2/Vitis/common/technology/xilinx/interface/plb46.gen 
Execute       source D:/2025.2/Vitis/common/technology/xilinx/interface/axi4.gen 
Execute       source D:/2025.2/Vitis/common/technology/xilinx/interface/nativeAXI4.gen 
Execute         source D:/2025.2/Vitis/common/technology/xilinx/interface/saxilite.gen 
Execute       source D:/2025.2/Vitis/common/technology/xilinx/scripts/xilinxcoregen.gen 
Execute       source D:/2025.2/Vitis/common/technology/xilinx/interface/XilEDKCoreGen.gen 
Execute       source D:/2025.2/Vitis/common/technology/xilinx/ip/dds_compiler.gen 
Execute       source D:/2025.2/Vitis/common/technology/xilinx/ip/util.gen 
Execute       source D:/2025.2/Vitis/common/technology/xilinx/ip/xfft.gen 
Command       ap_source done; 0.237 sec.
Execute       source D:/2025.2/Vitis/common/technology/xilinx/ip/xfir.gen 
Execute       source D:/2025.2/Vitis/common/technology/xilinx/DSP48/dsp48.gen 
Command     ap_source done; 0.302 sec.
INFO-FLOW: DBG:PUTS:   using AESL_AUTOCG::g_clock_period=10.000 (was NA)
INFO-FLOW: DBG:PUTS:       initCTypeInfo top_module=matrix_mult xml_exists=0
Execute     source C:/Users/Andy/Documents/TFG/Project/3_multiplicacion_acelerada/matrix_hls/matrix_hls/hls/.autopilot/db/matrix_mult.rtl_wrap.cfg.tcl 
Execute     source C:/Users/Andy/Documents/TFG/Project/3_multiplicacion_acelerada/matrix_hls/matrix_hls/hls/.autopilot/db/matrix_mult.rtl_wrap.cfg.tcl 
Execute     source C:/Users/Andy/Documents/TFG/Project/3_multiplicacion_acelerada/matrix_hls/matrix_hls/hls/.autopilot/db/matrix_mult.rtl_wrap.cfg.tcl 
Execute     source C:/Users/Andy/Documents/TFG/Project/3_multiplicacion_acelerada/matrix_hls/matrix_hls/hls/.autopilot/db/matrix_mult.tbgen.tcl 
Execute     source C:/Users/Andy/Documents/TFG/Project/3_multiplicacion_acelerada/matrix_hls/matrix_hls/hls/.autopilot/db/matrix_mult.tbgen.tcl 
Execute     source C:/Users/Andy/Documents/TFG/Project/3_multiplicacion_acelerada/matrix_hls/matrix_hls/hls/.autopilot/db/matrix_mult.tbgen.tcl 
Execute     source C:/Users/Andy/Documents/TFG/Project/3_multiplicacion_acelerada/matrix_hls/matrix_hls/hls/.autopilot/db/global.setting.tcl 
Execute     source C:/Users/Andy/Documents/TFG/Project/3_multiplicacion_acelerada/matrix_hls/matrix_hls/hls/.autopilot/db/matrix_mult.tbgen.tcl 
Execute     source C:/Users/Andy/Documents/TFG/Project/3_multiplicacion_acelerada/matrix_hls/matrix_hls/hls/.autopilot/db/cosimDB.tcl 
INFO-FLOW: DBG:PUTS:       cosim_export_main adding deadlock detection to matrix_mult
INFO-FLOW: DBG:PUTS:       generate_datafile_ip_script ip_types={vitis sysgen} #gSsdmPorts=0
INFO-FLOW: DBG:PUTS: Skipping loadAnalyze_DB, #g_database=14
INFO-FLOW: DBG:PUTS:       generate_json generate_bd_files=0 generate_xo_files=false #modelList=27 #gSsdmPorts=0
INFO-FLOW: DBG:PROC: ::AP::DESIGN_DATA::generate_json generate_bd_files='0' generate_xo_files='false' modelList='matrix_mult_flow_control_loop_pipe_sequential_init
matrix_mult_flow_control_loop_pipe_sequential_init
matrix_mult_mul_32s_32s_32_2_1
matrix_mult_flow_control_loop_pipe_sequential_init
matrix_mult_flow_control_loop_pipe_sequential_init
matrix_mult_A_RAM_AUTO_1R1W
matrix_mult_C_RAM_AUTO_1R1W
matrix_mult_CTRL_s_axi
matrix_mult_regslice_both
matrix_mult_regslice_both
matrix_mult_regslice_both
matrix_mult_regslice_both
matrix_mult_regslice_both
matrix_mult_regslice_both
matrix_mult_regslice_both
matrix_mult_regslice_both
matrix_mult_regslice_both
matrix_mult_regslice_both
matrix_mult_regslice_both
matrix_mult_regslice_both
matrix_mult_regslice_both
matrix_mult_regslice_both
matrix_mult_Pipeline_VITIS_LOOP_23_1_VITIS_LOOP_24_2
matrix_mult_Pipeline_VITIS_LOOP_31_3_VITIS_LOOP_32_4
matrix_mult_Pipeline_VITIS_LOOP_39_5_VITIS_LOOP_40_6
matrix_mult_Pipeline_VITIS_LOOP_52_8_VITIS_LOOP_53_9
matrix_mult
' rtl_lang='vlog' bootstrap_tcl='false' outdir='' outfilename=''
Execute     source C:/Users/Andy/Documents/TFG/Project/3_multiplicacion_acelerada/matrix_hls/matrix_hls/hls/.autopilot/db/global.setting.tcl 
Execute     source C:/Users/Andy/Documents/TFG/Project/3_multiplicacion_acelerada/matrix_hls/matrix_hls/hls/.autopilot/db/global.setting.tcl 
Execute     source C:/Users/Andy/Documents/TFG/Project/3_multiplicacion_acelerada/matrix_hls/matrix_hls/hls/.autopilot/db/top-io-be.tcl 
Execute     source C:/Users/Andy/Documents/TFG/Project/3_multiplicacion_acelerada/matrix_hls/matrix_hls/hls/.autopilot/db/matrix_mult.tbgen.tcl 
Execute     source C:/Users/Andy/Documents/TFG/Project/3_multiplicacion_acelerada/matrix_hls/matrix_hls/hls/.autopilot/db/matrix_mult.compgen.dataonly.tcl 
Execute     source C:/Users/Andy/Documents/TFG/Project/3_multiplicacion_acelerada/matrix_hls/matrix_hls/hls/.autopilot/db/matrix_mult.compgen.dataonly.tcl 
Execute     source C:/Users/Andy/Documents/TFG/Project/3_multiplicacion_acelerada/matrix_hls/matrix_hls/hls/.autopilot/db/matrix_mult.rtl_wrap.cfg.tcl 
Execute     source C:/Users/Andy/Documents/TFG/Project/3_multiplicacion_acelerada/matrix_hls/matrix_hls/hls/.autopilot/db/matrix_mult.compgen.dataonly.tcl 
Execute     source C:/Users/Andy/Documents/TFG/Project/3_multiplicacion_acelerada/matrix_hls/matrix_hls/hls/.autopilot/db/matrix_mult_Pipeline_VITIS_LOOP_23_1_VITIS_LOOP_24_2.tbgen.tcl 
Execute     source C:/Users/Andy/Documents/TFG/Project/3_multiplicacion_acelerada/matrix_hls/matrix_hls/hls/.autopilot/db/matrix_mult_Pipeline_VITIS_LOOP_31_3_VITIS_LOOP_32_4.tbgen.tcl 
Execute     source C:/Users/Andy/Documents/TFG/Project/3_multiplicacion_acelerada/matrix_hls/matrix_hls/hls/.autopilot/db/matrix_mult_Pipeline_VITIS_LOOP_39_5_VITIS_LOOP_40_6.tbgen.tcl 
Execute     source C:/Users/Andy/Documents/TFG/Project/3_multiplicacion_acelerada/matrix_hls/matrix_hls/hls/.autopilot/db/matrix_mult_Pipeline_VITIS_LOOP_52_8_VITIS_LOOP_53_9.tbgen.tcl 
Execute     source C:/Users/Andy/Documents/TFG/Project/3_multiplicacion_acelerada/matrix_hls/matrix_hls/hls/.autopilot/db/matrix_mult.tbgen.tcl 
Execute     source C:/Users/Andy/Documents/TFG/Project/3_multiplicacion_acelerada/matrix_hls/matrix_hls/hls/.autopilot/db/global.setting.tcl 
Execute     ap_part_info -name xc7z010-clg400-1 -data names -quiet 
Execute     ap_part_info -name xc7z010-clg400-1 -data info -quiet 
Execute     source C:/Users/Andy/Documents/TFG/Project/3_multiplicacion_acelerada/matrix_hls/matrix_hls/hls/.autopilot/db/matrix_mult.constraint.tcl 
Execute     sc_get_clocks matrix_mult 
Execute     source C:/Users/Andy/Documents/TFG/Project/3_multiplicacion_acelerada/matrix_hls/matrix_hls/hls/.autopilot/db/global.setting.tcl 
Execute     source D:/2025.2/Vitis/tps/tcl/tcllib2.0/fileutil/fileutil.tcl 
Execute       source D:/2025.2/Vitis/tps/tcl/tcllib2.0/cmdline/cmdline.tcl 
INFO-FLOW: DBG:PUTS:       generate_syn_sh
Execute     ap_part_info -name xc7z010-clg400-1 -data names -quiet 
Execute     ap_part_info -name xc7z010-clg400-1 -data info -quiet 
Execute     source C:/Users/Andy/Documents/TFG/Project/3_multiplicacion_acelerada/matrix_hls/matrix_hls/hls/.autopilot/db/global.setting.tcl 
INFO-FLOW: DBG:PUTS:       generate_imp_constraints
Execute     ap_part_info -name xc7z010-clg400-1 -data names -quiet 
Execute     ap_part_info -name xc7z010-clg400-1 -data info -quiet 
Execute     source C:/Users/Andy/Documents/TFG/Project/3_multiplicacion_acelerada/matrix_hls/matrix_hls/hls/.autopilot/db/matrix_mult.constraint.tcl 
Execute     source C:/Users/Andy/Documents/TFG/Project/3_multiplicacion_acelerada/matrix_hls/matrix_hls/hls/.autopilot/db/matrix_mult.tbgen.tcl 
INFO-FLOW: DBG:PUTS:       delete-temp-dirs pwd=C:/Users/Andy/Documents/TFG/Project/3_multiplicacion_acelerada/matrix_hls/matrix_hls/hls
Execute     ap_part_info -name xc7z010-clg400-1 -data names -quiet 
Execute     ap_part_info -name xc7z010-clg400-1 -data info -quiet 
INFO-FLOW: DBG:PUTS: read_platform_lib C:/Users/Andy/Documents/TFG/Project/3_multiplicacion_acelerada/matrix_hls/matrix_hls/hls/.autopilot/db/global.setting.tcl
Execute     source D:/2025.2/Vitis/common/technology/generic/autopilot/common.gen 
Execute       source D:/2025.2/Vitis/common/technology/generic/autopilot/APCoreGen.gen 
Execute     source D:/2025.2/Vitis/common/technology/generic/autopilot/op.gen 
Execute     source D:/2025.2/Vitis/common/technology/generic/autopilot/op_simcore.gen 
Execute     source D:/2025.2/Vitis/common/technology/generic/autopilot/interface.gen 
Execute     source C:/Users/Andy/Documents/TFG/Project/3_multiplicacion_acelerada/matrix_hls/matrix_hls/hls/.autopilot/db/global.setting.tcl 
Execute     source D:/2025.2/Vitis/common/technology/xilinx/common/xilinx.gen 
Execute       source D:/2025.2/Vitis/common/technology/xilinx/interface/plb46.gen 
Execute       source D:/2025.2/Vitis/common/technology/xilinx/interface/axi4.gen 
Execute       source D:/2025.2/Vitis/common/technology/xilinx/interface/nativeAXI4.gen 
Execute         source D:/2025.2/Vitis/common/technology/xilinx/interface/saxilite.gen 
Execute       source D:/2025.2/Vitis/common/technology/xilinx/scripts/xilinxcoregen.gen 
Execute       source D:/2025.2/Vitis/common/technology/xilinx/interface/XilEDKCoreGen.gen 
Execute       source D:/2025.2/Vitis/common/technology/xilinx/ip/dds_compiler.gen 
Execute       source D:/2025.2/Vitis/common/technology/xilinx/ip/util.gen 
Execute       source D:/2025.2/Vitis/common/technology/xilinx/ip/xfft.gen 
Command       ap_source done; 0.229 sec.
Execute       source D:/2025.2/Vitis/common/technology/xilinx/ip/xfir.gen 
Execute       source D:/2025.2/Vitis/common/technology/xilinx/DSP48/dsp48.gen 
Command     ap_source done; 0.307 sec.
INFO-FLOW: DBG:PUTS:     IP package: exec C:/Users/Andy/Documents/TFG/Project/3_multiplicacion_acelerada/matrix_hls/matrix_hls/hls/impl/ip/pack.bat
INFO-FLOW: DBG:PUTS:     IP package: success C:/Users/Andy/Documents/TFG/Project/3_multiplicacion_acelerada/matrix_hls/matrix_hls/hls/impl/ip/pack.bat
Execute     send_msg_by_id INFO @200-802@%s matrix_hls/matrix_mult.zip 
INFO: [HLS 200-802] Generated output file matrix_hls/matrix_mult.zip
Command   export_design done; 97.537 sec.
Execute   close_project 
Execute     close_solution 
Execute       cleanup_all 
Execute       cleanup_all 
