

================================================================
== Vitis HLS Report for 'matrix_mult_Pipeline_VITIS_LOOP_39_5_VITIS_LOOP_40_6'
================================================================
* Date:           Sun Apr 12 22:06:26 2026

* Version:        2025.2 (Build 6295257 on Nov 14 2025)
* Project:        matrix_hls
* Solution:       hls (Vivado IP Flow Target)
* Product family: zynq
* Target device:  xc7z010-clg400-1


================================================================
== Performance Estimates
================================================================
+ Timing: 
    * Summary: 
    +--------+----------+----------+------------+
    |  Clock |  Target  | Estimated| Uncertainty|
    +--------+----------+----------+------------+
    |ap_clk  |  10.00 ns|  6.923 ns|     2.70 ns|
    +--------+----------+----------+------------+

+ Latency: 
    * Summary: 
    +---------+---------+-----------+-----------+-----+-----+-------------------+
    |  Latency (cycles) |   Latency (absolute)  |  Interval |      Pipeline     |
    |   min   |   max   |    min    |    max    | min | max |        Type       |
    +---------+---------+-----------+-----------+-----+-----+-------------------+
    |     1034|     1034|  10.340 us|  10.340 us|    0|    0|  loop pipeline stp|
    +---------+---------+-----------+-----------+-----+-----+-------------------+

    + Detail: 
        * Instance: 
        N/A

        * Loop: 
        +-----------------------------------+---------+---------+----------+-----------+-----------+------+----------+
        |                                   |  Latency (cycles) | Iteration|  Initiation Interval  | Trip |          |
        |             Loop Name             |   min   |   max   |  Latency |  achieved |   target  | Count| Pipelined|
        +-----------------------------------+---------+---------+----------+-----------+-----------+------+----------+
        |- VITIS_LOOP_39_5_VITIS_LOOP_40_6  |     1032|     1032|        10|          1|          1|  1024|       yes|
        +-----------------------------------+---------+---------+----------+-----------+-----------+------+----------+

============================================================
+ Verbose Summary: Synthesis Manager
============================================================
InlineROM: 1
ExposeGlobal: 0
============================================================
+ Verbose Summary: CDFG Model
============================================================
IsTopModel: 0
ResetActiveHigh: 1
IsCombinational: 0
IsDatapathOnly: 0
HasWiredReturn: 1
HasMFsm: 2
HasVarLatency: 1
IsPipeline: 0
IsRtlPipelined: 0
IsInstanceOverlapped: 0
IsDontTouch: 0
HasImplIP: 0
IsGatedGlobalClock: 0

+ Individual pipeline summary: 
  * Pipeline-0: initiation interval (II) = 1, depth = 10


============================================================
+ Verbose Summary: Schedule
============================================================
* Number of FSM states : 10
* Pipeline : 1
  Pipeline-0 : II = 1, D = 10, States = { 1 2 3 4 5 6 7 8 9 10 }
* Dataflow Pipeline: 0

* FSM state transitions: 
1 --> 2 
2 --> 3 
3 --> 4 
4 --> 5 
5 --> 6 
6 --> 7 
7 --> 8 
8 --> 9 
9 --> 10 
10 --> 

* FSM state operations: 

State 1 <SV = 0> <Delay = 4.81>
ST_1 : Operation 13 [1/1] (0.00ns)   --->   "%j = alloca i32 1" [matrix_mult.cpp:40]   --->   Operation 13 'alloca' 'j' <Predicate = true> <Delay = 0.00>
ST_1 : Operation 14 [1/1] (0.00ns)   --->   "%i = alloca i32 1" [matrix_mult.cpp:39]   --->   Operation 14 'alloca' 'i' <Predicate = true> <Delay = 0.00>
ST_1 : Operation 15 [1/1] (0.00ns)   --->   "%indvar_flatten13 = alloca i32 1"   --->   Operation 15 'alloca' 'indvar_flatten13' <Predicate = true> <Delay = 0.00>
ST_1 : Operation 16 [1/1] (1.58ns)   --->   "%store_ln0 = store i11 0, i11 %indvar_flatten13"   --->   Operation 16 'store' 'store_ln0' <Predicate = true> <Delay = 1.58>
ST_1 : Operation 17 [1/1] (1.58ns)   --->   "%store_ln39 = store i6 0, i6 %i" [matrix_mult.cpp:39]   --->   Operation 17 'store' 'store_ln39' <Predicate = true> <Delay = 1.58>
ST_1 : Operation 18 [1/1] (1.58ns)   --->   "%store_ln40 = store i6 0, i6 %j" [matrix_mult.cpp:40]   --->   Operation 18 'store' 'store_ln40' <Predicate = true> <Delay = 1.58>
ST_1 : Operation 19 [1/1] (0.00ns)   --->   "%br_ln0 = br void %VITIS_LOOP_43_7"   --->   Operation 19 'br' 'br_ln0' <Predicate = true> <Delay = 0.00>
ST_1 : Operation 20 [1/1] (0.00ns)   --->   "%indvar_flatten13_load = load i11 %indvar_flatten13" [matrix_mult.cpp:39]   --->   Operation 20 'load' 'indvar_flatten13_load' <Predicate = true> <Delay = 0.00>
ST_1 : Operation 21 [1/1] (1.63ns)   --->   "%icmp_ln39 = icmp_eq  i11 %indvar_flatten13_load, i11 1024" [matrix_mult.cpp:39]   --->   Operation 21 'icmp' 'icmp_ln39' <Predicate = true> <Delay = 1.63> <CoreInst = "Cmp">   --->   Core 9 'Cmp' <Latency = 0> <II = 1> <Delay = 1.63> <FuncUnit> <Opcode : 'seteq' 'setne' 'setle' 'setge' 'setlt' 'setgt'> <InPorts = 2> <OutPorts = 1>
ST_1 : Operation 22 [1/1] (1.63ns)   --->   "%add_ln39_1 = add i11 %indvar_flatten13_load, i11 1" [matrix_mult.cpp:39]   --->   Operation 22 'add' 'add_ln39_1' <Predicate = true> <Delay = 1.63> <CoreInst = "Adder">   --->   Core 1 'Adder' <Latency = 0> <II = 1> <Delay = 1.63> <FuncUnit> <Opcode : 'add' 'sub'> <InPorts = 2> <OutPorts = 1>
ST_1 : Operation 23 [1/1] (0.00ns)   --->   "%br_ln39 = br i1 %icmp_ln39, void %for.inc66, void %for.body78.preheader.exitStub" [matrix_mult.cpp:39]   --->   Operation 23 'br' 'br_ln39' <Predicate = true> <Delay = 0.00>
ST_1 : Operation 24 [1/1] (1.58ns)   --->   "%store_ln39 = store i11 %add_ln39_1, i11 %indvar_flatten13" [matrix_mult.cpp:39]   --->   Operation 24 'store' 'store_ln39' <Predicate = (!icmp_ln39)> <Delay = 1.58>

State 2 <SV = 1> <Delay = 6.42>
ST_2 : Operation 25 [1/1] (0.00ns)   --->   "%j_load = load i6 %j" [matrix_mult.cpp:40]   --->   Operation 25 'load' 'j_load' <Predicate = true> <Delay = 0.00>
ST_2 : Operation 26 [1/1] (0.00ns)   --->   "%i_load = load i6 %i" [matrix_mult.cpp:39]   --->   Operation 26 'load' 'i_load' <Predicate = true> <Delay = 0.00>
ST_2 : Operation 27 [1/1] (1.82ns)   --->   "%add_ln39 = add i6 %i_load, i6 1" [matrix_mult.cpp:39]   --->   Operation 27 'add' 'add_ln39' <Predicate = true> <Delay = 1.82> <CoreInst = "Adder">   --->   Core 1 'Adder' <Latency = 0> <II = 1> <Delay = 1.82> <FuncUnit> <Opcode : 'add' 'sub'> <InPorts = 2> <OutPorts = 1>
ST_2 : Operation 28 [1/1] (1.82ns)   --->   "%icmp_ln40 = icmp_eq  i6 %j_load, i6 32" [matrix_mult.cpp:40]   --->   Operation 28 'icmp' 'icmp_ln40' <Predicate = true> <Delay = 1.82> <CoreInst = "Cmp">   --->   Core 9 'Cmp' <Latency = 0> <II = 1> <Delay = 1.82> <FuncUnit> <Opcode : 'seteq' 'setne' 'setle' 'setge' 'setlt' 'setgt'> <InPorts = 2> <OutPorts = 1>
ST_2 : Operation 29 [1/1] (1.18ns)   --->   "%select_ln39 = select i1 %icmp_ln40, i6 0, i6 %j_load" [matrix_mult.cpp:39]   --->   Operation 29 'select' 'select_ln39' <Predicate = true> <Delay = 1.18> <CoreInst = "Sel">   --->   Core 73 'Sel' <Latency = 0> <II = 1> <Delay = 1.18> <FuncUnit> <Opcode : 'select'> <InPorts = 3> <OutPorts = 1>
ST_2 : Operation 30 [1/1] (1.18ns)   --->   "%select_ln39_1 = select i1 %icmp_ln40, i6 %add_ln39, i6 %i_load" [matrix_mult.cpp:39]   --->   Operation 30 'select' 'select_ln39_1' <Predicate = true> <Delay = 1.18> <CoreInst = "Sel">   --->   Core 73 'Sel' <Latency = 0> <II = 1> <Delay = 1.18> <FuncUnit> <Opcode : 'select'> <InPorts = 3> <OutPorts = 1>
ST_2 : Operation 31 [1/1] (0.00ns)   --->   "%trunc_ln39 = trunc i6 %select_ln39_1" [matrix_mult.cpp:39]   --->   Operation 31 'trunc' 'trunc_ln39' <Predicate = true> <Delay = 0.00>
ST_2 : Operation 32 [1/1] (0.00ns)   --->   "%zext_ln39 = zext i6 %select_ln39_1" [matrix_mult.cpp:39]   --->   Operation 32 'zext' 'zext_ln39' <Predicate = true> <Delay = 0.00>
ST_2 : Operation 33 [1/1] (0.00ns)   --->   "%tmp = bitconcatenate i10 @_ssdm_op_BitConcatenate.i10.i5.i5, i5 %trunc_ln39, i5 0" [matrix_mult.cpp:47]   --->   Operation 33 'bitconcatenate' 'tmp' <Predicate = true> <Delay = 0.00>
ST_2 : Operation 34 [1/1] (0.00ns)   --->   "%A_28_addr = getelementptr i32 %A_28, i64 0, i64 %zext_ln39" [matrix_mult.cpp:45]   --->   Operation 34 'getelementptr' 'A_28_addr' <Predicate = true> <Delay = 0.00>
ST_2 : Operation 35 [2/2] (3.25ns)   --->   "%A_28_load = load i5 %A_28_addr" [matrix_mult.cpp:45]   --->   Operation 35 'load' 'A_28_load' <Predicate = true> <Delay = 3.25> <CoreInst = "RAM">   --->   Core 81 'RAM' <Latency = 1> <II = 1> <Delay = 3.25> <Storage> <Opcode : 'load' 'store'> <Ports = 2> <Width = 32> <Depth = 32> <RAM>
ST_2 : Operation 36 [1/1] (0.00ns)   --->   "%A_29_addr = getelementptr i32 %A_29, i64 0, i64 %zext_ln39" [matrix_mult.cpp:45]   --->   Operation 36 'getelementptr' 'A_29_addr' <Predicate = true> <Delay = 0.00>
ST_2 : Operation 37 [2/2] (3.25ns)   --->   "%A_29_load = load i5 %A_29_addr" [matrix_mult.cpp:45]   --->   Operation 37 'load' 'A_29_load' <Predicate = true> <Delay = 3.25> <CoreInst = "RAM">   --->   Core 81 'RAM' <Latency = 1> <II = 1> <Delay = 3.25> <Storage> <Opcode : 'load' 'store'> <Ports = 2> <Width = 32> <Depth = 32> <RAM>
ST_2 : Operation 38 [1/1] (0.00ns)   --->   "%A_30_addr = getelementptr i32 %A_30, i64 0, i64 %zext_ln39" [matrix_mult.cpp:45]   --->   Operation 38 'getelementptr' 'A_30_addr' <Predicate = true> <Delay = 0.00>
ST_2 : Operation 39 [2/2] (3.25ns)   --->   "%A_30_load = load i5 %A_30_addr" [matrix_mult.cpp:45]   --->   Operation 39 'load' 'A_30_load' <Predicate = true> <Delay = 3.25> <CoreInst = "RAM">   --->   Core 81 'RAM' <Latency = 1> <II = 1> <Delay = 3.25> <Storage> <Opcode : 'load' 'store'> <Ports = 2> <Width = 32> <Depth = 32> <RAM>
ST_2 : Operation 40 [1/1] (0.00ns)   --->   "%A_31_addr = getelementptr i32 %A_31, i64 0, i64 %zext_ln39" [matrix_mult.cpp:45]   --->   Operation 40 'getelementptr' 'A_31_addr' <Predicate = true> <Delay = 0.00>
ST_2 : Operation 41 [2/2] (3.25ns)   --->   "%A_31_load = load i5 %A_31_addr" [matrix_mult.cpp:45]   --->   Operation 41 'load' 'A_31_load' <Predicate = true> <Delay = 3.25> <CoreInst = "RAM">   --->   Core 81 'RAM' <Latency = 1> <II = 1> <Delay = 3.25> <Storage> <Opcode : 'load' 'store'> <Ports = 2> <Width = 32> <Depth = 32> <RAM>
ST_2 : Operation 42 [1/1] (0.00ns)   --->   "%zext_ln40 = zext i6 %select_ln39" [matrix_mult.cpp:40]   --->   Operation 42 'zext' 'zext_ln40' <Predicate = true> <Delay = 0.00>
ST_2 : Operation 43 [1/1] (0.00ns)   --->   "%zext_ln47 = zext i6 %select_ln39" [matrix_mult.cpp:47]   --->   Operation 43 'zext' 'zext_ln47' <Predicate = true> <Delay = 0.00>
ST_2 : Operation 44 [1/1] (1.73ns)   --->   "%add_ln47 = add i10 %tmp, i10 %zext_ln47" [matrix_mult.cpp:47]   --->   Operation 44 'add' 'add_ln47' <Predicate = true> <Delay = 1.73> <CoreInst = "Adder">   --->   Core 1 'Adder' <Latency = 0> <II = 1> <Delay = 1.73> <FuncUnit> <Opcode : 'add' 'sub'> <InPorts = 2> <OutPorts = 1>
ST_2 : Operation 45 [1/1] (0.00ns)   --->   "%B_28_addr = getelementptr i32 %B_28, i64 0, i64 %zext_ln40" [matrix_mult.cpp:45]   --->   Operation 45 'getelementptr' 'B_28_addr' <Predicate = true> <Delay = 0.00>
ST_2 : Operation 46 [2/2] (3.25ns)   --->   "%B_28_load = load i5 %B_28_addr" [matrix_mult.cpp:45]   --->   Operation 46 'load' 'B_28_load' <Predicate = true> <Delay = 3.25> <CoreInst = "RAM">   --->   Core 81 'RAM' <Latency = 1> <II = 1> <Delay = 3.25> <Storage> <Opcode : 'load' 'store'> <Ports = 2> <Width = 32> <Depth = 32> <RAM>
ST_2 : Operation 47 [1/1] (0.00ns)   --->   "%B_29_addr = getelementptr i32 %B_29, i64 0, i64 %zext_ln40" [matrix_mult.cpp:45]   --->   Operation 47 'getelementptr' 'B_29_addr' <Predicate = true> <Delay = 0.00>
ST_2 : Operation 48 [2/2] (3.25ns)   --->   "%B_29_load = load i5 %B_29_addr" [matrix_mult.cpp:45]   --->   Operation 48 'load' 'B_29_load' <Predicate = true> <Delay = 3.25> <CoreInst = "RAM">   --->   Core 81 'RAM' <Latency = 1> <II = 1> <Delay = 3.25> <Storage> <Opcode : 'load' 'store'> <Ports = 2> <Width = 32> <Depth = 32> <RAM>
ST_2 : Operation 49 [1/1] (0.00ns)   --->   "%B_30_addr = getelementptr i32 %B_30, i64 0, i64 %zext_ln40" [matrix_mult.cpp:45]   --->   Operation 49 'getelementptr' 'B_30_addr' <Predicate = true> <Delay = 0.00>
ST_2 : Operation 50 [2/2] (3.25ns)   --->   "%B_30_load = load i5 %B_30_addr" [matrix_mult.cpp:45]   --->   Operation 50 'load' 'B_30_load' <Predicate = true> <Delay = 3.25> <CoreInst = "RAM">   --->   Core 81 'RAM' <Latency = 1> <II = 1> <Delay = 3.25> <Storage> <Opcode : 'load' 'store'> <Ports = 2> <Width = 32> <Depth = 32> <RAM>
ST_2 : Operation 51 [1/1] (0.00ns)   --->   "%B_31_addr = getelementptr i32 %B_31, i64 0, i64 %zext_ln40" [matrix_mult.cpp:45]   --->   Operation 51 'getelementptr' 'B_31_addr' <Predicate = true> <Delay = 0.00>
ST_2 : Operation 52 [2/2] (3.25ns)   --->   "%B_31_load = load i5 %B_31_addr" [matrix_mult.cpp:45]   --->   Operation 52 'load' 'B_31_load' <Predicate = true> <Delay = 3.25> <CoreInst = "RAM">   --->   Core 81 'RAM' <Latency = 1> <II = 1> <Delay = 3.25> <Storage> <Opcode : 'load' 'store'> <Ports = 2> <Width = 32> <Depth = 32> <RAM>
ST_2 : Operation 53 [1/1] (1.82ns)   --->   "%add_ln40 = add i6 %select_ln39, i6 1" [matrix_mult.cpp:40]   --->   Operation 53 'add' 'add_ln40' <Predicate = true> <Delay = 1.82> <CoreInst = "Adder">   --->   Core 1 'Adder' <Latency = 0> <II = 1> <Delay = 1.82> <FuncUnit> <Opcode : 'add' 'sub'> <InPorts = 2> <OutPorts = 1>
ST_2 : Operation 54 [1/1] (1.58ns)   --->   "%store_ln39 = store i6 %select_ln39_1, i6 %i" [matrix_mult.cpp:39]   --->   Operation 54 'store' 'store_ln39' <Predicate = true> <Delay = 1.58>
ST_2 : Operation 55 [1/1] (1.58ns)   --->   "%store_ln40 = store i6 %add_ln40, i6 %j" [matrix_mult.cpp:40]   --->   Operation 55 'store' 'store_ln40' <Predicate = true> <Delay = 1.58>

State 3 <SV = 2> <Delay = 3.25>
ST_3 : Operation 56 [1/1] (0.00ns)   --->   "%A_4_addr = getelementptr i32 %A_4, i64 0, i64 %zext_ln39" [matrix_mult.cpp:45]   --->   Operation 56 'getelementptr' 'A_4_addr' <Predicate = true> <Delay = 0.00>
ST_3 : Operation 57 [2/2] (3.25ns)   --->   "%A_4_load = load i5 %A_4_addr" [matrix_mult.cpp:45]   --->   Operation 57 'load' 'A_4_load' <Predicate = true> <Delay = 3.25> <CoreInst = "RAM">   --->   Core 81 'RAM' <Latency = 1> <II = 1> <Delay = 3.25> <Storage> <Opcode : 'load' 'store'> <Ports = 2> <Width = 32> <Depth = 32> <RAM>
ST_3 : Operation 58 [1/1] (0.00ns)   --->   "%A_5_addr = getelementptr i32 %A_5, i64 0, i64 %zext_ln39" [matrix_mult.cpp:45]   --->   Operation 58 'getelementptr' 'A_5_addr' <Predicate = true> <Delay = 0.00>
ST_3 : Operation 59 [2/2] (3.25ns)   --->   "%A_5_load = load i5 %A_5_addr" [matrix_mult.cpp:45]   --->   Operation 59 'load' 'A_5_load' <Predicate = true> <Delay = 3.25> <CoreInst = "RAM">   --->   Core 81 'RAM' <Latency = 1> <II = 1> <Delay = 3.25> <Storage> <Opcode : 'load' 'store'> <Ports = 2> <Width = 32> <Depth = 32> <RAM>
ST_3 : Operation 60 [1/1] (0.00ns)   --->   "%A_6_addr = getelementptr i32 %A_6, i64 0, i64 %zext_ln39" [matrix_mult.cpp:45]   --->   Operation 60 'getelementptr' 'A_6_addr' <Predicate = true> <Delay = 0.00>
ST_3 : Operation 61 [2/2] (3.25ns)   --->   "%A_6_load = load i5 %A_6_addr" [matrix_mult.cpp:45]   --->   Operation 61 'load' 'A_6_load' <Predicate = true> <Delay = 3.25> <CoreInst = "RAM">   --->   Core 81 'RAM' <Latency = 1> <II = 1> <Delay = 3.25> <Storage> <Opcode : 'load' 'store'> <Ports = 2> <Width = 32> <Depth = 32> <RAM>
ST_3 : Operation 62 [1/1] (0.00ns)   --->   "%A_7_addr = getelementptr i32 %A_7, i64 0, i64 %zext_ln39" [matrix_mult.cpp:45]   --->   Operation 62 'getelementptr' 'A_7_addr' <Predicate = true> <Delay = 0.00>
ST_3 : Operation 63 [2/2] (3.25ns)   --->   "%A_7_load = load i5 %A_7_addr" [matrix_mult.cpp:45]   --->   Operation 63 'load' 'A_7_load' <Predicate = true> <Delay = 3.25> <CoreInst = "RAM">   --->   Core 81 'RAM' <Latency = 1> <II = 1> <Delay = 3.25> <Storage> <Opcode : 'load' 'store'> <Ports = 2> <Width = 32> <Depth = 32> <RAM>
ST_3 : Operation 64 [1/1] (0.00ns)   --->   "%A_12_addr = getelementptr i32 %A_12, i64 0, i64 %zext_ln39" [matrix_mult.cpp:45]   --->   Operation 64 'getelementptr' 'A_12_addr' <Predicate = true> <Delay = 0.00>
ST_3 : Operation 65 [2/2] (3.25ns)   --->   "%A_12_load = load i5 %A_12_addr" [matrix_mult.cpp:45]   --->   Operation 65 'load' 'A_12_load' <Predicate = true> <Delay = 3.25> <CoreInst = "RAM">   --->   Core 81 'RAM' <Latency = 1> <II = 1> <Delay = 3.25> <Storage> <Opcode : 'load' 'store'> <Ports = 2> <Width = 32> <Depth = 32> <RAM>
ST_3 : Operation 66 [1/1] (0.00ns)   --->   "%A_13_addr = getelementptr i32 %A_13, i64 0, i64 %zext_ln39" [matrix_mult.cpp:45]   --->   Operation 66 'getelementptr' 'A_13_addr' <Predicate = true> <Delay = 0.00>
ST_3 : Operation 67 [2/2] (3.25ns)   --->   "%A_13_load = load i5 %A_13_addr" [matrix_mult.cpp:45]   --->   Operation 67 'load' 'A_13_load' <Predicate = true> <Delay = 3.25> <CoreInst = "RAM">   --->   Core 81 'RAM' <Latency = 1> <II = 1> <Delay = 3.25> <Storage> <Opcode : 'load' 'store'> <Ports = 2> <Width = 32> <Depth = 32> <RAM>
ST_3 : Operation 68 [1/1] (0.00ns)   --->   "%A_14_addr = getelementptr i32 %A_14, i64 0, i64 %zext_ln39" [matrix_mult.cpp:45]   --->   Operation 68 'getelementptr' 'A_14_addr' <Predicate = true> <Delay = 0.00>
ST_3 : Operation 69 [2/2] (3.25ns)   --->   "%A_14_load = load i5 %A_14_addr" [matrix_mult.cpp:45]   --->   Operation 69 'load' 'A_14_load' <Predicate = true> <Delay = 3.25> <CoreInst = "RAM">   --->   Core 81 'RAM' <Latency = 1> <II = 1> <Delay = 3.25> <Storage> <Opcode : 'load' 'store'> <Ports = 2> <Width = 32> <Depth = 32> <RAM>
ST_3 : Operation 70 [1/1] (0.00ns)   --->   "%A_15_addr = getelementptr i32 %A_15, i64 0, i64 %zext_ln39" [matrix_mult.cpp:45]   --->   Operation 70 'getelementptr' 'A_15_addr' <Predicate = true> <Delay = 0.00>
ST_3 : Operation 71 [2/2] (3.25ns)   --->   "%A_15_load = load i5 %A_15_addr" [matrix_mult.cpp:45]   --->   Operation 71 'load' 'A_15_load' <Predicate = true> <Delay = 3.25> <CoreInst = "RAM">   --->   Core 81 'RAM' <Latency = 1> <II = 1> <Delay = 3.25> <Storage> <Opcode : 'load' 'store'> <Ports = 2> <Width = 32> <Depth = 32> <RAM>
ST_3 : Operation 72 [1/1] (0.00ns)   --->   "%A_16_addr = getelementptr i32 %A_16, i64 0, i64 %zext_ln39" [matrix_mult.cpp:45]   --->   Operation 72 'getelementptr' 'A_16_addr' <Predicate = true> <Delay = 0.00>
ST_3 : Operation 73 [2/2] (3.25ns)   --->   "%A_16_load = load i5 %A_16_addr" [matrix_mult.cpp:45]   --->   Operation 73 'load' 'A_16_load' <Predicate = true> <Delay = 3.25> <CoreInst = "RAM">   --->   Core 81 'RAM' <Latency = 1> <II = 1> <Delay = 3.25> <Storage> <Opcode : 'load' 'store'> <Ports = 2> <Width = 32> <Depth = 32> <RAM>
ST_3 : Operation 74 [1/1] (0.00ns)   --->   "%A_17_addr = getelementptr i32 %A_17, i64 0, i64 %zext_ln39" [matrix_mult.cpp:45]   --->   Operation 74 'getelementptr' 'A_17_addr' <Predicate = true> <Delay = 0.00>
ST_3 : Operation 75 [2/2] (3.25ns)   --->   "%A_17_load = load i5 %A_17_addr" [matrix_mult.cpp:45]   --->   Operation 75 'load' 'A_17_load' <Predicate = true> <Delay = 3.25> <CoreInst = "RAM">   --->   Core 81 'RAM' <Latency = 1> <II = 1> <Delay = 3.25> <Storage> <Opcode : 'load' 'store'> <Ports = 2> <Width = 32> <Depth = 32> <RAM>
ST_3 : Operation 76 [1/1] (0.00ns)   --->   "%A_18_addr = getelementptr i32 %A_18, i64 0, i64 %zext_ln39" [matrix_mult.cpp:45]   --->   Operation 76 'getelementptr' 'A_18_addr' <Predicate = true> <Delay = 0.00>
ST_3 : Operation 77 [2/2] (3.25ns)   --->   "%A_18_load = load i5 %A_18_addr" [matrix_mult.cpp:45]   --->   Operation 77 'load' 'A_18_load' <Predicate = true> <Delay = 3.25> <CoreInst = "RAM">   --->   Core 81 'RAM' <Latency = 1> <II = 1> <Delay = 3.25> <Storage> <Opcode : 'load' 'store'> <Ports = 2> <Width = 32> <Depth = 32> <RAM>
ST_3 : Operation 78 [1/1] (0.00ns)   --->   "%A_19_addr = getelementptr i32 %A_19, i64 0, i64 %zext_ln39" [matrix_mult.cpp:45]   --->   Operation 78 'getelementptr' 'A_19_addr' <Predicate = true> <Delay = 0.00>
ST_3 : Operation 79 [2/2] (3.25ns)   --->   "%A_19_load = load i5 %A_19_addr" [matrix_mult.cpp:45]   --->   Operation 79 'load' 'A_19_load' <Predicate = true> <Delay = 3.25> <CoreInst = "RAM">   --->   Core 81 'RAM' <Latency = 1> <II = 1> <Delay = 3.25> <Storage> <Opcode : 'load' 'store'> <Ports = 2> <Width = 32> <Depth = 32> <RAM>
ST_3 : Operation 80 [1/1] (0.00ns)   --->   "%A_20_addr = getelementptr i32 %A_20, i64 0, i64 %zext_ln39" [matrix_mult.cpp:45]   --->   Operation 80 'getelementptr' 'A_20_addr' <Predicate = true> <Delay = 0.00>
ST_3 : Operation 81 [2/2] (3.25ns)   --->   "%A_20_load = load i5 %A_20_addr" [matrix_mult.cpp:45]   --->   Operation 81 'load' 'A_20_load' <Predicate = true> <Delay = 3.25> <CoreInst = "RAM">   --->   Core 81 'RAM' <Latency = 1> <II = 1> <Delay = 3.25> <Storage> <Opcode : 'load' 'store'> <Ports = 2> <Width = 32> <Depth = 32> <RAM>
ST_3 : Operation 82 [1/1] (0.00ns)   --->   "%A_21_addr = getelementptr i32 %A_21, i64 0, i64 %zext_ln39" [matrix_mult.cpp:45]   --->   Operation 82 'getelementptr' 'A_21_addr' <Predicate = true> <Delay = 0.00>
ST_3 : Operation 83 [2/2] (3.25ns)   --->   "%A_21_load = load i5 %A_21_addr" [matrix_mult.cpp:45]   --->   Operation 83 'load' 'A_21_load' <Predicate = true> <Delay = 3.25> <CoreInst = "RAM">   --->   Core 81 'RAM' <Latency = 1> <II = 1> <Delay = 3.25> <Storage> <Opcode : 'load' 'store'> <Ports = 2> <Width = 32> <Depth = 32> <RAM>
ST_3 : Operation 84 [1/1] (0.00ns)   --->   "%A_22_addr = getelementptr i32 %A_22, i64 0, i64 %zext_ln39" [matrix_mult.cpp:45]   --->   Operation 84 'getelementptr' 'A_22_addr' <Predicate = true> <Delay = 0.00>
ST_3 : Operation 85 [2/2] (3.25ns)   --->   "%A_22_load = load i5 %A_22_addr" [matrix_mult.cpp:45]   --->   Operation 85 'load' 'A_22_load' <Predicate = true> <Delay = 3.25> <CoreInst = "RAM">   --->   Core 81 'RAM' <Latency = 1> <II = 1> <Delay = 3.25> <Storage> <Opcode : 'load' 'store'> <Ports = 2> <Width = 32> <Depth = 32> <RAM>
ST_3 : Operation 86 [1/1] (0.00ns)   --->   "%A_23_addr = getelementptr i32 %A_23, i64 0, i64 %zext_ln39" [matrix_mult.cpp:45]   --->   Operation 86 'getelementptr' 'A_23_addr' <Predicate = true> <Delay = 0.00>
ST_3 : Operation 87 [2/2] (3.25ns)   --->   "%A_23_load = load i5 %A_23_addr" [matrix_mult.cpp:45]   --->   Operation 87 'load' 'A_23_load' <Predicate = true> <Delay = 3.25> <CoreInst = "RAM">   --->   Core 81 'RAM' <Latency = 1> <II = 1> <Delay = 3.25> <Storage> <Opcode : 'load' 'store'> <Ports = 2> <Width = 32> <Depth = 32> <RAM>
ST_3 : Operation 88 [1/1] (0.00ns)   --->   "%A_24_addr = getelementptr i32 %A_24, i64 0, i64 %zext_ln39" [matrix_mult.cpp:45]   --->   Operation 88 'getelementptr' 'A_24_addr' <Predicate = true> <Delay = 0.00>
ST_3 : Operation 89 [2/2] (3.25ns)   --->   "%A_24_load = load i5 %A_24_addr" [matrix_mult.cpp:45]   --->   Operation 89 'load' 'A_24_load' <Predicate = true> <Delay = 3.25> <CoreInst = "RAM">   --->   Core 81 'RAM' <Latency = 1> <II = 1> <Delay = 3.25> <Storage> <Opcode : 'load' 'store'> <Ports = 2> <Width = 32> <Depth = 32> <RAM>
ST_3 : Operation 90 [1/1] (0.00ns)   --->   "%A_25_addr = getelementptr i32 %A_25, i64 0, i64 %zext_ln39" [matrix_mult.cpp:45]   --->   Operation 90 'getelementptr' 'A_25_addr' <Predicate = true> <Delay = 0.00>
ST_3 : Operation 91 [2/2] (3.25ns)   --->   "%A_25_load = load i5 %A_25_addr" [matrix_mult.cpp:45]   --->   Operation 91 'load' 'A_25_load' <Predicate = true> <Delay = 3.25> <CoreInst = "RAM">   --->   Core 81 'RAM' <Latency = 1> <II = 1> <Delay = 3.25> <Storage> <Opcode : 'load' 'store'> <Ports = 2> <Width = 32> <Depth = 32> <RAM>
ST_3 : Operation 92 [1/1] (0.00ns)   --->   "%A_26_addr = getelementptr i32 %A_26, i64 0, i64 %zext_ln39" [matrix_mult.cpp:45]   --->   Operation 92 'getelementptr' 'A_26_addr' <Predicate = true> <Delay = 0.00>
ST_3 : Operation 93 [2/2] (3.25ns)   --->   "%A_26_load = load i5 %A_26_addr" [matrix_mult.cpp:45]   --->   Operation 93 'load' 'A_26_load' <Predicate = true> <Delay = 3.25> <CoreInst = "RAM">   --->   Core 81 'RAM' <Latency = 1> <II = 1> <Delay = 3.25> <Storage> <Opcode : 'load' 'store'> <Ports = 2> <Width = 32> <Depth = 32> <RAM>
ST_3 : Operation 94 [1/1] (0.00ns)   --->   "%A_27_addr = getelementptr i32 %A_27, i64 0, i64 %zext_ln39" [matrix_mult.cpp:45]   --->   Operation 94 'getelementptr' 'A_27_addr' <Predicate = true> <Delay = 0.00>
ST_3 : Operation 95 [2/2] (3.25ns)   --->   "%A_27_load = load i5 %A_27_addr" [matrix_mult.cpp:45]   --->   Operation 95 'load' 'A_27_load' <Predicate = true> <Delay = 3.25> <CoreInst = "RAM">   --->   Core 81 'RAM' <Latency = 1> <II = 1> <Delay = 3.25> <Storage> <Opcode : 'load' 'store'> <Ports = 2> <Width = 32> <Depth = 32> <RAM>
ST_3 : Operation 96 [1/2] ( I:3.25ns O:3.25ns )   --->   "%A_28_load = load i5 %A_28_addr" [matrix_mult.cpp:45]   --->   Operation 96 'load' 'A_28_load' <Predicate = true> <Delay = 3.25> <CoreInst = "RAM">   --->   Core 81 'RAM' <Latency = 1> <II = 1> <Delay = 3.25> <Storage> <Opcode : 'load' 'store'> <Ports = 2> <Width = 32> <Depth = 32> <RAM>
ST_3 : Operation 97 [1/2] ( I:3.25ns O:3.25ns )   --->   "%A_29_load = load i5 %A_29_addr" [matrix_mult.cpp:45]   --->   Operation 97 'load' 'A_29_load' <Predicate = true> <Delay = 3.25> <CoreInst = "RAM">   --->   Core 81 'RAM' <Latency = 1> <II = 1> <Delay = 3.25> <Storage> <Opcode : 'load' 'store'> <Ports = 2> <Width = 32> <Depth = 32> <RAM>
ST_3 : Operation 98 [1/2] ( I:3.25ns O:3.25ns )   --->   "%A_30_load = load i5 %A_30_addr" [matrix_mult.cpp:45]   --->   Operation 98 'load' 'A_30_load' <Predicate = true> <Delay = 3.25> <CoreInst = "RAM">   --->   Core 81 'RAM' <Latency = 1> <II = 1> <Delay = 3.25> <Storage> <Opcode : 'load' 'store'> <Ports = 2> <Width = 32> <Depth = 32> <RAM>
ST_3 : Operation 99 [1/2] ( I:3.25ns O:3.25ns )   --->   "%A_31_load = load i5 %A_31_addr" [matrix_mult.cpp:45]   --->   Operation 99 'load' 'A_31_load' <Predicate = true> <Delay = 3.25> <CoreInst = "RAM">   --->   Core 81 'RAM' <Latency = 1> <II = 1> <Delay = 3.25> <Storage> <Opcode : 'load' 'store'> <Ports = 2> <Width = 32> <Depth = 32> <RAM>
ST_3 : Operation 100 [1/1] (0.00ns)   --->   "%B_4_addr = getelementptr i32 %B_4, i64 0, i64 %zext_ln40" [matrix_mult.cpp:45]   --->   Operation 100 'getelementptr' 'B_4_addr' <Predicate = true> <Delay = 0.00>
ST_3 : Operation 101 [2/2] (3.25ns)   --->   "%B_4_load = load i5 %B_4_addr" [matrix_mult.cpp:45]   --->   Operation 101 'load' 'B_4_load' <Predicate = true> <Delay = 3.25> <CoreInst = "RAM">   --->   Core 81 'RAM' <Latency = 1> <II = 1> <Delay = 3.25> <Storage> <Opcode : 'load' 'store'> <Ports = 2> <Width = 32> <Depth = 32> <RAM>
ST_3 : Operation 102 [1/1] (0.00ns)   --->   "%B_5_addr = getelementptr i32 %B_5, i64 0, i64 %zext_ln40" [matrix_mult.cpp:45]   --->   Operation 102 'getelementptr' 'B_5_addr' <Predicate = true> <Delay = 0.00>
ST_3 : Operation 103 [2/2] (3.25ns)   --->   "%B_5_load = load i5 %B_5_addr" [matrix_mult.cpp:45]   --->   Operation 103 'load' 'B_5_load' <Predicate = true> <Delay = 3.25> <CoreInst = "RAM">   --->   Core 81 'RAM' <Latency = 1> <II = 1> <Delay = 3.25> <Storage> <Opcode : 'load' 'store'> <Ports = 2> <Width = 32> <Depth = 32> <RAM>
ST_3 : Operation 104 [1/1] (0.00ns)   --->   "%B_6_addr = getelementptr i32 %B_6, i64 0, i64 %zext_ln40" [matrix_mult.cpp:45]   --->   Operation 104 'getelementptr' 'B_6_addr' <Predicate = true> <Delay = 0.00>
ST_3 : Operation 105 [2/2] (3.25ns)   --->   "%B_6_load = load i5 %B_6_addr" [matrix_mult.cpp:45]   --->   Operation 105 'load' 'B_6_load' <Predicate = true> <Delay = 3.25> <CoreInst = "RAM">   --->   Core 81 'RAM' <Latency = 1> <II = 1> <Delay = 3.25> <Storage> <Opcode : 'load' 'store'> <Ports = 2> <Width = 32> <Depth = 32> <RAM>
ST_3 : Operation 106 [1/1] (0.00ns)   --->   "%B_7_addr = getelementptr i32 %B_7, i64 0, i64 %zext_ln40" [matrix_mult.cpp:45]   --->   Operation 106 'getelementptr' 'B_7_addr' <Predicate = true> <Delay = 0.00>
ST_3 : Operation 107 [2/2] (3.25ns)   --->   "%B_7_load = load i5 %B_7_addr" [matrix_mult.cpp:45]   --->   Operation 107 'load' 'B_7_load' <Predicate = true> <Delay = 3.25> <CoreInst = "RAM">   --->   Core 81 'RAM' <Latency = 1> <II = 1> <Delay = 3.25> <Storage> <Opcode : 'load' 'store'> <Ports = 2> <Width = 32> <Depth = 32> <RAM>
ST_3 : Operation 108 [1/1] (0.00ns)   --->   "%B_12_addr = getelementptr i32 %B_12, i64 0, i64 %zext_ln40" [matrix_mult.cpp:45]   --->   Operation 108 'getelementptr' 'B_12_addr' <Predicate = true> <Delay = 0.00>
ST_3 : Operation 109 [2/2] (3.25ns)   --->   "%B_12_load = load i5 %B_12_addr" [matrix_mult.cpp:45]   --->   Operation 109 'load' 'B_12_load' <Predicate = true> <Delay = 3.25> <CoreInst = "RAM">   --->   Core 81 'RAM' <Latency = 1> <II = 1> <Delay = 3.25> <Storage> <Opcode : 'load' 'store'> <Ports = 2> <Width = 32> <Depth = 32> <RAM>
ST_3 : Operation 110 [1/1] (0.00ns)   --->   "%B_13_addr = getelementptr i32 %B_13, i64 0, i64 %zext_ln40" [matrix_mult.cpp:45]   --->   Operation 110 'getelementptr' 'B_13_addr' <Predicate = true> <Delay = 0.00>
ST_3 : Operation 111 [2/2] (3.25ns)   --->   "%B_13_load = load i5 %B_13_addr" [matrix_mult.cpp:45]   --->   Operation 111 'load' 'B_13_load' <Predicate = true> <Delay = 3.25> <CoreInst = "RAM">   --->   Core 81 'RAM' <Latency = 1> <II = 1> <Delay = 3.25> <Storage> <Opcode : 'load' 'store'> <Ports = 2> <Width = 32> <Depth = 32> <RAM>
ST_3 : Operation 112 [1/1] (0.00ns)   --->   "%B_14_addr = getelementptr i32 %B_14, i64 0, i64 %zext_ln40" [matrix_mult.cpp:45]   --->   Operation 112 'getelementptr' 'B_14_addr' <Predicate = true> <Delay = 0.00>
ST_3 : Operation 113 [2/2] (3.25ns)   --->   "%B_14_load = load i5 %B_14_addr" [matrix_mult.cpp:45]   --->   Operation 113 'load' 'B_14_load' <Predicate = true> <Delay = 3.25> <CoreInst = "RAM">   --->   Core 81 'RAM' <Latency = 1> <II = 1> <Delay = 3.25> <Storage> <Opcode : 'load' 'store'> <Ports = 2> <Width = 32> <Depth = 32> <RAM>
ST_3 : Operation 114 [1/1] (0.00ns)   --->   "%B_15_addr = getelementptr i32 %B_15, i64 0, i64 %zext_ln40" [matrix_mult.cpp:45]   --->   Operation 114 'getelementptr' 'B_15_addr' <Predicate = true> <Delay = 0.00>
ST_3 : Operation 115 [2/2] (3.25ns)   --->   "%B_15_load = load i5 %B_15_addr" [matrix_mult.cpp:45]   --->   Operation 115 'load' 'B_15_load' <Predicate = true> <Delay = 3.25> <CoreInst = "RAM">   --->   Core 81 'RAM' <Latency = 1> <II = 1> <Delay = 3.25> <Storage> <Opcode : 'load' 'store'> <Ports = 2> <Width = 32> <Depth = 32> <RAM>
ST_3 : Operation 116 [1/1] (0.00ns)   --->   "%B_16_addr = getelementptr i32 %B_16, i64 0, i64 %zext_ln40" [matrix_mult.cpp:45]   --->   Operation 116 'getelementptr' 'B_16_addr' <Predicate = true> <Delay = 0.00>
ST_3 : Operation 117 [2/2] (3.25ns)   --->   "%B_16_load = load i5 %B_16_addr" [matrix_mult.cpp:45]   --->   Operation 117 'load' 'B_16_load' <Predicate = true> <Delay = 3.25> <CoreInst = "RAM">   --->   Core 81 'RAM' <Latency = 1> <II = 1> <Delay = 3.25> <Storage> <Opcode : 'load' 'store'> <Ports = 2> <Width = 32> <Depth = 32> <RAM>
ST_3 : Operation 118 [1/1] (0.00ns)   --->   "%B_17_addr = getelementptr i32 %B_17, i64 0, i64 %zext_ln40" [matrix_mult.cpp:45]   --->   Operation 118 'getelementptr' 'B_17_addr' <Predicate = true> <Delay = 0.00>
ST_3 : Operation 119 [2/2] (3.25ns)   --->   "%B_17_load = load i5 %B_17_addr" [matrix_mult.cpp:45]   --->   Operation 119 'load' 'B_17_load' <Predicate = true> <Delay = 3.25> <CoreInst = "RAM">   --->   Core 81 'RAM' <Latency = 1> <II = 1> <Delay = 3.25> <Storage> <Opcode : 'load' 'store'> <Ports = 2> <Width = 32> <Depth = 32> <RAM>
ST_3 : Operation 120 [1/1] (0.00ns)   --->   "%B_18_addr = getelementptr i32 %B_18, i64 0, i64 %zext_ln40" [matrix_mult.cpp:45]   --->   Operation 120 'getelementptr' 'B_18_addr' <Predicate = true> <Delay = 0.00>
ST_3 : Operation 121 [2/2] (3.25ns)   --->   "%B_18_load = load i5 %B_18_addr" [matrix_mult.cpp:45]   --->   Operation 121 'load' 'B_18_load' <Predicate = true> <Delay = 3.25> <CoreInst = "RAM">   --->   Core 81 'RAM' <Latency = 1> <II = 1> <Delay = 3.25> <Storage> <Opcode : 'load' 'store'> <Ports = 2> <Width = 32> <Depth = 32> <RAM>
ST_3 : Operation 122 [1/1] (0.00ns)   --->   "%B_19_addr = getelementptr i32 %B_19, i64 0, i64 %zext_ln40" [matrix_mult.cpp:45]   --->   Operation 122 'getelementptr' 'B_19_addr' <Predicate = true> <Delay = 0.00>
ST_3 : Operation 123 [2/2] (3.25ns)   --->   "%B_19_load = load i5 %B_19_addr" [matrix_mult.cpp:45]   --->   Operation 123 'load' 'B_19_load' <Predicate = true> <Delay = 3.25> <CoreInst = "RAM">   --->   Core 81 'RAM' <Latency = 1> <II = 1> <Delay = 3.25> <Storage> <Opcode : 'load' 'store'> <Ports = 2> <Width = 32> <Depth = 32> <RAM>
ST_3 : Operation 124 [1/1] (0.00ns)   --->   "%B_20_addr = getelementptr i32 %B_20, i64 0, i64 %zext_ln40" [matrix_mult.cpp:45]   --->   Operation 124 'getelementptr' 'B_20_addr' <Predicate = true> <Delay = 0.00>
ST_3 : Operation 125 [2/2] (3.25ns)   --->   "%B_20_load = load i5 %B_20_addr" [matrix_mult.cpp:45]   --->   Operation 125 'load' 'B_20_load' <Predicate = true> <Delay = 3.25> <CoreInst = "RAM">   --->   Core 81 'RAM' <Latency = 1> <II = 1> <Delay = 3.25> <Storage> <Opcode : 'load' 'store'> <Ports = 2> <Width = 32> <Depth = 32> <RAM>
ST_3 : Operation 126 [1/1] (0.00ns)   --->   "%B_21_addr = getelementptr i32 %B_21, i64 0, i64 %zext_ln40" [matrix_mult.cpp:45]   --->   Operation 126 'getelementptr' 'B_21_addr' <Predicate = true> <Delay = 0.00>
ST_3 : Operation 127 [2/2] (3.25ns)   --->   "%B_21_load = load i5 %B_21_addr" [matrix_mult.cpp:45]   --->   Operation 127 'load' 'B_21_load' <Predicate = true> <Delay = 3.25> <CoreInst = "RAM">   --->   Core 81 'RAM' <Latency = 1> <II = 1> <Delay = 3.25> <Storage> <Opcode : 'load' 'store'> <Ports = 2> <Width = 32> <Depth = 32> <RAM>
ST_3 : Operation 128 [1/1] (0.00ns)   --->   "%B_22_addr = getelementptr i32 %B_22, i64 0, i64 %zext_ln40" [matrix_mult.cpp:45]   --->   Operation 128 'getelementptr' 'B_22_addr' <Predicate = true> <Delay = 0.00>
ST_3 : Operation 129 [2/2] (3.25ns)   --->   "%B_22_load = load i5 %B_22_addr" [matrix_mult.cpp:45]   --->   Operation 129 'load' 'B_22_load' <Predicate = true> <Delay = 3.25> <CoreInst = "RAM">   --->   Core 81 'RAM' <Latency = 1> <II = 1> <Delay = 3.25> <Storage> <Opcode : 'load' 'store'> <Ports = 2> <Width = 32> <Depth = 32> <RAM>
ST_3 : Operation 130 [1/1] (0.00ns)   --->   "%B_23_addr = getelementptr i32 %B_23, i64 0, i64 %zext_ln40" [matrix_mult.cpp:45]   --->   Operation 130 'getelementptr' 'B_23_addr' <Predicate = true> <Delay = 0.00>
ST_3 : Operation 131 [2/2] (3.25ns)   --->   "%B_23_load = load i5 %B_23_addr" [matrix_mult.cpp:45]   --->   Operation 131 'load' 'B_23_load' <Predicate = true> <Delay = 3.25> <CoreInst = "RAM">   --->   Core 81 'RAM' <Latency = 1> <II = 1> <Delay = 3.25> <Storage> <Opcode : 'load' 'store'> <Ports = 2> <Width = 32> <Depth = 32> <RAM>
ST_3 : Operation 132 [1/1] (0.00ns)   --->   "%B_24_addr = getelementptr i32 %B_24, i64 0, i64 %zext_ln40" [matrix_mult.cpp:45]   --->   Operation 132 'getelementptr' 'B_24_addr' <Predicate = true> <Delay = 0.00>
ST_3 : Operation 133 [2/2] (3.25ns)   --->   "%B_24_load = load i5 %B_24_addr" [matrix_mult.cpp:45]   --->   Operation 133 'load' 'B_24_load' <Predicate = true> <Delay = 3.25> <CoreInst = "RAM">   --->   Core 81 'RAM' <Latency = 1> <II = 1> <Delay = 3.25> <Storage> <Opcode : 'load' 'store'> <Ports = 2> <Width = 32> <Depth = 32> <RAM>
ST_3 : Operation 134 [1/1] (0.00ns)   --->   "%B_25_addr = getelementptr i32 %B_25, i64 0, i64 %zext_ln40" [matrix_mult.cpp:45]   --->   Operation 134 'getelementptr' 'B_25_addr' <Predicate = true> <Delay = 0.00>
ST_3 : Operation 135 [2/2] (3.25ns)   --->   "%B_25_load = load i5 %B_25_addr" [matrix_mult.cpp:45]   --->   Operation 135 'load' 'B_25_load' <Predicate = true> <Delay = 3.25> <CoreInst = "RAM">   --->   Core 81 'RAM' <Latency = 1> <II = 1> <Delay = 3.25> <Storage> <Opcode : 'load' 'store'> <Ports = 2> <Width = 32> <Depth = 32> <RAM>
ST_3 : Operation 136 [1/1] (0.00ns)   --->   "%B_26_addr = getelementptr i32 %B_26, i64 0, i64 %zext_ln40" [matrix_mult.cpp:45]   --->   Operation 136 'getelementptr' 'B_26_addr' <Predicate = true> <Delay = 0.00>
ST_3 : Operation 137 [2/2] (3.25ns)   --->   "%B_26_load = load i5 %B_26_addr" [matrix_mult.cpp:45]   --->   Operation 137 'load' 'B_26_load' <Predicate = true> <Delay = 3.25> <CoreInst = "RAM">   --->   Core 81 'RAM' <Latency = 1> <II = 1> <Delay = 3.25> <Storage> <Opcode : 'load' 'store'> <Ports = 2> <Width = 32> <Depth = 32> <RAM>
ST_3 : Operation 138 [1/1] (0.00ns)   --->   "%B_27_addr = getelementptr i32 %B_27, i64 0, i64 %zext_ln40" [matrix_mult.cpp:45]   --->   Operation 138 'getelementptr' 'B_27_addr' <Predicate = true> <Delay = 0.00>
ST_3 : Operation 139 [2/2] (3.25ns)   --->   "%B_27_load = load i5 %B_27_addr" [matrix_mult.cpp:45]   --->   Operation 139 'load' 'B_27_load' <Predicate = true> <Delay = 3.25> <CoreInst = "RAM">   --->   Core 81 'RAM' <Latency = 1> <II = 1> <Delay = 3.25> <Storage> <Opcode : 'load' 'store'> <Ports = 2> <Width = 32> <Depth = 32> <RAM>
ST_3 : Operation 140 [1/2] ( I:3.25ns O:3.25ns )   --->   "%B_28_load = load i5 %B_28_addr" [matrix_mult.cpp:45]   --->   Operation 140 'load' 'B_28_load' <Predicate = true> <Delay = 3.25> <CoreInst = "RAM">   --->   Core 81 'RAM' <Latency = 1> <II = 1> <Delay = 3.25> <Storage> <Opcode : 'load' 'store'> <Ports = 2> <Width = 32> <Depth = 32> <RAM>
ST_3 : Operation 141 [1/2] ( I:3.25ns O:3.25ns )   --->   "%B_29_load = load i5 %B_29_addr" [matrix_mult.cpp:45]   --->   Operation 141 'load' 'B_29_load' <Predicate = true> <Delay = 3.25> <CoreInst = "RAM">   --->   Core 81 'RAM' <Latency = 1> <II = 1> <Delay = 3.25> <Storage> <Opcode : 'load' 'store'> <Ports = 2> <Width = 32> <Depth = 32> <RAM>
ST_3 : Operation 142 [1/2] ( I:3.25ns O:3.25ns )   --->   "%B_30_load = load i5 %B_30_addr" [matrix_mult.cpp:45]   --->   Operation 142 'load' 'B_30_load' <Predicate = true> <Delay = 3.25> <CoreInst = "RAM">   --->   Core 81 'RAM' <Latency = 1> <II = 1> <Delay = 3.25> <Storage> <Opcode : 'load' 'store'> <Ports = 2> <Width = 32> <Depth = 32> <RAM>
ST_3 : Operation 143 [1/2] ( I:3.25ns O:3.25ns )   --->   "%B_31_load = load i5 %B_31_addr" [matrix_mult.cpp:45]   --->   Operation 143 'load' 'B_31_load' <Predicate = true> <Delay = 3.25> <CoreInst = "RAM">   --->   Core 81 'RAM' <Latency = 1> <II = 1> <Delay = 3.25> <Storage> <Opcode : 'load' 'store'> <Ports = 2> <Width = 32> <Depth = 32> <RAM>

State 4 <SV = 3> <Delay = 6.91>
ST_4 : Operation 144 [1/1] (0.00ns)   --->   "%A_addr = getelementptr i32 %A, i64 0, i64 %zext_ln39" [matrix_mult.cpp:45]   --->   Operation 144 'getelementptr' 'A_addr' <Predicate = true> <Delay = 0.00>
ST_4 : Operation 145 [2/2] (3.25ns)   --->   "%A_load = load i5 %A_addr" [matrix_mult.cpp:45]   --->   Operation 145 'load' 'A_load' <Predicate = true> <Delay = 3.25> <CoreInst = "RAM">   --->   Core 81 'RAM' <Latency = 1> <II = 1> <Delay = 3.25> <Storage> <Opcode : 'load' 'store'> <Ports = 2> <Width = 32> <Depth = 32> <RAM>
ST_4 : Operation 146 [1/1] (0.00ns)   --->   "%A_1_addr = getelementptr i32 %A_1, i64 0, i64 %zext_ln39" [matrix_mult.cpp:45]   --->   Operation 146 'getelementptr' 'A_1_addr' <Predicate = true> <Delay = 0.00>
ST_4 : Operation 147 [2/2] (3.25ns)   --->   "%A_1_load = load i5 %A_1_addr" [matrix_mult.cpp:45]   --->   Operation 147 'load' 'A_1_load' <Predicate = true> <Delay = 3.25> <CoreInst = "RAM">   --->   Core 81 'RAM' <Latency = 1> <II = 1> <Delay = 3.25> <Storage> <Opcode : 'load' 'store'> <Ports = 2> <Width = 32> <Depth = 32> <RAM>
ST_4 : Operation 148 [1/1] (0.00ns)   --->   "%A_2_addr = getelementptr i32 %A_2, i64 0, i64 %zext_ln39" [matrix_mult.cpp:45]   --->   Operation 148 'getelementptr' 'A_2_addr' <Predicate = true> <Delay = 0.00>
ST_4 : Operation 149 [2/2] (3.25ns)   --->   "%A_2_load = load i5 %A_2_addr" [matrix_mult.cpp:45]   --->   Operation 149 'load' 'A_2_load' <Predicate = true> <Delay = 3.25> <CoreInst = "RAM">   --->   Core 81 'RAM' <Latency = 1> <II = 1> <Delay = 3.25> <Storage> <Opcode : 'load' 'store'> <Ports = 2> <Width = 32> <Depth = 32> <RAM>
ST_4 : Operation 150 [1/1] (0.00ns)   --->   "%A_3_addr = getelementptr i32 %A_3, i64 0, i64 %zext_ln39" [matrix_mult.cpp:45]   --->   Operation 150 'getelementptr' 'A_3_addr' <Predicate = true> <Delay = 0.00>
ST_4 : Operation 151 [2/2] (3.25ns)   --->   "%A_3_load = load i5 %A_3_addr" [matrix_mult.cpp:45]   --->   Operation 151 'load' 'A_3_load' <Predicate = true> <Delay = 3.25> <CoreInst = "RAM">   --->   Core 81 'RAM' <Latency = 1> <II = 1> <Delay = 3.25> <Storage> <Opcode : 'load' 'store'> <Ports = 2> <Width = 32> <Depth = 32> <RAM>
ST_4 : Operation 152 [1/2] ( I:3.25ns O:3.25ns )   --->   "%A_4_load = load i5 %A_4_addr" [matrix_mult.cpp:45]   --->   Operation 152 'load' 'A_4_load' <Predicate = true> <Delay = 3.25> <CoreInst = "RAM">   --->   Core 81 'RAM' <Latency = 1> <II = 1> <Delay = 3.25> <Storage> <Opcode : 'load' 'store'> <Ports = 2> <Width = 32> <Depth = 32> <RAM>
ST_4 : Operation 153 [1/2] ( I:3.25ns O:3.25ns )   --->   "%A_5_load = load i5 %A_5_addr" [matrix_mult.cpp:45]   --->   Operation 153 'load' 'A_5_load' <Predicate = true> <Delay = 3.25> <CoreInst = "RAM">   --->   Core 81 'RAM' <Latency = 1> <II = 1> <Delay = 3.25> <Storage> <Opcode : 'load' 'store'> <Ports = 2> <Width = 32> <Depth = 32> <RAM>
ST_4 : Operation 154 [1/2] ( I:3.25ns O:3.25ns )   --->   "%A_6_load = load i5 %A_6_addr" [matrix_mult.cpp:45]   --->   Operation 154 'load' 'A_6_load' <Predicate = true> <Delay = 3.25> <CoreInst = "RAM">   --->   Core 81 'RAM' <Latency = 1> <II = 1> <Delay = 3.25> <Storage> <Opcode : 'load' 'store'> <Ports = 2> <Width = 32> <Depth = 32> <RAM>
ST_4 : Operation 155 [1/2] ( I:3.25ns O:3.25ns )   --->   "%A_7_load = load i5 %A_7_addr" [matrix_mult.cpp:45]   --->   Operation 155 'load' 'A_7_load' <Predicate = true> <Delay = 3.25> <CoreInst = "RAM">   --->   Core 81 'RAM' <Latency = 1> <II = 1> <Delay = 3.25> <Storage> <Opcode : 'load' 'store'> <Ports = 2> <Width = 32> <Depth = 32> <RAM>
ST_4 : Operation 156 [1/1] (0.00ns)   --->   "%A_8_addr = getelementptr i32 %A_8, i64 0, i64 %zext_ln39" [matrix_mult.cpp:45]   --->   Operation 156 'getelementptr' 'A_8_addr' <Predicate = true> <Delay = 0.00>
ST_4 : Operation 157 [2/2] (3.25ns)   --->   "%A_8_load = load i5 %A_8_addr" [matrix_mult.cpp:45]   --->   Operation 157 'load' 'A_8_load' <Predicate = true> <Delay = 3.25> <CoreInst = "RAM">   --->   Core 81 'RAM' <Latency = 1> <II = 1> <Delay = 3.25> <Storage> <Opcode : 'load' 'store'> <Ports = 2> <Width = 32> <Depth = 32> <RAM>
ST_4 : Operation 158 [1/1] (0.00ns)   --->   "%A_9_addr = getelementptr i32 %A_9, i64 0, i64 %zext_ln39" [matrix_mult.cpp:45]   --->   Operation 158 'getelementptr' 'A_9_addr' <Predicate = true> <Delay = 0.00>
ST_4 : Operation 159 [2/2] (3.25ns)   --->   "%A_9_load = load i5 %A_9_addr" [matrix_mult.cpp:45]   --->   Operation 159 'load' 'A_9_load' <Predicate = true> <Delay = 3.25> <CoreInst = "RAM">   --->   Core 81 'RAM' <Latency = 1> <II = 1> <Delay = 3.25> <Storage> <Opcode : 'load' 'store'> <Ports = 2> <Width = 32> <Depth = 32> <RAM>
ST_4 : Operation 160 [1/1] (0.00ns)   --->   "%A_10_addr = getelementptr i32 %A_10, i64 0, i64 %zext_ln39" [matrix_mult.cpp:45]   --->   Operation 160 'getelementptr' 'A_10_addr' <Predicate = true> <Delay = 0.00>
ST_4 : Operation 161 [2/2] (3.25ns)   --->   "%A_10_load = load i5 %A_10_addr" [matrix_mult.cpp:45]   --->   Operation 161 'load' 'A_10_load' <Predicate = true> <Delay = 3.25> <CoreInst = "RAM">   --->   Core 81 'RAM' <Latency = 1> <II = 1> <Delay = 3.25> <Storage> <Opcode : 'load' 'store'> <Ports = 2> <Width = 32> <Depth = 32> <RAM>
ST_4 : Operation 162 [1/1] (0.00ns)   --->   "%A_11_addr = getelementptr i32 %A_11, i64 0, i64 %zext_ln39" [matrix_mult.cpp:45]   --->   Operation 162 'getelementptr' 'A_11_addr' <Predicate = true> <Delay = 0.00>
ST_4 : Operation 163 [2/2] (3.25ns)   --->   "%A_11_load = load i5 %A_11_addr" [matrix_mult.cpp:45]   --->   Operation 163 'load' 'A_11_load' <Predicate = true> <Delay = 3.25> <CoreInst = "RAM">   --->   Core 81 'RAM' <Latency = 1> <II = 1> <Delay = 3.25> <Storage> <Opcode : 'load' 'store'> <Ports = 2> <Width = 32> <Depth = 32> <RAM>
ST_4 : Operation 164 [1/2] ( I:3.25ns O:3.25ns )   --->   "%A_12_load = load i5 %A_12_addr" [matrix_mult.cpp:45]   --->   Operation 164 'load' 'A_12_load' <Predicate = true> <Delay = 3.25> <CoreInst = "RAM">   --->   Core 81 'RAM' <Latency = 1> <II = 1> <Delay = 3.25> <Storage> <Opcode : 'load' 'store'> <Ports = 2> <Width = 32> <Depth = 32> <RAM>
ST_4 : Operation 165 [1/2] ( I:3.25ns O:3.25ns )   --->   "%A_13_load = load i5 %A_13_addr" [matrix_mult.cpp:45]   --->   Operation 165 'load' 'A_13_load' <Predicate = true> <Delay = 3.25> <CoreInst = "RAM">   --->   Core 81 'RAM' <Latency = 1> <II = 1> <Delay = 3.25> <Storage> <Opcode : 'load' 'store'> <Ports = 2> <Width = 32> <Depth = 32> <RAM>
ST_4 : Operation 166 [1/2] ( I:3.25ns O:3.25ns )   --->   "%A_14_load = load i5 %A_14_addr" [matrix_mult.cpp:45]   --->   Operation 166 'load' 'A_14_load' <Predicate = true> <Delay = 3.25> <CoreInst = "RAM">   --->   Core 81 'RAM' <Latency = 1> <II = 1> <Delay = 3.25> <Storage> <Opcode : 'load' 'store'> <Ports = 2> <Width = 32> <Depth = 32> <RAM>
ST_4 : Operation 167 [1/2] ( I:3.25ns O:3.25ns )   --->   "%A_15_load = load i5 %A_15_addr" [matrix_mult.cpp:45]   --->   Operation 167 'load' 'A_15_load' <Predicate = true> <Delay = 3.25> <CoreInst = "RAM">   --->   Core 81 'RAM' <Latency = 1> <II = 1> <Delay = 3.25> <Storage> <Opcode : 'load' 'store'> <Ports = 2> <Width = 32> <Depth = 32> <RAM>
ST_4 : Operation 168 [1/2] ( I:3.25ns O:3.25ns )   --->   "%A_16_load = load i5 %A_16_addr" [matrix_mult.cpp:45]   --->   Operation 168 'load' 'A_16_load' <Predicate = true> <Delay = 3.25> <CoreInst = "RAM">   --->   Core 81 'RAM' <Latency = 1> <II = 1> <Delay = 3.25> <Storage> <Opcode : 'load' 'store'> <Ports = 2> <Width = 32> <Depth = 32> <RAM>
ST_4 : Operation 169 [1/2] ( I:3.25ns O:3.25ns )   --->   "%A_17_load = load i5 %A_17_addr" [matrix_mult.cpp:45]   --->   Operation 169 'load' 'A_17_load' <Predicate = true> <Delay = 3.25> <CoreInst = "RAM">   --->   Core 81 'RAM' <Latency = 1> <II = 1> <Delay = 3.25> <Storage> <Opcode : 'load' 'store'> <Ports = 2> <Width = 32> <Depth = 32> <RAM>
ST_4 : Operation 170 [1/2] ( I:3.25ns O:3.25ns )   --->   "%A_18_load = load i5 %A_18_addr" [matrix_mult.cpp:45]   --->   Operation 170 'load' 'A_18_load' <Predicate = true> <Delay = 3.25> <CoreInst = "RAM">   --->   Core 81 'RAM' <Latency = 1> <II = 1> <Delay = 3.25> <Storage> <Opcode : 'load' 'store'> <Ports = 2> <Width = 32> <Depth = 32> <RAM>
ST_4 : Operation 171 [1/2] ( I:3.25ns O:3.25ns )   --->   "%A_19_load = load i5 %A_19_addr" [matrix_mult.cpp:45]   --->   Operation 171 'load' 'A_19_load' <Predicate = true> <Delay = 3.25> <CoreInst = "RAM">   --->   Core 81 'RAM' <Latency = 1> <II = 1> <Delay = 3.25> <Storage> <Opcode : 'load' 'store'> <Ports = 2> <Width = 32> <Depth = 32> <RAM>
ST_4 : Operation 172 [1/2] ( I:3.25ns O:3.25ns )   --->   "%A_20_load = load i5 %A_20_addr" [matrix_mult.cpp:45]   --->   Operation 172 'load' 'A_20_load' <Predicate = true> <Delay = 3.25> <CoreInst = "RAM">   --->   Core 81 'RAM' <Latency = 1> <II = 1> <Delay = 3.25> <Storage> <Opcode : 'load' 'store'> <Ports = 2> <Width = 32> <Depth = 32> <RAM>
ST_4 : Operation 173 [1/2] ( I:3.25ns O:3.25ns )   --->   "%A_21_load = load i5 %A_21_addr" [matrix_mult.cpp:45]   --->   Operation 173 'load' 'A_21_load' <Predicate = true> <Delay = 3.25> <CoreInst = "RAM">   --->   Core 81 'RAM' <Latency = 1> <II = 1> <Delay = 3.25> <Storage> <Opcode : 'load' 'store'> <Ports = 2> <Width = 32> <Depth = 32> <RAM>
ST_4 : Operation 174 [1/2] ( I:3.25ns O:3.25ns )   --->   "%A_22_load = load i5 %A_22_addr" [matrix_mult.cpp:45]   --->   Operation 174 'load' 'A_22_load' <Predicate = true> <Delay = 3.25> <CoreInst = "RAM">   --->   Core 81 'RAM' <Latency = 1> <II = 1> <Delay = 3.25> <Storage> <Opcode : 'load' 'store'> <Ports = 2> <Width = 32> <Depth = 32> <RAM>
ST_4 : Operation 175 [1/2] ( I:3.25ns O:3.25ns )   --->   "%A_23_load = load i5 %A_23_addr" [matrix_mult.cpp:45]   --->   Operation 175 'load' 'A_23_load' <Predicate = true> <Delay = 3.25> <CoreInst = "RAM">   --->   Core 81 'RAM' <Latency = 1> <II = 1> <Delay = 3.25> <Storage> <Opcode : 'load' 'store'> <Ports = 2> <Width = 32> <Depth = 32> <RAM>
ST_4 : Operation 176 [1/2] ( I:3.25ns O:3.25ns )   --->   "%A_24_load = load i5 %A_24_addr" [matrix_mult.cpp:45]   --->   Operation 176 'load' 'A_24_load' <Predicate = true> <Delay = 3.25> <CoreInst = "RAM">   --->   Core 81 'RAM' <Latency = 1> <II = 1> <Delay = 3.25> <Storage> <Opcode : 'load' 'store'> <Ports = 2> <Width = 32> <Depth = 32> <RAM>
ST_4 : Operation 177 [1/2] ( I:3.25ns O:3.25ns )   --->   "%A_25_load = load i5 %A_25_addr" [matrix_mult.cpp:45]   --->   Operation 177 'load' 'A_25_load' <Predicate = true> <Delay = 3.25> <CoreInst = "RAM">   --->   Core 81 'RAM' <Latency = 1> <II = 1> <Delay = 3.25> <Storage> <Opcode : 'load' 'store'> <Ports = 2> <Width = 32> <Depth = 32> <RAM>
ST_4 : Operation 178 [1/2] ( I:3.25ns O:3.25ns )   --->   "%A_26_load = load i5 %A_26_addr" [matrix_mult.cpp:45]   --->   Operation 178 'load' 'A_26_load' <Predicate = true> <Delay = 3.25> <CoreInst = "RAM">   --->   Core 81 'RAM' <Latency = 1> <II = 1> <Delay = 3.25> <Storage> <Opcode : 'load' 'store'> <Ports = 2> <Width = 32> <Depth = 32> <RAM>
ST_4 : Operation 179 [1/2] ( I:3.25ns O:3.25ns )   --->   "%A_27_load = load i5 %A_27_addr" [matrix_mult.cpp:45]   --->   Operation 179 'load' 'A_27_load' <Predicate = true> <Delay = 3.25> <CoreInst = "RAM">   --->   Core 81 'RAM' <Latency = 1> <II = 1> <Delay = 3.25> <Storage> <Opcode : 'load' 'store'> <Ports = 2> <Width = 32> <Depth = 32> <RAM>
ST_4 : Operation 180 [1/1] (0.00ns)   --->   "%B_addr = getelementptr i32 %B, i64 0, i64 %zext_ln40" [matrix_mult.cpp:45]   --->   Operation 180 'getelementptr' 'B_addr' <Predicate = true> <Delay = 0.00>
ST_4 : Operation 181 [2/2] (3.25ns)   --->   "%B_load = load i5 %B_addr" [matrix_mult.cpp:45]   --->   Operation 181 'load' 'B_load' <Predicate = true> <Delay = 3.25> <CoreInst = "RAM">   --->   Core 81 'RAM' <Latency = 1> <II = 1> <Delay = 3.25> <Storage> <Opcode : 'load' 'store'> <Ports = 2> <Width = 32> <Depth = 32> <RAM>
ST_4 : Operation 182 [1/1] (0.00ns)   --->   "%B_1_addr = getelementptr i32 %B_1, i64 0, i64 %zext_ln40" [matrix_mult.cpp:45]   --->   Operation 182 'getelementptr' 'B_1_addr' <Predicate = true> <Delay = 0.00>
ST_4 : Operation 183 [2/2] (3.25ns)   --->   "%B_1_load = load i5 %B_1_addr" [matrix_mult.cpp:45]   --->   Operation 183 'load' 'B_1_load' <Predicate = true> <Delay = 3.25> <CoreInst = "RAM">   --->   Core 81 'RAM' <Latency = 1> <II = 1> <Delay = 3.25> <Storage> <Opcode : 'load' 'store'> <Ports = 2> <Width = 32> <Depth = 32> <RAM>
ST_4 : Operation 184 [1/1] (0.00ns)   --->   "%B_2_addr = getelementptr i32 %B_2, i64 0, i64 %zext_ln40" [matrix_mult.cpp:45]   --->   Operation 184 'getelementptr' 'B_2_addr' <Predicate = true> <Delay = 0.00>
ST_4 : Operation 185 [2/2] (3.25ns)   --->   "%B_2_load = load i5 %B_2_addr" [matrix_mult.cpp:45]   --->   Operation 185 'load' 'B_2_load' <Predicate = true> <Delay = 3.25> <CoreInst = "RAM">   --->   Core 81 'RAM' <Latency = 1> <II = 1> <Delay = 3.25> <Storage> <Opcode : 'load' 'store'> <Ports = 2> <Width = 32> <Depth = 32> <RAM>
ST_4 : Operation 186 [1/1] (0.00ns)   --->   "%B_3_addr = getelementptr i32 %B_3, i64 0, i64 %zext_ln40" [matrix_mult.cpp:45]   --->   Operation 186 'getelementptr' 'B_3_addr' <Predicate = true> <Delay = 0.00>
ST_4 : Operation 187 [2/2] (3.25ns)   --->   "%B_3_load = load i5 %B_3_addr" [matrix_mult.cpp:45]   --->   Operation 187 'load' 'B_3_load' <Predicate = true> <Delay = 3.25> <CoreInst = "RAM">   --->   Core 81 'RAM' <Latency = 1> <II = 1> <Delay = 3.25> <Storage> <Opcode : 'load' 'store'> <Ports = 2> <Width = 32> <Depth = 32> <RAM>
ST_4 : Operation 188 [1/2] ( I:3.25ns O:3.25ns )   --->   "%B_4_load = load i5 %B_4_addr" [matrix_mult.cpp:45]   --->   Operation 188 'load' 'B_4_load' <Predicate = true> <Delay = 3.25> <CoreInst = "RAM">   --->   Core 81 'RAM' <Latency = 1> <II = 1> <Delay = 3.25> <Storage> <Opcode : 'load' 'store'> <Ports = 2> <Width = 32> <Depth = 32> <RAM>
ST_4 : Operation 189 [1/2] ( I:3.25ns O:3.25ns )   --->   "%B_5_load = load i5 %B_5_addr" [matrix_mult.cpp:45]   --->   Operation 189 'load' 'B_5_load' <Predicate = true> <Delay = 3.25> <CoreInst = "RAM">   --->   Core 81 'RAM' <Latency = 1> <II = 1> <Delay = 3.25> <Storage> <Opcode : 'load' 'store'> <Ports = 2> <Width = 32> <Depth = 32> <RAM>
ST_4 : Operation 190 [1/2] ( I:3.25ns O:3.25ns )   --->   "%B_6_load = load i5 %B_6_addr" [matrix_mult.cpp:45]   --->   Operation 190 'load' 'B_6_load' <Predicate = true> <Delay = 3.25> <CoreInst = "RAM">   --->   Core 81 'RAM' <Latency = 1> <II = 1> <Delay = 3.25> <Storage> <Opcode : 'load' 'store'> <Ports = 2> <Width = 32> <Depth = 32> <RAM>
ST_4 : Operation 191 [1/2] ( I:3.25ns O:3.25ns )   --->   "%B_7_load = load i5 %B_7_addr" [matrix_mult.cpp:45]   --->   Operation 191 'load' 'B_7_load' <Predicate = true> <Delay = 3.25> <CoreInst = "RAM">   --->   Core 81 'RAM' <Latency = 1> <II = 1> <Delay = 3.25> <Storage> <Opcode : 'load' 'store'> <Ports = 2> <Width = 32> <Depth = 32> <RAM>
ST_4 : Operation 192 [1/1] (0.00ns)   --->   "%B_8_addr = getelementptr i32 %B_8, i64 0, i64 %zext_ln40" [matrix_mult.cpp:45]   --->   Operation 192 'getelementptr' 'B_8_addr' <Predicate = true> <Delay = 0.00>
ST_4 : Operation 193 [2/2] (3.25ns)   --->   "%B_8_load = load i5 %B_8_addr" [matrix_mult.cpp:45]   --->   Operation 193 'load' 'B_8_load' <Predicate = true> <Delay = 3.25> <CoreInst = "RAM">   --->   Core 81 'RAM' <Latency = 1> <II = 1> <Delay = 3.25> <Storage> <Opcode : 'load' 'store'> <Ports = 2> <Width = 32> <Depth = 32> <RAM>
ST_4 : Operation 194 [1/1] (0.00ns)   --->   "%B_9_addr = getelementptr i32 %B_9, i64 0, i64 %zext_ln40" [matrix_mult.cpp:45]   --->   Operation 194 'getelementptr' 'B_9_addr' <Predicate = true> <Delay = 0.00>
ST_4 : Operation 195 [2/2] (3.25ns)   --->   "%B_9_load = load i5 %B_9_addr" [matrix_mult.cpp:45]   --->   Operation 195 'load' 'B_9_load' <Predicate = true> <Delay = 3.25> <CoreInst = "RAM">   --->   Core 81 'RAM' <Latency = 1> <II = 1> <Delay = 3.25> <Storage> <Opcode : 'load' 'store'> <Ports = 2> <Width = 32> <Depth = 32> <RAM>
ST_4 : Operation 196 [1/1] (0.00ns)   --->   "%B_10_addr = getelementptr i32 %B_10, i64 0, i64 %zext_ln40" [matrix_mult.cpp:45]   --->   Operation 196 'getelementptr' 'B_10_addr' <Predicate = true> <Delay = 0.00>
ST_4 : Operation 197 [2/2] (3.25ns)   --->   "%B_10_load = load i5 %B_10_addr" [matrix_mult.cpp:45]   --->   Operation 197 'load' 'B_10_load' <Predicate = true> <Delay = 3.25> <CoreInst = "RAM">   --->   Core 81 'RAM' <Latency = 1> <II = 1> <Delay = 3.25> <Storage> <Opcode : 'load' 'store'> <Ports = 2> <Width = 32> <Depth = 32> <RAM>
ST_4 : Operation 198 [1/1] (0.00ns)   --->   "%B_11_addr = getelementptr i32 %B_11, i64 0, i64 %zext_ln40" [matrix_mult.cpp:45]   --->   Operation 198 'getelementptr' 'B_11_addr' <Predicate = true> <Delay = 0.00>
ST_4 : Operation 199 [2/2] (3.25ns)   --->   "%B_11_load = load i5 %B_11_addr" [matrix_mult.cpp:45]   --->   Operation 199 'load' 'B_11_load' <Predicate = true> <Delay = 3.25> <CoreInst = "RAM">   --->   Core 81 'RAM' <Latency = 1> <II = 1> <Delay = 3.25> <Storage> <Opcode : 'load' 'store'> <Ports = 2> <Width = 32> <Depth = 32> <RAM>
ST_4 : Operation 200 [1/2] ( I:3.25ns O:3.25ns )   --->   "%B_12_load = load i5 %B_12_addr" [matrix_mult.cpp:45]   --->   Operation 200 'load' 'B_12_load' <Predicate = true> <Delay = 3.25> <CoreInst = "RAM">   --->   Core 81 'RAM' <Latency = 1> <II = 1> <Delay = 3.25> <Storage> <Opcode : 'load' 'store'> <Ports = 2> <Width = 32> <Depth = 32> <RAM>
ST_4 : Operation 201 [1/2] ( I:3.25ns O:3.25ns )   --->   "%B_13_load = load i5 %B_13_addr" [matrix_mult.cpp:45]   --->   Operation 201 'load' 'B_13_load' <Predicate = true> <Delay = 3.25> <CoreInst = "RAM">   --->   Core 81 'RAM' <Latency = 1> <II = 1> <Delay = 3.25> <Storage> <Opcode : 'load' 'store'> <Ports = 2> <Width = 32> <Depth = 32> <RAM>
ST_4 : Operation 202 [1/2] ( I:3.25ns O:3.25ns )   --->   "%B_14_load = load i5 %B_14_addr" [matrix_mult.cpp:45]   --->   Operation 202 'load' 'B_14_load' <Predicate = true> <Delay = 3.25> <CoreInst = "RAM">   --->   Core 81 'RAM' <Latency = 1> <II = 1> <Delay = 3.25> <Storage> <Opcode : 'load' 'store'> <Ports = 2> <Width = 32> <Depth = 32> <RAM>
ST_4 : Operation 203 [1/2] ( I:3.25ns O:3.25ns )   --->   "%B_15_load = load i5 %B_15_addr" [matrix_mult.cpp:45]   --->   Operation 203 'load' 'B_15_load' <Predicate = true> <Delay = 3.25> <CoreInst = "RAM">   --->   Core 81 'RAM' <Latency = 1> <II = 1> <Delay = 3.25> <Storage> <Opcode : 'load' 'store'> <Ports = 2> <Width = 32> <Depth = 32> <RAM>
ST_4 : Operation 204 [1/2] ( I:3.25ns O:3.25ns )   --->   "%B_16_load = load i5 %B_16_addr" [matrix_mult.cpp:45]   --->   Operation 204 'load' 'B_16_load' <Predicate = true> <Delay = 3.25> <CoreInst = "RAM">   --->   Core 81 'RAM' <Latency = 1> <II = 1> <Delay = 3.25> <Storage> <Opcode : 'load' 'store'> <Ports = 2> <Width = 32> <Depth = 32> <RAM>
ST_4 : Operation 205 [1/2] ( I:3.25ns O:3.25ns )   --->   "%B_17_load = load i5 %B_17_addr" [matrix_mult.cpp:45]   --->   Operation 205 'load' 'B_17_load' <Predicate = true> <Delay = 3.25> <CoreInst = "RAM">   --->   Core 81 'RAM' <Latency = 1> <II = 1> <Delay = 3.25> <Storage> <Opcode : 'load' 'store'> <Ports = 2> <Width = 32> <Depth = 32> <RAM>
ST_4 : Operation 206 [1/2] ( I:3.25ns O:3.25ns )   --->   "%B_18_load = load i5 %B_18_addr" [matrix_mult.cpp:45]   --->   Operation 206 'load' 'B_18_load' <Predicate = true> <Delay = 3.25> <CoreInst = "RAM">   --->   Core 81 'RAM' <Latency = 1> <II = 1> <Delay = 3.25> <Storage> <Opcode : 'load' 'store'> <Ports = 2> <Width = 32> <Depth = 32> <RAM>
ST_4 : Operation 207 [1/2] ( I:3.25ns O:3.25ns )   --->   "%B_19_load = load i5 %B_19_addr" [matrix_mult.cpp:45]   --->   Operation 207 'load' 'B_19_load' <Predicate = true> <Delay = 3.25> <CoreInst = "RAM">   --->   Core 81 'RAM' <Latency = 1> <II = 1> <Delay = 3.25> <Storage> <Opcode : 'load' 'store'> <Ports = 2> <Width = 32> <Depth = 32> <RAM>
ST_4 : Operation 208 [1/2] ( I:3.25ns O:3.25ns )   --->   "%B_20_load = load i5 %B_20_addr" [matrix_mult.cpp:45]   --->   Operation 208 'load' 'B_20_load' <Predicate = true> <Delay = 3.25> <CoreInst = "RAM">   --->   Core 81 'RAM' <Latency = 1> <II = 1> <Delay = 3.25> <Storage> <Opcode : 'load' 'store'> <Ports = 2> <Width = 32> <Depth = 32> <RAM>
ST_4 : Operation 209 [1/2] ( I:3.25ns O:3.25ns )   --->   "%B_21_load = load i5 %B_21_addr" [matrix_mult.cpp:45]   --->   Operation 209 'load' 'B_21_load' <Predicate = true> <Delay = 3.25> <CoreInst = "RAM">   --->   Core 81 'RAM' <Latency = 1> <II = 1> <Delay = 3.25> <Storage> <Opcode : 'load' 'store'> <Ports = 2> <Width = 32> <Depth = 32> <RAM>
ST_4 : Operation 210 [1/2] ( I:3.25ns O:3.25ns )   --->   "%B_22_load = load i5 %B_22_addr" [matrix_mult.cpp:45]   --->   Operation 210 'load' 'B_22_load' <Predicate = true> <Delay = 3.25> <CoreInst = "RAM">   --->   Core 81 'RAM' <Latency = 1> <II = 1> <Delay = 3.25> <Storage> <Opcode : 'load' 'store'> <Ports = 2> <Width = 32> <Depth = 32> <RAM>
ST_4 : Operation 211 [1/2] ( I:3.25ns O:3.25ns )   --->   "%B_23_load = load i5 %B_23_addr" [matrix_mult.cpp:45]   --->   Operation 211 'load' 'B_23_load' <Predicate = true> <Delay = 3.25> <CoreInst = "RAM">   --->   Core 81 'RAM' <Latency = 1> <II = 1> <Delay = 3.25> <Storage> <Opcode : 'load' 'store'> <Ports = 2> <Width = 32> <Depth = 32> <RAM>
ST_4 : Operation 212 [1/2] ( I:3.25ns O:3.25ns )   --->   "%B_24_load = load i5 %B_24_addr" [matrix_mult.cpp:45]   --->   Operation 212 'load' 'B_24_load' <Predicate = true> <Delay = 3.25> <CoreInst = "RAM">   --->   Core 81 'RAM' <Latency = 1> <II = 1> <Delay = 3.25> <Storage> <Opcode : 'load' 'store'> <Ports = 2> <Width = 32> <Depth = 32> <RAM>
ST_4 : Operation 213 [1/2] ( I:3.25ns O:3.25ns )   --->   "%B_25_load = load i5 %B_25_addr" [matrix_mult.cpp:45]   --->   Operation 213 'load' 'B_25_load' <Predicate = true> <Delay = 3.25> <CoreInst = "RAM">   --->   Core 81 'RAM' <Latency = 1> <II = 1> <Delay = 3.25> <Storage> <Opcode : 'load' 'store'> <Ports = 2> <Width = 32> <Depth = 32> <RAM>
ST_4 : Operation 214 [1/2] ( I:3.25ns O:3.25ns )   --->   "%B_26_load = load i5 %B_26_addr" [matrix_mult.cpp:45]   --->   Operation 214 'load' 'B_26_load' <Predicate = true> <Delay = 3.25> <CoreInst = "RAM">   --->   Core 81 'RAM' <Latency = 1> <II = 1> <Delay = 3.25> <Storage> <Opcode : 'load' 'store'> <Ports = 2> <Width = 32> <Depth = 32> <RAM>
ST_4 : Operation 215 [1/2] ( I:3.25ns O:3.25ns )   --->   "%B_27_load = load i5 %B_27_addr" [matrix_mult.cpp:45]   --->   Operation 215 'load' 'B_27_load' <Predicate = true> <Delay = 3.25> <CoreInst = "RAM">   --->   Core 81 'RAM' <Latency = 1> <II = 1> <Delay = 3.25> <Storage> <Opcode : 'load' 'store'> <Ports = 2> <Width = 32> <Depth = 32> <RAM>
ST_4 : Operation 216 [2/2] (6.91ns)   --->   "%mul_ln45 = mul i32 %B_31_load, i32 %A_31_load" [matrix_mult.cpp:45]   --->   Operation 216 'mul' 'mul_ln45' <Predicate = true> <Delay = 6.91> <CoreInst = "Multiplier">   --->   Core 3 'Multiplier' <Latency = 1> <II = 1> <Delay = 6.91> <FuncUnit> <Opcode : 'mul'> <InPorts = 2> <OutPorts = 1>
ST_4 : Operation 217 [2/2] (6.91ns)   --->   "%mul_ln45_1 = mul i32 %B_30_load, i32 %A_30_load" [matrix_mult.cpp:45]   --->   Operation 217 'mul' 'mul_ln45_1' <Predicate = true> <Delay = 6.91> <CoreInst = "Multiplier">   --->   Core 3 'Multiplier' <Latency = 1> <II = 1> <Delay = 6.91> <FuncUnit> <Opcode : 'mul'> <InPorts = 2> <OutPorts = 1>
ST_4 : Operation 218 [2/2] (6.91ns)   --->   "%mul_ln45_2 = mul i32 %B_29_load, i32 %A_29_load" [matrix_mult.cpp:45]   --->   Operation 218 'mul' 'mul_ln45_2' <Predicate = true> <Delay = 6.91> <CoreInst = "Multiplier">   --->   Core 3 'Multiplier' <Latency = 1> <II = 1> <Delay = 6.91> <FuncUnit> <Opcode : 'mul'> <InPorts = 2> <OutPorts = 1>
ST_4 : Operation 219 [2/2] (6.91ns)   --->   "%mul_ln45_3 = mul i32 %B_28_load, i32 %A_28_load" [matrix_mult.cpp:45]   --->   Operation 219 'mul' 'mul_ln45_3' <Predicate = true> <Delay = 6.91> <CoreInst = "Multiplier">   --->   Core 3 'Multiplier' <Latency = 1> <II = 1> <Delay = 6.91> <FuncUnit> <Opcode : 'mul'> <InPorts = 2> <OutPorts = 1>

State 5 <SV = 4> <Delay = 6.91>
ST_5 : Operation 220 [1/2] ( I:3.25ns O:3.25ns )   --->   "%A_load = load i5 %A_addr" [matrix_mult.cpp:45]   --->   Operation 220 'load' 'A_load' <Predicate = true> <Delay = 3.25> <CoreInst = "RAM">   --->   Core 81 'RAM' <Latency = 1> <II = 1> <Delay = 3.25> <Storage> <Opcode : 'load' 'store'> <Ports = 2> <Width = 32> <Depth = 32> <RAM>
ST_5 : Operation 221 [1/2] ( I:3.25ns O:3.25ns )   --->   "%A_1_load = load i5 %A_1_addr" [matrix_mult.cpp:45]   --->   Operation 221 'load' 'A_1_load' <Predicate = true> <Delay = 3.25> <CoreInst = "RAM">   --->   Core 81 'RAM' <Latency = 1> <II = 1> <Delay = 3.25> <Storage> <Opcode : 'load' 'store'> <Ports = 2> <Width = 32> <Depth = 32> <RAM>
ST_5 : Operation 222 [1/2] ( I:3.25ns O:3.25ns )   --->   "%A_2_load = load i5 %A_2_addr" [matrix_mult.cpp:45]   --->   Operation 222 'load' 'A_2_load' <Predicate = true> <Delay = 3.25> <CoreInst = "RAM">   --->   Core 81 'RAM' <Latency = 1> <II = 1> <Delay = 3.25> <Storage> <Opcode : 'load' 'store'> <Ports = 2> <Width = 32> <Depth = 32> <RAM>
ST_5 : Operation 223 [1/2] ( I:3.25ns O:3.25ns )   --->   "%A_3_load = load i5 %A_3_addr" [matrix_mult.cpp:45]   --->   Operation 223 'load' 'A_3_load' <Predicate = true> <Delay = 3.25> <CoreInst = "RAM">   --->   Core 81 'RAM' <Latency = 1> <II = 1> <Delay = 3.25> <Storage> <Opcode : 'load' 'store'> <Ports = 2> <Width = 32> <Depth = 32> <RAM>
ST_5 : Operation 224 [1/2] ( I:3.25ns O:3.25ns )   --->   "%A_8_load = load i5 %A_8_addr" [matrix_mult.cpp:45]   --->   Operation 224 'load' 'A_8_load' <Predicate = true> <Delay = 3.25> <CoreInst = "RAM">   --->   Core 81 'RAM' <Latency = 1> <II = 1> <Delay = 3.25> <Storage> <Opcode : 'load' 'store'> <Ports = 2> <Width = 32> <Depth = 32> <RAM>
ST_5 : Operation 225 [1/2] ( I:3.25ns O:3.25ns )   --->   "%A_9_load = load i5 %A_9_addr" [matrix_mult.cpp:45]   --->   Operation 225 'load' 'A_9_load' <Predicate = true> <Delay = 3.25> <CoreInst = "RAM">   --->   Core 81 'RAM' <Latency = 1> <II = 1> <Delay = 3.25> <Storage> <Opcode : 'load' 'store'> <Ports = 2> <Width = 32> <Depth = 32> <RAM>
ST_5 : Operation 226 [1/2] ( I:3.25ns O:3.25ns )   --->   "%A_10_load = load i5 %A_10_addr" [matrix_mult.cpp:45]   --->   Operation 226 'load' 'A_10_load' <Predicate = true> <Delay = 3.25> <CoreInst = "RAM">   --->   Core 81 'RAM' <Latency = 1> <II = 1> <Delay = 3.25> <Storage> <Opcode : 'load' 'store'> <Ports = 2> <Width = 32> <Depth = 32> <RAM>
ST_5 : Operation 227 [1/2] ( I:3.25ns O:3.25ns )   --->   "%A_11_load = load i5 %A_11_addr" [matrix_mult.cpp:45]   --->   Operation 227 'load' 'A_11_load' <Predicate = true> <Delay = 3.25> <CoreInst = "RAM">   --->   Core 81 'RAM' <Latency = 1> <II = 1> <Delay = 3.25> <Storage> <Opcode : 'load' 'store'> <Ports = 2> <Width = 32> <Depth = 32> <RAM>
ST_5 : Operation 228 [1/2] ( I:3.25ns O:3.25ns )   --->   "%B_load = load i5 %B_addr" [matrix_mult.cpp:45]   --->   Operation 228 'load' 'B_load' <Predicate = true> <Delay = 3.25> <CoreInst = "RAM">   --->   Core 81 'RAM' <Latency = 1> <II = 1> <Delay = 3.25> <Storage> <Opcode : 'load' 'store'> <Ports = 2> <Width = 32> <Depth = 32> <RAM>
ST_5 : Operation 229 [1/2] ( I:3.25ns O:3.25ns )   --->   "%B_1_load = load i5 %B_1_addr" [matrix_mult.cpp:45]   --->   Operation 229 'load' 'B_1_load' <Predicate = true> <Delay = 3.25> <CoreInst = "RAM">   --->   Core 81 'RAM' <Latency = 1> <II = 1> <Delay = 3.25> <Storage> <Opcode : 'load' 'store'> <Ports = 2> <Width = 32> <Depth = 32> <RAM>
ST_5 : Operation 230 [1/2] ( I:3.25ns O:3.25ns )   --->   "%B_2_load = load i5 %B_2_addr" [matrix_mult.cpp:45]   --->   Operation 230 'load' 'B_2_load' <Predicate = true> <Delay = 3.25> <CoreInst = "RAM">   --->   Core 81 'RAM' <Latency = 1> <II = 1> <Delay = 3.25> <Storage> <Opcode : 'load' 'store'> <Ports = 2> <Width = 32> <Depth = 32> <RAM>
ST_5 : Operation 231 [1/2] ( I:3.25ns O:3.25ns )   --->   "%B_3_load = load i5 %B_3_addr" [matrix_mult.cpp:45]   --->   Operation 231 'load' 'B_3_load' <Predicate = true> <Delay = 3.25> <CoreInst = "RAM">   --->   Core 81 'RAM' <Latency = 1> <II = 1> <Delay = 3.25> <Storage> <Opcode : 'load' 'store'> <Ports = 2> <Width = 32> <Depth = 32> <RAM>
ST_5 : Operation 232 [1/2] ( I:3.25ns O:3.25ns )   --->   "%B_8_load = load i5 %B_8_addr" [matrix_mult.cpp:45]   --->   Operation 232 'load' 'B_8_load' <Predicate = true> <Delay = 3.25> <CoreInst = "RAM">   --->   Core 81 'RAM' <Latency = 1> <II = 1> <Delay = 3.25> <Storage> <Opcode : 'load' 'store'> <Ports = 2> <Width = 32> <Depth = 32> <RAM>
ST_5 : Operation 233 [1/2] ( I:3.25ns O:3.25ns )   --->   "%B_9_load = load i5 %B_9_addr" [matrix_mult.cpp:45]   --->   Operation 233 'load' 'B_9_load' <Predicate = true> <Delay = 3.25> <CoreInst = "RAM">   --->   Core 81 'RAM' <Latency = 1> <II = 1> <Delay = 3.25> <Storage> <Opcode : 'load' 'store'> <Ports = 2> <Width = 32> <Depth = 32> <RAM>
ST_5 : Operation 234 [1/2] ( I:3.25ns O:3.25ns )   --->   "%B_10_load = load i5 %B_10_addr" [matrix_mult.cpp:45]   --->   Operation 234 'load' 'B_10_load' <Predicate = true> <Delay = 3.25> <CoreInst = "RAM">   --->   Core 81 'RAM' <Latency = 1> <II = 1> <Delay = 3.25> <Storage> <Opcode : 'load' 'store'> <Ports = 2> <Width = 32> <Depth = 32> <RAM>
ST_5 : Operation 235 [1/2] ( I:3.25ns O:3.25ns )   --->   "%B_11_load = load i5 %B_11_addr" [matrix_mult.cpp:45]   --->   Operation 235 'load' 'B_11_load' <Predicate = true> <Delay = 3.25> <CoreInst = "RAM">   --->   Core 81 'RAM' <Latency = 1> <II = 1> <Delay = 3.25> <Storage> <Opcode : 'load' 'store'> <Ports = 2> <Width = 32> <Depth = 32> <RAM>
ST_5 : Operation 236 [1/2] (6.91ns)   --->   "%mul_ln45 = mul i32 %B_31_load, i32 %A_31_load" [matrix_mult.cpp:45]   --->   Operation 236 'mul' 'mul_ln45' <Predicate = true> <Delay = 6.91> <CoreInst = "Multiplier">   --->   Core 3 'Multiplier' <Latency = 1> <II = 1> <Delay = 6.91> <FuncUnit> <Opcode : 'mul'> <InPorts = 2> <OutPorts = 1>
ST_5 : Operation 237 [1/2] (6.91ns)   --->   "%mul_ln45_1 = mul i32 %B_30_load, i32 %A_30_load" [matrix_mult.cpp:45]   --->   Operation 237 'mul' 'mul_ln45_1' <Predicate = true> <Delay = 6.91> <CoreInst = "Multiplier">   --->   Core 3 'Multiplier' <Latency = 1> <II = 1> <Delay = 6.91> <FuncUnit> <Opcode : 'mul'> <InPorts = 2> <OutPorts = 1>
ST_5 : Operation 238 [1/2] (6.91ns)   --->   "%mul_ln45_2 = mul i32 %B_29_load, i32 %A_29_load" [matrix_mult.cpp:45]   --->   Operation 238 'mul' 'mul_ln45_2' <Predicate = true> <Delay = 6.91> <CoreInst = "Multiplier">   --->   Core 3 'Multiplier' <Latency = 1> <II = 1> <Delay = 6.91> <FuncUnit> <Opcode : 'mul'> <InPorts = 2> <OutPorts = 1>
ST_5 : Operation 239 [1/2] (6.91ns)   --->   "%mul_ln45_3 = mul i32 %B_28_load, i32 %A_28_load" [matrix_mult.cpp:45]   --->   Operation 239 'mul' 'mul_ln45_3' <Predicate = true> <Delay = 6.91> <CoreInst = "Multiplier">   --->   Core 3 'Multiplier' <Latency = 1> <II = 1> <Delay = 6.91> <FuncUnit> <Opcode : 'mul'> <InPorts = 2> <OutPorts = 1>
ST_5 : Operation 240 [2/2] (6.91ns)   --->   "%mul_ln45_4 = mul i32 %B_27_load, i32 %A_27_load" [matrix_mult.cpp:45]   --->   Operation 240 'mul' 'mul_ln45_4' <Predicate = true> <Delay = 6.91> <CoreInst = "Multiplier">   --->   Core 3 'Multiplier' <Latency = 1> <II = 1> <Delay = 6.91> <FuncUnit> <Opcode : 'mul'> <InPorts = 2> <OutPorts = 1>
ST_5 : Operation 241 [2/2] (6.91ns)   --->   "%mul_ln45_5 = mul i32 %B_26_load, i32 %A_26_load" [matrix_mult.cpp:45]   --->   Operation 241 'mul' 'mul_ln45_5' <Predicate = true> <Delay = 6.91> <CoreInst = "Multiplier">   --->   Core 3 'Multiplier' <Latency = 1> <II = 1> <Delay = 6.91> <FuncUnit> <Opcode : 'mul'> <InPorts = 2> <OutPorts = 1>
ST_5 : Operation 242 [2/2] (6.91ns)   --->   "%mul_ln45_6 = mul i32 %B_25_load, i32 %A_25_load" [matrix_mult.cpp:45]   --->   Operation 242 'mul' 'mul_ln45_6' <Predicate = true> <Delay = 6.91> <CoreInst = "Multiplier">   --->   Core 3 'Multiplier' <Latency = 1> <II = 1> <Delay = 6.91> <FuncUnit> <Opcode : 'mul'> <InPorts = 2> <OutPorts = 1>
ST_5 : Operation 243 [2/2] (6.91ns)   --->   "%mul_ln45_7 = mul i32 %B_24_load, i32 %A_24_load" [matrix_mult.cpp:45]   --->   Operation 243 'mul' 'mul_ln45_7' <Predicate = true> <Delay = 6.91> <CoreInst = "Multiplier">   --->   Core 3 'Multiplier' <Latency = 1> <II = 1> <Delay = 6.91> <FuncUnit> <Opcode : 'mul'> <InPorts = 2> <OutPorts = 1>
ST_5 : Operation 244 [2/2] (6.91ns)   --->   "%mul_ln45_8 = mul i32 %B_23_load, i32 %A_23_load" [matrix_mult.cpp:45]   --->   Operation 244 'mul' 'mul_ln45_8' <Predicate = true> <Delay = 6.91> <CoreInst = "Multiplier">   --->   Core 3 'Multiplier' <Latency = 1> <II = 1> <Delay = 6.91> <FuncUnit> <Opcode : 'mul'> <InPorts = 2> <OutPorts = 1>
ST_5 : Operation 245 [2/2] (6.91ns)   --->   "%mul_ln45_9 = mul i32 %B_22_load, i32 %A_22_load" [matrix_mult.cpp:45]   --->   Operation 245 'mul' 'mul_ln45_9' <Predicate = true> <Delay = 6.91> <CoreInst = "Multiplier">   --->   Core 3 'Multiplier' <Latency = 1> <II = 1> <Delay = 6.91> <FuncUnit> <Opcode : 'mul'> <InPorts = 2> <OutPorts = 1>
ST_5 : Operation 246 [2/2] (6.91ns)   --->   "%mul_ln45_10 = mul i32 %B_21_load, i32 %A_21_load" [matrix_mult.cpp:45]   --->   Operation 246 'mul' 'mul_ln45_10' <Predicate = true> <Delay = 6.91> <CoreInst = "Multiplier">   --->   Core 3 'Multiplier' <Latency = 1> <II = 1> <Delay = 6.91> <FuncUnit> <Opcode : 'mul'> <InPorts = 2> <OutPorts = 1>
ST_5 : Operation 247 [2/2] (6.91ns)   --->   "%mul_ln45_11 = mul i32 %B_20_load, i32 %A_20_load" [matrix_mult.cpp:45]   --->   Operation 247 'mul' 'mul_ln45_11' <Predicate = true> <Delay = 6.91> <CoreInst = "Multiplier">   --->   Core 3 'Multiplier' <Latency = 1> <II = 1> <Delay = 6.91> <FuncUnit> <Opcode : 'mul'> <InPorts = 2> <OutPorts = 1>
ST_5 : Operation 248 [2/2] (6.91ns)   --->   "%mul_ln45_12 = mul i32 %B_19_load, i32 %A_19_load" [matrix_mult.cpp:45]   --->   Operation 248 'mul' 'mul_ln45_12' <Predicate = true> <Delay = 6.91> <CoreInst = "Multiplier">   --->   Core 3 'Multiplier' <Latency = 1> <II = 1> <Delay = 6.91> <FuncUnit> <Opcode : 'mul'> <InPorts = 2> <OutPorts = 1>
ST_5 : Operation 249 [2/2] (6.91ns)   --->   "%mul_ln45_13 = mul i32 %B_18_load, i32 %A_18_load" [matrix_mult.cpp:45]   --->   Operation 249 'mul' 'mul_ln45_13' <Predicate = true> <Delay = 6.91> <CoreInst = "Multiplier">   --->   Core 3 'Multiplier' <Latency = 1> <II = 1> <Delay = 6.91> <FuncUnit> <Opcode : 'mul'> <InPorts = 2> <OutPorts = 1>
ST_5 : Operation 250 [2/2] (6.91ns)   --->   "%mul_ln45_14 = mul i32 %B_17_load, i32 %A_17_load" [matrix_mult.cpp:45]   --->   Operation 250 'mul' 'mul_ln45_14' <Predicate = true> <Delay = 6.91> <CoreInst = "Multiplier">   --->   Core 3 'Multiplier' <Latency = 1> <II = 1> <Delay = 6.91> <FuncUnit> <Opcode : 'mul'> <InPorts = 2> <OutPorts = 1>
ST_5 : Operation 251 [2/2] (6.91ns)   --->   "%mul_ln45_15 = mul i32 %B_16_load, i32 %A_16_load" [matrix_mult.cpp:45]   --->   Operation 251 'mul' 'mul_ln45_15' <Predicate = true> <Delay = 6.91> <CoreInst = "Multiplier">   --->   Core 3 'Multiplier' <Latency = 1> <II = 1> <Delay = 6.91> <FuncUnit> <Opcode : 'mul'> <InPorts = 2> <OutPorts = 1>
ST_5 : Operation 252 [2/2] (6.91ns)   --->   "%mul_ln45_16 = mul i32 %B_15_load, i32 %A_15_load" [matrix_mult.cpp:45]   --->   Operation 252 'mul' 'mul_ln45_16' <Predicate = true> <Delay = 6.91> <CoreInst = "Multiplier">   --->   Core 3 'Multiplier' <Latency = 1> <II = 1> <Delay = 6.91> <FuncUnit> <Opcode : 'mul'> <InPorts = 2> <OutPorts = 1>
ST_5 : Operation 253 [2/2] (6.91ns)   --->   "%mul_ln45_17 = mul i32 %B_14_load, i32 %A_14_load" [matrix_mult.cpp:45]   --->   Operation 253 'mul' 'mul_ln45_17' <Predicate = true> <Delay = 6.91> <CoreInst = "Multiplier">   --->   Core 3 'Multiplier' <Latency = 1> <II = 1> <Delay = 6.91> <FuncUnit> <Opcode : 'mul'> <InPorts = 2> <OutPorts = 1>
ST_5 : Operation 254 [2/2] (6.91ns)   --->   "%mul_ln45_18 = mul i32 %B_13_load, i32 %A_13_load" [matrix_mult.cpp:45]   --->   Operation 254 'mul' 'mul_ln45_18' <Predicate = true> <Delay = 6.91> <CoreInst = "Multiplier">   --->   Core 3 'Multiplier' <Latency = 1> <II = 1> <Delay = 6.91> <FuncUnit> <Opcode : 'mul'> <InPorts = 2> <OutPorts = 1>
ST_5 : Operation 255 [2/2] (6.91ns)   --->   "%mul_ln45_19 = mul i32 %B_12_load, i32 %A_12_load" [matrix_mult.cpp:45]   --->   Operation 255 'mul' 'mul_ln45_19' <Predicate = true> <Delay = 6.91> <CoreInst = "Multiplier">   --->   Core 3 'Multiplier' <Latency = 1> <II = 1> <Delay = 6.91> <FuncUnit> <Opcode : 'mul'> <InPorts = 2> <OutPorts = 1>
ST_5 : Operation 256 [2/2] (6.91ns)   --->   "%mul_ln45_24 = mul i32 %B_7_load, i32 %A_7_load" [matrix_mult.cpp:45]   --->   Operation 256 'mul' 'mul_ln45_24' <Predicate = true> <Delay = 6.91> <CoreInst = "Multiplier">   --->   Core 3 'Multiplier' <Latency = 1> <II = 1> <Delay = 6.91> <FuncUnit> <Opcode : 'mul'> <InPorts = 2> <OutPorts = 1>
ST_5 : Operation 257 [2/2] (6.91ns)   --->   "%mul_ln45_25 = mul i32 %B_6_load, i32 %A_6_load" [matrix_mult.cpp:45]   --->   Operation 257 'mul' 'mul_ln45_25' <Predicate = true> <Delay = 6.91> <CoreInst = "Multiplier">   --->   Core 3 'Multiplier' <Latency = 1> <II = 1> <Delay = 6.91> <FuncUnit> <Opcode : 'mul'> <InPorts = 2> <OutPorts = 1>
ST_5 : Operation 258 [2/2] (6.91ns)   --->   "%mul_ln45_26 = mul i32 %B_5_load, i32 %A_5_load" [matrix_mult.cpp:45]   --->   Operation 258 'mul' 'mul_ln45_26' <Predicate = true> <Delay = 6.91> <CoreInst = "Multiplier">   --->   Core 3 'Multiplier' <Latency = 1> <II = 1> <Delay = 6.91> <FuncUnit> <Opcode : 'mul'> <InPorts = 2> <OutPorts = 1>
ST_5 : Operation 259 [2/2] (6.91ns)   --->   "%mul_ln45_27 = mul i32 %B_4_load, i32 %A_4_load" [matrix_mult.cpp:45]   --->   Operation 259 'mul' 'mul_ln45_27' <Predicate = true> <Delay = 6.91> <CoreInst = "Multiplier">   --->   Core 3 'Multiplier' <Latency = 1> <II = 1> <Delay = 6.91> <FuncUnit> <Opcode : 'mul'> <InPorts = 2> <OutPorts = 1>

State 6 <SV = 5> <Delay = 6.92>
ST_6 : Operation 260 [1/2] (6.91ns)   --->   "%mul_ln45_4 = mul i32 %B_27_load, i32 %A_27_load" [matrix_mult.cpp:45]   --->   Operation 260 'mul' 'mul_ln45_4' <Predicate = true> <Delay = 6.91> <CoreInst = "Multiplier">   --->   Core 3 'Multiplier' <Latency = 1> <II = 1> <Delay = 6.91> <FuncUnit> <Opcode : 'mul'> <InPorts = 2> <OutPorts = 1>
ST_6 : Operation 261 [1/2] (6.91ns)   --->   "%mul_ln45_5 = mul i32 %B_26_load, i32 %A_26_load" [matrix_mult.cpp:45]   --->   Operation 261 'mul' 'mul_ln45_5' <Predicate = true> <Delay = 6.91> <CoreInst = "Multiplier">   --->   Core 3 'Multiplier' <Latency = 1> <II = 1> <Delay = 6.91> <FuncUnit> <Opcode : 'mul'> <InPorts = 2> <OutPorts = 1>
ST_6 : Operation 262 [1/2] (6.91ns)   --->   "%mul_ln45_6 = mul i32 %B_25_load, i32 %A_25_load" [matrix_mult.cpp:45]   --->   Operation 262 'mul' 'mul_ln45_6' <Predicate = true> <Delay = 6.91> <CoreInst = "Multiplier">   --->   Core 3 'Multiplier' <Latency = 1> <II = 1> <Delay = 6.91> <FuncUnit> <Opcode : 'mul'> <InPorts = 2> <OutPorts = 1>
ST_6 : Operation 263 [1/2] (6.91ns)   --->   "%mul_ln45_7 = mul i32 %B_24_load, i32 %A_24_load" [matrix_mult.cpp:45]   --->   Operation 263 'mul' 'mul_ln45_7' <Predicate = true> <Delay = 6.91> <CoreInst = "Multiplier">   --->   Core 3 'Multiplier' <Latency = 1> <II = 1> <Delay = 6.91> <FuncUnit> <Opcode : 'mul'> <InPorts = 2> <OutPorts = 1>
ST_6 : Operation 264 [1/2] (6.91ns)   --->   "%mul_ln45_8 = mul i32 %B_23_load, i32 %A_23_load" [matrix_mult.cpp:45]   --->   Operation 264 'mul' 'mul_ln45_8' <Predicate = true> <Delay = 6.91> <CoreInst = "Multiplier">   --->   Core 3 'Multiplier' <Latency = 1> <II = 1> <Delay = 6.91> <FuncUnit> <Opcode : 'mul'> <InPorts = 2> <OutPorts = 1>
ST_6 : Operation 265 [1/2] (6.91ns)   --->   "%mul_ln45_9 = mul i32 %B_22_load, i32 %A_22_load" [matrix_mult.cpp:45]   --->   Operation 265 'mul' 'mul_ln45_9' <Predicate = true> <Delay = 6.91> <CoreInst = "Multiplier">   --->   Core 3 'Multiplier' <Latency = 1> <II = 1> <Delay = 6.91> <FuncUnit> <Opcode : 'mul'> <InPorts = 2> <OutPorts = 1>
ST_6 : Operation 266 [1/2] (6.91ns)   --->   "%mul_ln45_10 = mul i32 %B_21_load, i32 %A_21_load" [matrix_mult.cpp:45]   --->   Operation 266 'mul' 'mul_ln45_10' <Predicate = true> <Delay = 6.91> <CoreInst = "Multiplier">   --->   Core 3 'Multiplier' <Latency = 1> <II = 1> <Delay = 6.91> <FuncUnit> <Opcode : 'mul'> <InPorts = 2> <OutPorts = 1>
ST_6 : Operation 267 [1/2] (6.91ns)   --->   "%mul_ln45_11 = mul i32 %B_20_load, i32 %A_20_load" [matrix_mult.cpp:45]   --->   Operation 267 'mul' 'mul_ln45_11' <Predicate = true> <Delay = 6.91> <CoreInst = "Multiplier">   --->   Core 3 'Multiplier' <Latency = 1> <II = 1> <Delay = 6.91> <FuncUnit> <Opcode : 'mul'> <InPorts = 2> <OutPorts = 1>
ST_6 : Operation 268 [1/2] (6.91ns)   --->   "%mul_ln45_12 = mul i32 %B_19_load, i32 %A_19_load" [matrix_mult.cpp:45]   --->   Operation 268 'mul' 'mul_ln45_12' <Predicate = true> <Delay = 6.91> <CoreInst = "Multiplier">   --->   Core 3 'Multiplier' <Latency = 1> <II = 1> <Delay = 6.91> <FuncUnit> <Opcode : 'mul'> <InPorts = 2> <OutPorts = 1>
ST_6 : Operation 269 [1/2] (6.91ns)   --->   "%mul_ln45_13 = mul i32 %B_18_load, i32 %A_18_load" [matrix_mult.cpp:45]   --->   Operation 269 'mul' 'mul_ln45_13' <Predicate = true> <Delay = 6.91> <CoreInst = "Multiplier">   --->   Core 3 'Multiplier' <Latency = 1> <II = 1> <Delay = 6.91> <FuncUnit> <Opcode : 'mul'> <InPorts = 2> <OutPorts = 1>
ST_6 : Operation 270 [1/2] (6.91ns)   --->   "%mul_ln45_14 = mul i32 %B_17_load, i32 %A_17_load" [matrix_mult.cpp:45]   --->   Operation 270 'mul' 'mul_ln45_14' <Predicate = true> <Delay = 6.91> <CoreInst = "Multiplier">   --->   Core 3 'Multiplier' <Latency = 1> <II = 1> <Delay = 6.91> <FuncUnit> <Opcode : 'mul'> <InPorts = 2> <OutPorts = 1>
ST_6 : Operation 271 [1/2] (6.91ns)   --->   "%mul_ln45_15 = mul i32 %B_16_load, i32 %A_16_load" [matrix_mult.cpp:45]   --->   Operation 271 'mul' 'mul_ln45_15' <Predicate = true> <Delay = 6.91> <CoreInst = "Multiplier">   --->   Core 3 'Multiplier' <Latency = 1> <II = 1> <Delay = 6.91> <FuncUnit> <Opcode : 'mul'> <InPorts = 2> <OutPorts = 1>
ST_6 : Operation 272 [1/2] (6.91ns)   --->   "%mul_ln45_16 = mul i32 %B_15_load, i32 %A_15_load" [matrix_mult.cpp:45]   --->   Operation 272 'mul' 'mul_ln45_16' <Predicate = true> <Delay = 6.91> <CoreInst = "Multiplier">   --->   Core 3 'Multiplier' <Latency = 1> <II = 1> <Delay = 6.91> <FuncUnit> <Opcode : 'mul'> <InPorts = 2> <OutPorts = 1>
ST_6 : Operation 273 [1/2] (6.91ns)   --->   "%mul_ln45_17 = mul i32 %B_14_load, i32 %A_14_load" [matrix_mult.cpp:45]   --->   Operation 273 'mul' 'mul_ln45_17' <Predicate = true> <Delay = 6.91> <CoreInst = "Multiplier">   --->   Core 3 'Multiplier' <Latency = 1> <II = 1> <Delay = 6.91> <FuncUnit> <Opcode : 'mul'> <InPorts = 2> <OutPorts = 1>
ST_6 : Operation 274 [1/2] (6.91ns)   --->   "%mul_ln45_18 = mul i32 %B_13_load, i32 %A_13_load" [matrix_mult.cpp:45]   --->   Operation 274 'mul' 'mul_ln45_18' <Predicate = true> <Delay = 6.91> <CoreInst = "Multiplier">   --->   Core 3 'Multiplier' <Latency = 1> <II = 1> <Delay = 6.91> <FuncUnit> <Opcode : 'mul'> <InPorts = 2> <OutPorts = 1>
ST_6 : Operation 275 [1/2] (6.91ns)   --->   "%mul_ln45_19 = mul i32 %B_12_load, i32 %A_12_load" [matrix_mult.cpp:45]   --->   Operation 275 'mul' 'mul_ln45_19' <Predicate = true> <Delay = 6.91> <CoreInst = "Multiplier">   --->   Core 3 'Multiplier' <Latency = 1> <II = 1> <Delay = 6.91> <FuncUnit> <Opcode : 'mul'> <InPorts = 2> <OutPorts = 1>
ST_6 : Operation 276 [2/2] (6.91ns)   --->   "%mul_ln45_20 = mul i32 %B_11_load, i32 %A_11_load" [matrix_mult.cpp:45]   --->   Operation 276 'mul' 'mul_ln45_20' <Predicate = true> <Delay = 6.91> <CoreInst = "Multiplier">   --->   Core 3 'Multiplier' <Latency = 1> <II = 1> <Delay = 6.91> <FuncUnit> <Opcode : 'mul'> <InPorts = 2> <OutPorts = 1>
ST_6 : Operation 277 [2/2] (6.91ns)   --->   "%mul_ln45_21 = mul i32 %B_10_load, i32 %A_10_load" [matrix_mult.cpp:45]   --->   Operation 277 'mul' 'mul_ln45_21' <Predicate = true> <Delay = 6.91> <CoreInst = "Multiplier">   --->   Core 3 'Multiplier' <Latency = 1> <II = 1> <Delay = 6.91> <FuncUnit> <Opcode : 'mul'> <InPorts = 2> <OutPorts = 1>
ST_6 : Operation 278 [2/2] (6.91ns)   --->   "%mul_ln45_22 = mul i32 %B_9_load, i32 %A_9_load" [matrix_mult.cpp:45]   --->   Operation 278 'mul' 'mul_ln45_22' <Predicate = true> <Delay = 6.91> <CoreInst = "Multiplier">   --->   Core 3 'Multiplier' <Latency = 1> <II = 1> <Delay = 6.91> <FuncUnit> <Opcode : 'mul'> <InPorts = 2> <OutPorts = 1>
ST_6 : Operation 279 [2/2] (6.91ns)   --->   "%mul_ln45_23 = mul i32 %B_8_load, i32 %A_8_load" [matrix_mult.cpp:45]   --->   Operation 279 'mul' 'mul_ln45_23' <Predicate = true> <Delay = 6.91> <CoreInst = "Multiplier">   --->   Core 3 'Multiplier' <Latency = 1> <II = 1> <Delay = 6.91> <FuncUnit> <Opcode : 'mul'> <InPorts = 2> <OutPorts = 1>
ST_6 : Operation 280 [1/2] (6.91ns)   --->   "%mul_ln45_24 = mul i32 %B_7_load, i32 %A_7_load" [matrix_mult.cpp:45]   --->   Operation 280 'mul' 'mul_ln45_24' <Predicate = true> <Delay = 6.91> <CoreInst = "Multiplier">   --->   Core 3 'Multiplier' <Latency = 1> <II = 1> <Delay = 6.91> <FuncUnit> <Opcode : 'mul'> <InPorts = 2> <OutPorts = 1>
ST_6 : Operation 281 [1/2] (6.91ns)   --->   "%mul_ln45_25 = mul i32 %B_6_load, i32 %A_6_load" [matrix_mult.cpp:45]   --->   Operation 281 'mul' 'mul_ln45_25' <Predicate = true> <Delay = 6.91> <CoreInst = "Multiplier">   --->   Core 3 'Multiplier' <Latency = 1> <II = 1> <Delay = 6.91> <FuncUnit> <Opcode : 'mul'> <InPorts = 2> <OutPorts = 1>
ST_6 : Operation 282 [1/2] (6.91ns)   --->   "%mul_ln45_26 = mul i32 %B_5_load, i32 %A_5_load" [matrix_mult.cpp:45]   --->   Operation 282 'mul' 'mul_ln45_26' <Predicate = true> <Delay = 6.91> <CoreInst = "Multiplier">   --->   Core 3 'Multiplier' <Latency = 1> <II = 1> <Delay = 6.91> <FuncUnit> <Opcode : 'mul'> <InPorts = 2> <OutPorts = 1>
ST_6 : Operation 283 [1/2] (6.91ns)   --->   "%mul_ln45_27 = mul i32 %B_4_load, i32 %A_4_load" [matrix_mult.cpp:45]   --->   Operation 283 'mul' 'mul_ln45_27' <Predicate = true> <Delay = 6.91> <CoreInst = "Multiplier">   --->   Core 3 'Multiplier' <Latency = 1> <II = 1> <Delay = 6.91> <FuncUnit> <Opcode : 'mul'> <InPorts = 2> <OutPorts = 1>
ST_6 : Operation 284 [2/2] (6.91ns)   --->   "%mul_ln45_28 = mul i32 %B_3_load, i32 %A_3_load" [matrix_mult.cpp:45]   --->   Operation 284 'mul' 'mul_ln45_28' <Predicate = true> <Delay = 6.91> <CoreInst = "Multiplier">   --->   Core 3 'Multiplier' <Latency = 1> <II = 1> <Delay = 6.91> <FuncUnit> <Opcode : 'mul'> <InPorts = 2> <OutPorts = 1>
ST_6 : Operation 285 [2/2] (6.91ns)   --->   "%mul_ln45_29 = mul i32 %B_2_load, i32 %A_2_load" [matrix_mult.cpp:45]   --->   Operation 285 'mul' 'mul_ln45_29' <Predicate = true> <Delay = 6.91> <CoreInst = "Multiplier">   --->   Core 3 'Multiplier' <Latency = 1> <II = 1> <Delay = 6.91> <FuncUnit> <Opcode : 'mul'> <InPorts = 2> <OutPorts = 1>
ST_6 : Operation 286 [2/2] (6.91ns)   --->   "%mul_ln45_30 = mul i32 %B_load, i32 %A_load" [matrix_mult.cpp:45]   --->   Operation 286 'mul' 'mul_ln45_30' <Predicate = true> <Delay = 6.91> <CoreInst = "Multiplier">   --->   Core 3 'Multiplier' <Latency = 1> <II = 1> <Delay = 6.91> <FuncUnit> <Opcode : 'mul'> <InPorts = 2> <OutPorts = 1>
ST_6 : Operation 287 [2/2] (6.91ns)   --->   "%mul_ln45_31 = mul i32 %B_1_load, i32 %A_1_load" [matrix_mult.cpp:45]   --->   Operation 287 'mul' 'mul_ln45_31' <Predicate = true> <Delay = 6.91> <CoreInst = "Multiplier">   --->   Core 3 'Multiplier' <Latency = 1> <II = 1> <Delay = 6.91> <FuncUnit> <Opcode : 'mul'> <InPorts = 2> <OutPorts = 1>
ST_6 : Operation 288 [1/1] (0.00ns) (grouped into TernaryAdder)   --->   "%add_ln45_25 = add i32 %mul_ln45_3, i32 %mul_ln45_2" [matrix_mult.cpp:45]   --->   Operation 288 'add' 'add_ln45_25' <Predicate = true> <Delay = 0.00> <CoreInst = "TAddSub">   --->   Core 10 'TAddSub' <Latency = 0> <II = 1> <Delay = 2.18> <IPBlock> <Opcode : 'add' 'sub'> <InPorts = 3> <OutPorts = 1> <Sync> <CReg>
ST_6 : Operation 289 [1/1] (2.55ns)   --->   "%add_ln45_26 = add i32 %mul_ln45_1, i32 %mul_ln45" [matrix_mult.cpp:45]   --->   Operation 289 'add' 'add_ln45_26' <Predicate = true> <Delay = 2.55> <CoreInst = "Adder">   --->   Core 1 'Adder' <Latency = 0> <II = 1> <Delay = 2.55> <FuncUnit> <Opcode : 'add' 'sub'> <InPorts = 2> <OutPorts = 1>
ST_6 : Operation 290 [1/1] (4.37ns) (root node of TernaryAdder)   --->   "%add_ln45_27 = add i32 %add_ln45_26, i32 %add_ln45_25" [matrix_mult.cpp:45]   --->   Operation 290 'add' 'add_ln45_27' <Predicate = true> <Delay = 4.37> <CoreInst = "TAddSub">   --->   Core 10 'TAddSub' <Latency = 0> <II = 1> <Delay = 2.18> <IPBlock> <Opcode : 'add' 'sub'> <InPorts = 3> <OutPorts = 1> <Sync> <CReg>

State 7 <SV = 6> <Delay = 6.92>
ST_7 : Operation 291 [1/2] (6.91ns)   --->   "%mul_ln45_20 = mul i32 %B_11_load, i32 %A_11_load" [matrix_mult.cpp:45]   --->   Operation 291 'mul' 'mul_ln45_20' <Predicate = true> <Delay = 6.91> <CoreInst = "Multiplier">   --->   Core 3 'Multiplier' <Latency = 1> <II = 1> <Delay = 6.91> <FuncUnit> <Opcode : 'mul'> <InPorts = 2> <OutPorts = 1>
ST_7 : Operation 292 [1/2] (6.91ns)   --->   "%mul_ln45_21 = mul i32 %B_10_load, i32 %A_10_load" [matrix_mult.cpp:45]   --->   Operation 292 'mul' 'mul_ln45_21' <Predicate = true> <Delay = 6.91> <CoreInst = "Multiplier">   --->   Core 3 'Multiplier' <Latency = 1> <II = 1> <Delay = 6.91> <FuncUnit> <Opcode : 'mul'> <InPorts = 2> <OutPorts = 1>
ST_7 : Operation 293 [1/2] (6.91ns)   --->   "%mul_ln45_22 = mul i32 %B_9_load, i32 %A_9_load" [matrix_mult.cpp:45]   --->   Operation 293 'mul' 'mul_ln45_22' <Predicate = true> <Delay = 6.91> <CoreInst = "Multiplier">   --->   Core 3 'Multiplier' <Latency = 1> <II = 1> <Delay = 6.91> <FuncUnit> <Opcode : 'mul'> <InPorts = 2> <OutPorts = 1>
ST_7 : Operation 294 [1/2] (6.91ns)   --->   "%mul_ln45_23 = mul i32 %B_8_load, i32 %A_8_load" [matrix_mult.cpp:45]   --->   Operation 294 'mul' 'mul_ln45_23' <Predicate = true> <Delay = 6.91> <CoreInst = "Multiplier">   --->   Core 3 'Multiplier' <Latency = 1> <II = 1> <Delay = 6.91> <FuncUnit> <Opcode : 'mul'> <InPorts = 2> <OutPorts = 1>
ST_7 : Operation 295 [1/2] (6.91ns)   --->   "%mul_ln45_28 = mul i32 %B_3_load, i32 %A_3_load" [matrix_mult.cpp:45]   --->   Operation 295 'mul' 'mul_ln45_28' <Predicate = true> <Delay = 6.91> <CoreInst = "Multiplier">   --->   Core 3 'Multiplier' <Latency = 1> <II = 1> <Delay = 6.91> <FuncUnit> <Opcode : 'mul'> <InPorts = 2> <OutPorts = 1>
ST_7 : Operation 296 [1/2] (6.91ns)   --->   "%mul_ln45_29 = mul i32 %B_2_load, i32 %A_2_load" [matrix_mult.cpp:45]   --->   Operation 296 'mul' 'mul_ln45_29' <Predicate = true> <Delay = 6.91> <CoreInst = "Multiplier">   --->   Core 3 'Multiplier' <Latency = 1> <II = 1> <Delay = 6.91> <FuncUnit> <Opcode : 'mul'> <InPorts = 2> <OutPorts = 1>
ST_7 : Operation 297 [1/2] (6.91ns)   --->   "%mul_ln45_30 = mul i32 %B_load, i32 %A_load" [matrix_mult.cpp:45]   --->   Operation 297 'mul' 'mul_ln45_30' <Predicate = true> <Delay = 6.91> <CoreInst = "Multiplier">   --->   Core 3 'Multiplier' <Latency = 1> <II = 1> <Delay = 6.91> <FuncUnit> <Opcode : 'mul'> <InPorts = 2> <OutPorts = 1>
ST_7 : Operation 298 [1/2] (6.91ns)   --->   "%mul_ln45_31 = mul i32 %B_1_load, i32 %A_1_load" [matrix_mult.cpp:45]   --->   Operation 298 'mul' 'mul_ln45_31' <Predicate = true> <Delay = 6.91> <CoreInst = "Multiplier">   --->   Core 3 'Multiplier' <Latency = 1> <II = 1> <Delay = 6.91> <FuncUnit> <Opcode : 'mul'> <InPorts = 2> <OutPorts = 1>
ST_7 : Operation 299 [1/1] (0.00ns) (grouped into TernaryAdder)   --->   "%add_ln45_3 = add i32 %mul_ln45_27, i32 %mul_ln45_26" [matrix_mult.cpp:45]   --->   Operation 299 'add' 'add_ln45_3' <Predicate = true> <Delay = 0.00> <CoreInst = "TAddSub">   --->   Core 10 'TAddSub' <Latency = 0> <II = 1> <Delay = 2.18> <IPBlock> <Opcode : 'add' 'sub'> <InPorts = 3> <OutPorts = 1> <Sync> <CReg>
ST_7 : Operation 300 [1/1] (2.55ns)   --->   "%add_ln45_4 = add i32 %mul_ln45_25, i32 %mul_ln45_24" [matrix_mult.cpp:45]   --->   Operation 300 'add' 'add_ln45_4' <Predicate = true> <Delay = 2.55> <CoreInst = "Adder">   --->   Core 1 'Adder' <Latency = 0> <II = 1> <Delay = 2.55> <FuncUnit> <Opcode : 'add' 'sub'> <InPorts = 2> <OutPorts = 1>
ST_7 : Operation 301 [1/1] (4.37ns) (root node of TernaryAdder)   --->   "%add_ln45_5 = add i32 %add_ln45_4, i32 %add_ln45_3" [matrix_mult.cpp:45]   --->   Operation 301 'add' 'add_ln45_5' <Predicate = true> <Delay = 4.37> <CoreInst = "TAddSub">   --->   Core 10 'TAddSub' <Latency = 0> <II = 1> <Delay = 2.18> <IPBlock> <Opcode : 'add' 'sub'> <InPorts = 3> <OutPorts = 1> <Sync> <CReg>
ST_7 : Operation 302 [1/1] (0.00ns) (grouped into TernaryAdder)   --->   "%add_ln45_10 = add i32 %mul_ln45_19, i32 %mul_ln45_18" [matrix_mult.cpp:45]   --->   Operation 302 'add' 'add_ln45_10' <Predicate = true> <Delay = 0.00> <CoreInst = "TAddSub">   --->   Core 10 'TAddSub' <Latency = 0> <II = 1> <Delay = 2.18> <IPBlock> <Opcode : 'add' 'sub'> <InPorts = 3> <OutPorts = 1> <Sync> <CReg>
ST_7 : Operation 303 [1/1] (2.55ns)   --->   "%add_ln45_11 = add i32 %mul_ln45_17, i32 %mul_ln45_16" [matrix_mult.cpp:45]   --->   Operation 303 'add' 'add_ln45_11' <Predicate = true> <Delay = 2.55> <CoreInst = "Adder">   --->   Core 1 'Adder' <Latency = 0> <II = 1> <Delay = 2.55> <FuncUnit> <Opcode : 'add' 'sub'> <InPorts = 2> <OutPorts = 1>
ST_7 : Operation 304 [1/1] (4.37ns) (root node of TernaryAdder)   --->   "%add_ln45_12 = add i32 %add_ln45_11, i32 %add_ln45_10" [matrix_mult.cpp:45]   --->   Operation 304 'add' 'add_ln45_12' <Predicate = true> <Delay = 4.37> <CoreInst = "TAddSub">   --->   Core 10 'TAddSub' <Latency = 0> <II = 1> <Delay = 2.18> <IPBlock> <Opcode : 'add' 'sub'> <InPorts = 3> <OutPorts = 1> <Sync> <CReg>
ST_7 : Operation 305 [1/1] (0.00ns) (grouped into TernaryAdder)   --->   "%add_ln45_15 = add i32 %mul_ln45_15, i32 %mul_ln45_14" [matrix_mult.cpp:45]   --->   Operation 305 'add' 'add_ln45_15' <Predicate = true> <Delay = 0.00> <CoreInst = "TAddSub">   --->   Core 10 'TAddSub' <Latency = 0> <II = 1> <Delay = 2.18> <IPBlock> <Opcode : 'add' 'sub'> <InPorts = 3> <OutPorts = 1> <Sync> <CReg>
ST_7 : Operation 306 [1/1] (2.55ns)   --->   "%add_ln45_16 = add i32 %mul_ln45_13, i32 %mul_ln45_12" [matrix_mult.cpp:45]   --->   Operation 306 'add' 'add_ln45_16' <Predicate = true> <Delay = 2.55> <CoreInst = "Adder">   --->   Core 1 'Adder' <Latency = 0> <II = 1> <Delay = 2.55> <FuncUnit> <Opcode : 'add' 'sub'> <InPorts = 2> <OutPorts = 1>
ST_7 : Operation 307 [1/1] (4.37ns) (root node of TernaryAdder)   --->   "%add_ln45_17 = add i32 %add_ln45_16, i32 %add_ln45_15" [matrix_mult.cpp:45]   --->   Operation 307 'add' 'add_ln45_17' <Predicate = true> <Delay = 4.37> <CoreInst = "TAddSub">   --->   Core 10 'TAddSub' <Latency = 0> <II = 1> <Delay = 2.18> <IPBlock> <Opcode : 'add' 'sub'> <InPorts = 3> <OutPorts = 1> <Sync> <CReg>
ST_7 : Operation 308 [1/1] (0.00ns) (grouped into TernaryAdder)   --->   "%add_ln45_18 = add i32 %mul_ln45_11, i32 %mul_ln45_10" [matrix_mult.cpp:45]   --->   Operation 308 'add' 'add_ln45_18' <Predicate = true> <Delay = 0.00> <CoreInst = "TAddSub">   --->   Core 10 'TAddSub' <Latency = 0> <II = 1> <Delay = 2.18> <IPBlock> <Opcode : 'add' 'sub'> <InPorts = 3> <OutPorts = 1> <Sync> <CReg>
ST_7 : Operation 309 [1/1] (2.55ns)   --->   "%add_ln45_19 = add i32 %mul_ln45_9, i32 %mul_ln45_8" [matrix_mult.cpp:45]   --->   Operation 309 'add' 'add_ln45_19' <Predicate = true> <Delay = 2.55> <CoreInst = "Adder">   --->   Core 1 'Adder' <Latency = 0> <II = 1> <Delay = 2.55> <FuncUnit> <Opcode : 'add' 'sub'> <InPorts = 2> <OutPorts = 1>
ST_7 : Operation 310 [1/1] (4.37ns) (root node of TernaryAdder)   --->   "%add_ln45_20 = add i32 %add_ln45_19, i32 %add_ln45_18" [matrix_mult.cpp:45]   --->   Operation 310 'add' 'add_ln45_20' <Predicate = true> <Delay = 4.37> <CoreInst = "TAddSub">   --->   Core 10 'TAddSub' <Latency = 0> <II = 1> <Delay = 2.18> <IPBlock> <Opcode : 'add' 'sub'> <InPorts = 3> <OutPorts = 1> <Sync> <CReg>
ST_7 : Operation 311 [1/1] (2.55ns)   --->   "%add_ln45_22 = add i32 %mul_ln45_7, i32 %mul_ln45_6" [matrix_mult.cpp:45]   --->   Operation 311 'add' 'add_ln45_22' <Predicate = true> <Delay = 2.55> <CoreInst = "Adder">   --->   Core 1 'Adder' <Latency = 0> <II = 1> <Delay = 2.55> <FuncUnit> <Opcode : 'add' 'sub'> <InPorts = 2> <OutPorts = 1>
ST_7 : Operation 312 [1/1] (2.55ns)   --->   "%add_ln45_23 = add i32 %mul_ln45_5, i32 %mul_ln45_4" [matrix_mult.cpp:45]   --->   Operation 312 'add' 'add_ln45_23' <Predicate = true> <Delay = 2.55> <CoreInst = "Adder">   --->   Core 1 'Adder' <Latency = 0> <II = 1> <Delay = 2.55> <FuncUnit> <Opcode : 'add' 'sub'> <InPorts = 2> <OutPorts = 1>
ST_7 : Operation 313 [1/1] (0.00ns) (grouped into TernaryAdder)   --->   "%add_ln45_24 = add i32 %add_ln45_23, i32 %add_ln45_22" [matrix_mult.cpp:45]   --->   Operation 313 'add' 'add_ln45_24' <Predicate = true> <Delay = 0.00> <CoreInst = "TAddSub">   --->   Core 10 'TAddSub' <Latency = 0> <II = 1> <Delay = 2.18> <IPBlock> <Opcode : 'add' 'sub'> <InPorts = 3> <OutPorts = 1> <Sync> <CReg>
ST_7 : Operation 314 [1/1] (4.37ns) (root node of TernaryAdder)   --->   "%add_ln45_28 = add i32 %add_ln45_27, i32 %add_ln45_24" [matrix_mult.cpp:45]   --->   Operation 314 'add' 'add_ln45_28' <Predicate = true> <Delay = 4.37> <CoreInst = "TAddSub">   --->   Core 10 'TAddSub' <Latency = 0> <II = 1> <Delay = 2.18> <IPBlock> <Opcode : 'add' 'sub'> <InPorts = 3> <OutPorts = 1> <Sync> <CReg>

State 8 <SV = 7> <Delay = 6.92>
ST_8 : Operation 315 [1/1] (2.55ns)   --->   "%add_ln45 = add i32 %mul_ln45_31, i32 %mul_ln45_30" [matrix_mult.cpp:45]   --->   Operation 315 'add' 'add_ln45' <Predicate = true> <Delay = 2.55> <CoreInst = "Adder">   --->   Core 1 'Adder' <Latency = 0> <II = 1> <Delay = 2.55> <FuncUnit> <Opcode : 'add' 'sub'> <InPorts = 2> <OutPorts = 1>
ST_8 : Operation 316 [1/1] (2.55ns)   --->   "%add_ln45_1 = add i32 %mul_ln45_29, i32 %mul_ln45_28" [matrix_mult.cpp:45]   --->   Operation 316 'add' 'add_ln45_1' <Predicate = true> <Delay = 2.55> <CoreInst = "Adder">   --->   Core 1 'Adder' <Latency = 0> <II = 1> <Delay = 2.55> <FuncUnit> <Opcode : 'add' 'sub'> <InPorts = 2> <OutPorts = 1>
ST_8 : Operation 317 [1/1] (0.00ns) (grouped into TernaryAdder)   --->   "%add_ln45_2 = add i32 %add_ln45_1, i32 %add_ln45" [matrix_mult.cpp:45]   --->   Operation 317 'add' 'add_ln45_2' <Predicate = true> <Delay = 0.00> <CoreInst = "TAddSub">   --->   Core 10 'TAddSub' <Latency = 0> <II = 1> <Delay = 2.18> <IPBlock> <Opcode : 'add' 'sub'> <InPorts = 3> <OutPorts = 1> <Sync> <CReg>
ST_8 : Operation 318 [1/1] (4.37ns) (root node of TernaryAdder)   --->   "%add_ln45_6 = add i32 %add_ln45_5, i32 %add_ln45_2" [matrix_mult.cpp:45]   --->   Operation 318 'add' 'add_ln45_6' <Predicate = true> <Delay = 4.37> <CoreInst = "TAddSub">   --->   Core 10 'TAddSub' <Latency = 0> <II = 1> <Delay = 2.18> <IPBlock> <Opcode : 'add' 'sub'> <InPorts = 3> <OutPorts = 1> <Sync> <CReg>
ST_8 : Operation 319 [1/1] (2.55ns)   --->   "%add_ln45_7 = add i32 %mul_ln45_23, i32 %mul_ln45_22" [matrix_mult.cpp:45]   --->   Operation 319 'add' 'add_ln45_7' <Predicate = true> <Delay = 2.55> <CoreInst = "Adder">   --->   Core 1 'Adder' <Latency = 0> <II = 1> <Delay = 2.55> <FuncUnit> <Opcode : 'add' 'sub'> <InPorts = 2> <OutPorts = 1>
ST_8 : Operation 320 [1/1] (2.55ns)   --->   "%add_ln45_8 = add i32 %mul_ln45_21, i32 %mul_ln45_20" [matrix_mult.cpp:45]   --->   Operation 320 'add' 'add_ln45_8' <Predicate = true> <Delay = 2.55> <CoreInst = "Adder">   --->   Core 1 'Adder' <Latency = 0> <II = 1> <Delay = 2.55> <FuncUnit> <Opcode : 'add' 'sub'> <InPorts = 2> <OutPorts = 1>
ST_8 : Operation 321 [1/1] (0.00ns) (grouped into TernaryAdder)   --->   "%add_ln45_9 = add i32 %add_ln45_8, i32 %add_ln45_7" [matrix_mult.cpp:45]   --->   Operation 321 'add' 'add_ln45_9' <Predicate = true> <Delay = 0.00> <CoreInst = "TAddSub">   --->   Core 10 'TAddSub' <Latency = 0> <II = 1> <Delay = 2.18> <IPBlock> <Opcode : 'add' 'sub'> <InPorts = 3> <OutPorts = 1> <Sync> <CReg>
ST_8 : Operation 322 [1/1] (4.37ns) (root node of TernaryAdder)   --->   "%add_ln45_13 = add i32 %add_ln45_12, i32 %add_ln45_9" [matrix_mult.cpp:45]   --->   Operation 322 'add' 'add_ln45_13' <Predicate = true> <Delay = 4.37> <CoreInst = "TAddSub">   --->   Core 10 'TAddSub' <Latency = 0> <II = 1> <Delay = 2.18> <IPBlock> <Opcode : 'add' 'sub'> <InPorts = 3> <OutPorts = 1> <Sync> <CReg>
ST_8 : Operation 323 [1/1] (0.00ns) (grouped into TernaryAdder)   --->   "%add_ln45_21 = add i32 %add_ln45_20, i32 %add_ln45_17" [matrix_mult.cpp:45]   --->   Operation 323 'add' 'add_ln45_21' <Predicate = true> <Delay = 0.00> <CoreInst = "TAddSub">   --->   Core 10 'TAddSub' <Latency = 0> <II = 1> <Delay = 2.18> <IPBlock> <Opcode : 'add' 'sub'> <InPorts = 3> <OutPorts = 1> <Sync> <CReg>
ST_8 : Operation 324 [1/1] (4.37ns) (root node of TernaryAdder)   --->   "%add_ln45_29 = add i32 %add_ln45_28, i32 %add_ln45_21" [matrix_mult.cpp:45]   --->   Operation 324 'add' 'add_ln45_29' <Predicate = true> <Delay = 4.37> <CoreInst = "TAddSub">   --->   Core 10 'TAddSub' <Latency = 0> <II = 1> <Delay = 2.18> <IPBlock> <Opcode : 'add' 'sub'> <InPorts = 3> <OutPorts = 1> <Sync> <CReg>

State 9 <SV = 8> <Delay = 4.37>
ST_9 : Operation 325 [1/1] (0.00ns) (grouped into TernaryAdder)   --->   "%add_ln45_14 = add i32 %add_ln45_13, i32 %add_ln45_6" [matrix_mult.cpp:45]   --->   Operation 325 'add' 'add_ln45_14' <Predicate = true> <Delay = 0.00> <CoreInst = "TAddSub">   --->   Core 10 'TAddSub' <Latency = 0> <II = 1> <Delay = 2.18> <IPBlock> <Opcode : 'add' 'sub'> <InPorts = 3> <OutPorts = 1> <Sync> <CReg>
ST_9 : Operation 326 [1/1] (4.37ns) (root node of TernaryAdder)   --->   "%sum = add i32 %add_ln45_29, i32 %add_ln45_14" [matrix_mult.cpp:45]   --->   Operation 326 'add' 'sum' <Predicate = true> <Delay = 4.37> <CoreInst = "TAddSub">   --->   Core 10 'TAddSub' <Latency = 0> <II = 1> <Delay = 2.18> <IPBlock> <Opcode : 'add' 'sub'> <InPorts = 3> <OutPorts = 1> <Sync> <CReg>
ST_9 : Operation 334 [1/1] (1.58ns)   --->   "%ret_ln0 = ret"   --->   Operation 334 'ret' 'ret_ln0' <Predicate = (icmp_ln39)> <Delay = 1.58>

State 10 <SV = 9> <Delay = 3.25>
ST_10 : Operation 327 [1/1] (0.00ns)   --->   "%specloopname_ln0 = specloopname void @_ssdm_op_SpecLoopName, void @VITIS_LOOP_39_5_VITIS_LOOP_40_6_str"   --->   Operation 327 'specloopname' 'specloopname_ln0' <Predicate = true> <Delay = 0.00>
ST_10 : Operation 328 [1/1] (0.00ns)   --->   "%speclooptripcount_ln0 = speclooptripcount void @_ssdm_op_SpecLoopTripCount, i64 1024, i64 1024, i64 1024"   --->   Operation 328 'speclooptripcount' 'speclooptripcount_ln0' <Predicate = true> <Delay = 0.00>
ST_10 : Operation 329 [1/1] (0.00ns)   --->   "%zext_ln47_1 = zext i10 %add_ln47" [matrix_mult.cpp:47]   --->   Operation 329 'zext' 'zext_ln47_1' <Predicate = true> <Delay = 0.00>
ST_10 : Operation 330 [1/1] (0.00ns)   --->   "%C_addr = getelementptr i32 %C, i64 0, i64 %zext_ln47_1" [matrix_mult.cpp:47]   --->   Operation 330 'getelementptr' 'C_addr' <Predicate = true> <Delay = 0.00>
ST_10 : Operation 331 [1/1] (0.00ns)   --->   "%specpipeline_ln41 = specpipeline void @_ssdm_op_SpecPipeline, i32 4294967295, i32 0, i32 0, i32 0, i32 4294967295, void @empty_1" [matrix_mult.cpp:41]   --->   Operation 331 'specpipeline' 'specpipeline_ln41' <Predicate = true> <Delay = 0.00>
ST_10 : Operation 332 [1/1] ( I:3.25ns O:3.25ns )   --->   "%store_ln47 = store i32 %sum, i10 %C_addr" [matrix_mult.cpp:47]   --->   Operation 332 'store' 'store_ln47' <Predicate = true> <Delay = 3.25> <CoreInst = "RAM">   --->   Core 81 'RAM' <Latency = 1> <II = 1> <Delay = 3.25> <Storage> <Opcode : 'load' 'store'> <Ports = 2> <Width = 32> <Depth = 1024> <RAM>
ST_10 : Operation 333 [1/1] (0.00ns)   --->   "%br_ln40 = br void %VITIS_LOOP_43_7" [matrix_mult.cpp:40]   --->   Operation 333 'br' 'br_ln40' <Predicate = true> <Delay = 0.00>


============================================================
+ Verbose Summary: Binding
============================================================
STG Binding: 
---------------- STG Properties BEGIN ----------------
- Is combinational: 0
- Is one-state seq: 0
- Is datapath-only: 0
- Is pipelined: 0
- Is top level: 0
Port [ Return ] is wired: 1; IO mode=ap_ctrl_hs:ce=0
Port [ A]:  wired=1; compound=1; hidden=0; nouse=0; global=0; static=0; extern=0; dir=0; type=1; pingpong=0; private_global=0; MemPort=[13]; IO mode=ap_memory:ce=0
Port [ A_1]:  wired=1; compound=1; hidden=0; nouse=0; global=0; static=0; extern=0; dir=0; type=1; pingpong=0; private_global=0; MemPort=[13]; IO mode=ap_memory:ce=0
Port [ A_2]:  wired=1; compound=1; hidden=0; nouse=0; global=0; static=0; extern=0; dir=0; type=1; pingpong=0; private_global=0; MemPort=[13]; IO mode=ap_memory:ce=0
Port [ A_3]:  wired=1; compound=1; hidden=0; nouse=0; global=0; static=0; extern=0; dir=0; type=1; pingpong=0; private_global=0; MemPort=[13]; IO mode=ap_memory:ce=0
Port [ A_4]:  wired=1; compound=1; hidden=0; nouse=0; global=0; static=0; extern=0; dir=0; type=1; pingpong=0; private_global=0; MemPort=[13]; IO mode=ap_memory:ce=0
Port [ A_5]:  wired=1; compound=1; hidden=0; nouse=0; global=0; static=0; extern=0; dir=0; type=1; pingpong=0; private_global=0; MemPort=[13]; IO mode=ap_memory:ce=0
Port [ A_6]:  wired=1; compound=1; hidden=0; nouse=0; global=0; static=0; extern=0; dir=0; type=1; pingpong=0; private_global=0; MemPort=[13]; IO mode=ap_memory:ce=0
Port [ A_7]:  wired=1; compound=1; hidden=0; nouse=0; global=0; static=0; extern=0; dir=0; type=1; pingpong=0; private_global=0; MemPort=[13]; IO mode=ap_memory:ce=0
Port [ A_8]:  wired=1; compound=1; hidden=0; nouse=0; global=0; static=0; extern=0; dir=0; type=1; pingpong=0; private_global=0; MemPort=[13]; IO mode=ap_memory:ce=0
Port [ A_9]:  wired=1; compound=1; hidden=0; nouse=0; global=0; static=0; extern=0; dir=0; type=1; pingpong=0; private_global=0; MemPort=[13]; IO mode=ap_memory:ce=0
Port [ A_10]:  wired=1; compound=1; hidden=0; nouse=0; global=0; static=0; extern=0; dir=0; type=1; pingpong=0; private_global=0; MemPort=[13]; IO mode=ap_memory:ce=0
Port [ A_11]:  wired=1; compound=1; hidden=0; nouse=0; global=0; static=0; extern=0; dir=0; type=1; pingpong=0; private_global=0; MemPort=[13]; IO mode=ap_memory:ce=0
Port [ A_12]:  wired=1; compound=1; hidden=0; nouse=0; global=0; static=0; extern=0; dir=0; type=1; pingpong=0; private_global=0; MemPort=[13]; IO mode=ap_memory:ce=0
Port [ A_13]:  wired=1; compound=1; hidden=0; nouse=0; global=0; static=0; extern=0; dir=0; type=1; pingpong=0; private_global=0; MemPort=[13]; IO mode=ap_memory:ce=0
Port [ A_14]:  wired=1; compound=1; hidden=0; nouse=0; global=0; static=0; extern=0; dir=0; type=1; pingpong=0; private_global=0; MemPort=[13]; IO mode=ap_memory:ce=0
Port [ A_15]:  wired=1; compound=1; hidden=0; nouse=0; global=0; static=0; extern=0; dir=0; type=1; pingpong=0; private_global=0; MemPort=[13]; IO mode=ap_memory:ce=0
Port [ A_16]:  wired=1; compound=1; hidden=0; nouse=0; global=0; static=0; extern=0; dir=0; type=1; pingpong=0; private_global=0; MemPort=[13]; IO mode=ap_memory:ce=0
Port [ A_17]:  wired=1; compound=1; hidden=0; nouse=0; global=0; static=0; extern=0; dir=0; type=1; pingpong=0; private_global=0; MemPort=[13]; IO mode=ap_memory:ce=0
Port [ A_18]:  wired=1; compound=1; hidden=0; nouse=0; global=0; static=0; extern=0; dir=0; type=1; pingpong=0; private_global=0; MemPort=[13]; IO mode=ap_memory:ce=0
Port [ A_19]:  wired=1; compound=1; hidden=0; nouse=0; global=0; static=0; extern=0; dir=0; type=1; pingpong=0; private_global=0; MemPort=[13]; IO mode=ap_memory:ce=0
Port [ A_20]:  wired=1; compound=1; hidden=0; nouse=0; global=0; static=0; extern=0; dir=0; type=1; pingpong=0; private_global=0; MemPort=[13]; IO mode=ap_memory:ce=0
Port [ A_21]:  wired=1; compound=1; hidden=0; nouse=0; global=0; static=0; extern=0; dir=0; type=1; pingpong=0; private_global=0; MemPort=[13]; IO mode=ap_memory:ce=0
Port [ A_22]:  wired=1; compound=1; hidden=0; nouse=0; global=0; static=0; extern=0; dir=0; type=1; pingpong=0; private_global=0; MemPort=[13]; IO mode=ap_memory:ce=0
Port [ A_23]:  wired=1; compound=1; hidden=0; nouse=0; global=0; static=0; extern=0; dir=0; type=1; pingpong=0; private_global=0; MemPort=[13]; IO mode=ap_memory:ce=0
Port [ A_24]:  wired=1; compound=1; hidden=0; nouse=0; global=0; static=0; extern=0; dir=0; type=1; pingpong=0; private_global=0; MemPort=[13]; IO mode=ap_memory:ce=0
Port [ A_25]:  wired=1; compound=1; hidden=0; nouse=0; global=0; static=0; extern=0; dir=0; type=1; pingpong=0; private_global=0; MemPort=[13]; IO mode=ap_memory:ce=0
Port [ A_26]:  wired=1; compound=1; hidden=0; nouse=0; global=0; static=0; extern=0; dir=0; type=1; pingpong=0; private_global=0; MemPort=[13]; IO mode=ap_memory:ce=0
Port [ A_27]:  wired=1; compound=1; hidden=0; nouse=0; global=0; static=0; extern=0; dir=0; type=1; pingpong=0; private_global=0; MemPort=[13]; IO mode=ap_memory:ce=0
Port [ A_28]:  wired=1; compound=1; hidden=0; nouse=0; global=0; static=0; extern=0; dir=0; type=1; pingpong=0; private_global=0; MemPort=[13]; IO mode=ap_memory:ce=0
Port [ A_29]:  wired=1; compound=1; hidden=0; nouse=0; global=0; static=0; extern=0; dir=0; type=1; pingpong=0; private_global=0; MemPort=[13]; IO mode=ap_memory:ce=0
Port [ A_30]:  wired=1; compound=1; hidden=0; nouse=0; global=0; static=0; extern=0; dir=0; type=1; pingpong=0; private_global=0; MemPort=[13]; IO mode=ap_memory:ce=0
Port [ A_31]:  wired=1; compound=1; hidden=0; nouse=0; global=0; static=0; extern=0; dir=0; type=1; pingpong=0; private_global=0; MemPort=[13]; IO mode=ap_memory:ce=0
Port [ C]:  wired=1; compound=1; hidden=0; nouse=0; global=0; static=0; extern=0; dir=1; type=1; pingpong=0; private_global=0; MemPort=[03]; IO mode=ap_memory:ce=0
Port [ B]:  wired=1; compound=1; hidden=0; nouse=0; global=0; static=0; extern=0; dir=0; type=1; pingpong=0; private_global=0; MemPort=[13]; IO mode=ap_memory:ce=0
Port [ B_1]:  wired=1; compound=1; hidden=0; nouse=0; global=0; static=0; extern=0; dir=0; type=1; pingpong=0; private_global=0; MemPort=[13]; IO mode=ap_memory:ce=0
Port [ B_2]:  wired=1; compound=1; hidden=0; nouse=0; global=0; static=0; extern=0; dir=0; type=1; pingpong=0; private_global=0; MemPort=[13]; IO mode=ap_memory:ce=0
Port [ B_3]:  wired=1; compound=1; hidden=0; nouse=0; global=0; static=0; extern=0; dir=0; type=1; pingpong=0; private_global=0; MemPort=[13]; IO mode=ap_memory:ce=0
Port [ B_4]:  wired=1; compound=1; hidden=0; nouse=0; global=0; static=0; extern=0; dir=0; type=1; pingpong=0; private_global=0; MemPort=[13]; IO mode=ap_memory:ce=0
Port [ B_5]:  wired=1; compound=1; hidden=0; nouse=0; global=0; static=0; extern=0; dir=0; type=1; pingpong=0; private_global=0; MemPort=[13]; IO mode=ap_memory:ce=0
Port [ B_6]:  wired=1; compound=1; hidden=0; nouse=0; global=0; static=0; extern=0; dir=0; type=1; pingpong=0; private_global=0; MemPort=[13]; IO mode=ap_memory:ce=0
Port [ B_7]:  wired=1; compound=1; hidden=0; nouse=0; global=0; static=0; extern=0; dir=0; type=1; pingpong=0; private_global=0; MemPort=[13]; IO mode=ap_memory:ce=0
Port [ B_8]:  wired=1; compound=1; hidden=0; nouse=0; global=0; static=0; extern=0; dir=0; type=1; pingpong=0; private_global=0; MemPort=[13]; IO mode=ap_memory:ce=0
Port [ B_9]:  wired=1; compound=1; hidden=0; nouse=0; global=0; static=0; extern=0; dir=0; type=1; pingpong=0; private_global=0; MemPort=[13]; IO mode=ap_memory:ce=0
Port [ B_10]:  wired=1; compound=1; hidden=0; nouse=0; global=0; static=0; extern=0; dir=0; type=1; pingpong=0; private_global=0; MemPort=[13]; IO mode=ap_memory:ce=0
Port [ B_11]:  wired=1; compound=1; hidden=0; nouse=0; global=0; static=0; extern=0; dir=0; type=1; pingpong=0; private_global=0; MemPort=[13]; IO mode=ap_memory:ce=0
Port [ B_12]:  wired=1; compound=1; hidden=0; nouse=0; global=0; static=0; extern=0; dir=0; type=1; pingpong=0; private_global=0; MemPort=[13]; IO mode=ap_memory:ce=0
Port [ B_13]:  wired=1; compound=1; hidden=0; nouse=0; global=0; static=0; extern=0; dir=0; type=1; pingpong=0; private_global=0; MemPort=[13]; IO mode=ap_memory:ce=0
Port [ B_14]:  wired=1; compound=1; hidden=0; nouse=0; global=0; static=0; extern=0; dir=0; type=1; pingpong=0; private_global=0; MemPort=[13]; IO mode=ap_memory:ce=0
Port [ B_15]:  wired=1; compound=1; hidden=0; nouse=0; global=0; static=0; extern=0; dir=0; type=1; pingpong=0; private_global=0; MemPort=[13]; IO mode=ap_memory:ce=0
Port [ B_16]:  wired=1; compound=1; hidden=0; nouse=0; global=0; static=0; extern=0; dir=0; type=1; pingpong=0; private_global=0; MemPort=[13]; IO mode=ap_memory:ce=0
Port [ B_17]:  wired=1; compound=1; hidden=0; nouse=0; global=0; static=0; extern=0; dir=0; type=1; pingpong=0; private_global=0; MemPort=[13]; IO mode=ap_memory:ce=0
Port [ B_18]:  wired=1; compound=1; hidden=0; nouse=0; global=0; static=0; extern=0; dir=0; type=1; pingpong=0; private_global=0; MemPort=[13]; IO mode=ap_memory:ce=0
Port [ B_19]:  wired=1; compound=1; hidden=0; nouse=0; global=0; static=0; extern=0; dir=0; type=1; pingpong=0; private_global=0; MemPort=[13]; IO mode=ap_memory:ce=0
Port [ B_20]:  wired=1; compound=1; hidden=0; nouse=0; global=0; static=0; extern=0; dir=0; type=1; pingpong=0; private_global=0; MemPort=[13]; IO mode=ap_memory:ce=0
Port [ B_21]:  wired=1; compound=1; hidden=0; nouse=0; global=0; static=0; extern=0; dir=0; type=1; pingpong=0; private_global=0; MemPort=[13]; IO mode=ap_memory:ce=0
Port [ B_22]:  wired=1; compound=1; hidden=0; nouse=0; global=0; static=0; extern=0; dir=0; type=1; pingpong=0; private_global=0; MemPort=[13]; IO mode=ap_memory:ce=0
Port [ B_23]:  wired=1; compound=1; hidden=0; nouse=0; global=0; static=0; extern=0; dir=0; type=1; pingpong=0; private_global=0; MemPort=[13]; IO mode=ap_memory:ce=0
Port [ B_24]:  wired=1; compound=1; hidden=0; nouse=0; global=0; static=0; extern=0; dir=0; type=1; pingpong=0; private_global=0; MemPort=[13]; IO mode=ap_memory:ce=0
Port [ B_25]:  wired=1; compound=1; hidden=0; nouse=0; global=0; static=0; extern=0; dir=0; type=1; pingpong=0; private_global=0; MemPort=[13]; IO mode=ap_memory:ce=0
Port [ B_26]:  wired=1; compound=1; hidden=0; nouse=0; global=0; static=0; extern=0; dir=0; type=1; pingpong=0; private_global=0; MemPort=[13]; IO mode=ap_memory:ce=0
Port [ B_27]:  wired=1; compound=1; hidden=0; nouse=0; global=0; static=0; extern=0; dir=0; type=1; pingpong=0; private_global=0; MemPort=[13]; IO mode=ap_memory:ce=0
Port [ B_28]:  wired=1; compound=1; hidden=0; nouse=0; global=0; static=0; extern=0; dir=0; type=1; pingpong=0; private_global=0; MemPort=[13]; IO mode=ap_memory:ce=0
Port [ B_29]:  wired=1; compound=1; hidden=0; nouse=0; global=0; static=0; extern=0; dir=0; type=1; pingpong=0; private_global=0; MemPort=[13]; IO mode=ap_memory:ce=0
Port [ B_30]:  wired=1; compound=1; hidden=0; nouse=0; global=0; static=0; extern=0; dir=0; type=1; pingpong=0; private_global=0; MemPort=[13]; IO mode=ap_memory:ce=0
Port [ B_31]:  wired=1; compound=1; hidden=0; nouse=0; global=0; static=0; extern=0; dir=0; type=1; pingpong=0; private_global=0; MemPort=[13]; IO mode=ap_memory:ce=0
---------------- STG Properties END ------------------

---------------- Datapath Model BEGIN ----------------

<LifeTime>
<method=bitvector/>
j                     (alloca           ) [ 01100000000]
i                     (alloca           ) [ 01100000000]
indvar_flatten13      (alloca           ) [ 01000000000]
store_ln0             (store            ) [ 00000000000]
store_ln39            (store            ) [ 00000000000]
store_ln40            (store            ) [ 00000000000]
br_ln0                (br               ) [ 00000000000]
indvar_flatten13_load (load             ) [ 00000000000]
icmp_ln39             (icmp             ) [ 01111111110]
add_ln39_1            (add              ) [ 00000000000]
br_ln39               (br               ) [ 00000000000]
store_ln39            (store            ) [ 00000000000]
j_load                (load             ) [ 00000000000]
i_load                (load             ) [ 00000000000]
add_ln39              (add              ) [ 00000000000]
icmp_ln40             (icmp             ) [ 00000000000]
select_ln39           (select           ) [ 00000000000]
select_ln39_1         (select           ) [ 00000000000]
trunc_ln39            (trunc            ) [ 00000000000]
zext_ln39             (zext             ) [ 01011000000]
tmp                   (bitconcatenate   ) [ 00000000000]
A_28_addr             (getelementptr    ) [ 01010000000]
A_29_addr             (getelementptr    ) [ 01010000000]
A_30_addr             (getelementptr    ) [ 01010000000]
A_31_addr             (getelementptr    ) [ 01010000000]
zext_ln40             (zext             ) [ 01011000000]
zext_ln47             (zext             ) [ 00000000000]
add_ln47              (add              ) [ 01011111111]
B_28_addr             (getelementptr    ) [ 01010000000]
B_29_addr             (getelementptr    ) [ 01010000000]
B_30_addr             (getelementptr    ) [ 01010000000]
B_31_addr             (getelementptr    ) [ 01010000000]
add_ln40              (add              ) [ 00000000000]
store_ln39            (store            ) [ 00000000000]
store_ln40            (store            ) [ 00000000000]
A_4_addr              (getelementptr    ) [ 01001000000]
A_5_addr              (getelementptr    ) [ 01001000000]
A_6_addr              (getelementptr    ) [ 01001000000]
A_7_addr              (getelementptr    ) [ 01001000000]
A_12_addr             (getelementptr    ) [ 01001000000]
A_13_addr             (getelementptr    ) [ 01001000000]
A_14_addr             (getelementptr    ) [ 01001000000]
A_15_addr             (getelementptr    ) [ 01001000000]
A_16_addr             (getelementptr    ) [ 01001000000]
A_17_addr             (getelementptr    ) [ 01001000000]
A_18_addr             (getelementptr    ) [ 01001000000]
A_19_addr             (getelementptr    ) [ 01001000000]
A_20_addr             (getelementptr    ) [ 01001000000]
A_21_addr             (getelementptr    ) [ 01001000000]
A_22_addr             (getelementptr    ) [ 01001000000]
A_23_addr             (getelementptr    ) [ 01001000000]
A_24_addr             (getelementptr    ) [ 01001000000]
A_25_addr             (getelementptr    ) [ 01001000000]
A_26_addr             (getelementptr    ) [ 01001000000]
A_27_addr             (getelementptr    ) [ 01001000000]
A_28_load             (load             ) [ 01001100000]
A_29_load             (load             ) [ 01001100000]
A_30_load             (load             ) [ 01001100000]
A_31_load             (load             ) [ 01001100000]
B_4_addr              (getelementptr    ) [ 01001000000]
B_5_addr              (getelementptr    ) [ 01001000000]
B_6_addr              (getelementptr    ) [ 01001000000]
B_7_addr              (getelementptr    ) [ 01001000000]
B_12_addr             (getelementptr    ) [ 01001000000]
B_13_addr             (getelementptr    ) [ 01001000000]
B_14_addr             (getelementptr    ) [ 01001000000]
B_15_addr             (getelementptr    ) [ 01001000000]
B_16_addr             (getelementptr    ) [ 01001000000]
B_17_addr             (getelementptr    ) [ 01001000000]
B_18_addr             (getelementptr    ) [ 01001000000]
B_19_addr             (getelementptr    ) [ 01001000000]
B_20_addr             (getelementptr    ) [ 01001000000]
B_21_addr             (getelementptr    ) [ 01001000000]
B_22_addr             (getelementptr    ) [ 01001000000]
B_23_addr             (getelementptr    ) [ 01001000000]
B_24_addr             (getelementptr    ) [ 01001000000]
B_25_addr             (getelementptr    ) [ 01001000000]
B_26_addr             (getelementptr    ) [ 01001000000]
B_27_addr             (getelementptr    ) [ 01001000000]
B_28_load             (load             ) [ 01001100000]
B_29_load             (load             ) [ 01001100000]
B_30_load             (load             ) [ 01001100000]
B_31_load             (load             ) [ 01001100000]
A_addr                (getelementptr    ) [ 01000100000]
A_1_addr              (getelementptr    ) [ 01000100000]
A_2_addr              (getelementptr    ) [ 01000100000]
A_3_addr              (getelementptr    ) [ 01000100000]
A_4_load              (load             ) [ 01000110000]
A_5_load              (load             ) [ 01000110000]
A_6_load              (load             ) [ 01000110000]
A_7_load              (load             ) [ 01000110000]
A_8_addr              (getelementptr    ) [ 01000100000]
A_9_addr              (getelementptr    ) [ 01000100000]
A_10_addr             (getelementptr    ) [ 01000100000]
A_11_addr             (getelementptr    ) [ 01000100000]
A_12_load             (load             ) [ 01000110000]
A_13_load             (load             ) [ 01000110000]
A_14_load             (load             ) [ 01000110000]
A_15_load             (load             ) [ 01000110000]
A_16_load             (load             ) [ 01000110000]
A_17_load             (load             ) [ 01000110000]
A_18_load             (load             ) [ 01000110000]
A_19_load             (load             ) [ 01000110000]
A_20_load             (load             ) [ 01000110000]
A_21_load             (load             ) [ 01000110000]
A_22_load             (load             ) [ 01000110000]
A_23_load             (load             ) [ 01000110000]
A_24_load             (load             ) [ 01000110000]
A_25_load             (load             ) [ 01000110000]
A_26_load             (load             ) [ 01000110000]
A_27_load             (load             ) [ 01000110000]
B_addr                (getelementptr    ) [ 01000100000]
B_1_addr              (getelementptr    ) [ 01000100000]
B_2_addr              (getelementptr    ) [ 01000100000]
B_3_addr              (getelementptr    ) [ 01000100000]
B_4_load              (load             ) [ 01000110000]
B_5_load              (load             ) [ 01000110000]
B_6_load              (load             ) [ 01000110000]
B_7_load              (load             ) [ 01000110000]
B_8_addr              (getelementptr    ) [ 01000100000]
B_9_addr              (getelementptr    ) [ 01000100000]
B_10_addr             (getelementptr    ) [ 01000100000]
B_11_addr             (getelementptr    ) [ 01000100000]
B_12_load             (load             ) [ 01000110000]
B_13_load             (load             ) [ 01000110000]
B_14_load             (load             ) [ 01000110000]
B_15_load             (load             ) [ 01000110000]
B_16_load             (load             ) [ 01000110000]
B_17_load             (load             ) [ 01000110000]
B_18_load             (load             ) [ 01000110000]
B_19_load             (load             ) [ 01000110000]
B_20_load             (load             ) [ 01000110000]
B_21_load             (load             ) [ 01000110000]
B_22_load             (load             ) [ 01000110000]
B_23_load             (load             ) [ 01000110000]
B_24_load             (load             ) [ 01000110000]
B_25_load             (load             ) [ 01000110000]
B_26_load             (load             ) [ 01000110000]
B_27_load             (load             ) [ 01000110000]
A_load                (load             ) [ 01000011000]
A_1_load              (load             ) [ 01000011000]
A_2_load              (load             ) [ 01000011000]
A_3_load              (load             ) [ 01000011000]
A_8_load              (load             ) [ 01000011000]
A_9_load              (load             ) [ 01000011000]
A_10_load             (load             ) [ 01000011000]
A_11_load             (load             ) [ 01000011000]
B_load                (load             ) [ 01000011000]
B_1_load              (load             ) [ 01000011000]
B_2_load              (load             ) [ 01000011000]
B_3_load              (load             ) [ 01000011000]
B_8_load              (load             ) [ 01000011000]
B_9_load              (load             ) [ 01000011000]
B_10_load             (load             ) [ 01000011000]
B_11_load             (load             ) [ 01000011000]
mul_ln45              (mul              ) [ 01000010000]
mul_ln45_1            (mul              ) [ 01000010000]
mul_ln45_2            (mul              ) [ 01000010000]
mul_ln45_3            (mul              ) [ 01000010000]
mul_ln45_4            (mul              ) [ 01000001000]
mul_ln45_5            (mul              ) [ 01000001000]
mul_ln45_6            (mul              ) [ 01000001000]
mul_ln45_7            (mul              ) [ 01000001000]
mul_ln45_8            (mul              ) [ 01000001000]
mul_ln45_9            (mul              ) [ 01000001000]
mul_ln45_10           (mul              ) [ 01000001000]
mul_ln45_11           (mul              ) [ 01000001000]
mul_ln45_12           (mul              ) [ 01000001000]
mul_ln45_13           (mul              ) [ 01000001000]
mul_ln45_14           (mul              ) [ 01000001000]
mul_ln45_15           (mul              ) [ 01000001000]
mul_ln45_16           (mul              ) [ 01000001000]
mul_ln45_17           (mul              ) [ 01000001000]
mul_ln45_18           (mul              ) [ 01000001000]
mul_ln45_19           (mul              ) [ 01000001000]
mul_ln45_24           (mul              ) [ 01000001000]
mul_ln45_25           (mul              ) [ 01000001000]
mul_ln45_26           (mul              ) [ 01000001000]
mul_ln45_27           (mul              ) [ 01000001000]
add_ln45_25           (add              ) [ 00000000000]
add_ln45_26           (add              ) [ 00000000000]
add_ln45_27           (add              ) [ 01000001000]
mul_ln45_20           (mul              ) [ 01000000100]
mul_ln45_21           (mul              ) [ 01000000100]
mul_ln45_22           (mul              ) [ 01000000100]
mul_ln45_23           (mul              ) [ 01000000100]
mul_ln45_28           (mul              ) [ 01000000100]
mul_ln45_29           (mul              ) [ 01000000100]
mul_ln45_30           (mul              ) [ 01000000100]
mul_ln45_31           (mul              ) [ 01000000100]
add_ln45_3            (add              ) [ 00000000000]
add_ln45_4            (add              ) [ 00000000000]
add_ln45_5            (add              ) [ 01000000100]
add_ln45_10           (add              ) [ 00000000000]
add_ln45_11           (add              ) [ 00000000000]
add_ln45_12           (add              ) [ 01000000100]
add_ln45_15           (add              ) [ 00000000000]
add_ln45_16           (add              ) [ 00000000000]
add_ln45_17           (add              ) [ 01000000100]
add_ln45_18           (add              ) [ 00000000000]
add_ln45_19           (add              ) [ 00000000000]
add_ln45_20           (add              ) [ 01000000100]
add_ln45_22           (add              ) [ 00000000000]
add_ln45_23           (add              ) [ 00000000000]
add_ln45_24           (add              ) [ 00000000000]
add_ln45_28           (add              ) [ 01000000100]
add_ln45              (add              ) [ 00000000000]
add_ln45_1            (add              ) [ 00000000000]
add_ln45_2            (add              ) [ 00000000000]
add_ln45_6            (add              ) [ 01000000010]
add_ln45_7            (add              ) [ 00000000000]
add_ln45_8            (add              ) [ 00000000000]
add_ln45_9            (add              ) [ 00000000000]
add_ln45_13           (add              ) [ 01000000010]
add_ln45_21           (add              ) [ 00000000000]
add_ln45_29           (add              ) [ 01000000010]
add_ln45_14           (add              ) [ 00000000000]
sum                   (add              ) [ 01000000001]
specloopname_ln0      (specloopname     ) [ 00000000000]
speclooptripcount_ln0 (speclooptripcount) [ 00000000000]
zext_ln47_1           (zext             ) [ 00000000000]
C_addr                (getelementptr    ) [ 00000000000]
specpipeline_ln41     (specpipeline     ) [ 00000000000]
store_ln47            (store            ) [ 00000000000]
br_ln40               (br               ) [ 00000000000]
ret_ln0               (ret              ) [ 00000000000]
</LifeTime>

<model>

<comp_list>
<comp id="0" class="1000" name="A">
<pin_list>
<pin id="1" dir="1" index="0" bw="1" slack="0"/>
</pin_list>
<bind>
<StgValue><ssdm name="A"/><MemPortTyVec>1 3 </MemPortTyVec>
</StgValue>
</bind>
</comp>

<comp id="2" class="1000" name="A_1">
<pin_list>
<pin id="3" dir="1" index="0" bw="1" slack="0"/>
</pin_list>
<bind>
<StgValue><ssdm name="A_1"/><MemPortTyVec>1 3 </MemPortTyVec>
</StgValue>
</bind>
</comp>

<comp id="4" class="1000" name="A_2">
<pin_list>
<pin id="5" dir="1" index="0" bw="1" slack="0"/>
</pin_list>
<bind>
<StgValue><ssdm name="A_2"/><MemPortTyVec>1 3 </MemPortTyVec>
</StgValue>
</bind>
</comp>

<comp id="6" class="1000" name="A_3">
<pin_list>
<pin id="7" dir="1" index="0" bw="1" slack="0"/>
</pin_list>
<bind>
<StgValue><ssdm name="A_3"/><MemPortTyVec>1 3 </MemPortTyVec>
</StgValue>
</bind>
</comp>

<comp id="8" class="1000" name="A_4">
<pin_list>
<pin id="9" dir="1" index="0" bw="1" slack="0"/>
</pin_list>
<bind>
<StgValue><ssdm name="A_4"/><MemPortTyVec>1 3 </MemPortTyVec>
</StgValue>
</bind>
</comp>

<comp id="10" class="1000" name="A_5">
<pin_list>
<pin id="11" dir="1" index="0" bw="1" slack="0"/>
</pin_list>
<bind>
<StgValue><ssdm name="A_5"/><MemPortTyVec>1 3 </MemPortTyVec>
</StgValue>
</bind>
</comp>

<comp id="12" class="1000" name="A_6">
<pin_list>
<pin id="13" dir="1" index="0" bw="1" slack="0"/>
</pin_list>
<bind>
<StgValue><ssdm name="A_6"/><MemPortTyVec>1 3 </MemPortTyVec>
</StgValue>
</bind>
</comp>

<comp id="14" class="1000" name="A_7">
<pin_list>
<pin id="15" dir="1" index="0" bw="1" slack="0"/>
</pin_list>
<bind>
<StgValue><ssdm name="A_7"/><MemPortTyVec>1 3 </MemPortTyVec>
</StgValue>
</bind>
</comp>

<comp id="16" class="1000" name="A_8">
<pin_list>
<pin id="17" dir="1" index="0" bw="1" slack="0"/>
</pin_list>
<bind>
<StgValue><ssdm name="A_8"/><MemPortTyVec>1 3 </MemPortTyVec>
</StgValue>
</bind>
</comp>

<comp id="18" class="1000" name="A_9">
<pin_list>
<pin id="19" dir="1" index="0" bw="1" slack="0"/>
</pin_list>
<bind>
<StgValue><ssdm name="A_9"/><MemPortTyVec>1 3 </MemPortTyVec>
</StgValue>
</bind>
</comp>

<comp id="20" class="1000" name="A_10">
<pin_list>
<pin id="21" dir="1" index="0" bw="1" slack="0"/>
</pin_list>
<bind>
<StgValue><ssdm name="A_10"/><MemPortTyVec>1 3 </MemPortTyVec>
</StgValue>
</bind>
</comp>

<comp id="22" class="1000" name="A_11">
<pin_list>
<pin id="23" dir="1" index="0" bw="1" slack="0"/>
</pin_list>
<bind>
<StgValue><ssdm name="A_11"/><MemPortTyVec>1 3 </MemPortTyVec>
</StgValue>
</bind>
</comp>

<comp id="24" class="1000" name="A_12">
<pin_list>
<pin id="25" dir="1" index="0" bw="1" slack="0"/>
</pin_list>
<bind>
<StgValue><ssdm name="A_12"/><MemPortTyVec>1 3 </MemPortTyVec>
</StgValue>
</bind>
</comp>

<comp id="26" class="1000" name="A_13">
<pin_list>
<pin id="27" dir="1" index="0" bw="1" slack="0"/>
</pin_list>
<bind>
<StgValue><ssdm name="A_13"/><MemPortTyVec>1 3 </MemPortTyVec>
</StgValue>
</bind>
</comp>

<comp id="28" class="1000" name="A_14">
<pin_list>
<pin id="29" dir="1" index="0" bw="1" slack="0"/>
</pin_list>
<bind>
<StgValue><ssdm name="A_14"/><MemPortTyVec>1 3 </MemPortTyVec>
</StgValue>
</bind>
</comp>

<comp id="30" class="1000" name="A_15">
<pin_list>
<pin id="31" dir="1" index="0" bw="1" slack="0"/>
</pin_list>
<bind>
<StgValue><ssdm name="A_15"/><MemPortTyVec>1 3 </MemPortTyVec>
</StgValue>
</bind>
</comp>

<comp id="32" class="1000" name="A_16">
<pin_list>
<pin id="33" dir="1" index="0" bw="1" slack="0"/>
</pin_list>
<bind>
<StgValue><ssdm name="A_16"/><MemPortTyVec>1 3 </MemPortTyVec>
</StgValue>
</bind>
</comp>

<comp id="34" class="1000" name="A_17">
<pin_list>
<pin id="35" dir="1" index="0" bw="1" slack="0"/>
</pin_list>
<bind>
<StgValue><ssdm name="A_17"/><MemPortTyVec>1 3 </MemPortTyVec>
</StgValue>
</bind>
</comp>

<comp id="36" class="1000" name="A_18">
<pin_list>
<pin id="37" dir="1" index="0" bw="1" slack="0"/>
</pin_list>
<bind>
<StgValue><ssdm name="A_18"/><MemPortTyVec>1 3 </MemPortTyVec>
</StgValue>
</bind>
</comp>

<comp id="38" class="1000" name="A_19">
<pin_list>
<pin id="39" dir="1" index="0" bw="1" slack="0"/>
</pin_list>
<bind>
<StgValue><ssdm name="A_19"/><MemPortTyVec>1 3 </MemPortTyVec>
</StgValue>
</bind>
</comp>

<comp id="40" class="1000" name="A_20">
<pin_list>
<pin id="41" dir="1" index="0" bw="1" slack="0"/>
</pin_list>
<bind>
<StgValue><ssdm name="A_20"/><MemPortTyVec>1 3 </MemPortTyVec>
</StgValue>
</bind>
</comp>

<comp id="42" class="1000" name="A_21">
<pin_list>
<pin id="43" dir="1" index="0" bw="1" slack="0"/>
</pin_list>
<bind>
<StgValue><ssdm name="A_21"/><MemPortTyVec>1 3 </MemPortTyVec>
</StgValue>
</bind>
</comp>

<comp id="44" class="1000" name="A_22">
<pin_list>
<pin id="45" dir="1" index="0" bw="1" slack="0"/>
</pin_list>
<bind>
<StgValue><ssdm name="A_22"/><MemPortTyVec>1 3 </MemPortTyVec>
</StgValue>
</bind>
</comp>

<comp id="46" class="1000" name="A_23">
<pin_list>
<pin id="47" dir="1" index="0" bw="1" slack="0"/>
</pin_list>
<bind>
<StgValue><ssdm name="A_23"/><MemPortTyVec>1 3 </MemPortTyVec>
</StgValue>
</bind>
</comp>

<comp id="48" class="1000" name="A_24">
<pin_list>
<pin id="49" dir="1" index="0" bw="1" slack="0"/>
</pin_list>
<bind>
<StgValue><ssdm name="A_24"/><MemPortTyVec>1 3 </MemPortTyVec>
</StgValue>
</bind>
</comp>

<comp id="50" class="1000" name="A_25">
<pin_list>
<pin id="51" dir="1" index="0" bw="1" slack="0"/>
</pin_list>
<bind>
<StgValue><ssdm name="A_25"/><MemPortTyVec>1 3 </MemPortTyVec>
</StgValue>
</bind>
</comp>

<comp id="52" class="1000" name="A_26">
<pin_list>
<pin id="53" dir="1" index="0" bw="1" slack="0"/>
</pin_list>
<bind>
<StgValue><ssdm name="A_26"/><MemPortTyVec>1 3 </MemPortTyVec>
</StgValue>
</bind>
</comp>

<comp id="54" class="1000" name="A_27">
<pin_list>
<pin id="55" dir="1" index="0" bw="1" slack="0"/>
</pin_list>
<bind>
<StgValue><ssdm name="A_27"/><MemPortTyVec>1 3 </MemPortTyVec>
</StgValue>
</bind>
</comp>

<comp id="56" class="1000" name="A_28">
<pin_list>
<pin id="57" dir="1" index="0" bw="1" slack="0"/>
</pin_list>
<bind>
<StgValue><ssdm name="A_28"/><MemPortTyVec>1 3 </MemPortTyVec>
</StgValue>
</bind>
</comp>

<comp id="58" class="1000" name="A_29">
<pin_list>
<pin id="59" dir="1" index="0" bw="1" slack="0"/>
</pin_list>
<bind>
<StgValue><ssdm name="A_29"/><MemPortTyVec>1 3 </MemPortTyVec>
</StgValue>
</bind>
</comp>

<comp id="60" class="1000" name="A_30">
<pin_list>
<pin id="61" dir="1" index="0" bw="1" slack="0"/>
</pin_list>
<bind>
<StgValue><ssdm name="A_30"/><MemPortTyVec>1 3 </MemPortTyVec>
</StgValue>
</bind>
</comp>

<comp id="62" class="1000" name="A_31">
<pin_list>
<pin id="63" dir="1" index="0" bw="1" slack="0"/>
</pin_list>
<bind>
<StgValue><ssdm name="A_31"/><MemPortTyVec>1 3 </MemPortTyVec>
</StgValue>
</bind>
</comp>

<comp id="64" class="1000" name="C">
<pin_list>
<pin id="65" dir="1" index="0" bw="1" slack="0"/>
</pin_list>
<bind>
<StgValue><ssdm name="C"/><MemPortTyVec>0 3 </MemPortTyVec>
</StgValue>
</bind>
</comp>

<comp id="66" class="1000" name="B">
<pin_list>
<pin id="67" dir="1" index="0" bw="1" slack="0"/>
</pin_list>
<bind>
<StgValue><ssdm name="B"/><MemPortTyVec>1 3 </MemPortTyVec>
</StgValue>
</bind>
</comp>

<comp id="68" class="1000" name="B_1">
<pin_list>
<pin id="69" dir="1" index="0" bw="1" slack="0"/>
</pin_list>
<bind>
<StgValue><ssdm name="B_1"/><MemPortTyVec>1 3 </MemPortTyVec>
</StgValue>
</bind>
</comp>

<comp id="70" class="1000" name="B_2">
<pin_list>
<pin id="71" dir="1" index="0" bw="1" slack="0"/>
</pin_list>
<bind>
<StgValue><ssdm name="B_2"/><MemPortTyVec>1 3 </MemPortTyVec>
</StgValue>
</bind>
</comp>

<comp id="72" class="1000" name="B_3">
<pin_list>
<pin id="73" dir="1" index="0" bw="1" slack="0"/>
</pin_list>
<bind>
<StgValue><ssdm name="B_3"/><MemPortTyVec>1 3 </MemPortTyVec>
</StgValue>
</bind>
</comp>

<comp id="74" class="1000" name="B_4">
<pin_list>
<pin id="75" dir="1" index="0" bw="1" slack="0"/>
</pin_list>
<bind>
<StgValue><ssdm name="B_4"/><MemPortTyVec>1 3 </MemPortTyVec>
</StgValue>
</bind>
</comp>

<comp id="76" class="1000" name="B_5">
<pin_list>
<pin id="77" dir="1" index="0" bw="1" slack="0"/>
</pin_list>
<bind>
<StgValue><ssdm name="B_5"/><MemPortTyVec>1 3 </MemPortTyVec>
</StgValue>
</bind>
</comp>

<comp id="78" class="1000" name="B_6">
<pin_list>
<pin id="79" dir="1" index="0" bw="1" slack="0"/>
</pin_list>
<bind>
<StgValue><ssdm name="B_6"/><MemPortTyVec>1 3 </MemPortTyVec>
</StgValue>
</bind>
</comp>

<comp id="80" class="1000" name="B_7">
<pin_list>
<pin id="81" dir="1" index="0" bw="1" slack="0"/>
</pin_list>
<bind>
<StgValue><ssdm name="B_7"/><MemPortTyVec>1 3 </MemPortTyVec>
</StgValue>
</bind>
</comp>

<comp id="82" class="1000" name="B_8">
<pin_list>
<pin id="83" dir="1" index="0" bw="1" slack="0"/>
</pin_list>
<bind>
<StgValue><ssdm name="B_8"/><MemPortTyVec>1 3 </MemPortTyVec>
</StgValue>
</bind>
</comp>

<comp id="84" class="1000" name="B_9">
<pin_list>
<pin id="85" dir="1" index="0" bw="1" slack="0"/>
</pin_list>
<bind>
<StgValue><ssdm name="B_9"/><MemPortTyVec>1 3 </MemPortTyVec>
</StgValue>
</bind>
</comp>

<comp id="86" class="1000" name="B_10">
<pin_list>
<pin id="87" dir="1" index="0" bw="1" slack="0"/>
</pin_list>
<bind>
<StgValue><ssdm name="B_10"/><MemPortTyVec>1 3 </MemPortTyVec>
</StgValue>
</bind>
</comp>

<comp id="88" class="1000" name="B_11">
<pin_list>
<pin id="89" dir="1" index="0" bw="1" slack="0"/>
</pin_list>
<bind>
<StgValue><ssdm name="B_11"/><MemPortTyVec>1 3 </MemPortTyVec>
</StgValue>
</bind>
</comp>

<comp id="90" class="1000" name="B_12">
<pin_list>
<pin id="91" dir="1" index="0" bw="1" slack="0"/>
</pin_list>
<bind>
<StgValue><ssdm name="B_12"/><MemPortTyVec>1 3 </MemPortTyVec>
</StgValue>
</bind>
</comp>

<comp id="92" class="1000" name="B_13">
<pin_list>
<pin id="93" dir="1" index="0" bw="1" slack="0"/>
</pin_list>
<bind>
<StgValue><ssdm name="B_13"/><MemPortTyVec>1 3 </MemPortTyVec>
</StgValue>
</bind>
</comp>

<comp id="94" class="1000" name="B_14">
<pin_list>
<pin id="95" dir="1" index="0" bw="1" slack="0"/>
</pin_list>
<bind>
<StgValue><ssdm name="B_14"/><MemPortTyVec>1 3 </MemPortTyVec>
</StgValue>
</bind>
</comp>

<comp id="96" class="1000" name="B_15">
<pin_list>
<pin id="97" dir="1" index="0" bw="1" slack="0"/>
</pin_list>
<bind>
<StgValue><ssdm name="B_15"/><MemPortTyVec>1 3 </MemPortTyVec>
</StgValue>
</bind>
</comp>

<comp id="98" class="1000" name="B_16">
<pin_list>
<pin id="99" dir="1" index="0" bw="1" slack="0"/>
</pin_list>
<bind>
<StgValue><ssdm name="B_16"/><MemPortTyVec>1 3 </MemPortTyVec>
</StgValue>
</bind>
</comp>

<comp id="100" class="1000" name="B_17">
<pin_list>
<pin id="101" dir="1" index="0" bw="1" slack="0"/>
</pin_list>
<bind>
<StgValue><ssdm name="B_17"/><MemPortTyVec>1 3 </MemPortTyVec>
</StgValue>
</bind>
</comp>

<comp id="102" class="1000" name="B_18">
<pin_list>
<pin id="103" dir="1" index="0" bw="1" slack="0"/>
</pin_list>
<bind>
<StgValue><ssdm name="B_18"/><MemPortTyVec>1 3 </MemPortTyVec>
</StgValue>
</bind>
</comp>

<comp id="104" class="1000" name="B_19">
<pin_list>
<pin id="105" dir="1" index="0" bw="1" slack="0"/>
</pin_list>
<bind>
<StgValue><ssdm name="B_19"/><MemPortTyVec>1 3 </MemPortTyVec>
</StgValue>
</bind>
</comp>

<comp id="106" class="1000" name="B_20">
<pin_list>
<pin id="107" dir="1" index="0" bw="1" slack="0"/>
</pin_list>
<bind>
<StgValue><ssdm name="B_20"/><MemPortTyVec>1 3 </MemPortTyVec>
</StgValue>
</bind>
</comp>

<comp id="108" class="1000" name="B_21">
<pin_list>
<pin id="109" dir="1" index="0" bw="1" slack="0"/>
</pin_list>
<bind>
<StgValue><ssdm name="B_21"/><MemPortTyVec>1 3 </MemPortTyVec>
</StgValue>
</bind>
</comp>

<comp id="110" class="1000" name="B_22">
<pin_list>
<pin id="111" dir="1" index="0" bw="1" slack="0"/>
</pin_list>
<bind>
<StgValue><ssdm name="B_22"/><MemPortTyVec>1 3 </MemPortTyVec>
</StgValue>
</bind>
</comp>

<comp id="112" class="1000" name="B_23">
<pin_list>
<pin id="113" dir="1" index="0" bw="1" slack="0"/>
</pin_list>
<bind>
<StgValue><ssdm name="B_23"/><MemPortTyVec>1 3 </MemPortTyVec>
</StgValue>
</bind>
</comp>

<comp id="114" class="1000" name="B_24">
<pin_list>
<pin id="115" dir="1" index="0" bw="1" slack="0"/>
</pin_list>
<bind>
<StgValue><ssdm name="B_24"/><MemPortTyVec>1 3 </MemPortTyVec>
</StgValue>
</bind>
</comp>

<comp id="116" class="1000" name="B_25">
<pin_list>
<pin id="117" dir="1" index="0" bw="1" slack="0"/>
</pin_list>
<bind>
<StgValue><ssdm name="B_25"/><MemPortTyVec>1 3 </MemPortTyVec>
</StgValue>
</bind>
</comp>

<comp id="118" class="1000" name="B_26">
<pin_list>
<pin id="119" dir="1" index="0" bw="1" slack="0"/>
</pin_list>
<bind>
<StgValue><ssdm name="B_26"/><MemPortTyVec>1 3 </MemPortTyVec>
</StgValue>
</bind>
</comp>

<comp id="120" class="1000" name="B_27">
<pin_list>
<pin id="121" dir="1" index="0" bw="1" slack="0"/>
</pin_list>
<bind>
<StgValue><ssdm name="B_27"/><MemPortTyVec>1 3 </MemPortTyVec>
</StgValue>
</bind>
</comp>

<comp id="122" class="1000" name="B_28">
<pin_list>
<pin id="123" dir="1" index="0" bw="1" slack="0"/>
</pin_list>
<bind>
<StgValue><ssdm name="B_28"/><MemPortTyVec>1 3 </MemPortTyVec>
</StgValue>
</bind>
</comp>

<comp id="124" class="1000" name="B_29">
<pin_list>
<pin id="125" dir="1" index="0" bw="1" slack="0"/>
</pin_list>
<bind>
<StgValue><ssdm name="B_29"/><MemPortTyVec>1 3 </MemPortTyVec>
</StgValue>
</bind>
</comp>

<comp id="126" class="1000" name="B_30">
<pin_list>
<pin id="127" dir="1" index="0" bw="1" slack="0"/>
</pin_list>
<bind>
<StgValue><ssdm name="B_30"/><MemPortTyVec>1 3 </MemPortTyVec>
</StgValue>
</bind>
</comp>

<comp id="128" class="1000" name="B_31">
<pin_list>
<pin id="129" dir="1" index="0" bw="1" slack="0"/>
</pin_list>
<bind>
<StgValue><ssdm name="B_31"/><MemPortTyVec>1 3 </MemPortTyVec>
</StgValue>
</bind>
</comp>

<comp id="130" class="1001" name="const_130">
<pin_list>
<pin id="131" dir="1" index="0" bw="1" slack="0"/>
</pin_list>
<bind>
<StgValue><ssdm name=""/></StgValue>
</bind>
</comp>

<comp id="132" class="1001" name="const_132">
<pin_list>
<pin id="133" dir="1" index="0" bw="1" slack="0"/>
</pin_list>
<bind>
<StgValue><ssdm name=""/></StgValue>
</bind>
</comp>

<comp id="134" class="1001" name="const_134">
<pin_list>
<pin id="135" dir="1" index="0" bw="1" slack="0"/>
</pin_list>
<bind>
<StgValue><ssdm name=""/></StgValue>
</bind>
</comp>

<comp id="136" class="1001" name="const_136">
<pin_list>
<pin id="137" dir="1" index="0" bw="1" slack="0"/>
</pin_list>
<bind>
<StgValue><ssdm name=""/></StgValue>
</bind>
</comp>

<comp id="138" class="1001" name="const_138">
<pin_list>
<pin id="139" dir="1" index="0" bw="1" slack="0"/>
</pin_list>
<bind>
<StgValue><ssdm name=""/></StgValue>
</bind>
</comp>

<comp id="140" class="1001" name="const_140">
<pin_list>
<pin id="141" dir="1" index="0" bw="1" slack="0"/>
</pin_list>
<bind>
<StgValue><ssdm name=""/></StgValue>
</bind>
</comp>

<comp id="142" class="1001" name="const_142">
<pin_list>
<pin id="143" dir="1" index="0" bw="1" slack="0"/>
</pin_list>
<bind>
<StgValue><ssdm name=""/></StgValue>
</bind>
</comp>

<comp id="144" class="1001" name="const_144">
<pin_list>
<pin id="145" dir="1" index="0" bw="1" slack="0"/>
</pin_list>
<bind>
<StgValue><ssdm name="_ssdm_op_BitConcatenate.i10.i5.i5"/></StgValue>
</bind>
</comp>

<comp id="146" class="1001" name="const_146">
<pin_list>
<pin id="147" dir="1" index="0" bw="1" slack="0"/>
</pin_list>
<bind>
<StgValue><ssdm name=""/></StgValue>
</bind>
</comp>

<comp id="148" class="1001" name="const_148">
<pin_list>
<pin id="149" dir="1" index="0" bw="1" slack="0"/>
</pin_list>
<bind>
<StgValue><ssdm name=""/></StgValue>
</bind>
</comp>

<comp id="150" class="1001" name="const_150">
<pin_list>
<pin id="151" dir="1" index="0" bw="1" slack="2147483647"/>
</pin_list>
<bind>
<StgValue><ssdm name="_ssdm_op_SpecLoopName"/></StgValue>
</bind>
</comp>

<comp id="152" class="1001" name="const_152">
<pin_list>
<pin id="153" dir="1" index="0" bw="1" slack="2147483647"/>
</pin_list>
<bind>
<StgValue><ssdm name="VITIS_LOOP_39_5_VITIS_LOOP_40_6_str"/></StgValue>
</bind>
</comp>

<comp id="154" class="1001" name="const_154">
<pin_list>
<pin id="155" dir="1" index="0" bw="1" slack="2147483647"/>
</pin_list>
<bind>
<StgValue><ssdm name="_ssdm_op_SpecLoopTripCount"/></StgValue>
</bind>
</comp>

<comp id="156" class="1001" name="const_156">
<pin_list>
<pin id="157" dir="1" index="0" bw="1" slack="2147483647"/>
</pin_list>
<bind>
<StgValue><ssdm name=""/></StgValue>
</bind>
</comp>

<comp id="158" class="1001" name="const_158">
<pin_list>
<pin id="159" dir="1" index="0" bw="1" slack="2147483647"/>
</pin_list>
<bind>
<StgValue><ssdm name="_ssdm_op_SpecPipeline"/></StgValue>
</bind>
</comp>

<comp id="160" class="1001" name="const_160">
<pin_list>
<pin id="161" dir="1" index="0" bw="1" slack="2147483647"/>
</pin_list>
<bind>
<StgValue><ssdm name=""/></StgValue>
</bind>
</comp>

<comp id="162" class="1001" name="const_162">
<pin_list>
<pin id="163" dir="1" index="0" bw="1" slack="2147483647"/>
</pin_list>
<bind>
<StgValue><ssdm name=""/></StgValue>
</bind>
</comp>

<comp id="164" class="1001" name="const_164">
<pin_list>
<pin id="165" dir="1" index="0" bw="1" slack="2147483647"/>
</pin_list>
<bind>
<StgValue><ssdm name="empty_1"/></StgValue>
</bind>
</comp>

<comp id="166" class="1004" name="j_fu_166">
<pin_list>
<pin id="167" dir="0" index="0" bw="1" slack="0"/>
<pin id="168" dir="1" index="1" bw="6" slack="0"/>
</pin_list>
<bind>
<opcode="alloca(26) " fcode="alloca"/>
<opset="j/1 "/>
</bind>
</comp>

<comp id="170" class="1004" name="i_fu_170">
<pin_list>
<pin id="171" dir="0" index="0" bw="1" slack="0"/>
<pin id="172" dir="1" index="1" bw="6" slack="0"/>
</pin_list>
<bind>
<opcode="alloca(26) " fcode="alloca"/>
<opset="i/1 "/>
</bind>
</comp>

<comp id="174" class="1004" name="indvar_flatten13_fu_174">
<pin_list>
<pin id="175" dir="0" index="0" bw="1" slack="0"/>
<pin id="176" dir="1" index="1" bw="11" slack="0"/>
</pin_list>
<bind>
<opcode="alloca(26) " fcode="alloca"/>
<opset="indvar_flatten13/1 "/>
</bind>
</comp>

<comp id="178" class="1004" name="A_28_addr_gep_fu_178">
<pin_list>
<pin id="179" dir="0" index="0" bw="32" slack="0"/>
<pin id="180" dir="0" index="1" bw="1" slack="0"/>
<pin id="181" dir="0" index="2" bw="6" slack="0"/>
<pin id="182" dir="1" index="3" bw="5" slack="0"/>
</pin_list>
<bind>
<opcode="getelementptr(29) " fcode="getelementptr"/>
<opset="A_28_addr/2 "/>
</bind>
</comp>

<comp id="185" class="1004" name="grp_access_fu_185">
<pin_list>
<pin id="186" dir="0" index="0" bw="5" slack="0"/>
<pin id="187" dir="0" index="1" bw="32" slack="2147483647"/>
<pin id="188" dir="0" index="2" bw="0" slack="2147483647"/>
<pin id="189" dir="1" index="3" bw="32" slack="1"/>
</pin_list>
<bind>
<opcode="load(27) " fcode="load"/>
<opset="A_28_load/2 "/>
</bind>
</comp>

<comp id="191" class="1004" name="A_29_addr_gep_fu_191">
<pin_list>
<pin id="192" dir="0" index="0" bw="32" slack="0"/>
<pin id="193" dir="0" index="1" bw="1" slack="0"/>
<pin id="194" dir="0" index="2" bw="6" slack="0"/>
<pin id="195" dir="1" index="3" bw="5" slack="0"/>
</pin_list>
<bind>
<opcode="getelementptr(29) " fcode="getelementptr"/>
<opset="A_29_addr/2 "/>
</bind>
</comp>

<comp id="198" class="1004" name="grp_access_fu_198">
<pin_list>
<pin id="199" dir="0" index="0" bw="5" slack="0"/>
<pin id="200" dir="0" index="1" bw="32" slack="2147483647"/>
<pin id="201" dir="0" index="2" bw="0" slack="2147483647"/>
<pin id="202" dir="1" index="3" bw="32" slack="1"/>
</pin_list>
<bind>
<opcode="load(27) " fcode="load"/>
<opset="A_29_load/2 "/>
</bind>
</comp>

<comp id="204" class="1004" name="A_30_addr_gep_fu_204">
<pin_list>
<pin id="205" dir="0" index="0" bw="32" slack="0"/>
<pin id="206" dir="0" index="1" bw="1" slack="0"/>
<pin id="207" dir="0" index="2" bw="6" slack="0"/>
<pin id="208" dir="1" index="3" bw="5" slack="0"/>
</pin_list>
<bind>
<opcode="getelementptr(29) " fcode="getelementptr"/>
<opset="A_30_addr/2 "/>
</bind>
</comp>

<comp id="211" class="1004" name="grp_access_fu_211">
<pin_list>
<pin id="212" dir="0" index="0" bw="5" slack="0"/>
<pin id="213" dir="0" index="1" bw="32" slack="2147483647"/>
<pin id="214" dir="0" index="2" bw="0" slack="2147483647"/>
<pin id="215" dir="1" index="3" bw="32" slack="1"/>
</pin_list>
<bind>
<opcode="load(27) " fcode="load"/>
<opset="A_30_load/2 "/>
</bind>
</comp>

<comp id="217" class="1004" name="A_31_addr_gep_fu_217">
<pin_list>
<pin id="218" dir="0" index="0" bw="32" slack="0"/>
<pin id="219" dir="0" index="1" bw="1" slack="0"/>
<pin id="220" dir="0" index="2" bw="6" slack="0"/>
<pin id="221" dir="1" index="3" bw="5" slack="0"/>
</pin_list>
<bind>
<opcode="getelementptr(29) " fcode="getelementptr"/>
<opset="A_31_addr/2 "/>
</bind>
</comp>

<comp id="224" class="1004" name="grp_access_fu_224">
<pin_list>
<pin id="225" dir="0" index="0" bw="5" slack="0"/>
<pin id="226" dir="0" index="1" bw="32" slack="2147483647"/>
<pin id="227" dir="0" index="2" bw="0" slack="2147483647"/>
<pin id="228" dir="1" index="3" bw="32" slack="1"/>
</pin_list>
<bind>
<opcode="load(27) " fcode="load"/>
<opset="A_31_load/2 "/>
</bind>
</comp>

<comp id="230" class="1004" name="B_28_addr_gep_fu_230">
<pin_list>
<pin id="231" dir="0" index="0" bw="32" slack="0"/>
<pin id="232" dir="0" index="1" bw="1" slack="0"/>
<pin id="233" dir="0" index="2" bw="6" slack="0"/>
<pin id="234" dir="1" index="3" bw="5" slack="0"/>
</pin_list>
<bind>
<opcode="getelementptr(29) " fcode="getelementptr"/>
<opset="B_28_addr/2 "/>
</bind>
</comp>

<comp id="237" class="1004" name="grp_access_fu_237">
<pin_list>
<pin id="238" dir="0" index="0" bw="5" slack="0"/>
<pin id="239" dir="0" index="1" bw="32" slack="2147483647"/>
<pin id="240" dir="0" index="2" bw="0" slack="2147483647"/>
<pin id="241" dir="1" index="3" bw="32" slack="1"/>
</pin_list>
<bind>
<opcode="load(27) " fcode="load"/>
<opset="B_28_load/2 "/>
</bind>
</comp>

<comp id="243" class="1004" name="B_29_addr_gep_fu_243">
<pin_list>
<pin id="244" dir="0" index="0" bw="32" slack="0"/>
<pin id="245" dir="0" index="1" bw="1" slack="0"/>
<pin id="246" dir="0" index="2" bw="6" slack="0"/>
<pin id="247" dir="1" index="3" bw="5" slack="0"/>
</pin_list>
<bind>
<opcode="getelementptr(29) " fcode="getelementptr"/>
<opset="B_29_addr/2 "/>
</bind>
</comp>

<comp id="250" class="1004" name="grp_access_fu_250">
<pin_list>
<pin id="251" dir="0" index="0" bw="5" slack="0"/>
<pin id="252" dir="0" index="1" bw="32" slack="2147483647"/>
<pin id="253" dir="0" index="2" bw="0" slack="2147483647"/>
<pin id="254" dir="1" index="3" bw="32" slack="1"/>
</pin_list>
<bind>
<opcode="load(27) " fcode="load"/>
<opset="B_29_load/2 "/>
</bind>
</comp>

<comp id="256" class="1004" name="B_30_addr_gep_fu_256">
<pin_list>
<pin id="257" dir="0" index="0" bw="32" slack="0"/>
<pin id="258" dir="0" index="1" bw="1" slack="0"/>
<pin id="259" dir="0" index="2" bw="6" slack="0"/>
<pin id="260" dir="1" index="3" bw="5" slack="0"/>
</pin_list>
<bind>
<opcode="getelementptr(29) " fcode="getelementptr"/>
<opset="B_30_addr/2 "/>
</bind>
</comp>

<comp id="263" class="1004" name="grp_access_fu_263">
<pin_list>
<pin id="264" dir="0" index="0" bw="5" slack="0"/>
<pin id="265" dir="0" index="1" bw="32" slack="2147483647"/>
<pin id="266" dir="0" index="2" bw="0" slack="2147483647"/>
<pin id="267" dir="1" index="3" bw="32" slack="1"/>
</pin_list>
<bind>
<opcode="load(27) " fcode="load"/>
<opset="B_30_load/2 "/>
</bind>
</comp>

<comp id="269" class="1004" name="B_31_addr_gep_fu_269">
<pin_list>
<pin id="270" dir="0" index="0" bw="32" slack="0"/>
<pin id="271" dir="0" index="1" bw="1" slack="0"/>
<pin id="272" dir="0" index="2" bw="6" slack="0"/>
<pin id="273" dir="1" index="3" bw="5" slack="0"/>
</pin_list>
<bind>
<opcode="getelementptr(29) " fcode="getelementptr"/>
<opset="B_31_addr/2 "/>
</bind>
</comp>

<comp id="276" class="1004" name="grp_access_fu_276">
<pin_list>
<pin id="277" dir="0" index="0" bw="5" slack="0"/>
<pin id="278" dir="0" index="1" bw="32" slack="2147483647"/>
<pin id="279" dir="0" index="2" bw="0" slack="2147483647"/>
<pin id="280" dir="1" index="3" bw="32" slack="1"/>
</pin_list>
<bind>
<opcode="load(27) " fcode="load"/>
<opset="B_31_load/2 "/>
</bind>
</comp>

<comp id="282" class="1004" name="A_4_addr_gep_fu_282">
<pin_list>
<pin id="283" dir="0" index="0" bw="32" slack="0"/>
<pin id="284" dir="0" index="1" bw="1" slack="0"/>
<pin id="285" dir="0" index="2" bw="6" slack="1"/>
<pin id="286" dir="1" index="3" bw="5" slack="0"/>
</pin_list>
<bind>
<opcode="getelementptr(29) " fcode="getelementptr"/>
<opset="A_4_addr/3 "/>
</bind>
</comp>

<comp id="289" class="1004" name="grp_access_fu_289">
<pin_list>
<pin id="290" dir="0" index="0" bw="5" slack="0"/>
<pin id="291" dir="0" index="1" bw="32" slack="2147483647"/>
<pin id="292" dir="0" index="2" bw="0" slack="2147483647"/>
<pin id="293" dir="1" index="3" bw="32" slack="1"/>
</pin_list>
<bind>
<opcode="load(27) " fcode="load"/>
<opset="A_4_load/3 "/>
</bind>
</comp>

<comp id="295" class="1004" name="A_5_addr_gep_fu_295">
<pin_list>
<pin id="296" dir="0" index="0" bw="32" slack="0"/>
<pin id="297" dir="0" index="1" bw="1" slack="0"/>
<pin id="298" dir="0" index="2" bw="6" slack="1"/>
<pin id="299" dir="1" index="3" bw="5" slack="0"/>
</pin_list>
<bind>
<opcode="getelementptr(29) " fcode="getelementptr"/>
<opset="A_5_addr/3 "/>
</bind>
</comp>

<comp id="302" class="1004" name="grp_access_fu_302">
<pin_list>
<pin id="303" dir="0" index="0" bw="5" slack="0"/>
<pin id="304" dir="0" index="1" bw="32" slack="2147483647"/>
<pin id="305" dir="0" index="2" bw="0" slack="2147483647"/>
<pin id="306" dir="1" index="3" bw="32" slack="1"/>
</pin_list>
<bind>
<opcode="load(27) " fcode="load"/>
<opset="A_5_load/3 "/>
</bind>
</comp>

<comp id="308" class="1004" name="A_6_addr_gep_fu_308">
<pin_list>
<pin id="309" dir="0" index="0" bw="32" slack="0"/>
<pin id="310" dir="0" index="1" bw="1" slack="0"/>
<pin id="311" dir="0" index="2" bw="6" slack="1"/>
<pin id="312" dir="1" index="3" bw="5" slack="0"/>
</pin_list>
<bind>
<opcode="getelementptr(29) " fcode="getelementptr"/>
<opset="A_6_addr/3 "/>
</bind>
</comp>

<comp id="315" class="1004" name="grp_access_fu_315">
<pin_list>
<pin id="316" dir="0" index="0" bw="5" slack="0"/>
<pin id="317" dir="0" index="1" bw="32" slack="2147483647"/>
<pin id="318" dir="0" index="2" bw="0" slack="2147483647"/>
<pin id="319" dir="1" index="3" bw="32" slack="1"/>
</pin_list>
<bind>
<opcode="load(27) " fcode="load"/>
<opset="A_6_load/3 "/>
</bind>
</comp>

<comp id="321" class="1004" name="A_7_addr_gep_fu_321">
<pin_list>
<pin id="322" dir="0" index="0" bw="32" slack="0"/>
<pin id="323" dir="0" index="1" bw="1" slack="0"/>
<pin id="324" dir="0" index="2" bw="6" slack="1"/>
<pin id="325" dir="1" index="3" bw="5" slack="0"/>
</pin_list>
<bind>
<opcode="getelementptr(29) " fcode="getelementptr"/>
<opset="A_7_addr/3 "/>
</bind>
</comp>

<comp id="328" class="1004" name="grp_access_fu_328">
<pin_list>
<pin id="329" dir="0" index="0" bw="5" slack="0"/>
<pin id="330" dir="0" index="1" bw="32" slack="2147483647"/>
<pin id="331" dir="0" index="2" bw="0" slack="2147483647"/>
<pin id="332" dir="1" index="3" bw="32" slack="1"/>
</pin_list>
<bind>
<opcode="load(27) " fcode="load"/>
<opset="A_7_load/3 "/>
</bind>
</comp>

<comp id="334" class="1004" name="A_12_addr_gep_fu_334">
<pin_list>
<pin id="335" dir="0" index="0" bw="32" slack="0"/>
<pin id="336" dir="0" index="1" bw="1" slack="0"/>
<pin id="337" dir="0" index="2" bw="6" slack="1"/>
<pin id="338" dir="1" index="3" bw="5" slack="0"/>
</pin_list>
<bind>
<opcode="getelementptr(29) " fcode="getelementptr"/>
<opset="A_12_addr/3 "/>
</bind>
</comp>

<comp id="341" class="1004" name="grp_access_fu_341">
<pin_list>
<pin id="342" dir="0" index="0" bw="5" slack="0"/>
<pin id="343" dir="0" index="1" bw="32" slack="2147483647"/>
<pin id="344" dir="0" index="2" bw="0" slack="2147483647"/>
<pin id="345" dir="1" index="3" bw="32" slack="1"/>
</pin_list>
<bind>
<opcode="load(27) " fcode="load"/>
<opset="A_12_load/3 "/>
</bind>
</comp>

<comp id="347" class="1004" name="A_13_addr_gep_fu_347">
<pin_list>
<pin id="348" dir="0" index="0" bw="32" slack="0"/>
<pin id="349" dir="0" index="1" bw="1" slack="0"/>
<pin id="350" dir="0" index="2" bw="6" slack="1"/>
<pin id="351" dir="1" index="3" bw="5" slack="0"/>
</pin_list>
<bind>
<opcode="getelementptr(29) " fcode="getelementptr"/>
<opset="A_13_addr/3 "/>
</bind>
</comp>

<comp id="354" class="1004" name="grp_access_fu_354">
<pin_list>
<pin id="355" dir="0" index="0" bw="5" slack="0"/>
<pin id="356" dir="0" index="1" bw="32" slack="2147483647"/>
<pin id="357" dir="0" index="2" bw="0" slack="2147483647"/>
<pin id="358" dir="1" index="3" bw="32" slack="1"/>
</pin_list>
<bind>
<opcode="load(27) " fcode="load"/>
<opset="A_13_load/3 "/>
</bind>
</comp>

<comp id="360" class="1004" name="A_14_addr_gep_fu_360">
<pin_list>
<pin id="361" dir="0" index="0" bw="32" slack="0"/>
<pin id="362" dir="0" index="1" bw="1" slack="0"/>
<pin id="363" dir="0" index="2" bw="6" slack="1"/>
<pin id="364" dir="1" index="3" bw="5" slack="0"/>
</pin_list>
<bind>
<opcode="getelementptr(29) " fcode="getelementptr"/>
<opset="A_14_addr/3 "/>
</bind>
</comp>

<comp id="367" class="1004" name="grp_access_fu_367">
<pin_list>
<pin id="368" dir="0" index="0" bw="5" slack="0"/>
<pin id="369" dir="0" index="1" bw="32" slack="2147483647"/>
<pin id="370" dir="0" index="2" bw="0" slack="2147483647"/>
<pin id="371" dir="1" index="3" bw="32" slack="1"/>
</pin_list>
<bind>
<opcode="load(27) " fcode="load"/>
<opset="A_14_load/3 "/>
</bind>
</comp>

<comp id="373" class="1004" name="A_15_addr_gep_fu_373">
<pin_list>
<pin id="374" dir="0" index="0" bw="32" slack="0"/>
<pin id="375" dir="0" index="1" bw="1" slack="0"/>
<pin id="376" dir="0" index="2" bw="6" slack="1"/>
<pin id="377" dir="1" index="3" bw="5" slack="0"/>
</pin_list>
<bind>
<opcode="getelementptr(29) " fcode="getelementptr"/>
<opset="A_15_addr/3 "/>
</bind>
</comp>

<comp id="380" class="1004" name="grp_access_fu_380">
<pin_list>
<pin id="381" dir="0" index="0" bw="5" slack="0"/>
<pin id="382" dir="0" index="1" bw="32" slack="2147483647"/>
<pin id="383" dir="0" index="2" bw="0" slack="2147483647"/>
<pin id="384" dir="1" index="3" bw="32" slack="1"/>
</pin_list>
<bind>
<opcode="load(27) " fcode="load"/>
<opset="A_15_load/3 "/>
</bind>
</comp>

<comp id="386" class="1004" name="A_16_addr_gep_fu_386">
<pin_list>
<pin id="387" dir="0" index="0" bw="32" slack="0"/>
<pin id="388" dir="0" index="1" bw="1" slack="0"/>
<pin id="389" dir="0" index="2" bw="6" slack="1"/>
<pin id="390" dir="1" index="3" bw="5" slack="0"/>
</pin_list>
<bind>
<opcode="getelementptr(29) " fcode="getelementptr"/>
<opset="A_16_addr/3 "/>
</bind>
</comp>

<comp id="393" class="1004" name="grp_access_fu_393">
<pin_list>
<pin id="394" dir="0" index="0" bw="5" slack="0"/>
<pin id="395" dir="0" index="1" bw="32" slack="2147483647"/>
<pin id="396" dir="0" index="2" bw="0" slack="2147483647"/>
<pin id="397" dir="1" index="3" bw="32" slack="1"/>
</pin_list>
<bind>
<opcode="load(27) " fcode="load"/>
<opset="A_16_load/3 "/>
</bind>
</comp>

<comp id="399" class="1004" name="A_17_addr_gep_fu_399">
<pin_list>
<pin id="400" dir="0" index="0" bw="32" slack="0"/>
<pin id="401" dir="0" index="1" bw="1" slack="0"/>
<pin id="402" dir="0" index="2" bw="6" slack="1"/>
<pin id="403" dir="1" index="3" bw="5" slack="0"/>
</pin_list>
<bind>
<opcode="getelementptr(29) " fcode="getelementptr"/>
<opset="A_17_addr/3 "/>
</bind>
</comp>

<comp id="406" class="1004" name="grp_access_fu_406">
<pin_list>
<pin id="407" dir="0" index="0" bw="5" slack="0"/>
<pin id="408" dir="0" index="1" bw="32" slack="2147483647"/>
<pin id="409" dir="0" index="2" bw="0" slack="2147483647"/>
<pin id="410" dir="1" index="3" bw="32" slack="1"/>
</pin_list>
<bind>
<opcode="load(27) " fcode="load"/>
<opset="A_17_load/3 "/>
</bind>
</comp>

<comp id="412" class="1004" name="A_18_addr_gep_fu_412">
<pin_list>
<pin id="413" dir="0" index="0" bw="32" slack="0"/>
<pin id="414" dir="0" index="1" bw="1" slack="0"/>
<pin id="415" dir="0" index="2" bw="6" slack="1"/>
<pin id="416" dir="1" index="3" bw="5" slack="0"/>
</pin_list>
<bind>
<opcode="getelementptr(29) " fcode="getelementptr"/>
<opset="A_18_addr/3 "/>
</bind>
</comp>

<comp id="419" class="1004" name="grp_access_fu_419">
<pin_list>
<pin id="420" dir="0" index="0" bw="5" slack="0"/>
<pin id="421" dir="0" index="1" bw="32" slack="2147483647"/>
<pin id="422" dir="0" index="2" bw="0" slack="2147483647"/>
<pin id="423" dir="1" index="3" bw="32" slack="1"/>
</pin_list>
<bind>
<opcode="load(27) " fcode="load"/>
<opset="A_18_load/3 "/>
</bind>
</comp>

<comp id="425" class="1004" name="A_19_addr_gep_fu_425">
<pin_list>
<pin id="426" dir="0" index="0" bw="32" slack="0"/>
<pin id="427" dir="0" index="1" bw="1" slack="0"/>
<pin id="428" dir="0" index="2" bw="6" slack="1"/>
<pin id="429" dir="1" index="3" bw="5" slack="0"/>
</pin_list>
<bind>
<opcode="getelementptr(29) " fcode="getelementptr"/>
<opset="A_19_addr/3 "/>
</bind>
</comp>

<comp id="432" class="1004" name="grp_access_fu_432">
<pin_list>
<pin id="433" dir="0" index="0" bw="5" slack="0"/>
<pin id="434" dir="0" index="1" bw="32" slack="2147483647"/>
<pin id="435" dir="0" index="2" bw="0" slack="2147483647"/>
<pin id="436" dir="1" index="3" bw="32" slack="1"/>
</pin_list>
<bind>
<opcode="load(27) " fcode="load"/>
<opset="A_19_load/3 "/>
</bind>
</comp>

<comp id="438" class="1004" name="A_20_addr_gep_fu_438">
<pin_list>
<pin id="439" dir="0" index="0" bw="32" slack="0"/>
<pin id="440" dir="0" index="1" bw="1" slack="0"/>
<pin id="441" dir="0" index="2" bw="6" slack="1"/>
<pin id="442" dir="1" index="3" bw="5" slack="0"/>
</pin_list>
<bind>
<opcode="getelementptr(29) " fcode="getelementptr"/>
<opset="A_20_addr/3 "/>
</bind>
</comp>

<comp id="445" class="1004" name="grp_access_fu_445">
<pin_list>
<pin id="446" dir="0" index="0" bw="5" slack="0"/>
<pin id="447" dir="0" index="1" bw="32" slack="2147483647"/>
<pin id="448" dir="0" index="2" bw="0" slack="2147483647"/>
<pin id="449" dir="1" index="3" bw="32" slack="1"/>
</pin_list>
<bind>
<opcode="load(27) " fcode="load"/>
<opset="A_20_load/3 "/>
</bind>
</comp>

<comp id="451" class="1004" name="A_21_addr_gep_fu_451">
<pin_list>
<pin id="452" dir="0" index="0" bw="32" slack="0"/>
<pin id="453" dir="0" index="1" bw="1" slack="0"/>
<pin id="454" dir="0" index="2" bw="6" slack="1"/>
<pin id="455" dir="1" index="3" bw="5" slack="0"/>
</pin_list>
<bind>
<opcode="getelementptr(29) " fcode="getelementptr"/>
<opset="A_21_addr/3 "/>
</bind>
</comp>

<comp id="458" class="1004" name="grp_access_fu_458">
<pin_list>
<pin id="459" dir="0" index="0" bw="5" slack="0"/>
<pin id="460" dir="0" index="1" bw="32" slack="2147483647"/>
<pin id="461" dir="0" index="2" bw="0" slack="2147483647"/>
<pin id="462" dir="1" index="3" bw="32" slack="1"/>
</pin_list>
<bind>
<opcode="load(27) " fcode="load"/>
<opset="A_21_load/3 "/>
</bind>
</comp>

<comp id="464" class="1004" name="A_22_addr_gep_fu_464">
<pin_list>
<pin id="465" dir="0" index="0" bw="32" slack="0"/>
<pin id="466" dir="0" index="1" bw="1" slack="0"/>
<pin id="467" dir="0" index="2" bw="6" slack="1"/>
<pin id="468" dir="1" index="3" bw="5" slack="0"/>
</pin_list>
<bind>
<opcode="getelementptr(29) " fcode="getelementptr"/>
<opset="A_22_addr/3 "/>
</bind>
</comp>

<comp id="471" class="1004" name="grp_access_fu_471">
<pin_list>
<pin id="472" dir="0" index="0" bw="5" slack="0"/>
<pin id="473" dir="0" index="1" bw="32" slack="2147483647"/>
<pin id="474" dir="0" index="2" bw="0" slack="2147483647"/>
<pin id="475" dir="1" index="3" bw="32" slack="1"/>
</pin_list>
<bind>
<opcode="load(27) " fcode="load"/>
<opset="A_22_load/3 "/>
</bind>
</comp>

<comp id="477" class="1004" name="A_23_addr_gep_fu_477">
<pin_list>
<pin id="478" dir="0" index="0" bw="32" slack="0"/>
<pin id="479" dir="0" index="1" bw="1" slack="0"/>
<pin id="480" dir="0" index="2" bw="6" slack="1"/>
<pin id="481" dir="1" index="3" bw="5" slack="0"/>
</pin_list>
<bind>
<opcode="getelementptr(29) " fcode="getelementptr"/>
<opset="A_23_addr/3 "/>
</bind>
</comp>

<comp id="484" class="1004" name="grp_access_fu_484">
<pin_list>
<pin id="485" dir="0" index="0" bw="5" slack="0"/>
<pin id="486" dir="0" index="1" bw="32" slack="2147483647"/>
<pin id="487" dir="0" index="2" bw="0" slack="2147483647"/>
<pin id="488" dir="1" index="3" bw="32" slack="1"/>
</pin_list>
<bind>
<opcode="load(27) " fcode="load"/>
<opset="A_23_load/3 "/>
</bind>
</comp>

<comp id="490" class="1004" name="A_24_addr_gep_fu_490">
<pin_list>
<pin id="491" dir="0" index="0" bw="32" slack="0"/>
<pin id="492" dir="0" index="1" bw="1" slack="0"/>
<pin id="493" dir="0" index="2" bw="6" slack="1"/>
<pin id="494" dir="1" index="3" bw="5" slack="0"/>
</pin_list>
<bind>
<opcode="getelementptr(29) " fcode="getelementptr"/>
<opset="A_24_addr/3 "/>
</bind>
</comp>

<comp id="497" class="1004" name="grp_access_fu_497">
<pin_list>
<pin id="498" dir="0" index="0" bw="5" slack="0"/>
<pin id="499" dir="0" index="1" bw="32" slack="2147483647"/>
<pin id="500" dir="0" index="2" bw="0" slack="2147483647"/>
<pin id="501" dir="1" index="3" bw="32" slack="1"/>
</pin_list>
<bind>
<opcode="load(27) " fcode="load"/>
<opset="A_24_load/3 "/>
</bind>
</comp>

<comp id="503" class="1004" name="A_25_addr_gep_fu_503">
<pin_list>
<pin id="504" dir="0" index="0" bw="32" slack="0"/>
<pin id="505" dir="0" index="1" bw="1" slack="0"/>
<pin id="506" dir="0" index="2" bw="6" slack="1"/>
<pin id="507" dir="1" index="3" bw="5" slack="0"/>
</pin_list>
<bind>
<opcode="getelementptr(29) " fcode="getelementptr"/>
<opset="A_25_addr/3 "/>
</bind>
</comp>

<comp id="510" class="1004" name="grp_access_fu_510">
<pin_list>
<pin id="511" dir="0" index="0" bw="5" slack="0"/>
<pin id="512" dir="0" index="1" bw="32" slack="2147483647"/>
<pin id="513" dir="0" index="2" bw="0" slack="2147483647"/>
<pin id="514" dir="1" index="3" bw="32" slack="1"/>
</pin_list>
<bind>
<opcode="load(27) " fcode="load"/>
<opset="A_25_load/3 "/>
</bind>
</comp>

<comp id="516" class="1004" name="A_26_addr_gep_fu_516">
<pin_list>
<pin id="517" dir="0" index="0" bw="32" slack="0"/>
<pin id="518" dir="0" index="1" bw="1" slack="0"/>
<pin id="519" dir="0" index="2" bw="6" slack="1"/>
<pin id="520" dir="1" index="3" bw="5" slack="0"/>
</pin_list>
<bind>
<opcode="getelementptr(29) " fcode="getelementptr"/>
<opset="A_26_addr/3 "/>
</bind>
</comp>

<comp id="523" class="1004" name="grp_access_fu_523">
<pin_list>
<pin id="524" dir="0" index="0" bw="5" slack="0"/>
<pin id="525" dir="0" index="1" bw="32" slack="2147483647"/>
<pin id="526" dir="0" index="2" bw="0" slack="2147483647"/>
<pin id="527" dir="1" index="3" bw="32" slack="1"/>
</pin_list>
<bind>
<opcode="load(27) " fcode="load"/>
<opset="A_26_load/3 "/>
</bind>
</comp>

<comp id="529" class="1004" name="A_27_addr_gep_fu_529">
<pin_list>
<pin id="530" dir="0" index="0" bw="32" slack="0"/>
<pin id="531" dir="0" index="1" bw="1" slack="0"/>
<pin id="532" dir="0" index="2" bw="6" slack="1"/>
<pin id="533" dir="1" index="3" bw="5" slack="0"/>
</pin_list>
<bind>
<opcode="getelementptr(29) " fcode="getelementptr"/>
<opset="A_27_addr/3 "/>
</bind>
</comp>

<comp id="536" class="1004" name="grp_access_fu_536">
<pin_list>
<pin id="537" dir="0" index="0" bw="5" slack="0"/>
<pin id="538" dir="0" index="1" bw="32" slack="2147483647"/>
<pin id="539" dir="0" index="2" bw="0" slack="2147483647"/>
<pin id="540" dir="1" index="3" bw="32" slack="1"/>
</pin_list>
<bind>
<opcode="load(27) " fcode="load"/>
<opset="A_27_load/3 "/>
</bind>
</comp>

<comp id="542" class="1004" name="B_4_addr_gep_fu_542">
<pin_list>
<pin id="543" dir="0" index="0" bw="32" slack="0"/>
<pin id="544" dir="0" index="1" bw="1" slack="0"/>
<pin id="545" dir="0" index="2" bw="6" slack="1"/>
<pin id="546" dir="1" index="3" bw="5" slack="0"/>
</pin_list>
<bind>
<opcode="getelementptr(29) " fcode="getelementptr"/>
<opset="B_4_addr/3 "/>
</bind>
</comp>

<comp id="549" class="1004" name="grp_access_fu_549">
<pin_list>
<pin id="550" dir="0" index="0" bw="5" slack="0"/>
<pin id="551" dir="0" index="1" bw="32" slack="2147483647"/>
<pin id="552" dir="0" index="2" bw="0" slack="2147483647"/>
<pin id="553" dir="1" index="3" bw="32" slack="1"/>
</pin_list>
<bind>
<opcode="load(27) " fcode="load"/>
<opset="B_4_load/3 "/>
</bind>
</comp>

<comp id="555" class="1004" name="B_5_addr_gep_fu_555">
<pin_list>
<pin id="556" dir="0" index="0" bw="32" slack="0"/>
<pin id="557" dir="0" index="1" bw="1" slack="0"/>
<pin id="558" dir="0" index="2" bw="6" slack="1"/>
<pin id="559" dir="1" index="3" bw="5" slack="0"/>
</pin_list>
<bind>
<opcode="getelementptr(29) " fcode="getelementptr"/>
<opset="B_5_addr/3 "/>
</bind>
</comp>

<comp id="562" class="1004" name="grp_access_fu_562">
<pin_list>
<pin id="563" dir="0" index="0" bw="5" slack="0"/>
<pin id="564" dir="0" index="1" bw="32" slack="2147483647"/>
<pin id="565" dir="0" index="2" bw="0" slack="2147483647"/>
<pin id="566" dir="1" index="3" bw="32" slack="1"/>
</pin_list>
<bind>
<opcode="load(27) " fcode="load"/>
<opset="B_5_load/3 "/>
</bind>
</comp>

<comp id="568" class="1004" name="B_6_addr_gep_fu_568">
<pin_list>
<pin id="569" dir="0" index="0" bw="32" slack="0"/>
<pin id="570" dir="0" index="1" bw="1" slack="0"/>
<pin id="571" dir="0" index="2" bw="6" slack="1"/>
<pin id="572" dir="1" index="3" bw="5" slack="0"/>
</pin_list>
<bind>
<opcode="getelementptr(29) " fcode="getelementptr"/>
<opset="B_6_addr/3 "/>
</bind>
</comp>

<comp id="575" class="1004" name="grp_access_fu_575">
<pin_list>
<pin id="576" dir="0" index="0" bw="5" slack="0"/>
<pin id="577" dir="0" index="1" bw="32" slack="2147483647"/>
<pin id="578" dir="0" index="2" bw="0" slack="2147483647"/>
<pin id="579" dir="1" index="3" bw="32" slack="1"/>
</pin_list>
<bind>
<opcode="load(27) " fcode="load"/>
<opset="B_6_load/3 "/>
</bind>
</comp>

<comp id="581" class="1004" name="B_7_addr_gep_fu_581">
<pin_list>
<pin id="582" dir="0" index="0" bw="32" slack="0"/>
<pin id="583" dir="0" index="1" bw="1" slack="0"/>
<pin id="584" dir="0" index="2" bw="6" slack="1"/>
<pin id="585" dir="1" index="3" bw="5" slack="0"/>
</pin_list>
<bind>
<opcode="getelementptr(29) " fcode="getelementptr"/>
<opset="B_7_addr/3 "/>
</bind>
</comp>

<comp id="588" class="1004" name="grp_access_fu_588">
<pin_list>
<pin id="589" dir="0" index="0" bw="5" slack="0"/>
<pin id="590" dir="0" index="1" bw="32" slack="2147483647"/>
<pin id="591" dir="0" index="2" bw="0" slack="2147483647"/>
<pin id="592" dir="1" index="3" bw="32" slack="1"/>
</pin_list>
<bind>
<opcode="load(27) " fcode="load"/>
<opset="B_7_load/3 "/>
</bind>
</comp>

<comp id="594" class="1004" name="B_12_addr_gep_fu_594">
<pin_list>
<pin id="595" dir="0" index="0" bw="32" slack="0"/>
<pin id="596" dir="0" index="1" bw="1" slack="0"/>
<pin id="597" dir="0" index="2" bw="6" slack="1"/>
<pin id="598" dir="1" index="3" bw="5" slack="0"/>
</pin_list>
<bind>
<opcode="getelementptr(29) " fcode="getelementptr"/>
<opset="B_12_addr/3 "/>
</bind>
</comp>

<comp id="601" class="1004" name="grp_access_fu_601">
<pin_list>
<pin id="602" dir="0" index="0" bw="5" slack="0"/>
<pin id="603" dir="0" index="1" bw="32" slack="2147483647"/>
<pin id="604" dir="0" index="2" bw="0" slack="2147483647"/>
<pin id="605" dir="1" index="3" bw="32" slack="1"/>
</pin_list>
<bind>
<opcode="load(27) " fcode="load"/>
<opset="B_12_load/3 "/>
</bind>
</comp>

<comp id="607" class="1004" name="B_13_addr_gep_fu_607">
<pin_list>
<pin id="608" dir="0" index="0" bw="32" slack="0"/>
<pin id="609" dir="0" index="1" bw="1" slack="0"/>
<pin id="610" dir="0" index="2" bw="6" slack="1"/>
<pin id="611" dir="1" index="3" bw="5" slack="0"/>
</pin_list>
<bind>
<opcode="getelementptr(29) " fcode="getelementptr"/>
<opset="B_13_addr/3 "/>
</bind>
</comp>

<comp id="614" class="1004" name="grp_access_fu_614">
<pin_list>
<pin id="615" dir="0" index="0" bw="5" slack="0"/>
<pin id="616" dir="0" index="1" bw="32" slack="2147483647"/>
<pin id="617" dir="0" index="2" bw="0" slack="2147483647"/>
<pin id="618" dir="1" index="3" bw="32" slack="1"/>
</pin_list>
<bind>
<opcode="load(27) " fcode="load"/>
<opset="B_13_load/3 "/>
</bind>
</comp>

<comp id="620" class="1004" name="B_14_addr_gep_fu_620">
<pin_list>
<pin id="621" dir="0" index="0" bw="32" slack="0"/>
<pin id="622" dir="0" index="1" bw="1" slack="0"/>
<pin id="623" dir="0" index="2" bw="6" slack="1"/>
<pin id="624" dir="1" index="3" bw="5" slack="0"/>
</pin_list>
<bind>
<opcode="getelementptr(29) " fcode="getelementptr"/>
<opset="B_14_addr/3 "/>
</bind>
</comp>

<comp id="627" class="1004" name="grp_access_fu_627">
<pin_list>
<pin id="628" dir="0" index="0" bw="5" slack="0"/>
<pin id="629" dir="0" index="1" bw="32" slack="2147483647"/>
<pin id="630" dir="0" index="2" bw="0" slack="2147483647"/>
<pin id="631" dir="1" index="3" bw="32" slack="1"/>
</pin_list>
<bind>
<opcode="load(27) " fcode="load"/>
<opset="B_14_load/3 "/>
</bind>
</comp>

<comp id="633" class="1004" name="B_15_addr_gep_fu_633">
<pin_list>
<pin id="634" dir="0" index="0" bw="32" slack="0"/>
<pin id="635" dir="0" index="1" bw="1" slack="0"/>
<pin id="636" dir="0" index="2" bw="6" slack="1"/>
<pin id="637" dir="1" index="3" bw="5" slack="0"/>
</pin_list>
<bind>
<opcode="getelementptr(29) " fcode="getelementptr"/>
<opset="B_15_addr/3 "/>
</bind>
</comp>

<comp id="640" class="1004" name="grp_access_fu_640">
<pin_list>
<pin id="641" dir="0" index="0" bw="5" slack="0"/>
<pin id="642" dir="0" index="1" bw="32" slack="2147483647"/>
<pin id="643" dir="0" index="2" bw="0" slack="2147483647"/>
<pin id="644" dir="1" index="3" bw="32" slack="1"/>
</pin_list>
<bind>
<opcode="load(27) " fcode="load"/>
<opset="B_15_load/3 "/>
</bind>
</comp>

<comp id="646" class="1004" name="B_16_addr_gep_fu_646">
<pin_list>
<pin id="647" dir="0" index="0" bw="32" slack="0"/>
<pin id="648" dir="0" index="1" bw="1" slack="0"/>
<pin id="649" dir="0" index="2" bw="6" slack="1"/>
<pin id="650" dir="1" index="3" bw="5" slack="0"/>
</pin_list>
<bind>
<opcode="getelementptr(29) " fcode="getelementptr"/>
<opset="B_16_addr/3 "/>
</bind>
</comp>

<comp id="653" class="1004" name="grp_access_fu_653">
<pin_list>
<pin id="654" dir="0" index="0" bw="5" slack="0"/>
<pin id="655" dir="0" index="1" bw="32" slack="2147483647"/>
<pin id="656" dir="0" index="2" bw="0" slack="2147483647"/>
<pin id="657" dir="1" index="3" bw="32" slack="1"/>
</pin_list>
<bind>
<opcode="load(27) " fcode="load"/>
<opset="B_16_load/3 "/>
</bind>
</comp>

<comp id="659" class="1004" name="B_17_addr_gep_fu_659">
<pin_list>
<pin id="660" dir="0" index="0" bw="32" slack="0"/>
<pin id="661" dir="0" index="1" bw="1" slack="0"/>
<pin id="662" dir="0" index="2" bw="6" slack="1"/>
<pin id="663" dir="1" index="3" bw="5" slack="0"/>
</pin_list>
<bind>
<opcode="getelementptr(29) " fcode="getelementptr"/>
<opset="B_17_addr/3 "/>
</bind>
</comp>

<comp id="666" class="1004" name="grp_access_fu_666">
<pin_list>
<pin id="667" dir="0" index="0" bw="5" slack="0"/>
<pin id="668" dir="0" index="1" bw="32" slack="2147483647"/>
<pin id="669" dir="0" index="2" bw="0" slack="2147483647"/>
<pin id="670" dir="1" index="3" bw="32" slack="1"/>
</pin_list>
<bind>
<opcode="load(27) " fcode="load"/>
<opset="B_17_load/3 "/>
</bind>
</comp>

<comp id="672" class="1004" name="B_18_addr_gep_fu_672">
<pin_list>
<pin id="673" dir="0" index="0" bw="32" slack="0"/>
<pin id="674" dir="0" index="1" bw="1" slack="0"/>
<pin id="675" dir="0" index="2" bw="6" slack="1"/>
<pin id="676" dir="1" index="3" bw="5" slack="0"/>
</pin_list>
<bind>
<opcode="getelementptr(29) " fcode="getelementptr"/>
<opset="B_18_addr/3 "/>
</bind>
</comp>

<comp id="679" class="1004" name="grp_access_fu_679">
<pin_list>
<pin id="680" dir="0" index="0" bw="5" slack="0"/>
<pin id="681" dir="0" index="1" bw="32" slack="2147483647"/>
<pin id="682" dir="0" index="2" bw="0" slack="2147483647"/>
<pin id="683" dir="1" index="3" bw="32" slack="1"/>
</pin_list>
<bind>
<opcode="load(27) " fcode="load"/>
<opset="B_18_load/3 "/>
</bind>
</comp>

<comp id="685" class="1004" name="B_19_addr_gep_fu_685">
<pin_list>
<pin id="686" dir="0" index="0" bw="32" slack="0"/>
<pin id="687" dir="0" index="1" bw="1" slack="0"/>
<pin id="688" dir="0" index="2" bw="6" slack="1"/>
<pin id="689" dir="1" index="3" bw="5" slack="0"/>
</pin_list>
<bind>
<opcode="getelementptr(29) " fcode="getelementptr"/>
<opset="B_19_addr/3 "/>
</bind>
</comp>

<comp id="692" class="1004" name="grp_access_fu_692">
<pin_list>
<pin id="693" dir="0" index="0" bw="5" slack="0"/>
<pin id="694" dir="0" index="1" bw="32" slack="2147483647"/>
<pin id="695" dir="0" index="2" bw="0" slack="2147483647"/>
<pin id="696" dir="1" index="3" bw="32" slack="1"/>
</pin_list>
<bind>
<opcode="load(27) " fcode="load"/>
<opset="B_19_load/3 "/>
</bind>
</comp>

<comp id="698" class="1004" name="B_20_addr_gep_fu_698">
<pin_list>
<pin id="699" dir="0" index="0" bw="32" slack="0"/>
<pin id="700" dir="0" index="1" bw="1" slack="0"/>
<pin id="701" dir="0" index="2" bw="6" slack="1"/>
<pin id="702" dir="1" index="3" bw="5" slack="0"/>
</pin_list>
<bind>
<opcode="getelementptr(29) " fcode="getelementptr"/>
<opset="B_20_addr/3 "/>
</bind>
</comp>

<comp id="705" class="1004" name="grp_access_fu_705">
<pin_list>
<pin id="706" dir="0" index="0" bw="5" slack="0"/>
<pin id="707" dir="0" index="1" bw="32" slack="2147483647"/>
<pin id="708" dir="0" index="2" bw="0" slack="2147483647"/>
<pin id="709" dir="1" index="3" bw="32" slack="1"/>
</pin_list>
<bind>
<opcode="load(27) " fcode="load"/>
<opset="B_20_load/3 "/>
</bind>
</comp>

<comp id="711" class="1004" name="B_21_addr_gep_fu_711">
<pin_list>
<pin id="712" dir="0" index="0" bw="32" slack="0"/>
<pin id="713" dir="0" index="1" bw="1" slack="0"/>
<pin id="714" dir="0" index="2" bw="6" slack="1"/>
<pin id="715" dir="1" index="3" bw="5" slack="0"/>
</pin_list>
<bind>
<opcode="getelementptr(29) " fcode="getelementptr"/>
<opset="B_21_addr/3 "/>
</bind>
</comp>

<comp id="718" class="1004" name="grp_access_fu_718">
<pin_list>
<pin id="719" dir="0" index="0" bw="5" slack="0"/>
<pin id="720" dir="0" index="1" bw="32" slack="2147483647"/>
<pin id="721" dir="0" index="2" bw="0" slack="2147483647"/>
<pin id="722" dir="1" index="3" bw="32" slack="1"/>
</pin_list>
<bind>
<opcode="load(27) " fcode="load"/>
<opset="B_21_load/3 "/>
</bind>
</comp>

<comp id="724" class="1004" name="B_22_addr_gep_fu_724">
<pin_list>
<pin id="725" dir="0" index="0" bw="32" slack="0"/>
<pin id="726" dir="0" index="1" bw="1" slack="0"/>
<pin id="727" dir="0" index="2" bw="6" slack="1"/>
<pin id="728" dir="1" index="3" bw="5" slack="0"/>
</pin_list>
<bind>
<opcode="getelementptr(29) " fcode="getelementptr"/>
<opset="B_22_addr/3 "/>
</bind>
</comp>

<comp id="731" class="1004" name="grp_access_fu_731">
<pin_list>
<pin id="732" dir="0" index="0" bw="5" slack="0"/>
<pin id="733" dir="0" index="1" bw="32" slack="2147483647"/>
<pin id="734" dir="0" index="2" bw="0" slack="2147483647"/>
<pin id="735" dir="1" index="3" bw="32" slack="1"/>
</pin_list>
<bind>
<opcode="load(27) " fcode="load"/>
<opset="B_22_load/3 "/>
</bind>
</comp>

<comp id="737" class="1004" name="B_23_addr_gep_fu_737">
<pin_list>
<pin id="738" dir="0" index="0" bw="32" slack="0"/>
<pin id="739" dir="0" index="1" bw="1" slack="0"/>
<pin id="740" dir="0" index="2" bw="6" slack="1"/>
<pin id="741" dir="1" index="3" bw="5" slack="0"/>
</pin_list>
<bind>
<opcode="getelementptr(29) " fcode="getelementptr"/>
<opset="B_23_addr/3 "/>
</bind>
</comp>

<comp id="744" class="1004" name="grp_access_fu_744">
<pin_list>
<pin id="745" dir="0" index="0" bw="5" slack="0"/>
<pin id="746" dir="0" index="1" bw="32" slack="2147483647"/>
<pin id="747" dir="0" index="2" bw="0" slack="2147483647"/>
<pin id="748" dir="1" index="3" bw="32" slack="1"/>
</pin_list>
<bind>
<opcode="load(27) " fcode="load"/>
<opset="B_23_load/3 "/>
</bind>
</comp>

<comp id="750" class="1004" name="B_24_addr_gep_fu_750">
<pin_list>
<pin id="751" dir="0" index="0" bw="32" slack="0"/>
<pin id="752" dir="0" index="1" bw="1" slack="0"/>
<pin id="753" dir="0" index="2" bw="6" slack="1"/>
<pin id="754" dir="1" index="3" bw="5" slack="0"/>
</pin_list>
<bind>
<opcode="getelementptr(29) " fcode="getelementptr"/>
<opset="B_24_addr/3 "/>
</bind>
</comp>

<comp id="757" class="1004" name="grp_access_fu_757">
<pin_list>
<pin id="758" dir="0" index="0" bw="5" slack="0"/>
<pin id="759" dir="0" index="1" bw="32" slack="2147483647"/>
<pin id="760" dir="0" index="2" bw="0" slack="2147483647"/>
<pin id="761" dir="1" index="3" bw="32" slack="1"/>
</pin_list>
<bind>
<opcode="load(27) " fcode="load"/>
<opset="B_24_load/3 "/>
</bind>
</comp>

<comp id="763" class="1004" name="B_25_addr_gep_fu_763">
<pin_list>
<pin id="764" dir="0" index="0" bw="32" slack="0"/>
<pin id="765" dir="0" index="1" bw="1" slack="0"/>
<pin id="766" dir="0" index="2" bw="6" slack="1"/>
<pin id="767" dir="1" index="3" bw="5" slack="0"/>
</pin_list>
<bind>
<opcode="getelementptr(29) " fcode="getelementptr"/>
<opset="B_25_addr/3 "/>
</bind>
</comp>

<comp id="770" class="1004" name="grp_access_fu_770">
<pin_list>
<pin id="771" dir="0" index="0" bw="5" slack="0"/>
<pin id="772" dir="0" index="1" bw="32" slack="2147483647"/>
<pin id="773" dir="0" index="2" bw="0" slack="2147483647"/>
<pin id="774" dir="1" index="3" bw="32" slack="1"/>
</pin_list>
<bind>
<opcode="load(27) " fcode="load"/>
<opset="B_25_load/3 "/>
</bind>
</comp>

<comp id="776" class="1004" name="B_26_addr_gep_fu_776">
<pin_list>
<pin id="777" dir="0" index="0" bw="32" slack="0"/>
<pin id="778" dir="0" index="1" bw="1" slack="0"/>
<pin id="779" dir="0" index="2" bw="6" slack="1"/>
<pin id="780" dir="1" index="3" bw="5" slack="0"/>
</pin_list>
<bind>
<opcode="getelementptr(29) " fcode="getelementptr"/>
<opset="B_26_addr/3 "/>
</bind>
</comp>

<comp id="783" class="1004" name="grp_access_fu_783">
<pin_list>
<pin id="784" dir="0" index="0" bw="5" slack="0"/>
<pin id="785" dir="0" index="1" bw="32" slack="2147483647"/>
<pin id="786" dir="0" index="2" bw="0" slack="2147483647"/>
<pin id="787" dir="1" index="3" bw="32" slack="1"/>
</pin_list>
<bind>
<opcode="load(27) " fcode="load"/>
<opset="B_26_load/3 "/>
</bind>
</comp>

<comp id="789" class="1004" name="B_27_addr_gep_fu_789">
<pin_list>
<pin id="790" dir="0" index="0" bw="32" slack="0"/>
<pin id="791" dir="0" index="1" bw="1" slack="0"/>
<pin id="792" dir="0" index="2" bw="6" slack="1"/>
<pin id="793" dir="1" index="3" bw="5" slack="0"/>
</pin_list>
<bind>
<opcode="getelementptr(29) " fcode="getelementptr"/>
<opset="B_27_addr/3 "/>
</bind>
</comp>

<comp id="796" class="1004" name="grp_access_fu_796">
<pin_list>
<pin id="797" dir="0" index="0" bw="5" slack="0"/>
<pin id="798" dir="0" index="1" bw="32" slack="2147483647"/>
<pin id="799" dir="0" index="2" bw="0" slack="2147483647"/>
<pin id="800" dir="1" index="3" bw="32" slack="1"/>
</pin_list>
<bind>
<opcode="load(27) " fcode="load"/>
<opset="B_27_load/3 "/>
</bind>
</comp>

<comp id="802" class="1004" name="A_addr_gep_fu_802">
<pin_list>
<pin id="803" dir="0" index="0" bw="32" slack="0"/>
<pin id="804" dir="0" index="1" bw="1" slack="0"/>
<pin id="805" dir="0" index="2" bw="6" slack="2"/>
<pin id="806" dir="1" index="3" bw="5" slack="0"/>
</pin_list>
<bind>
<opcode="getelementptr(29) " fcode="getelementptr"/>
<opset="A_addr/4 "/>
</bind>
</comp>

<comp id="809" class="1004" name="grp_access_fu_809">
<pin_list>
<pin id="810" dir="0" index="0" bw="5" slack="0"/>
<pin id="811" dir="0" index="1" bw="32" slack="2147483647"/>
<pin id="812" dir="0" index="2" bw="0" slack="2147483647"/>
<pin id="813" dir="1" index="3" bw="32" slack="1"/>
</pin_list>
<bind>
<opcode="load(27) " fcode="load"/>
<opset="A_load/4 "/>
</bind>
</comp>

<comp id="815" class="1004" name="A_1_addr_gep_fu_815">
<pin_list>
<pin id="816" dir="0" index="0" bw="32" slack="0"/>
<pin id="817" dir="0" index="1" bw="1" slack="0"/>
<pin id="818" dir="0" index="2" bw="6" slack="2"/>
<pin id="819" dir="1" index="3" bw="5" slack="0"/>
</pin_list>
<bind>
<opcode="getelementptr(29) " fcode="getelementptr"/>
<opset="A_1_addr/4 "/>
</bind>
</comp>

<comp id="822" class="1004" name="grp_access_fu_822">
<pin_list>
<pin id="823" dir="0" index="0" bw="5" slack="0"/>
<pin id="824" dir="0" index="1" bw="32" slack="2147483647"/>
<pin id="825" dir="0" index="2" bw="0" slack="2147483647"/>
<pin id="826" dir="1" index="3" bw="32" slack="1"/>
</pin_list>
<bind>
<opcode="load(27) " fcode="load"/>
<opset="A_1_load/4 "/>
</bind>
</comp>

<comp id="828" class="1004" name="A_2_addr_gep_fu_828">
<pin_list>
<pin id="829" dir="0" index="0" bw="32" slack="0"/>
<pin id="830" dir="0" index="1" bw="1" slack="0"/>
<pin id="831" dir="0" index="2" bw="6" slack="2"/>
<pin id="832" dir="1" index="3" bw="5" slack="0"/>
</pin_list>
<bind>
<opcode="getelementptr(29) " fcode="getelementptr"/>
<opset="A_2_addr/4 "/>
</bind>
</comp>

<comp id="835" class="1004" name="grp_access_fu_835">
<pin_list>
<pin id="836" dir="0" index="0" bw="5" slack="0"/>
<pin id="837" dir="0" index="1" bw="32" slack="2147483647"/>
<pin id="838" dir="0" index="2" bw="0" slack="2147483647"/>
<pin id="839" dir="1" index="3" bw="32" slack="1"/>
</pin_list>
<bind>
<opcode="load(27) " fcode="load"/>
<opset="A_2_load/4 "/>
</bind>
</comp>

<comp id="841" class="1004" name="A_3_addr_gep_fu_841">
<pin_list>
<pin id="842" dir="0" index="0" bw="32" slack="0"/>
<pin id="843" dir="0" index="1" bw="1" slack="0"/>
<pin id="844" dir="0" index="2" bw="6" slack="2"/>
<pin id="845" dir="1" index="3" bw="5" slack="0"/>
</pin_list>
<bind>
<opcode="getelementptr(29) " fcode="getelementptr"/>
<opset="A_3_addr/4 "/>
</bind>
</comp>

<comp id="848" class="1004" name="grp_access_fu_848">
<pin_list>
<pin id="849" dir="0" index="0" bw="5" slack="0"/>
<pin id="850" dir="0" index="1" bw="32" slack="2147483647"/>
<pin id="851" dir="0" index="2" bw="0" slack="2147483647"/>
<pin id="852" dir="1" index="3" bw="32" slack="1"/>
</pin_list>
<bind>
<opcode="load(27) " fcode="load"/>
<opset="A_3_load/4 "/>
</bind>
</comp>

<comp id="854" class="1004" name="A_8_addr_gep_fu_854">
<pin_list>
<pin id="855" dir="0" index="0" bw="32" slack="0"/>
<pin id="856" dir="0" index="1" bw="1" slack="0"/>
<pin id="857" dir="0" index="2" bw="6" slack="2"/>
<pin id="858" dir="1" index="3" bw="5" slack="0"/>
</pin_list>
<bind>
<opcode="getelementptr(29) " fcode="getelementptr"/>
<opset="A_8_addr/4 "/>
</bind>
</comp>

<comp id="861" class="1004" name="grp_access_fu_861">
<pin_list>
<pin id="862" dir="0" index="0" bw="5" slack="0"/>
<pin id="863" dir="0" index="1" bw="32" slack="2147483647"/>
<pin id="864" dir="0" index="2" bw="0" slack="2147483647"/>
<pin id="865" dir="1" index="3" bw="32" slack="1"/>
</pin_list>
<bind>
<opcode="load(27) " fcode="load"/>
<opset="A_8_load/4 "/>
</bind>
</comp>

<comp id="867" class="1004" name="A_9_addr_gep_fu_867">
<pin_list>
<pin id="868" dir="0" index="0" bw="32" slack="0"/>
<pin id="869" dir="0" index="1" bw="1" slack="0"/>
<pin id="870" dir="0" index="2" bw="6" slack="2"/>
<pin id="871" dir="1" index="3" bw="5" slack="0"/>
</pin_list>
<bind>
<opcode="getelementptr(29) " fcode="getelementptr"/>
<opset="A_9_addr/4 "/>
</bind>
</comp>

<comp id="874" class="1004" name="grp_access_fu_874">
<pin_list>
<pin id="875" dir="0" index="0" bw="5" slack="0"/>
<pin id="876" dir="0" index="1" bw="32" slack="2147483647"/>
<pin id="877" dir="0" index="2" bw="0" slack="2147483647"/>
<pin id="878" dir="1" index="3" bw="32" slack="1"/>
</pin_list>
<bind>
<opcode="load(27) " fcode="load"/>
<opset="A_9_load/4 "/>
</bind>
</comp>

<comp id="880" class="1004" name="A_10_addr_gep_fu_880">
<pin_list>
<pin id="881" dir="0" index="0" bw="32" slack="0"/>
<pin id="882" dir="0" index="1" bw="1" slack="0"/>
<pin id="883" dir="0" index="2" bw="6" slack="2"/>
<pin id="884" dir="1" index="3" bw="5" slack="0"/>
</pin_list>
<bind>
<opcode="getelementptr(29) " fcode="getelementptr"/>
<opset="A_10_addr/4 "/>
</bind>
</comp>

<comp id="887" class="1004" name="grp_access_fu_887">
<pin_list>
<pin id="888" dir="0" index="0" bw="5" slack="0"/>
<pin id="889" dir="0" index="1" bw="32" slack="2147483647"/>
<pin id="890" dir="0" index="2" bw="0" slack="2147483647"/>
<pin id="891" dir="1" index="3" bw="32" slack="1"/>
</pin_list>
<bind>
<opcode="load(27) " fcode="load"/>
<opset="A_10_load/4 "/>
</bind>
</comp>

<comp id="893" class="1004" name="A_11_addr_gep_fu_893">
<pin_list>
<pin id="894" dir="0" index="0" bw="32" slack="0"/>
<pin id="895" dir="0" index="1" bw="1" slack="0"/>
<pin id="896" dir="0" index="2" bw="6" slack="2"/>
<pin id="897" dir="1" index="3" bw="5" slack="0"/>
</pin_list>
<bind>
<opcode="getelementptr(29) " fcode="getelementptr"/>
<opset="A_11_addr/4 "/>
</bind>
</comp>

<comp id="900" class="1004" name="grp_access_fu_900">
<pin_list>
<pin id="901" dir="0" index="0" bw="5" slack="0"/>
<pin id="902" dir="0" index="1" bw="32" slack="2147483647"/>
<pin id="903" dir="0" index="2" bw="0" slack="2147483647"/>
<pin id="904" dir="1" index="3" bw="32" slack="1"/>
</pin_list>
<bind>
<opcode="load(27) " fcode="load"/>
<opset="A_11_load/4 "/>
</bind>
</comp>

<comp id="906" class="1004" name="B_addr_gep_fu_906">
<pin_list>
<pin id="907" dir="0" index="0" bw="32" slack="0"/>
<pin id="908" dir="0" index="1" bw="1" slack="0"/>
<pin id="909" dir="0" index="2" bw="6" slack="2"/>
<pin id="910" dir="1" index="3" bw="5" slack="0"/>
</pin_list>
<bind>
<opcode="getelementptr(29) " fcode="getelementptr"/>
<opset="B_addr/4 "/>
</bind>
</comp>

<comp id="913" class="1004" name="grp_access_fu_913">
<pin_list>
<pin id="914" dir="0" index="0" bw="5" slack="0"/>
<pin id="915" dir="0" index="1" bw="32" slack="2147483647"/>
<pin id="916" dir="0" index="2" bw="0" slack="2147483647"/>
<pin id="917" dir="1" index="3" bw="32" slack="1"/>
</pin_list>
<bind>
<opcode="load(27) " fcode="load"/>
<opset="B_load/4 "/>
</bind>
</comp>

<comp id="919" class="1004" name="B_1_addr_gep_fu_919">
<pin_list>
<pin id="920" dir="0" index="0" bw="32" slack="0"/>
<pin id="921" dir="0" index="1" bw="1" slack="0"/>
<pin id="922" dir="0" index="2" bw="6" slack="2"/>
<pin id="923" dir="1" index="3" bw="5" slack="0"/>
</pin_list>
<bind>
<opcode="getelementptr(29) " fcode="getelementptr"/>
<opset="B_1_addr/4 "/>
</bind>
</comp>

<comp id="926" class="1004" name="grp_access_fu_926">
<pin_list>
<pin id="927" dir="0" index="0" bw="5" slack="0"/>
<pin id="928" dir="0" index="1" bw="32" slack="2147483647"/>
<pin id="929" dir="0" index="2" bw="0" slack="2147483647"/>
<pin id="930" dir="1" index="3" bw="32" slack="1"/>
</pin_list>
<bind>
<opcode="load(27) " fcode="load"/>
<opset="B_1_load/4 "/>
</bind>
</comp>

<comp id="932" class="1004" name="B_2_addr_gep_fu_932">
<pin_list>
<pin id="933" dir="0" index="0" bw="32" slack="0"/>
<pin id="934" dir="0" index="1" bw="1" slack="0"/>
<pin id="935" dir="0" index="2" bw="6" slack="2"/>
<pin id="936" dir="1" index="3" bw="5" slack="0"/>
</pin_list>
<bind>
<opcode="getelementptr(29) " fcode="getelementptr"/>
<opset="B_2_addr/4 "/>
</bind>
</comp>

<comp id="939" class="1004" name="grp_access_fu_939">
<pin_list>
<pin id="940" dir="0" index="0" bw="5" slack="0"/>
<pin id="941" dir="0" index="1" bw="32" slack="2147483647"/>
<pin id="942" dir="0" index="2" bw="0" slack="2147483647"/>
<pin id="943" dir="1" index="3" bw="32" slack="1"/>
</pin_list>
<bind>
<opcode="load(27) " fcode="load"/>
<opset="B_2_load/4 "/>
</bind>
</comp>

<comp id="945" class="1004" name="B_3_addr_gep_fu_945">
<pin_list>
<pin id="946" dir="0" index="0" bw="32" slack="0"/>
<pin id="947" dir="0" index="1" bw="1" slack="0"/>
<pin id="948" dir="0" index="2" bw="6" slack="2"/>
<pin id="949" dir="1" index="3" bw="5" slack="0"/>
</pin_list>
<bind>
<opcode="getelementptr(29) " fcode="getelementptr"/>
<opset="B_3_addr/4 "/>
</bind>
</comp>

<comp id="952" class="1004" name="grp_access_fu_952">
<pin_list>
<pin id="953" dir="0" index="0" bw="5" slack="0"/>
<pin id="954" dir="0" index="1" bw="32" slack="2147483647"/>
<pin id="955" dir="0" index="2" bw="0" slack="2147483647"/>
<pin id="956" dir="1" index="3" bw="32" slack="1"/>
</pin_list>
<bind>
<opcode="load(27) " fcode="load"/>
<opset="B_3_load/4 "/>
</bind>
</comp>

<comp id="958" class="1004" name="B_8_addr_gep_fu_958">
<pin_list>
<pin id="959" dir="0" index="0" bw="32" slack="0"/>
<pin id="960" dir="0" index="1" bw="1" slack="0"/>
<pin id="961" dir="0" index="2" bw="6" slack="2"/>
<pin id="962" dir="1" index="3" bw="5" slack="0"/>
</pin_list>
<bind>
<opcode="getelementptr(29) " fcode="getelementptr"/>
<opset="B_8_addr/4 "/>
</bind>
</comp>

<comp id="965" class="1004" name="grp_access_fu_965">
<pin_list>
<pin id="966" dir="0" index="0" bw="5" slack="0"/>
<pin id="967" dir="0" index="1" bw="32" slack="2147483647"/>
<pin id="968" dir="0" index="2" bw="0" slack="2147483647"/>
<pin id="969" dir="1" index="3" bw="32" slack="1"/>
</pin_list>
<bind>
<opcode="load(27) " fcode="load"/>
<opset="B_8_load/4 "/>
</bind>
</comp>

<comp id="971" class="1004" name="B_9_addr_gep_fu_971">
<pin_list>
<pin id="972" dir="0" index="0" bw="32" slack="0"/>
<pin id="973" dir="0" index="1" bw="1" slack="0"/>
<pin id="974" dir="0" index="2" bw="6" slack="2"/>
<pin id="975" dir="1" index="3" bw="5" slack="0"/>
</pin_list>
<bind>
<opcode="getelementptr(29) " fcode="getelementptr"/>
<opset="B_9_addr/4 "/>
</bind>
</comp>

<comp id="978" class="1004" name="grp_access_fu_978">
<pin_list>
<pin id="979" dir="0" index="0" bw="5" slack="0"/>
<pin id="980" dir="0" index="1" bw="32" slack="2147483647"/>
<pin id="981" dir="0" index="2" bw="0" slack="2147483647"/>
<pin id="982" dir="1" index="3" bw="32" slack="1"/>
</pin_list>
<bind>
<opcode="load(27) " fcode="load"/>
<opset="B_9_load/4 "/>
</bind>
</comp>

<comp id="984" class="1004" name="B_10_addr_gep_fu_984">
<pin_list>
<pin id="985" dir="0" index="0" bw="32" slack="0"/>
<pin id="986" dir="0" index="1" bw="1" slack="0"/>
<pin id="987" dir="0" index="2" bw="6" slack="2"/>
<pin id="988" dir="1" index="3" bw="5" slack="0"/>
</pin_list>
<bind>
<opcode="getelementptr(29) " fcode="getelementptr"/>
<opset="B_10_addr/4 "/>
</bind>
</comp>

<comp id="991" class="1004" name="grp_access_fu_991">
<pin_list>
<pin id="992" dir="0" index="0" bw="5" slack="0"/>
<pin id="993" dir="0" index="1" bw="32" slack="2147483647"/>
<pin id="994" dir="0" index="2" bw="0" slack="2147483647"/>
<pin id="995" dir="1" index="3" bw="32" slack="1"/>
</pin_list>
<bind>
<opcode="load(27) " fcode="load"/>
<opset="B_10_load/4 "/>
</bind>
</comp>

<comp id="997" class="1004" name="B_11_addr_gep_fu_997">
<pin_list>
<pin id="998" dir="0" index="0" bw="32" slack="0"/>
<pin id="999" dir="0" index="1" bw="1" slack="0"/>
<pin id="1000" dir="0" index="2" bw="6" slack="2"/>
<pin id="1001" dir="1" index="3" bw="5" slack="0"/>
</pin_list>
<bind>
<opcode="getelementptr(29) " fcode="getelementptr"/>
<opset="B_11_addr/4 "/>
</bind>
</comp>

<comp id="1004" class="1004" name="grp_access_fu_1004">
<pin_list>
<pin id="1005" dir="0" index="0" bw="5" slack="0"/>
<pin id="1006" dir="0" index="1" bw="32" slack="2147483647"/>
<pin id="1007" dir="0" index="2" bw="0" slack="2147483647"/>
<pin id="1008" dir="1" index="3" bw="32" slack="1"/>
</pin_list>
<bind>
<opcode="load(27) " fcode="load"/>
<opset="B_11_load/4 "/>
</bind>
</comp>

<comp id="1010" class="1004" name="C_addr_gep_fu_1010">
<pin_list>
<pin id="1011" dir="0" index="0" bw="32" slack="0"/>
<pin id="1012" dir="0" index="1" bw="1" slack="0"/>
<pin id="1013" dir="0" index="2" bw="10" slack="0"/>
<pin id="1014" dir="1" index="3" bw="10" slack="0"/>
</pin_list>
<bind>
<opcode="getelementptr(29) " fcode="getelementptr"/>
<opset="C_addr/10 "/>
</bind>
</comp>

<comp id="1017" class="1004" name="store_ln47_access_fu_1017">
<pin_list>
<pin id="1018" dir="0" index="0" bw="10" slack="0"/>
<pin id="1019" dir="0" index="1" bw="32" slack="1"/>
<pin id="1020" dir="0" index="2" bw="0" slack="2147483647"/>
<pin id="1021" dir="1" index="3" bw="32" slack="2147483647"/>
</pin_list>
<bind>
<opcode="store(28) " fcode="store"/>
<opset="store_ln47/10 "/>
</bind>
</comp>

<comp id="1023" class="1004" name="grp_fu_1023">
<pin_list>
<pin id="1024" dir="0" index="0" bw="32" slack="1"/>
<pin id="1025" dir="0" index="1" bw="32" slack="1"/>
<pin id="1026" dir="1" index="2" bw="32" slack="1"/>
</pin_list>
<bind>
<opcode="mul(12) " fcode="mul"/>
<opset="mul_ln45/4 "/>
</bind>
</comp>

<comp id="1027" class="1004" name="grp_fu_1027">
<pin_list>
<pin id="1028" dir="0" index="0" bw="32" slack="1"/>
<pin id="1029" dir="0" index="1" bw="32" slack="1"/>
<pin id="1030" dir="1" index="2" bw="32" slack="1"/>
</pin_list>
<bind>
<opcode="mul(12) " fcode="mul"/>
<opset="mul_ln45_1/4 "/>
</bind>
</comp>

<comp id="1031" class="1004" name="grp_fu_1031">
<pin_list>
<pin id="1032" dir="0" index="0" bw="32" slack="1"/>
<pin id="1033" dir="0" index="1" bw="32" slack="1"/>
<pin id="1034" dir="1" index="2" bw="32" slack="1"/>
</pin_list>
<bind>
<opcode="mul(12) " fcode="mul"/>
<opset="mul_ln45_2/4 "/>
</bind>
</comp>

<comp id="1035" class="1004" name="grp_fu_1035">
<pin_list>
<pin id="1036" dir="0" index="0" bw="32" slack="1"/>
<pin id="1037" dir="0" index="1" bw="32" slack="1"/>
<pin id="1038" dir="1" index="2" bw="32" slack="1"/>
</pin_list>
<bind>
<opcode="mul(12) " fcode="mul"/>
<opset="mul_ln45_3/4 "/>
</bind>
</comp>

<comp id="1039" class="1004" name="grp_fu_1039">
<pin_list>
<pin id="1040" dir="0" index="0" bw="32" slack="1"/>
<pin id="1041" dir="0" index="1" bw="32" slack="1"/>
<pin id="1042" dir="1" index="2" bw="32" slack="1"/>
</pin_list>
<bind>
<opcode="mul(12) " fcode="mul"/>
<opset="mul_ln45_4/5 "/>
</bind>
</comp>

<comp id="1043" class="1004" name="grp_fu_1043">
<pin_list>
<pin id="1044" dir="0" index="0" bw="32" slack="1"/>
<pin id="1045" dir="0" index="1" bw="32" slack="1"/>
<pin id="1046" dir="1" index="2" bw="32" slack="1"/>
</pin_list>
<bind>
<opcode="mul(12) " fcode="mul"/>
<opset="mul_ln45_5/5 "/>
</bind>
</comp>

<comp id="1047" class="1004" name="grp_fu_1047">
<pin_list>
<pin id="1048" dir="0" index="0" bw="32" slack="1"/>
<pin id="1049" dir="0" index="1" bw="32" slack="1"/>
<pin id="1050" dir="1" index="2" bw="32" slack="1"/>
</pin_list>
<bind>
<opcode="mul(12) " fcode="mul"/>
<opset="mul_ln45_6/5 "/>
</bind>
</comp>

<comp id="1051" class="1004" name="grp_fu_1051">
<pin_list>
<pin id="1052" dir="0" index="0" bw="32" slack="1"/>
<pin id="1053" dir="0" index="1" bw="32" slack="1"/>
<pin id="1054" dir="1" index="2" bw="32" slack="1"/>
</pin_list>
<bind>
<opcode="mul(12) " fcode="mul"/>
<opset="mul_ln45_7/5 "/>
</bind>
</comp>

<comp id="1055" class="1004" name="grp_fu_1055">
<pin_list>
<pin id="1056" dir="0" index="0" bw="32" slack="1"/>
<pin id="1057" dir="0" index="1" bw="32" slack="1"/>
<pin id="1058" dir="1" index="2" bw="32" slack="1"/>
</pin_list>
<bind>
<opcode="mul(12) " fcode="mul"/>
<opset="mul_ln45_8/5 "/>
</bind>
</comp>

<comp id="1059" class="1004" name="grp_fu_1059">
<pin_list>
<pin id="1060" dir="0" index="0" bw="32" slack="1"/>
<pin id="1061" dir="0" index="1" bw="32" slack="1"/>
<pin id="1062" dir="1" index="2" bw="32" slack="1"/>
</pin_list>
<bind>
<opcode="mul(12) " fcode="mul"/>
<opset="mul_ln45_9/5 "/>
</bind>
</comp>

<comp id="1063" class="1004" name="grp_fu_1063">
<pin_list>
<pin id="1064" dir="0" index="0" bw="32" slack="1"/>
<pin id="1065" dir="0" index="1" bw="32" slack="1"/>
<pin id="1066" dir="1" index="2" bw="32" slack="1"/>
</pin_list>
<bind>
<opcode="mul(12) " fcode="mul"/>
<opset="mul_ln45_10/5 "/>
</bind>
</comp>

<comp id="1067" class="1004" name="grp_fu_1067">
<pin_list>
<pin id="1068" dir="0" index="0" bw="32" slack="1"/>
<pin id="1069" dir="0" index="1" bw="32" slack="1"/>
<pin id="1070" dir="1" index="2" bw="32" slack="1"/>
</pin_list>
<bind>
<opcode="mul(12) " fcode="mul"/>
<opset="mul_ln45_11/5 "/>
</bind>
</comp>

<comp id="1071" class="1004" name="grp_fu_1071">
<pin_list>
<pin id="1072" dir="0" index="0" bw="32" slack="1"/>
<pin id="1073" dir="0" index="1" bw="32" slack="1"/>
<pin id="1074" dir="1" index="2" bw="32" slack="1"/>
</pin_list>
<bind>
<opcode="mul(12) " fcode="mul"/>
<opset="mul_ln45_12/5 "/>
</bind>
</comp>

<comp id="1075" class="1004" name="grp_fu_1075">
<pin_list>
<pin id="1076" dir="0" index="0" bw="32" slack="1"/>
<pin id="1077" dir="0" index="1" bw="32" slack="1"/>
<pin id="1078" dir="1" index="2" bw="32" slack="1"/>
</pin_list>
<bind>
<opcode="mul(12) " fcode="mul"/>
<opset="mul_ln45_13/5 "/>
</bind>
</comp>

<comp id="1079" class="1004" name="grp_fu_1079">
<pin_list>
<pin id="1080" dir="0" index="0" bw="32" slack="1"/>
<pin id="1081" dir="0" index="1" bw="32" slack="1"/>
<pin id="1082" dir="1" index="2" bw="32" slack="1"/>
</pin_list>
<bind>
<opcode="mul(12) " fcode="mul"/>
<opset="mul_ln45_14/5 "/>
</bind>
</comp>

<comp id="1083" class="1004" name="grp_fu_1083">
<pin_list>
<pin id="1084" dir="0" index="0" bw="32" slack="1"/>
<pin id="1085" dir="0" index="1" bw="32" slack="1"/>
<pin id="1086" dir="1" index="2" bw="32" slack="1"/>
</pin_list>
<bind>
<opcode="mul(12) " fcode="mul"/>
<opset="mul_ln45_15/5 "/>
</bind>
</comp>

<comp id="1087" class="1004" name="grp_fu_1087">
<pin_list>
<pin id="1088" dir="0" index="0" bw="32" slack="1"/>
<pin id="1089" dir="0" index="1" bw="32" slack="1"/>
<pin id="1090" dir="1" index="2" bw="32" slack="1"/>
</pin_list>
<bind>
<opcode="mul(12) " fcode="mul"/>
<opset="mul_ln45_16/5 "/>
</bind>
</comp>

<comp id="1091" class="1004" name="grp_fu_1091">
<pin_list>
<pin id="1092" dir="0" index="0" bw="32" slack="1"/>
<pin id="1093" dir="0" index="1" bw="32" slack="1"/>
<pin id="1094" dir="1" index="2" bw="32" slack="1"/>
</pin_list>
<bind>
<opcode="mul(12) " fcode="mul"/>
<opset="mul_ln45_17/5 "/>
</bind>
</comp>

<comp id="1095" class="1004" name="grp_fu_1095">
<pin_list>
<pin id="1096" dir="0" index="0" bw="32" slack="1"/>
<pin id="1097" dir="0" index="1" bw="32" slack="1"/>
<pin id="1098" dir="1" index="2" bw="32" slack="1"/>
</pin_list>
<bind>
<opcode="mul(12) " fcode="mul"/>
<opset="mul_ln45_18/5 "/>
</bind>
</comp>

<comp id="1099" class="1004" name="grp_fu_1099">
<pin_list>
<pin id="1100" dir="0" index="0" bw="32" slack="1"/>
<pin id="1101" dir="0" index="1" bw="32" slack="1"/>
<pin id="1102" dir="1" index="2" bw="32" slack="1"/>
</pin_list>
<bind>
<opcode="mul(12) " fcode="mul"/>
<opset="mul_ln45_19/5 "/>
</bind>
</comp>

<comp id="1103" class="1004" name="grp_fu_1103">
<pin_list>
<pin id="1104" dir="0" index="0" bw="32" slack="1"/>
<pin id="1105" dir="0" index="1" bw="32" slack="1"/>
<pin id="1106" dir="1" index="2" bw="32" slack="1"/>
</pin_list>
<bind>
<opcode="mul(12) " fcode="mul"/>
<opset="mul_ln45_24/5 "/>
</bind>
</comp>

<comp id="1107" class="1004" name="grp_fu_1107">
<pin_list>
<pin id="1108" dir="0" index="0" bw="32" slack="1"/>
<pin id="1109" dir="0" index="1" bw="32" slack="1"/>
<pin id="1110" dir="1" index="2" bw="32" slack="1"/>
</pin_list>
<bind>
<opcode="mul(12) " fcode="mul"/>
<opset="mul_ln45_25/5 "/>
</bind>
</comp>

<comp id="1111" class="1004" name="grp_fu_1111">
<pin_list>
<pin id="1112" dir="0" index="0" bw="32" slack="1"/>
<pin id="1113" dir="0" index="1" bw="32" slack="1"/>
<pin id="1114" dir="1" index="2" bw="32" slack="1"/>
</pin_list>
<bind>
<opcode="mul(12) " fcode="mul"/>
<opset="mul_ln45_26/5 "/>
</bind>
</comp>

<comp id="1115" class="1004" name="grp_fu_1115">
<pin_list>
<pin id="1116" dir="0" index="0" bw="32" slack="1"/>
<pin id="1117" dir="0" index="1" bw="32" slack="1"/>
<pin id="1118" dir="1" index="2" bw="32" slack="1"/>
</pin_list>
<bind>
<opcode="mul(12) " fcode="mul"/>
<opset="mul_ln45_27/5 "/>
</bind>
</comp>

<comp id="1119" class="1004" name="grp_fu_1119">
<pin_list>
<pin id="1120" dir="0" index="0" bw="32" slack="1"/>
<pin id="1121" dir="0" index="1" bw="32" slack="1"/>
<pin id="1122" dir="1" index="2" bw="32" slack="1"/>
</pin_list>
<bind>
<opcode="mul(12) " fcode="mul"/>
<opset="mul_ln45_20/6 "/>
</bind>
</comp>

<comp id="1123" class="1004" name="grp_fu_1123">
<pin_list>
<pin id="1124" dir="0" index="0" bw="32" slack="1"/>
<pin id="1125" dir="0" index="1" bw="32" slack="1"/>
<pin id="1126" dir="1" index="2" bw="32" slack="1"/>
</pin_list>
<bind>
<opcode="mul(12) " fcode="mul"/>
<opset="mul_ln45_21/6 "/>
</bind>
</comp>

<comp id="1127" class="1004" name="grp_fu_1127">
<pin_list>
<pin id="1128" dir="0" index="0" bw="32" slack="1"/>
<pin id="1129" dir="0" index="1" bw="32" slack="1"/>
<pin id="1130" dir="1" index="2" bw="32" slack="1"/>
</pin_list>
<bind>
<opcode="mul(12) " fcode="mul"/>
<opset="mul_ln45_22/6 "/>
</bind>
</comp>

<comp id="1131" class="1004" name="grp_fu_1131">
<pin_list>
<pin id="1132" dir="0" index="0" bw="32" slack="1"/>
<pin id="1133" dir="0" index="1" bw="32" slack="1"/>
<pin id="1134" dir="1" index="2" bw="32" slack="1"/>
</pin_list>
<bind>
<opcode="mul(12) " fcode="mul"/>
<opset="mul_ln45_23/6 "/>
</bind>
</comp>

<comp id="1135" class="1004" name="grp_fu_1135">
<pin_list>
<pin id="1136" dir="0" index="0" bw="32" slack="1"/>
<pin id="1137" dir="0" index="1" bw="32" slack="1"/>
<pin id="1138" dir="1" index="2" bw="32" slack="1"/>
</pin_list>
<bind>
<opcode="mul(12) " fcode="mul"/>
<opset="mul_ln45_28/6 "/>
</bind>
</comp>

<comp id="1139" class="1004" name="grp_fu_1139">
<pin_list>
<pin id="1140" dir="0" index="0" bw="32" slack="1"/>
<pin id="1141" dir="0" index="1" bw="32" slack="1"/>
<pin id="1142" dir="1" index="2" bw="32" slack="1"/>
</pin_list>
<bind>
<opcode="mul(12) " fcode="mul"/>
<opset="mul_ln45_29/6 "/>
</bind>
</comp>

<comp id="1143" class="1004" name="grp_fu_1143">
<pin_list>
<pin id="1144" dir="0" index="0" bw="32" slack="1"/>
<pin id="1145" dir="0" index="1" bw="32" slack="1"/>
<pin id="1146" dir="1" index="2" bw="32" slack="1"/>
</pin_list>
<bind>
<opcode="mul(12) " fcode="mul"/>
<opset="mul_ln45_30/6 "/>
</bind>
</comp>

<comp id="1147" class="1004" name="grp_fu_1147">
<pin_list>
<pin id="1148" dir="0" index="0" bw="32" slack="1"/>
<pin id="1149" dir="0" index="1" bw="32" slack="1"/>
<pin id="1150" dir="1" index="2" bw="32" slack="1"/>
</pin_list>
<bind>
<opcode="mul(12) " fcode="mul"/>
<opset="mul_ln45_31/6 "/>
</bind>
</comp>

<comp id="1151" class="1004" name="store_ln0_store_fu_1151">
<pin_list>
<pin id="1152" dir="0" index="0" bw="1" slack="0"/>
<pin id="1153" dir="0" index="1" bw="11" slack="0"/>
<pin id="1154" dir="1" index="2" bw="0" slack="2147483647"/>
</pin_list>
<bind>
<opcode="store(28) " fcode="store"/>
<opset="store_ln0/1 "/>
</bind>
</comp>

<comp id="1156" class="1004" name="store_ln39_store_fu_1156">
<pin_list>
<pin id="1157" dir="0" index="0" bw="1" slack="0"/>
<pin id="1158" dir="0" index="1" bw="6" slack="0"/>
<pin id="1159" dir="1" index="2" bw="0" slack="2147483647"/>
</pin_list>
<bind>
<opcode="store(28) " fcode="store"/>
<opset="store_ln39/1 "/>
</bind>
</comp>

<comp id="1161" class="1004" name="store_ln40_store_fu_1161">
<pin_list>
<pin id="1162" dir="0" index="0" bw="1" slack="0"/>
<pin id="1163" dir="0" index="1" bw="6" slack="0"/>
<pin id="1164" dir="1" index="2" bw="0" slack="2147483647"/>
</pin_list>
<bind>
<opcode="store(28) " fcode="store"/>
<opset="store_ln40/1 "/>
</bind>
</comp>

<comp id="1166" class="1004" name="indvar_flatten13_load_load_fu_1166">
<pin_list>
<pin id="1167" dir="0" index="0" bw="11" slack="0"/>
<pin id="1168" dir="1" index="1" bw="11" slack="0"/>
</pin_list>
<bind>
<opcode="load(27) " fcode="load"/>
<opset="indvar_flatten13_load/1 "/>
</bind>
</comp>

<comp id="1169" class="1004" name="icmp_ln39_fu_1169">
<pin_list>
<pin id="1170" dir="0" index="0" bw="11" slack="0"/>
<pin id="1171" dir="0" index="1" bw="11" slack="0"/>
<pin id="1172" dir="1" index="2" bw="1" slack="8"/>
</pin_list>
<bind>
<opcode="icmp(45) " fcode="icmp"/>
<opset="icmp_ln39/1 "/>
</bind>
</comp>

<comp id="1175" class="1004" name="add_ln39_1_fu_1175">
<pin_list>
<pin id="1176" dir="0" index="0" bw="11" slack="0"/>
<pin id="1177" dir="0" index="1" bw="1" slack="0"/>
<pin id="1178" dir="1" index="2" bw="11" slack="0"/>
</pin_list>
<bind>
<opcode="add(8) " fcode="add"/>
<opset="add_ln39_1/1 "/>
</bind>
</comp>

<comp id="1181" class="1004" name="store_ln39_store_fu_1181">
<pin_list>
<pin id="1182" dir="0" index="0" bw="11" slack="0"/>
<pin id="1183" dir="0" index="1" bw="11" slack="0"/>
<pin id="1184" dir="1" index="2" bw="0" slack="2147483647"/>
</pin_list>
<bind>
<opcode="store(28) " fcode="store"/>
<opset="store_ln39/1 "/>
</bind>
</comp>

<comp id="1186" class="1004" name="j_load_load_fu_1186">
<pin_list>
<pin id="1187" dir="0" index="0" bw="6" slack="1"/>
<pin id="1188" dir="1" index="1" bw="6" slack="0"/>
</pin_list>
<bind>
<opcode="load(27) " fcode="load"/>
<opset="j_load/2 "/>
</bind>
</comp>

<comp id="1189" class="1004" name="i_load_load_fu_1189">
<pin_list>
<pin id="1190" dir="0" index="0" bw="6" slack="1"/>
<pin id="1191" dir="1" index="1" bw="6" slack="0"/>
</pin_list>
<bind>
<opcode="load(27) " fcode="load"/>
<opset="i_load/2 "/>
</bind>
</comp>

<comp id="1192" class="1004" name="add_ln39_fu_1192">
<pin_list>
<pin id="1193" dir="0" index="0" bw="6" slack="0"/>
<pin id="1194" dir="0" index="1" bw="1" slack="0"/>
<pin id="1195" dir="1" index="2" bw="6" slack="0"/>
</pin_list>
<bind>
<opcode="add(8) " fcode="add"/>
<opset="add_ln39/2 "/>
</bind>
</comp>

<comp id="1198" class="1004" name="icmp_ln40_fu_1198">
<pin_list>
<pin id="1199" dir="0" index="0" bw="6" slack="0"/>
<pin id="1200" dir="0" index="1" bw="6" slack="0"/>
<pin id="1201" dir="1" index="2" bw="1" slack="0"/>
</pin_list>
<bind>
<opcode="icmp(45) " fcode="icmp"/>
<opset="icmp_ln40/2 "/>
</bind>
</comp>

<comp id="1204" class="1004" name="select_ln39_fu_1204">
<pin_list>
<pin id="1205" dir="0" index="0" bw="1" slack="0"/>
<pin id="1206" dir="0" index="1" bw="1" slack="0"/>
<pin id="1207" dir="0" index="2" bw="6" slack="0"/>
<pin id="1208" dir="1" index="3" bw="6" slack="0"/>
</pin_list>
<bind>
<opcode="select(49) " fcode="select"/>
<opset="select_ln39/2 "/>
</bind>
</comp>

<comp id="1212" class="1004" name="select_ln39_1_fu_1212">
<pin_list>
<pin id="1213" dir="0" index="0" bw="1" slack="0"/>
<pin id="1214" dir="0" index="1" bw="6" slack="0"/>
<pin id="1215" dir="0" index="2" bw="6" slack="0"/>
<pin id="1216" dir="1" index="3" bw="6" slack="0"/>
</pin_list>
<bind>
<opcode="select(49) " fcode="select"/>
<opset="select_ln39_1/2 "/>
</bind>
</comp>

<comp id="1220" class="1004" name="trunc_ln39_fu_1220">
<pin_list>
<pin id="1221" dir="0" index="0" bw="6" slack="0"/>
<pin id="1222" dir="1" index="1" bw="5" slack="0"/>
</pin_list>
<bind>
<opcode="trunc(33) " fcode="trunc"/>
<opset="trunc_ln39/2 "/>
</bind>
</comp>

<comp id="1224" class="1004" name="zext_ln39_fu_1224">
<pin_list>
<pin id="1225" dir="0" index="0" bw="6" slack="0"/>
<pin id="1226" dir="1" index="1" bw="64" slack="0"/>
</pin_list>
<bind>
<opcode="zext(34) " fcode="zext"/>
<opset="zext_ln39/2 "/>
</bind>
</comp>

<comp id="1232" class="1004" name="tmp_fu_1232">
<pin_list>
<pin id="1233" dir="0" index="0" bw="10" slack="0"/>
<pin id="1234" dir="0" index="1" bw="5" slack="0"/>
<pin id="1235" dir="0" index="2" bw="1" slack="0"/>
<pin id="1236" dir="1" index="3" bw="10" slack="0"/>
</pin_list>
<bind>
<opcode="bitconcatenate(1004) " fcode="bitconcatenate"/>
<opset="tmp/2 "/>
</bind>
</comp>

<comp id="1240" class="1004" name="zext_ln40_fu_1240">
<pin_list>
<pin id="1241" dir="0" index="0" bw="6" slack="0"/>
<pin id="1242" dir="1" index="1" bw="64" slack="0"/>
</pin_list>
<bind>
<opcode="zext(34) " fcode="zext"/>
<opset="zext_ln40/2 "/>
</bind>
</comp>

<comp id="1248" class="1004" name="zext_ln47_fu_1248">
<pin_list>
<pin id="1249" dir="0" index="0" bw="6" slack="0"/>
<pin id="1250" dir="1" index="1" bw="10" slack="0"/>
</pin_list>
<bind>
<opcode="zext(34) " fcode="zext"/>
<opset="zext_ln47/2 "/>
</bind>
</comp>

<comp id="1252" class="1004" name="add_ln47_fu_1252">
<pin_list>
<pin id="1253" dir="0" index="0" bw="10" slack="0"/>
<pin id="1254" dir="0" index="1" bw="6" slack="0"/>
<pin id="1255" dir="1" index="2" bw="10" slack="8"/>
</pin_list>
<bind>
<opcode="add(8) " fcode="add"/>
<opset="add_ln47/2 "/>
</bind>
</comp>

<comp id="1258" class="1004" name="add_ln40_fu_1258">
<pin_list>
<pin id="1259" dir="0" index="0" bw="6" slack="0"/>
<pin id="1260" dir="0" index="1" bw="1" slack="0"/>
<pin id="1261" dir="1" index="2" bw="6" slack="0"/>
</pin_list>
<bind>
<opcode="add(8) " fcode="add"/>
<opset="add_ln40/2 "/>
</bind>
</comp>

<comp id="1264" class="1004" name="store_ln39_store_fu_1264">
<pin_list>
<pin id="1265" dir="0" index="0" bw="6" slack="0"/>
<pin id="1266" dir="0" index="1" bw="6" slack="1"/>
<pin id="1267" dir="1" index="2" bw="0" slack="2147483647"/>
</pin_list>
<bind>
<opcode="store(28) " fcode="store"/>
<opset="store_ln39/2 "/>
</bind>
</comp>

<comp id="1269" class="1004" name="store_ln40_store_fu_1269">
<pin_list>
<pin id="1270" dir="0" index="0" bw="6" slack="0"/>
<pin id="1271" dir="0" index="1" bw="6" slack="1"/>
<pin id="1272" dir="1" index="2" bw="0" slack="2147483647"/>
</pin_list>
<bind>
<opcode="store(28) " fcode="store"/>
<opset="store_ln40/2 "/>
</bind>
</comp>

<comp id="1274" class="1004" name="add_ln45_25_fu_1274">
<pin_list>
<pin id="1275" dir="0" index="0" bw="32" slack="1"/>
<pin id="1276" dir="0" index="1" bw="32" slack="1"/>
<pin id="1277" dir="1" index="2" bw="32" slack="0"/>
</pin_list>
<bind>
<opcode="add(8) " fcode="add"/>
<opset="add_ln45_25/6 "/>
</bind>
</comp>

<comp id="1278" class="1004" name="add_ln45_26_fu_1278">
<pin_list>
<pin id="1279" dir="0" index="0" bw="32" slack="1"/>
<pin id="1280" dir="0" index="1" bw="32" slack="1"/>
<pin id="1281" dir="1" index="2" bw="32" slack="0"/>
</pin_list>
<bind>
<opcode="add(8) " fcode="add"/>
<opset="add_ln45_26/6 "/>
</bind>
</comp>

<comp id="1282" class="1004" name="add_ln45_27_fu_1282">
<pin_list>
<pin id="1283" dir="0" index="0" bw="32" slack="0"/>
<pin id="1284" dir="0" index="1" bw="32" slack="0"/>
<pin id="1285" dir="1" index="2" bw="32" slack="1"/>
</pin_list>
<bind>
<opcode="add(8) " fcode="add"/>
<opset="add_ln45_27/6 "/>
</bind>
</comp>

<comp id="1288" class="1004" name="add_ln45_3_fu_1288">
<pin_list>
<pin id="1289" dir="0" index="0" bw="32" slack="1"/>
<pin id="1290" dir="0" index="1" bw="32" slack="1"/>
<pin id="1291" dir="1" index="2" bw="32" slack="0"/>
</pin_list>
<bind>
<opcode="add(8) " fcode="add"/>
<opset="add_ln45_3/7 "/>
</bind>
</comp>

<comp id="1292" class="1004" name="add_ln45_4_fu_1292">
<pin_list>
<pin id="1293" dir="0" index="0" bw="32" slack="1"/>
<pin id="1294" dir="0" index="1" bw="32" slack="1"/>
<pin id="1295" dir="1" index="2" bw="32" slack="0"/>
</pin_list>
<bind>
<opcode="add(8) " fcode="add"/>
<opset="add_ln45_4/7 "/>
</bind>
</comp>

<comp id="1296" class="1004" name="add_ln45_5_fu_1296">
<pin_list>
<pin id="1297" dir="0" index="0" bw="32" slack="0"/>
<pin id="1298" dir="0" index="1" bw="32" slack="0"/>
<pin id="1299" dir="1" index="2" bw="32" slack="1"/>
</pin_list>
<bind>
<opcode="add(8) " fcode="add"/>
<opset="add_ln45_5/7 "/>
</bind>
</comp>

<comp id="1302" class="1004" name="add_ln45_10_fu_1302">
<pin_list>
<pin id="1303" dir="0" index="0" bw="32" slack="1"/>
<pin id="1304" dir="0" index="1" bw="32" slack="1"/>
<pin id="1305" dir="1" index="2" bw="32" slack="0"/>
</pin_list>
<bind>
<opcode="add(8) " fcode="add"/>
<opset="add_ln45_10/7 "/>
</bind>
</comp>

<comp id="1306" class="1004" name="add_ln45_11_fu_1306">
<pin_list>
<pin id="1307" dir="0" index="0" bw="32" slack="1"/>
<pin id="1308" dir="0" index="1" bw="32" slack="1"/>
<pin id="1309" dir="1" index="2" bw="32" slack="0"/>
</pin_list>
<bind>
<opcode="add(8) " fcode="add"/>
<opset="add_ln45_11/7 "/>
</bind>
</comp>

<comp id="1310" class="1004" name="add_ln45_12_fu_1310">
<pin_list>
<pin id="1311" dir="0" index="0" bw="32" slack="0"/>
<pin id="1312" dir="0" index="1" bw="32" slack="0"/>
<pin id="1313" dir="1" index="2" bw="32" slack="1"/>
</pin_list>
<bind>
<opcode="add(8) " fcode="add"/>
<opset="add_ln45_12/7 "/>
</bind>
</comp>

<comp id="1316" class="1004" name="add_ln45_15_fu_1316">
<pin_list>
<pin id="1317" dir="0" index="0" bw="32" slack="1"/>
<pin id="1318" dir="0" index="1" bw="32" slack="1"/>
<pin id="1319" dir="1" index="2" bw="32" slack="0"/>
</pin_list>
<bind>
<opcode="add(8) " fcode="add"/>
<opset="add_ln45_15/7 "/>
</bind>
</comp>

<comp id="1320" class="1004" name="add_ln45_16_fu_1320">
<pin_list>
<pin id="1321" dir="0" index="0" bw="32" slack="1"/>
<pin id="1322" dir="0" index="1" bw="32" slack="1"/>
<pin id="1323" dir="1" index="2" bw="32" slack="0"/>
</pin_list>
<bind>
<opcode="add(8) " fcode="add"/>
<opset="add_ln45_16/7 "/>
</bind>
</comp>

<comp id="1324" class="1004" name="add_ln45_17_fu_1324">
<pin_list>
<pin id="1325" dir="0" index="0" bw="32" slack="0"/>
<pin id="1326" dir="0" index="1" bw="32" slack="0"/>
<pin id="1327" dir="1" index="2" bw="32" slack="1"/>
</pin_list>
<bind>
<opcode="add(8) " fcode="add"/>
<opset="add_ln45_17/7 "/>
</bind>
</comp>

<comp id="1330" class="1004" name="add_ln45_18_fu_1330">
<pin_list>
<pin id="1331" dir="0" index="0" bw="32" slack="1"/>
<pin id="1332" dir="0" index="1" bw="32" slack="1"/>
<pin id="1333" dir="1" index="2" bw="32" slack="0"/>
</pin_list>
<bind>
<opcode="add(8) " fcode="add"/>
<opset="add_ln45_18/7 "/>
</bind>
</comp>

<comp id="1334" class="1004" name="add_ln45_19_fu_1334">
<pin_list>
<pin id="1335" dir="0" index="0" bw="32" slack="1"/>
<pin id="1336" dir="0" index="1" bw="32" slack="1"/>
<pin id="1337" dir="1" index="2" bw="32" slack="0"/>
</pin_list>
<bind>
<opcode="add(8) " fcode="add"/>
<opset="add_ln45_19/7 "/>
</bind>
</comp>

<comp id="1338" class="1004" name="add_ln45_20_fu_1338">
<pin_list>
<pin id="1339" dir="0" index="0" bw="32" slack="0"/>
<pin id="1340" dir="0" index="1" bw="32" slack="0"/>
<pin id="1341" dir="1" index="2" bw="32" slack="1"/>
</pin_list>
<bind>
<opcode="add(8) " fcode="add"/>
<opset="add_ln45_20/7 "/>
</bind>
</comp>

<comp id="1344" class="1004" name="add_ln45_22_fu_1344">
<pin_list>
<pin id="1345" dir="0" index="0" bw="32" slack="1"/>
<pin id="1346" dir="0" index="1" bw="32" slack="1"/>
<pin id="1347" dir="1" index="2" bw="32" slack="0"/>
</pin_list>
<bind>
<opcode="add(8) " fcode="add"/>
<opset="add_ln45_22/7 "/>
</bind>
</comp>

<comp id="1348" class="1004" name="add_ln45_23_fu_1348">
<pin_list>
<pin id="1349" dir="0" index="0" bw="32" slack="1"/>
<pin id="1350" dir="0" index="1" bw="32" slack="1"/>
<pin id="1351" dir="1" index="2" bw="32" slack="0"/>
</pin_list>
<bind>
<opcode="add(8) " fcode="add"/>
<opset="add_ln45_23/7 "/>
</bind>
</comp>

<comp id="1352" class="1004" name="add_ln45_24_fu_1352">
<pin_list>
<pin id="1353" dir="0" index="0" bw="32" slack="0"/>
<pin id="1354" dir="0" index="1" bw="32" slack="0"/>
<pin id="1355" dir="1" index="2" bw="32" slack="0"/>
</pin_list>
<bind>
<opcode="add(8) " fcode="add"/>
<opset="add_ln45_24/7 "/>
</bind>
</comp>

<comp id="1358" class="1004" name="add_ln45_28_fu_1358">
<pin_list>
<pin id="1359" dir="0" index="0" bw="32" slack="1"/>
<pin id="1360" dir="0" index="1" bw="32" slack="0"/>
<pin id="1361" dir="1" index="2" bw="32" slack="1"/>
</pin_list>
<bind>
<opcode="add(8) " fcode="add"/>
<opset="add_ln45_28/7 "/>
</bind>
</comp>

<comp id="1363" class="1004" name="add_ln45_fu_1363">
<pin_list>
<pin id="1364" dir="0" index="0" bw="32" slack="1"/>
<pin id="1365" dir="0" index="1" bw="32" slack="1"/>
<pin id="1366" dir="1" index="2" bw="32" slack="0"/>
</pin_list>
<bind>
<opcode="add(8) " fcode="add"/>
<opset="add_ln45/8 "/>
</bind>
</comp>

<comp id="1367" class="1004" name="add_ln45_1_fu_1367">
<pin_list>
<pin id="1368" dir="0" index="0" bw="32" slack="1"/>
<pin id="1369" dir="0" index="1" bw="32" slack="1"/>
<pin id="1370" dir="1" index="2" bw="32" slack="0"/>
</pin_list>
<bind>
<opcode="add(8) " fcode="add"/>
<opset="add_ln45_1/8 "/>
</bind>
</comp>

<comp id="1371" class="1004" name="add_ln45_2_fu_1371">
<pin_list>
<pin id="1372" dir="0" index="0" bw="32" slack="0"/>
<pin id="1373" dir="0" index="1" bw="32" slack="0"/>
<pin id="1374" dir="1" index="2" bw="32" slack="0"/>
</pin_list>
<bind>
<opcode="add(8) " fcode="add"/>
<opset="add_ln45_2/8 "/>
</bind>
</comp>

<comp id="1377" class="1004" name="add_ln45_6_fu_1377">
<pin_list>
<pin id="1378" dir="0" index="0" bw="32" slack="1"/>
<pin id="1379" dir="0" index="1" bw="32" slack="0"/>
<pin id="1380" dir="1" index="2" bw="32" slack="1"/>
</pin_list>
<bind>
<opcode="add(8) " fcode="add"/>
<opset="add_ln45_6/8 "/>
</bind>
</comp>

<comp id="1382" class="1004" name="add_ln45_7_fu_1382">
<pin_list>
<pin id="1383" dir="0" index="0" bw="32" slack="1"/>
<pin id="1384" dir="0" index="1" bw="32" slack="1"/>
<pin id="1385" dir="1" index="2" bw="32" slack="0"/>
</pin_list>
<bind>
<opcode="add(8) " fcode="add"/>
<opset="add_ln45_7/8 "/>
</bind>
</comp>

<comp id="1386" class="1004" name="add_ln45_8_fu_1386">
<pin_list>
<pin id="1387" dir="0" index="0" bw="32" slack="1"/>
<pin id="1388" dir="0" index="1" bw="32" slack="1"/>
<pin id="1389" dir="1" index="2" bw="32" slack="0"/>
</pin_list>
<bind>
<opcode="add(8) " fcode="add"/>
<opset="add_ln45_8/8 "/>
</bind>
</comp>

<comp id="1390" class="1004" name="add_ln45_9_fu_1390">
<pin_list>
<pin id="1391" dir="0" index="0" bw="32" slack="0"/>
<pin id="1392" dir="0" index="1" bw="32" slack="0"/>
<pin id="1393" dir="1" index="2" bw="32" slack="0"/>
</pin_list>
<bind>
<opcode="add(8) " fcode="add"/>
<opset="add_ln45_9/8 "/>
</bind>
</comp>

<comp id="1396" class="1004" name="add_ln45_13_fu_1396">
<pin_list>
<pin id="1397" dir="0" index="0" bw="32" slack="1"/>
<pin id="1398" dir="0" index="1" bw="32" slack="0"/>
<pin id="1399" dir="1" index="2" bw="32" slack="1"/>
</pin_list>
<bind>
<opcode="add(8) " fcode="add"/>
<opset="add_ln45_13/8 "/>
</bind>
</comp>

<comp id="1401" class="1004" name="add_ln45_21_fu_1401">
<pin_list>
<pin id="1402" dir="0" index="0" bw="32" slack="1"/>
<pin id="1403" dir="0" index="1" bw="32" slack="1"/>
<pin id="1404" dir="1" index="2" bw="32" slack="0"/>
</pin_list>
<bind>
<opcode="add(8) " fcode="add"/>
<opset="add_ln45_21/8 "/>
</bind>
</comp>

<comp id="1405" class="1004" name="add_ln45_29_fu_1405">
<pin_list>
<pin id="1406" dir="0" index="0" bw="32" slack="1"/>
<pin id="1407" dir="0" index="1" bw="32" slack="0"/>
<pin id="1408" dir="1" index="2" bw="32" slack="1"/>
</pin_list>
<bind>
<opcode="add(8) " fcode="add"/>
<opset="add_ln45_29/8 "/>
</bind>
</comp>

<comp id="1410" class="1004" name="add_ln45_14_fu_1410">
<pin_list>
<pin id="1411" dir="0" index="0" bw="32" slack="1"/>
<pin id="1412" dir="0" index="1" bw="32" slack="1"/>
<pin id="1413" dir="1" index="2" bw="32" slack="0"/>
</pin_list>
<bind>
<opcode="add(8) " fcode="add"/>
<opset="add_ln45_14/9 "/>
</bind>
</comp>

<comp id="1414" class="1004" name="sum_fu_1414">
<pin_list>
<pin id="1415" dir="0" index="0" bw="32" slack="1"/>
<pin id="1416" dir="0" index="1" bw="32" slack="0"/>
<pin id="1417" dir="1" index="2" bw="32" slack="1"/>
</pin_list>
<bind>
<opcode="add(8) " fcode="add"/>
<opset="sum/9 "/>
</bind>
</comp>

<comp id="1419" class="1004" name="zext_ln47_1_fu_1419">
<pin_list>
<pin id="1420" dir="0" index="0" bw="10" slack="8"/>
<pin id="1421" dir="1" index="1" bw="64" slack="0"/>
</pin_list>
<bind>
<opcode="zext(34) " fcode="zext"/>
<opset="zext_ln47_1/10 "/>
</bind>
</comp>

<comp id="1423" class="1005" name="j_reg_1423">
<pin_list>
<pin id="1424" dir="0" index="0" bw="6" slack="0"/>
<pin id="1425" dir="1" index="1" bw="6" slack="0"/>
</pin_list>
<bind>
<opset="j "/>
</bind>
</comp>

<comp id="1430" class="1005" name="i_reg_1430">
<pin_list>
<pin id="1431" dir="0" index="0" bw="6" slack="0"/>
<pin id="1432" dir="1" index="1" bw="6" slack="0"/>
</pin_list>
<bind>
<opset="i "/>
</bind>
</comp>

<comp id="1437" class="1005" name="indvar_flatten13_reg_1437">
<pin_list>
<pin id="1438" dir="0" index="0" bw="11" slack="0"/>
<pin id="1439" dir="1" index="1" bw="11" slack="0"/>
</pin_list>
<bind>
<opset="indvar_flatten13 "/>
</bind>
</comp>

<comp id="1444" class="1005" name="icmp_ln39_reg_1444">
<pin_list>
<pin id="1445" dir="0" index="0" bw="1" slack="8"/>
<pin id="1446" dir="1" index="1" bw="1" slack="2147483647"/>
</pin_list>
<bind>
<opset="icmp_ln39 "/>
</bind>
</comp>

<comp id="1448" class="1005" name="zext_ln39_reg_1448">
<pin_list>
<pin id="1449" dir="0" index="0" bw="64" slack="1"/>
<pin id="1450" dir="1" index="1" bw="64" slack="1"/>
</pin_list>
<bind>
<opset="zext_ln39 "/>
</bind>
</comp>

<comp id="1480" class="1005" name="A_28_addr_reg_1480">
<pin_list>
<pin id="1481" dir="0" index="0" bw="5" slack="1"/>
<pin id="1482" dir="1" index="1" bw="5" slack="1"/>
</pin_list>
<bind>
<opset="A_28_addr "/>
</bind>
</comp>

<comp id="1485" class="1005" name="A_29_addr_reg_1485">
<pin_list>
<pin id="1486" dir="0" index="0" bw="5" slack="1"/>
<pin id="1487" dir="1" index="1" bw="5" slack="1"/>
</pin_list>
<bind>
<opset="A_29_addr "/>
</bind>
</comp>

<comp id="1490" class="1005" name="A_30_addr_reg_1490">
<pin_list>
<pin id="1491" dir="0" index="0" bw="5" slack="1"/>
<pin id="1492" dir="1" index="1" bw="5" slack="1"/>
</pin_list>
<bind>
<opset="A_30_addr "/>
</bind>
</comp>

<comp id="1495" class="1005" name="A_31_addr_reg_1495">
<pin_list>
<pin id="1496" dir="0" index="0" bw="5" slack="1"/>
<pin id="1497" dir="1" index="1" bw="5" slack="1"/>
</pin_list>
<bind>
<opset="A_31_addr "/>
</bind>
</comp>

<comp id="1500" class="1005" name="zext_ln40_reg_1500">
<pin_list>
<pin id="1501" dir="0" index="0" bw="64" slack="1"/>
<pin id="1502" dir="1" index="1" bw="64" slack="1"/>
</pin_list>
<bind>
<opset="zext_ln40 "/>
</bind>
</comp>

<comp id="1532" class="1005" name="add_ln47_reg_1532">
<pin_list>
<pin id="1533" dir="0" index="0" bw="10" slack="8"/>
<pin id="1534" dir="1" index="1" bw="10" slack="8"/>
</pin_list>
<bind>
<opset="add_ln47 "/>
</bind>
</comp>

<comp id="1537" class="1005" name="B_28_addr_reg_1537">
<pin_list>
<pin id="1538" dir="0" index="0" bw="5" slack="1"/>
<pin id="1539" dir="1" index="1" bw="5" slack="1"/>
</pin_list>
<bind>
<opset="B_28_addr "/>
</bind>
</comp>

<comp id="1542" class="1005" name="B_29_addr_reg_1542">
<pin_list>
<pin id="1543" dir="0" index="0" bw="5" slack="1"/>
<pin id="1544" dir="1" index="1" bw="5" slack="1"/>
</pin_list>
<bind>
<opset="B_29_addr "/>
</bind>
</comp>

<comp id="1547" class="1005" name="B_30_addr_reg_1547">
<pin_list>
<pin id="1548" dir="0" index="0" bw="5" slack="1"/>
<pin id="1549" dir="1" index="1" bw="5" slack="1"/>
</pin_list>
<bind>
<opset="B_30_addr "/>
</bind>
</comp>

<comp id="1552" class="1005" name="B_31_addr_reg_1552">
<pin_list>
<pin id="1553" dir="0" index="0" bw="5" slack="1"/>
<pin id="1554" dir="1" index="1" bw="5" slack="1"/>
</pin_list>
<bind>
<opset="B_31_addr "/>
</bind>
</comp>

<comp id="1557" class="1005" name="A_4_addr_reg_1557">
<pin_list>
<pin id="1558" dir="0" index="0" bw="5" slack="1"/>
<pin id="1559" dir="1" index="1" bw="5" slack="1"/>
</pin_list>
<bind>
<opset="A_4_addr "/>
</bind>
</comp>

<comp id="1562" class="1005" name="A_5_addr_reg_1562">
<pin_list>
<pin id="1563" dir="0" index="0" bw="5" slack="1"/>
<pin id="1564" dir="1" index="1" bw="5" slack="1"/>
</pin_list>
<bind>
<opset="A_5_addr "/>
</bind>
</comp>

<comp id="1567" class="1005" name="A_6_addr_reg_1567">
<pin_list>
<pin id="1568" dir="0" index="0" bw="5" slack="1"/>
<pin id="1569" dir="1" index="1" bw="5" slack="1"/>
</pin_list>
<bind>
<opset="A_6_addr "/>
</bind>
</comp>

<comp id="1572" class="1005" name="A_7_addr_reg_1572">
<pin_list>
<pin id="1573" dir="0" index="0" bw="5" slack="1"/>
<pin id="1574" dir="1" index="1" bw="5" slack="1"/>
</pin_list>
<bind>
<opset="A_7_addr "/>
</bind>
</comp>

<comp id="1577" class="1005" name="A_12_addr_reg_1577">
<pin_list>
<pin id="1578" dir="0" index="0" bw="5" slack="1"/>
<pin id="1579" dir="1" index="1" bw="5" slack="1"/>
</pin_list>
<bind>
<opset="A_12_addr "/>
</bind>
</comp>

<comp id="1582" class="1005" name="A_13_addr_reg_1582">
<pin_list>
<pin id="1583" dir="0" index="0" bw="5" slack="1"/>
<pin id="1584" dir="1" index="1" bw="5" slack="1"/>
</pin_list>
<bind>
<opset="A_13_addr "/>
</bind>
</comp>

<comp id="1587" class="1005" name="A_14_addr_reg_1587">
<pin_list>
<pin id="1588" dir="0" index="0" bw="5" slack="1"/>
<pin id="1589" dir="1" index="1" bw="5" slack="1"/>
</pin_list>
<bind>
<opset="A_14_addr "/>
</bind>
</comp>

<comp id="1592" class="1005" name="A_15_addr_reg_1592">
<pin_list>
<pin id="1593" dir="0" index="0" bw="5" slack="1"/>
<pin id="1594" dir="1" index="1" bw="5" slack="1"/>
</pin_list>
<bind>
<opset="A_15_addr "/>
</bind>
</comp>

<comp id="1597" class="1005" name="A_16_addr_reg_1597">
<pin_list>
<pin id="1598" dir="0" index="0" bw="5" slack="1"/>
<pin id="1599" dir="1" index="1" bw="5" slack="1"/>
</pin_list>
<bind>
<opset="A_16_addr "/>
</bind>
</comp>

<comp id="1602" class="1005" name="A_17_addr_reg_1602">
<pin_list>
<pin id="1603" dir="0" index="0" bw="5" slack="1"/>
<pin id="1604" dir="1" index="1" bw="5" slack="1"/>
</pin_list>
<bind>
<opset="A_17_addr "/>
</bind>
</comp>

<comp id="1607" class="1005" name="A_18_addr_reg_1607">
<pin_list>
<pin id="1608" dir="0" index="0" bw="5" slack="1"/>
<pin id="1609" dir="1" index="1" bw="5" slack="1"/>
</pin_list>
<bind>
<opset="A_18_addr "/>
</bind>
</comp>

<comp id="1612" class="1005" name="A_19_addr_reg_1612">
<pin_list>
<pin id="1613" dir="0" index="0" bw="5" slack="1"/>
<pin id="1614" dir="1" index="1" bw="5" slack="1"/>
</pin_list>
<bind>
<opset="A_19_addr "/>
</bind>
</comp>

<comp id="1617" class="1005" name="A_20_addr_reg_1617">
<pin_list>
<pin id="1618" dir="0" index="0" bw="5" slack="1"/>
<pin id="1619" dir="1" index="1" bw="5" slack="1"/>
</pin_list>
<bind>
<opset="A_20_addr "/>
</bind>
</comp>

<comp id="1622" class="1005" name="A_21_addr_reg_1622">
<pin_list>
<pin id="1623" dir="0" index="0" bw="5" slack="1"/>
<pin id="1624" dir="1" index="1" bw="5" slack="1"/>
</pin_list>
<bind>
<opset="A_21_addr "/>
</bind>
</comp>

<comp id="1627" class="1005" name="A_22_addr_reg_1627">
<pin_list>
<pin id="1628" dir="0" index="0" bw="5" slack="1"/>
<pin id="1629" dir="1" index="1" bw="5" slack="1"/>
</pin_list>
<bind>
<opset="A_22_addr "/>
</bind>
</comp>

<comp id="1632" class="1005" name="A_23_addr_reg_1632">
<pin_list>
<pin id="1633" dir="0" index="0" bw="5" slack="1"/>
<pin id="1634" dir="1" index="1" bw="5" slack="1"/>
</pin_list>
<bind>
<opset="A_23_addr "/>
</bind>
</comp>

<comp id="1637" class="1005" name="A_24_addr_reg_1637">
<pin_list>
<pin id="1638" dir="0" index="0" bw="5" slack="1"/>
<pin id="1639" dir="1" index="1" bw="5" slack="1"/>
</pin_list>
<bind>
<opset="A_24_addr "/>
</bind>
</comp>

<comp id="1642" class="1005" name="A_25_addr_reg_1642">
<pin_list>
<pin id="1643" dir="0" index="0" bw="5" slack="1"/>
<pin id="1644" dir="1" index="1" bw="5" slack="1"/>
</pin_list>
<bind>
<opset="A_25_addr "/>
</bind>
</comp>

<comp id="1647" class="1005" name="A_26_addr_reg_1647">
<pin_list>
<pin id="1648" dir="0" index="0" bw="5" slack="1"/>
<pin id="1649" dir="1" index="1" bw="5" slack="1"/>
</pin_list>
<bind>
<opset="A_26_addr "/>
</bind>
</comp>

<comp id="1652" class="1005" name="A_27_addr_reg_1652">
<pin_list>
<pin id="1653" dir="0" index="0" bw="5" slack="1"/>
<pin id="1654" dir="1" index="1" bw="5" slack="1"/>
</pin_list>
<bind>
<opset="A_27_addr "/>
</bind>
</comp>

<comp id="1657" class="1005" name="A_28_load_reg_1657">
<pin_list>
<pin id="1658" dir="0" index="0" bw="32" slack="1"/>
<pin id="1659" dir="1" index="1" bw="32" slack="1"/>
</pin_list>
<bind>
<opset="A_28_load "/>
</bind>
</comp>

<comp id="1662" class="1005" name="A_29_load_reg_1662">
<pin_list>
<pin id="1663" dir="0" index="0" bw="32" slack="1"/>
<pin id="1664" dir="1" index="1" bw="32" slack="1"/>
</pin_list>
<bind>
<opset="A_29_load "/>
</bind>
</comp>

<comp id="1667" class="1005" name="A_30_load_reg_1667">
<pin_list>
<pin id="1668" dir="0" index="0" bw="32" slack="1"/>
<pin id="1669" dir="1" index="1" bw="32" slack="1"/>
</pin_list>
<bind>
<opset="A_30_load "/>
</bind>
</comp>

<comp id="1672" class="1005" name="A_31_load_reg_1672">
<pin_list>
<pin id="1673" dir="0" index="0" bw="32" slack="1"/>
<pin id="1674" dir="1" index="1" bw="32" slack="1"/>
</pin_list>
<bind>
<opset="A_31_load "/>
</bind>
</comp>

<comp id="1677" class="1005" name="B_4_addr_reg_1677">
<pin_list>
<pin id="1678" dir="0" index="0" bw="5" slack="1"/>
<pin id="1679" dir="1" index="1" bw="5" slack="1"/>
</pin_list>
<bind>
<opset="B_4_addr "/>
</bind>
</comp>

<comp id="1682" class="1005" name="B_5_addr_reg_1682">
<pin_list>
<pin id="1683" dir="0" index="0" bw="5" slack="1"/>
<pin id="1684" dir="1" index="1" bw="5" slack="1"/>
</pin_list>
<bind>
<opset="B_5_addr "/>
</bind>
</comp>

<comp id="1687" class="1005" name="B_6_addr_reg_1687">
<pin_list>
<pin id="1688" dir="0" index="0" bw="5" slack="1"/>
<pin id="1689" dir="1" index="1" bw="5" slack="1"/>
</pin_list>
<bind>
<opset="B_6_addr "/>
</bind>
</comp>

<comp id="1692" class="1005" name="B_7_addr_reg_1692">
<pin_list>
<pin id="1693" dir="0" index="0" bw="5" slack="1"/>
<pin id="1694" dir="1" index="1" bw="5" slack="1"/>
</pin_list>
<bind>
<opset="B_7_addr "/>
</bind>
</comp>

<comp id="1697" class="1005" name="B_12_addr_reg_1697">
<pin_list>
<pin id="1698" dir="0" index="0" bw="5" slack="1"/>
<pin id="1699" dir="1" index="1" bw="5" slack="1"/>
</pin_list>
<bind>
<opset="B_12_addr "/>
</bind>
</comp>

<comp id="1702" class="1005" name="B_13_addr_reg_1702">
<pin_list>
<pin id="1703" dir="0" index="0" bw="5" slack="1"/>
<pin id="1704" dir="1" index="1" bw="5" slack="1"/>
</pin_list>
<bind>
<opset="B_13_addr "/>
</bind>
</comp>

<comp id="1707" class="1005" name="B_14_addr_reg_1707">
<pin_list>
<pin id="1708" dir="0" index="0" bw="5" slack="1"/>
<pin id="1709" dir="1" index="1" bw="5" slack="1"/>
</pin_list>
<bind>
<opset="B_14_addr "/>
</bind>
</comp>

<comp id="1712" class="1005" name="B_15_addr_reg_1712">
<pin_list>
<pin id="1713" dir="0" index="0" bw="5" slack="1"/>
<pin id="1714" dir="1" index="1" bw="5" slack="1"/>
</pin_list>
<bind>
<opset="B_15_addr "/>
</bind>
</comp>

<comp id="1717" class="1005" name="B_16_addr_reg_1717">
<pin_list>
<pin id="1718" dir="0" index="0" bw="5" slack="1"/>
<pin id="1719" dir="1" index="1" bw="5" slack="1"/>
</pin_list>
<bind>
<opset="B_16_addr "/>
</bind>
</comp>

<comp id="1722" class="1005" name="B_17_addr_reg_1722">
<pin_list>
<pin id="1723" dir="0" index="0" bw="5" slack="1"/>
<pin id="1724" dir="1" index="1" bw="5" slack="1"/>
</pin_list>
<bind>
<opset="B_17_addr "/>
</bind>
</comp>

<comp id="1727" class="1005" name="B_18_addr_reg_1727">
<pin_list>
<pin id="1728" dir="0" index="0" bw="5" slack="1"/>
<pin id="1729" dir="1" index="1" bw="5" slack="1"/>
</pin_list>
<bind>
<opset="B_18_addr "/>
</bind>
</comp>

<comp id="1732" class="1005" name="B_19_addr_reg_1732">
<pin_list>
<pin id="1733" dir="0" index="0" bw="5" slack="1"/>
<pin id="1734" dir="1" index="1" bw="5" slack="1"/>
</pin_list>
<bind>
<opset="B_19_addr "/>
</bind>
</comp>

<comp id="1737" class="1005" name="B_20_addr_reg_1737">
<pin_list>
<pin id="1738" dir="0" index="0" bw="5" slack="1"/>
<pin id="1739" dir="1" index="1" bw="5" slack="1"/>
</pin_list>
<bind>
<opset="B_20_addr "/>
</bind>
</comp>

<comp id="1742" class="1005" name="B_21_addr_reg_1742">
<pin_list>
<pin id="1743" dir="0" index="0" bw="5" slack="1"/>
<pin id="1744" dir="1" index="1" bw="5" slack="1"/>
</pin_list>
<bind>
<opset="B_21_addr "/>
</bind>
</comp>

<comp id="1747" class="1005" name="B_22_addr_reg_1747">
<pin_list>
<pin id="1748" dir="0" index="0" bw="5" slack="1"/>
<pin id="1749" dir="1" index="1" bw="5" slack="1"/>
</pin_list>
<bind>
<opset="B_22_addr "/>
</bind>
</comp>

<comp id="1752" class="1005" name="B_23_addr_reg_1752">
<pin_list>
<pin id="1753" dir="0" index="0" bw="5" slack="1"/>
<pin id="1754" dir="1" index="1" bw="5" slack="1"/>
</pin_list>
<bind>
<opset="B_23_addr "/>
</bind>
</comp>

<comp id="1757" class="1005" name="B_24_addr_reg_1757">
<pin_list>
<pin id="1758" dir="0" index="0" bw="5" slack="1"/>
<pin id="1759" dir="1" index="1" bw="5" slack="1"/>
</pin_list>
<bind>
<opset="B_24_addr "/>
</bind>
</comp>

<comp id="1762" class="1005" name="B_25_addr_reg_1762">
<pin_list>
<pin id="1763" dir="0" index="0" bw="5" slack="1"/>
<pin id="1764" dir="1" index="1" bw="5" slack="1"/>
</pin_list>
<bind>
<opset="B_25_addr "/>
</bind>
</comp>

<comp id="1767" class="1005" name="B_26_addr_reg_1767">
<pin_list>
<pin id="1768" dir="0" index="0" bw="5" slack="1"/>
<pin id="1769" dir="1" index="1" bw="5" slack="1"/>
</pin_list>
<bind>
<opset="B_26_addr "/>
</bind>
</comp>

<comp id="1772" class="1005" name="B_27_addr_reg_1772">
<pin_list>
<pin id="1773" dir="0" index="0" bw="5" slack="1"/>
<pin id="1774" dir="1" index="1" bw="5" slack="1"/>
</pin_list>
<bind>
<opset="B_27_addr "/>
</bind>
</comp>

<comp id="1777" class="1005" name="B_28_load_reg_1777">
<pin_list>
<pin id="1778" dir="0" index="0" bw="32" slack="1"/>
<pin id="1779" dir="1" index="1" bw="32" slack="1"/>
</pin_list>
<bind>
<opset="B_28_load "/>
</bind>
</comp>

<comp id="1782" class="1005" name="B_29_load_reg_1782">
<pin_list>
<pin id="1783" dir="0" index="0" bw="32" slack="1"/>
<pin id="1784" dir="1" index="1" bw="32" slack="1"/>
</pin_list>
<bind>
<opset="B_29_load "/>
</bind>
</comp>

<comp id="1787" class="1005" name="B_30_load_reg_1787">
<pin_list>
<pin id="1788" dir="0" index="0" bw="32" slack="1"/>
<pin id="1789" dir="1" index="1" bw="32" slack="1"/>
</pin_list>
<bind>
<opset="B_30_load "/>
</bind>
</comp>

<comp id="1792" class="1005" name="B_31_load_reg_1792">
<pin_list>
<pin id="1793" dir="0" index="0" bw="32" slack="1"/>
<pin id="1794" dir="1" index="1" bw="32" slack="1"/>
</pin_list>
<bind>
<opset="B_31_load "/>
</bind>
</comp>

<comp id="1797" class="1005" name="A_addr_reg_1797">
<pin_list>
<pin id="1798" dir="0" index="0" bw="5" slack="1"/>
<pin id="1799" dir="1" index="1" bw="5" slack="1"/>
</pin_list>
<bind>
<opset="A_addr "/>
</bind>
</comp>

<comp id="1802" class="1005" name="A_1_addr_reg_1802">
<pin_list>
<pin id="1803" dir="0" index="0" bw="5" slack="1"/>
<pin id="1804" dir="1" index="1" bw="5" slack="1"/>
</pin_list>
<bind>
<opset="A_1_addr "/>
</bind>
</comp>

<comp id="1807" class="1005" name="A_2_addr_reg_1807">
<pin_list>
<pin id="1808" dir="0" index="0" bw="5" slack="1"/>
<pin id="1809" dir="1" index="1" bw="5" slack="1"/>
</pin_list>
<bind>
<opset="A_2_addr "/>
</bind>
</comp>

<comp id="1812" class="1005" name="A_3_addr_reg_1812">
<pin_list>
<pin id="1813" dir="0" index="0" bw="5" slack="1"/>
<pin id="1814" dir="1" index="1" bw="5" slack="1"/>
</pin_list>
<bind>
<opset="A_3_addr "/>
</bind>
</comp>

<comp id="1817" class="1005" name="A_4_load_reg_1817">
<pin_list>
<pin id="1818" dir="0" index="0" bw="32" slack="1"/>
<pin id="1819" dir="1" index="1" bw="32" slack="1"/>
</pin_list>
<bind>
<opset="A_4_load "/>
</bind>
</comp>

<comp id="1822" class="1005" name="A_5_load_reg_1822">
<pin_list>
<pin id="1823" dir="0" index="0" bw="32" slack="1"/>
<pin id="1824" dir="1" index="1" bw="32" slack="1"/>
</pin_list>
<bind>
<opset="A_5_load "/>
</bind>
</comp>

<comp id="1827" class="1005" name="A_6_load_reg_1827">
<pin_list>
<pin id="1828" dir="0" index="0" bw="32" slack="1"/>
<pin id="1829" dir="1" index="1" bw="32" slack="1"/>
</pin_list>
<bind>
<opset="A_6_load "/>
</bind>
</comp>

<comp id="1832" class="1005" name="A_7_load_reg_1832">
<pin_list>
<pin id="1833" dir="0" index="0" bw="32" slack="1"/>
<pin id="1834" dir="1" index="1" bw="32" slack="1"/>
</pin_list>
<bind>
<opset="A_7_load "/>
</bind>
</comp>

<comp id="1837" class="1005" name="A_8_addr_reg_1837">
<pin_list>
<pin id="1838" dir="0" index="0" bw="5" slack="1"/>
<pin id="1839" dir="1" index="1" bw="5" slack="1"/>
</pin_list>
<bind>
<opset="A_8_addr "/>
</bind>
</comp>

<comp id="1842" class="1005" name="A_9_addr_reg_1842">
<pin_list>
<pin id="1843" dir="0" index="0" bw="5" slack="1"/>
<pin id="1844" dir="1" index="1" bw="5" slack="1"/>
</pin_list>
<bind>
<opset="A_9_addr "/>
</bind>
</comp>

<comp id="1847" class="1005" name="A_10_addr_reg_1847">
<pin_list>
<pin id="1848" dir="0" index="0" bw="5" slack="1"/>
<pin id="1849" dir="1" index="1" bw="5" slack="1"/>
</pin_list>
<bind>
<opset="A_10_addr "/>
</bind>
</comp>

<comp id="1852" class="1005" name="A_11_addr_reg_1852">
<pin_list>
<pin id="1853" dir="0" index="0" bw="5" slack="1"/>
<pin id="1854" dir="1" index="1" bw="5" slack="1"/>
</pin_list>
<bind>
<opset="A_11_addr "/>
</bind>
</comp>

<comp id="1857" class="1005" name="A_12_load_reg_1857">
<pin_list>
<pin id="1858" dir="0" index="0" bw="32" slack="1"/>
<pin id="1859" dir="1" index="1" bw="32" slack="1"/>
</pin_list>
<bind>
<opset="A_12_load "/>
</bind>
</comp>

<comp id="1862" class="1005" name="A_13_load_reg_1862">
<pin_list>
<pin id="1863" dir="0" index="0" bw="32" slack="1"/>
<pin id="1864" dir="1" index="1" bw="32" slack="1"/>
</pin_list>
<bind>
<opset="A_13_load "/>
</bind>
</comp>

<comp id="1867" class="1005" name="A_14_load_reg_1867">
<pin_list>
<pin id="1868" dir="0" index="0" bw="32" slack="1"/>
<pin id="1869" dir="1" index="1" bw="32" slack="1"/>
</pin_list>
<bind>
<opset="A_14_load "/>
</bind>
</comp>

<comp id="1872" class="1005" name="A_15_load_reg_1872">
<pin_list>
<pin id="1873" dir="0" index="0" bw="32" slack="1"/>
<pin id="1874" dir="1" index="1" bw="32" slack="1"/>
</pin_list>
<bind>
<opset="A_15_load "/>
</bind>
</comp>

<comp id="1877" class="1005" name="A_16_load_reg_1877">
<pin_list>
<pin id="1878" dir="0" index="0" bw="32" slack="1"/>
<pin id="1879" dir="1" index="1" bw="32" slack="1"/>
</pin_list>
<bind>
<opset="A_16_load "/>
</bind>
</comp>

<comp id="1882" class="1005" name="A_17_load_reg_1882">
<pin_list>
<pin id="1883" dir="0" index="0" bw="32" slack="1"/>
<pin id="1884" dir="1" index="1" bw="32" slack="1"/>
</pin_list>
<bind>
<opset="A_17_load "/>
</bind>
</comp>

<comp id="1887" class="1005" name="A_18_load_reg_1887">
<pin_list>
<pin id="1888" dir="0" index="0" bw="32" slack="1"/>
<pin id="1889" dir="1" index="1" bw="32" slack="1"/>
</pin_list>
<bind>
<opset="A_18_load "/>
</bind>
</comp>

<comp id="1892" class="1005" name="A_19_load_reg_1892">
<pin_list>
<pin id="1893" dir="0" index="0" bw="32" slack="1"/>
<pin id="1894" dir="1" index="1" bw="32" slack="1"/>
</pin_list>
<bind>
<opset="A_19_load "/>
</bind>
</comp>

<comp id="1897" class="1005" name="A_20_load_reg_1897">
<pin_list>
<pin id="1898" dir="0" index="0" bw="32" slack="1"/>
<pin id="1899" dir="1" index="1" bw="32" slack="1"/>
</pin_list>
<bind>
<opset="A_20_load "/>
</bind>
</comp>

<comp id="1902" class="1005" name="A_21_load_reg_1902">
<pin_list>
<pin id="1903" dir="0" index="0" bw="32" slack="1"/>
<pin id="1904" dir="1" index="1" bw="32" slack="1"/>
</pin_list>
<bind>
<opset="A_21_load "/>
</bind>
</comp>

<comp id="1907" class="1005" name="A_22_load_reg_1907">
<pin_list>
<pin id="1908" dir="0" index="0" bw="32" slack="1"/>
<pin id="1909" dir="1" index="1" bw="32" slack="1"/>
</pin_list>
<bind>
<opset="A_22_load "/>
</bind>
</comp>

<comp id="1912" class="1005" name="A_23_load_reg_1912">
<pin_list>
<pin id="1913" dir="0" index="0" bw="32" slack="1"/>
<pin id="1914" dir="1" index="1" bw="32" slack="1"/>
</pin_list>
<bind>
<opset="A_23_load "/>
</bind>
</comp>

<comp id="1917" class="1005" name="A_24_load_reg_1917">
<pin_list>
<pin id="1918" dir="0" index="0" bw="32" slack="1"/>
<pin id="1919" dir="1" index="1" bw="32" slack="1"/>
</pin_list>
<bind>
<opset="A_24_load "/>
</bind>
</comp>

<comp id="1922" class="1005" name="A_25_load_reg_1922">
<pin_list>
<pin id="1923" dir="0" index="0" bw="32" slack="1"/>
<pin id="1924" dir="1" index="1" bw="32" slack="1"/>
</pin_list>
<bind>
<opset="A_25_load "/>
</bind>
</comp>

<comp id="1927" class="1005" name="A_26_load_reg_1927">
<pin_list>
<pin id="1928" dir="0" index="0" bw="32" slack="1"/>
<pin id="1929" dir="1" index="1" bw="32" slack="1"/>
</pin_list>
<bind>
<opset="A_26_load "/>
</bind>
</comp>

<comp id="1932" class="1005" name="A_27_load_reg_1932">
<pin_list>
<pin id="1933" dir="0" index="0" bw="32" slack="1"/>
<pin id="1934" dir="1" index="1" bw="32" slack="1"/>
</pin_list>
<bind>
<opset="A_27_load "/>
</bind>
</comp>

<comp id="1937" class="1005" name="B_addr_reg_1937">
<pin_list>
<pin id="1938" dir="0" index="0" bw="5" slack="1"/>
<pin id="1939" dir="1" index="1" bw="5" slack="1"/>
</pin_list>
<bind>
<opset="B_addr "/>
</bind>
</comp>

<comp id="1942" class="1005" name="B_1_addr_reg_1942">
<pin_list>
<pin id="1943" dir="0" index="0" bw="5" slack="1"/>
<pin id="1944" dir="1" index="1" bw="5" slack="1"/>
</pin_list>
<bind>
<opset="B_1_addr "/>
</bind>
</comp>

<comp id="1947" class="1005" name="B_2_addr_reg_1947">
<pin_list>
<pin id="1948" dir="0" index="0" bw="5" slack="1"/>
<pin id="1949" dir="1" index="1" bw="5" slack="1"/>
</pin_list>
<bind>
<opset="B_2_addr "/>
</bind>
</comp>

<comp id="1952" class="1005" name="B_3_addr_reg_1952">
<pin_list>
<pin id="1953" dir="0" index="0" bw="5" slack="1"/>
<pin id="1954" dir="1" index="1" bw="5" slack="1"/>
</pin_list>
<bind>
<opset="B_3_addr "/>
</bind>
</comp>

<comp id="1957" class="1005" name="B_4_load_reg_1957">
<pin_list>
<pin id="1958" dir="0" index="0" bw="32" slack="1"/>
<pin id="1959" dir="1" index="1" bw="32" slack="1"/>
</pin_list>
<bind>
<opset="B_4_load "/>
</bind>
</comp>

<comp id="1962" class="1005" name="B_5_load_reg_1962">
<pin_list>
<pin id="1963" dir="0" index="0" bw="32" slack="1"/>
<pin id="1964" dir="1" index="1" bw="32" slack="1"/>
</pin_list>
<bind>
<opset="B_5_load "/>
</bind>
</comp>

<comp id="1967" class="1005" name="B_6_load_reg_1967">
<pin_list>
<pin id="1968" dir="0" index="0" bw="32" slack="1"/>
<pin id="1969" dir="1" index="1" bw="32" slack="1"/>
</pin_list>
<bind>
<opset="B_6_load "/>
</bind>
</comp>

<comp id="1972" class="1005" name="B_7_load_reg_1972">
<pin_list>
<pin id="1973" dir="0" index="0" bw="32" slack="1"/>
<pin id="1974" dir="1" index="1" bw="32" slack="1"/>
</pin_list>
<bind>
<opset="B_7_load "/>
</bind>
</comp>

<comp id="1977" class="1005" name="B_8_addr_reg_1977">
<pin_list>
<pin id="1978" dir="0" index="0" bw="5" slack="1"/>
<pin id="1979" dir="1" index="1" bw="5" slack="1"/>
</pin_list>
<bind>
<opset="B_8_addr "/>
</bind>
</comp>

<comp id="1982" class="1005" name="B_9_addr_reg_1982">
<pin_list>
<pin id="1983" dir="0" index="0" bw="5" slack="1"/>
<pin id="1984" dir="1" index="1" bw="5" slack="1"/>
</pin_list>
<bind>
<opset="B_9_addr "/>
</bind>
</comp>

<comp id="1987" class="1005" name="B_10_addr_reg_1987">
<pin_list>
<pin id="1988" dir="0" index="0" bw="5" slack="1"/>
<pin id="1989" dir="1" index="1" bw="5" slack="1"/>
</pin_list>
<bind>
<opset="B_10_addr "/>
</bind>
</comp>

<comp id="1992" class="1005" name="B_11_addr_reg_1992">
<pin_list>
<pin id="1993" dir="0" index="0" bw="5" slack="1"/>
<pin id="1994" dir="1" index="1" bw="5" slack="1"/>
</pin_list>
<bind>
<opset="B_11_addr "/>
</bind>
</comp>

<comp id="1997" class="1005" name="B_12_load_reg_1997">
<pin_list>
<pin id="1998" dir="0" index="0" bw="32" slack="1"/>
<pin id="1999" dir="1" index="1" bw="32" slack="1"/>
</pin_list>
<bind>
<opset="B_12_load "/>
</bind>
</comp>

<comp id="2002" class="1005" name="B_13_load_reg_2002">
<pin_list>
<pin id="2003" dir="0" index="0" bw="32" slack="1"/>
<pin id="2004" dir="1" index="1" bw="32" slack="1"/>
</pin_list>
<bind>
<opset="B_13_load "/>
</bind>
</comp>

<comp id="2007" class="1005" name="B_14_load_reg_2007">
<pin_list>
<pin id="2008" dir="0" index="0" bw="32" slack="1"/>
<pin id="2009" dir="1" index="1" bw="32" slack="1"/>
</pin_list>
<bind>
<opset="B_14_load "/>
</bind>
</comp>

<comp id="2012" class="1005" name="B_15_load_reg_2012">
<pin_list>
<pin id="2013" dir="0" index="0" bw="32" slack="1"/>
<pin id="2014" dir="1" index="1" bw="32" slack="1"/>
</pin_list>
<bind>
<opset="B_15_load "/>
</bind>
</comp>

<comp id="2017" class="1005" name="B_16_load_reg_2017">
<pin_list>
<pin id="2018" dir="0" index="0" bw="32" slack="1"/>
<pin id="2019" dir="1" index="1" bw="32" slack="1"/>
</pin_list>
<bind>
<opset="B_16_load "/>
</bind>
</comp>

<comp id="2022" class="1005" name="B_17_load_reg_2022">
<pin_list>
<pin id="2023" dir="0" index="0" bw="32" slack="1"/>
<pin id="2024" dir="1" index="1" bw="32" slack="1"/>
</pin_list>
<bind>
<opset="B_17_load "/>
</bind>
</comp>

<comp id="2027" class="1005" name="B_18_load_reg_2027">
<pin_list>
<pin id="2028" dir="0" index="0" bw="32" slack="1"/>
<pin id="2029" dir="1" index="1" bw="32" slack="1"/>
</pin_list>
<bind>
<opset="B_18_load "/>
</bind>
</comp>

<comp id="2032" class="1005" name="B_19_load_reg_2032">
<pin_list>
<pin id="2033" dir="0" index="0" bw="32" slack="1"/>
<pin id="2034" dir="1" index="1" bw="32" slack="1"/>
</pin_list>
<bind>
<opset="B_19_load "/>
</bind>
</comp>

<comp id="2037" class="1005" name="B_20_load_reg_2037">
<pin_list>
<pin id="2038" dir="0" index="0" bw="32" slack="1"/>
<pin id="2039" dir="1" index="1" bw="32" slack="1"/>
</pin_list>
<bind>
<opset="B_20_load "/>
</bind>
</comp>

<comp id="2042" class="1005" name="B_21_load_reg_2042">
<pin_list>
<pin id="2043" dir="0" index="0" bw="32" slack="1"/>
<pin id="2044" dir="1" index="1" bw="32" slack="1"/>
</pin_list>
<bind>
<opset="B_21_load "/>
</bind>
</comp>

<comp id="2047" class="1005" name="B_22_load_reg_2047">
<pin_list>
<pin id="2048" dir="0" index="0" bw="32" slack="1"/>
<pin id="2049" dir="1" index="1" bw="32" slack="1"/>
</pin_list>
<bind>
<opset="B_22_load "/>
</bind>
</comp>

<comp id="2052" class="1005" name="B_23_load_reg_2052">
<pin_list>
<pin id="2053" dir="0" index="0" bw="32" slack="1"/>
<pin id="2054" dir="1" index="1" bw="32" slack="1"/>
</pin_list>
<bind>
<opset="B_23_load "/>
</bind>
</comp>

<comp id="2057" class="1005" name="B_24_load_reg_2057">
<pin_list>
<pin id="2058" dir="0" index="0" bw="32" slack="1"/>
<pin id="2059" dir="1" index="1" bw="32" slack="1"/>
</pin_list>
<bind>
<opset="B_24_load "/>
</bind>
</comp>

<comp id="2062" class="1005" name="B_25_load_reg_2062">
<pin_list>
<pin id="2063" dir="0" index="0" bw="32" slack="1"/>
<pin id="2064" dir="1" index="1" bw="32" slack="1"/>
</pin_list>
<bind>
<opset="B_25_load "/>
</bind>
</comp>

<comp id="2067" class="1005" name="B_26_load_reg_2067">
<pin_list>
<pin id="2068" dir="0" index="0" bw="32" slack="1"/>
<pin id="2069" dir="1" index="1" bw="32" slack="1"/>
</pin_list>
<bind>
<opset="B_26_load "/>
</bind>
</comp>

<comp id="2072" class="1005" name="B_27_load_reg_2072">
<pin_list>
<pin id="2073" dir="0" index="0" bw="32" slack="1"/>
<pin id="2074" dir="1" index="1" bw="32" slack="1"/>
</pin_list>
<bind>
<opset="B_27_load "/>
</bind>
</comp>

<comp id="2077" class="1005" name="A_load_reg_2077">
<pin_list>
<pin id="2078" dir="0" index="0" bw="32" slack="1"/>
<pin id="2079" dir="1" index="1" bw="32" slack="1"/>
</pin_list>
<bind>
<opset="A_load "/>
</bind>
</comp>

<comp id="2082" class="1005" name="A_1_load_reg_2082">
<pin_list>
<pin id="2083" dir="0" index="0" bw="32" slack="1"/>
<pin id="2084" dir="1" index="1" bw="32" slack="1"/>
</pin_list>
<bind>
<opset="A_1_load "/>
</bind>
</comp>

<comp id="2087" class="1005" name="A_2_load_reg_2087">
<pin_list>
<pin id="2088" dir="0" index="0" bw="32" slack="1"/>
<pin id="2089" dir="1" index="1" bw="32" slack="1"/>
</pin_list>
<bind>
<opset="A_2_load "/>
</bind>
</comp>

<comp id="2092" class="1005" name="A_3_load_reg_2092">
<pin_list>
<pin id="2093" dir="0" index="0" bw="32" slack="1"/>
<pin id="2094" dir="1" index="1" bw="32" slack="1"/>
</pin_list>
<bind>
<opset="A_3_load "/>
</bind>
</comp>

<comp id="2097" class="1005" name="A_8_load_reg_2097">
<pin_list>
<pin id="2098" dir="0" index="0" bw="32" slack="1"/>
<pin id="2099" dir="1" index="1" bw="32" slack="1"/>
</pin_list>
<bind>
<opset="A_8_load "/>
</bind>
</comp>

<comp id="2102" class="1005" name="A_9_load_reg_2102">
<pin_list>
<pin id="2103" dir="0" index="0" bw="32" slack="1"/>
<pin id="2104" dir="1" index="1" bw="32" slack="1"/>
</pin_list>
<bind>
<opset="A_9_load "/>
</bind>
</comp>

<comp id="2107" class="1005" name="A_10_load_reg_2107">
<pin_list>
<pin id="2108" dir="0" index="0" bw="32" slack="1"/>
<pin id="2109" dir="1" index="1" bw="32" slack="1"/>
</pin_list>
<bind>
<opset="A_10_load "/>
</bind>
</comp>

<comp id="2112" class="1005" name="A_11_load_reg_2112">
<pin_list>
<pin id="2113" dir="0" index="0" bw="32" slack="1"/>
<pin id="2114" dir="1" index="1" bw="32" slack="1"/>
</pin_list>
<bind>
<opset="A_11_load "/>
</bind>
</comp>

<comp id="2117" class="1005" name="B_load_reg_2117">
<pin_list>
<pin id="2118" dir="0" index="0" bw="32" slack="1"/>
<pin id="2119" dir="1" index="1" bw="32" slack="1"/>
</pin_list>
<bind>
<opset="B_load "/>
</bind>
</comp>

<comp id="2122" class="1005" name="B_1_load_reg_2122">
<pin_list>
<pin id="2123" dir="0" index="0" bw="32" slack="1"/>
<pin id="2124" dir="1" index="1" bw="32" slack="1"/>
</pin_list>
<bind>
<opset="B_1_load "/>
</bind>
</comp>

<comp id="2127" class="1005" name="B_2_load_reg_2127">
<pin_list>
<pin id="2128" dir="0" index="0" bw="32" slack="1"/>
<pin id="2129" dir="1" index="1" bw="32" slack="1"/>
</pin_list>
<bind>
<opset="B_2_load "/>
</bind>
</comp>

<comp id="2132" class="1005" name="B_3_load_reg_2132">
<pin_list>
<pin id="2133" dir="0" index="0" bw="32" slack="1"/>
<pin id="2134" dir="1" index="1" bw="32" slack="1"/>
</pin_list>
<bind>
<opset="B_3_load "/>
</bind>
</comp>

<comp id="2137" class="1005" name="B_8_load_reg_2137">
<pin_list>
<pin id="2138" dir="0" index="0" bw="32" slack="1"/>
<pin id="2139" dir="1" index="1" bw="32" slack="1"/>
</pin_list>
<bind>
<opset="B_8_load "/>
</bind>
</comp>

<comp id="2142" class="1005" name="B_9_load_reg_2142">
<pin_list>
<pin id="2143" dir="0" index="0" bw="32" slack="1"/>
<pin id="2144" dir="1" index="1" bw="32" slack="1"/>
</pin_list>
<bind>
<opset="B_9_load "/>
</bind>
</comp>

<comp id="2147" class="1005" name="B_10_load_reg_2147">
<pin_list>
<pin id="2148" dir="0" index="0" bw="32" slack="1"/>
<pin id="2149" dir="1" index="1" bw="32" slack="1"/>
</pin_list>
<bind>
<opset="B_10_load "/>
</bind>
</comp>

<comp id="2152" class="1005" name="B_11_load_reg_2152">
<pin_list>
<pin id="2153" dir="0" index="0" bw="32" slack="1"/>
<pin id="2154" dir="1" index="1" bw="32" slack="1"/>
</pin_list>
<bind>
<opset="B_11_load "/>
</bind>
</comp>

<comp id="2157" class="1005" name="mul_ln45_reg_2157">
<pin_list>
<pin id="2158" dir="0" index="0" bw="32" slack="1"/>
<pin id="2159" dir="1" index="1" bw="32" slack="1"/>
</pin_list>
<bind>
<opset="mul_ln45 "/>
</bind>
</comp>

<comp id="2162" class="1005" name="mul_ln45_1_reg_2162">
<pin_list>
<pin id="2163" dir="0" index="0" bw="32" slack="1"/>
<pin id="2164" dir="1" index="1" bw="32" slack="1"/>
</pin_list>
<bind>
<opset="mul_ln45_1 "/>
</bind>
</comp>

<comp id="2167" class="1005" name="mul_ln45_2_reg_2167">
<pin_list>
<pin id="2168" dir="0" index="0" bw="32" slack="1"/>
<pin id="2169" dir="1" index="1" bw="32" slack="1"/>
</pin_list>
<bind>
<opset="mul_ln45_2 "/>
</bind>
</comp>

<comp id="2172" class="1005" name="mul_ln45_3_reg_2172">
<pin_list>
<pin id="2173" dir="0" index="0" bw="32" slack="1"/>
<pin id="2174" dir="1" index="1" bw="32" slack="1"/>
</pin_list>
<bind>
<opset="mul_ln45_3 "/>
</bind>
</comp>

<comp id="2177" class="1005" name="mul_ln45_4_reg_2177">
<pin_list>
<pin id="2178" dir="0" index="0" bw="32" slack="1"/>
<pin id="2179" dir="1" index="1" bw="32" slack="1"/>
</pin_list>
<bind>
<opset="mul_ln45_4 "/>
</bind>
</comp>

<comp id="2182" class="1005" name="mul_ln45_5_reg_2182">
<pin_list>
<pin id="2183" dir="0" index="0" bw="32" slack="1"/>
<pin id="2184" dir="1" index="1" bw="32" slack="1"/>
</pin_list>
<bind>
<opset="mul_ln45_5 "/>
</bind>
</comp>

<comp id="2187" class="1005" name="mul_ln45_6_reg_2187">
<pin_list>
<pin id="2188" dir="0" index="0" bw="32" slack="1"/>
<pin id="2189" dir="1" index="1" bw="32" slack="1"/>
</pin_list>
<bind>
<opset="mul_ln45_6 "/>
</bind>
</comp>

<comp id="2192" class="1005" name="mul_ln45_7_reg_2192">
<pin_list>
<pin id="2193" dir="0" index="0" bw="32" slack="1"/>
<pin id="2194" dir="1" index="1" bw="32" slack="1"/>
</pin_list>
<bind>
<opset="mul_ln45_7 "/>
</bind>
</comp>

<comp id="2197" class="1005" name="mul_ln45_8_reg_2197">
<pin_list>
<pin id="2198" dir="0" index="0" bw="32" slack="1"/>
<pin id="2199" dir="1" index="1" bw="32" slack="1"/>
</pin_list>
<bind>
<opset="mul_ln45_8 "/>
</bind>
</comp>

<comp id="2202" class="1005" name="mul_ln45_9_reg_2202">
<pin_list>
<pin id="2203" dir="0" index="0" bw="32" slack="1"/>
<pin id="2204" dir="1" index="1" bw="32" slack="1"/>
</pin_list>
<bind>
<opset="mul_ln45_9 "/>
</bind>
</comp>

<comp id="2207" class="1005" name="mul_ln45_10_reg_2207">
<pin_list>
<pin id="2208" dir="0" index="0" bw="32" slack="1"/>
<pin id="2209" dir="1" index="1" bw="32" slack="1"/>
</pin_list>
<bind>
<opset="mul_ln45_10 "/>
</bind>
</comp>

<comp id="2212" class="1005" name="mul_ln45_11_reg_2212">
<pin_list>
<pin id="2213" dir="0" index="0" bw="32" slack="1"/>
<pin id="2214" dir="1" index="1" bw="32" slack="1"/>
</pin_list>
<bind>
<opset="mul_ln45_11 "/>
</bind>
</comp>

<comp id="2217" class="1005" name="mul_ln45_12_reg_2217">
<pin_list>
<pin id="2218" dir="0" index="0" bw="32" slack="1"/>
<pin id="2219" dir="1" index="1" bw="32" slack="1"/>
</pin_list>
<bind>
<opset="mul_ln45_12 "/>
</bind>
</comp>

<comp id="2222" class="1005" name="mul_ln45_13_reg_2222">
<pin_list>
<pin id="2223" dir="0" index="0" bw="32" slack="1"/>
<pin id="2224" dir="1" index="1" bw="32" slack="1"/>
</pin_list>
<bind>
<opset="mul_ln45_13 "/>
</bind>
</comp>

<comp id="2227" class="1005" name="mul_ln45_14_reg_2227">
<pin_list>
<pin id="2228" dir="0" index="0" bw="32" slack="1"/>
<pin id="2229" dir="1" index="1" bw="32" slack="1"/>
</pin_list>
<bind>
<opset="mul_ln45_14 "/>
</bind>
</comp>

<comp id="2232" class="1005" name="mul_ln45_15_reg_2232">
<pin_list>
<pin id="2233" dir="0" index="0" bw="32" slack="1"/>
<pin id="2234" dir="1" index="1" bw="32" slack="1"/>
</pin_list>
<bind>
<opset="mul_ln45_15 "/>
</bind>
</comp>

<comp id="2237" class="1005" name="mul_ln45_16_reg_2237">
<pin_list>
<pin id="2238" dir="0" index="0" bw="32" slack="1"/>
<pin id="2239" dir="1" index="1" bw="32" slack="1"/>
</pin_list>
<bind>
<opset="mul_ln45_16 "/>
</bind>
</comp>

<comp id="2242" class="1005" name="mul_ln45_17_reg_2242">
<pin_list>
<pin id="2243" dir="0" index="0" bw="32" slack="1"/>
<pin id="2244" dir="1" index="1" bw="32" slack="1"/>
</pin_list>
<bind>
<opset="mul_ln45_17 "/>
</bind>
</comp>

<comp id="2247" class="1005" name="mul_ln45_18_reg_2247">
<pin_list>
<pin id="2248" dir="0" index="0" bw="32" slack="1"/>
<pin id="2249" dir="1" index="1" bw="32" slack="1"/>
</pin_list>
<bind>
<opset="mul_ln45_18 "/>
</bind>
</comp>

<comp id="2252" class="1005" name="mul_ln45_19_reg_2252">
<pin_list>
<pin id="2253" dir="0" index="0" bw="32" slack="1"/>
<pin id="2254" dir="1" index="1" bw="32" slack="1"/>
</pin_list>
<bind>
<opset="mul_ln45_19 "/>
</bind>
</comp>

<comp id="2257" class="1005" name="mul_ln45_24_reg_2257">
<pin_list>
<pin id="2258" dir="0" index="0" bw="32" slack="1"/>
<pin id="2259" dir="1" index="1" bw="32" slack="1"/>
</pin_list>
<bind>
<opset="mul_ln45_24 "/>
</bind>
</comp>

<comp id="2262" class="1005" name="mul_ln45_25_reg_2262">
<pin_list>
<pin id="2263" dir="0" index="0" bw="32" slack="1"/>
<pin id="2264" dir="1" index="1" bw="32" slack="1"/>
</pin_list>
<bind>
<opset="mul_ln45_25 "/>
</bind>
</comp>

<comp id="2267" class="1005" name="mul_ln45_26_reg_2267">
<pin_list>
<pin id="2268" dir="0" index="0" bw="32" slack="1"/>
<pin id="2269" dir="1" index="1" bw="32" slack="1"/>
</pin_list>
<bind>
<opset="mul_ln45_26 "/>
</bind>
</comp>

<comp id="2272" class="1005" name="mul_ln45_27_reg_2272">
<pin_list>
<pin id="2273" dir="0" index="0" bw="32" slack="1"/>
<pin id="2274" dir="1" index="1" bw="32" slack="1"/>
</pin_list>
<bind>
<opset="mul_ln45_27 "/>
</bind>
</comp>

<comp id="2277" class="1005" name="add_ln45_27_reg_2277">
<pin_list>
<pin id="2278" dir="0" index="0" bw="32" slack="1"/>
<pin id="2279" dir="1" index="1" bw="32" slack="1"/>
</pin_list>
<bind>
<opset="add_ln45_27 "/>
</bind>
</comp>

<comp id="2282" class="1005" name="mul_ln45_20_reg_2282">
<pin_list>
<pin id="2283" dir="0" index="0" bw="32" slack="1"/>
<pin id="2284" dir="1" index="1" bw="32" slack="1"/>
</pin_list>
<bind>
<opset="mul_ln45_20 "/>
</bind>
</comp>

<comp id="2287" class="1005" name="mul_ln45_21_reg_2287">
<pin_list>
<pin id="2288" dir="0" index="0" bw="32" slack="1"/>
<pin id="2289" dir="1" index="1" bw="32" slack="1"/>
</pin_list>
<bind>
<opset="mul_ln45_21 "/>
</bind>
</comp>

<comp id="2292" class="1005" name="mul_ln45_22_reg_2292">
<pin_list>
<pin id="2293" dir="0" index="0" bw="32" slack="1"/>
<pin id="2294" dir="1" index="1" bw="32" slack="1"/>
</pin_list>
<bind>
<opset="mul_ln45_22 "/>
</bind>
</comp>

<comp id="2297" class="1005" name="mul_ln45_23_reg_2297">
<pin_list>
<pin id="2298" dir="0" index="0" bw="32" slack="1"/>
<pin id="2299" dir="1" index="1" bw="32" slack="1"/>
</pin_list>
<bind>
<opset="mul_ln45_23 "/>
</bind>
</comp>

<comp id="2302" class="1005" name="mul_ln45_28_reg_2302">
<pin_list>
<pin id="2303" dir="0" index="0" bw="32" slack="1"/>
<pin id="2304" dir="1" index="1" bw="32" slack="1"/>
</pin_list>
<bind>
<opset="mul_ln45_28 "/>
</bind>
</comp>

<comp id="2307" class="1005" name="mul_ln45_29_reg_2307">
<pin_list>
<pin id="2308" dir="0" index="0" bw="32" slack="1"/>
<pin id="2309" dir="1" index="1" bw="32" slack="1"/>
</pin_list>
<bind>
<opset="mul_ln45_29 "/>
</bind>
</comp>

<comp id="2312" class="1005" name="mul_ln45_30_reg_2312">
<pin_list>
<pin id="2313" dir="0" index="0" bw="32" slack="1"/>
<pin id="2314" dir="1" index="1" bw="32" slack="1"/>
</pin_list>
<bind>
<opset="mul_ln45_30 "/>
</bind>
</comp>

<comp id="2317" class="1005" name="mul_ln45_31_reg_2317">
<pin_list>
<pin id="2318" dir="0" index="0" bw="32" slack="1"/>
<pin id="2319" dir="1" index="1" bw="32" slack="1"/>
</pin_list>
<bind>
<opset="mul_ln45_31 "/>
</bind>
</comp>

<comp id="2322" class="1005" name="add_ln45_5_reg_2322">
<pin_list>
<pin id="2323" dir="0" index="0" bw="32" slack="1"/>
<pin id="2324" dir="1" index="1" bw="32" slack="1"/>
</pin_list>
<bind>
<opset="add_ln45_5 "/>
</bind>
</comp>

<comp id="2327" class="1005" name="add_ln45_12_reg_2327">
<pin_list>
<pin id="2328" dir="0" index="0" bw="32" slack="1"/>
<pin id="2329" dir="1" index="1" bw="32" slack="1"/>
</pin_list>
<bind>
<opset="add_ln45_12 "/>
</bind>
</comp>

<comp id="2332" class="1005" name="add_ln45_17_reg_2332">
<pin_list>
<pin id="2333" dir="0" index="0" bw="32" slack="1"/>
<pin id="2334" dir="1" index="1" bw="32" slack="1"/>
</pin_list>
<bind>
<opset="add_ln45_17 "/>
</bind>
</comp>

<comp id="2337" class="1005" name="add_ln45_20_reg_2337">
<pin_list>
<pin id="2338" dir="0" index="0" bw="32" slack="1"/>
<pin id="2339" dir="1" index="1" bw="32" slack="1"/>
</pin_list>
<bind>
<opset="add_ln45_20 "/>
</bind>
</comp>

<comp id="2342" class="1005" name="add_ln45_28_reg_2342">
<pin_list>
<pin id="2343" dir="0" index="0" bw="32" slack="1"/>
<pin id="2344" dir="1" index="1" bw="32" slack="1"/>
</pin_list>
<bind>
<opset="add_ln45_28 "/>
</bind>
</comp>

<comp id="2347" class="1005" name="add_ln45_6_reg_2347">
<pin_list>
<pin id="2348" dir="0" index="0" bw="32" slack="1"/>
<pin id="2349" dir="1" index="1" bw="32" slack="1"/>
</pin_list>
<bind>
<opset="add_ln45_6 "/>
</bind>
</comp>

<comp id="2352" class="1005" name="add_ln45_13_reg_2352">
<pin_list>
<pin id="2353" dir="0" index="0" bw="32" slack="1"/>
<pin id="2354" dir="1" index="1" bw="32" slack="1"/>
</pin_list>
<bind>
<opset="add_ln45_13 "/>
</bind>
</comp>

<comp id="2357" class="1005" name="add_ln45_29_reg_2357">
<pin_list>
<pin id="2358" dir="0" index="0" bw="32" slack="1"/>
<pin id="2359" dir="1" index="1" bw="32" slack="1"/>
</pin_list>
<bind>
<opset="add_ln45_29 "/>
</bind>
</comp>

<comp id="2362" class="1005" name="sum_reg_2362">
<pin_list>
<pin id="2363" dir="0" index="0" bw="32" slack="1"/>
<pin id="2364" dir="1" index="1" bw="32" slack="1"/>
</pin_list>
<bind>
<opset="sum "/>
</bind>
</comp>

</comp_list>

<net_list>
<net id="169"><net_src comp="130" pin="0"/><net_sink comp="166" pin=0"/></net>

<net id="173"><net_src comp="130" pin="0"/><net_sink comp="170" pin=0"/></net>

<net id="177"><net_src comp="130" pin="0"/><net_sink comp="174" pin=0"/></net>

<net id="183"><net_src comp="56" pin="0"/><net_sink comp="178" pin=0"/></net>

<net id="184"><net_src comp="148" pin="0"/><net_sink comp="178" pin=1"/></net>

<net id="190"><net_src comp="178" pin="3"/><net_sink comp="185" pin=0"/></net>

<net id="196"><net_src comp="58" pin="0"/><net_sink comp="191" pin=0"/></net>

<net id="197"><net_src comp="148" pin="0"/><net_sink comp="191" pin=1"/></net>

<net id="203"><net_src comp="191" pin="3"/><net_sink comp="198" pin=0"/></net>

<net id="209"><net_src comp="60" pin="0"/><net_sink comp="204" pin=0"/></net>

<net id="210"><net_src comp="148" pin="0"/><net_sink comp="204" pin=1"/></net>

<net id="216"><net_src comp="204" pin="3"/><net_sink comp="211" pin=0"/></net>

<net id="222"><net_src comp="62" pin="0"/><net_sink comp="217" pin=0"/></net>

<net id="223"><net_src comp="148" pin="0"/><net_sink comp="217" pin=1"/></net>

<net id="229"><net_src comp="217" pin="3"/><net_sink comp="224" pin=0"/></net>

<net id="235"><net_src comp="122" pin="0"/><net_sink comp="230" pin=0"/></net>

<net id="236"><net_src comp="148" pin="0"/><net_sink comp="230" pin=1"/></net>

<net id="242"><net_src comp="230" pin="3"/><net_sink comp="237" pin=0"/></net>

<net id="248"><net_src comp="124" pin="0"/><net_sink comp="243" pin=0"/></net>

<net id="249"><net_src comp="148" pin="0"/><net_sink comp="243" pin=1"/></net>

<net id="255"><net_src comp="243" pin="3"/><net_sink comp="250" pin=0"/></net>

<net id="261"><net_src comp="126" pin="0"/><net_sink comp="256" pin=0"/></net>

<net id="262"><net_src comp="148" pin="0"/><net_sink comp="256" pin=1"/></net>

<net id="268"><net_src comp="256" pin="3"/><net_sink comp="263" pin=0"/></net>

<net id="274"><net_src comp="128" pin="0"/><net_sink comp="269" pin=0"/></net>

<net id="275"><net_src comp="148" pin="0"/><net_sink comp="269" pin=1"/></net>

<net id="281"><net_src comp="269" pin="3"/><net_sink comp="276" pin=0"/></net>

<net id="287"><net_src comp="8" pin="0"/><net_sink comp="282" pin=0"/></net>

<net id="288"><net_src comp="148" pin="0"/><net_sink comp="282" pin=1"/></net>

<net id="294"><net_src comp="282" pin="3"/><net_sink comp="289" pin=0"/></net>

<net id="300"><net_src comp="10" pin="0"/><net_sink comp="295" pin=0"/></net>

<net id="301"><net_src comp="148" pin="0"/><net_sink comp="295" pin=1"/></net>

<net id="307"><net_src comp="295" pin="3"/><net_sink comp="302" pin=0"/></net>

<net id="313"><net_src comp="12" pin="0"/><net_sink comp="308" pin=0"/></net>

<net id="314"><net_src comp="148" pin="0"/><net_sink comp="308" pin=1"/></net>

<net id="320"><net_src comp="308" pin="3"/><net_sink comp="315" pin=0"/></net>

<net id="326"><net_src comp="14" pin="0"/><net_sink comp="321" pin=0"/></net>

<net id="327"><net_src comp="148" pin="0"/><net_sink comp="321" pin=1"/></net>

<net id="333"><net_src comp="321" pin="3"/><net_sink comp="328" pin=0"/></net>

<net id="339"><net_src comp="24" pin="0"/><net_sink comp="334" pin=0"/></net>

<net id="340"><net_src comp="148" pin="0"/><net_sink comp="334" pin=1"/></net>

<net id="346"><net_src comp="334" pin="3"/><net_sink comp="341" pin=0"/></net>

<net id="352"><net_src comp="26" pin="0"/><net_sink comp="347" pin=0"/></net>

<net id="353"><net_src comp="148" pin="0"/><net_sink comp="347" pin=1"/></net>

<net id="359"><net_src comp="347" pin="3"/><net_sink comp="354" pin=0"/></net>

<net id="365"><net_src comp="28" pin="0"/><net_sink comp="360" pin=0"/></net>

<net id="366"><net_src comp="148" pin="0"/><net_sink comp="360" pin=1"/></net>

<net id="372"><net_src comp="360" pin="3"/><net_sink comp="367" pin=0"/></net>

<net id="378"><net_src comp="30" pin="0"/><net_sink comp="373" pin=0"/></net>

<net id="379"><net_src comp="148" pin="0"/><net_sink comp="373" pin=1"/></net>

<net id="385"><net_src comp="373" pin="3"/><net_sink comp="380" pin=0"/></net>

<net id="391"><net_src comp="32" pin="0"/><net_sink comp="386" pin=0"/></net>

<net id="392"><net_src comp="148" pin="0"/><net_sink comp="386" pin=1"/></net>

<net id="398"><net_src comp="386" pin="3"/><net_sink comp="393" pin=0"/></net>

<net id="404"><net_src comp="34" pin="0"/><net_sink comp="399" pin=0"/></net>

<net id="405"><net_src comp="148" pin="0"/><net_sink comp="399" pin=1"/></net>

<net id="411"><net_src comp="399" pin="3"/><net_sink comp="406" pin=0"/></net>

<net id="417"><net_src comp="36" pin="0"/><net_sink comp="412" pin=0"/></net>

<net id="418"><net_src comp="148" pin="0"/><net_sink comp="412" pin=1"/></net>

<net id="424"><net_src comp="412" pin="3"/><net_sink comp="419" pin=0"/></net>

<net id="430"><net_src comp="38" pin="0"/><net_sink comp="425" pin=0"/></net>

<net id="431"><net_src comp="148" pin="0"/><net_sink comp="425" pin=1"/></net>

<net id="437"><net_src comp="425" pin="3"/><net_sink comp="432" pin=0"/></net>

<net id="443"><net_src comp="40" pin="0"/><net_sink comp="438" pin=0"/></net>

<net id="444"><net_src comp="148" pin="0"/><net_sink comp="438" pin=1"/></net>

<net id="450"><net_src comp="438" pin="3"/><net_sink comp="445" pin=0"/></net>

<net id="456"><net_src comp="42" pin="0"/><net_sink comp="451" pin=0"/></net>

<net id="457"><net_src comp="148" pin="0"/><net_sink comp="451" pin=1"/></net>

<net id="463"><net_src comp="451" pin="3"/><net_sink comp="458" pin=0"/></net>

<net id="469"><net_src comp="44" pin="0"/><net_sink comp="464" pin=0"/></net>

<net id="470"><net_src comp="148" pin="0"/><net_sink comp="464" pin=1"/></net>

<net id="476"><net_src comp="464" pin="3"/><net_sink comp="471" pin=0"/></net>

<net id="482"><net_src comp="46" pin="0"/><net_sink comp="477" pin=0"/></net>

<net id="483"><net_src comp="148" pin="0"/><net_sink comp="477" pin=1"/></net>

<net id="489"><net_src comp="477" pin="3"/><net_sink comp="484" pin=0"/></net>

<net id="495"><net_src comp="48" pin="0"/><net_sink comp="490" pin=0"/></net>

<net id="496"><net_src comp="148" pin="0"/><net_sink comp="490" pin=1"/></net>

<net id="502"><net_src comp="490" pin="3"/><net_sink comp="497" pin=0"/></net>

<net id="508"><net_src comp="50" pin="0"/><net_sink comp="503" pin=0"/></net>

<net id="509"><net_src comp="148" pin="0"/><net_sink comp="503" pin=1"/></net>

<net id="515"><net_src comp="503" pin="3"/><net_sink comp="510" pin=0"/></net>

<net id="521"><net_src comp="52" pin="0"/><net_sink comp="516" pin=0"/></net>

<net id="522"><net_src comp="148" pin="0"/><net_sink comp="516" pin=1"/></net>

<net id="528"><net_src comp="516" pin="3"/><net_sink comp="523" pin=0"/></net>

<net id="534"><net_src comp="54" pin="0"/><net_sink comp="529" pin=0"/></net>

<net id="535"><net_src comp="148" pin="0"/><net_sink comp="529" pin=1"/></net>

<net id="541"><net_src comp="529" pin="3"/><net_sink comp="536" pin=0"/></net>

<net id="547"><net_src comp="74" pin="0"/><net_sink comp="542" pin=0"/></net>

<net id="548"><net_src comp="148" pin="0"/><net_sink comp="542" pin=1"/></net>

<net id="554"><net_src comp="542" pin="3"/><net_sink comp="549" pin=0"/></net>

<net id="560"><net_src comp="76" pin="0"/><net_sink comp="555" pin=0"/></net>

<net id="561"><net_src comp="148" pin="0"/><net_sink comp="555" pin=1"/></net>

<net id="567"><net_src comp="555" pin="3"/><net_sink comp="562" pin=0"/></net>

<net id="573"><net_src comp="78" pin="0"/><net_sink comp="568" pin=0"/></net>

<net id="574"><net_src comp="148" pin="0"/><net_sink comp="568" pin=1"/></net>

<net id="580"><net_src comp="568" pin="3"/><net_sink comp="575" pin=0"/></net>

<net id="586"><net_src comp="80" pin="0"/><net_sink comp="581" pin=0"/></net>

<net id="587"><net_src comp="148" pin="0"/><net_sink comp="581" pin=1"/></net>

<net id="593"><net_src comp="581" pin="3"/><net_sink comp="588" pin=0"/></net>

<net id="599"><net_src comp="90" pin="0"/><net_sink comp="594" pin=0"/></net>

<net id="600"><net_src comp="148" pin="0"/><net_sink comp="594" pin=1"/></net>

<net id="606"><net_src comp="594" pin="3"/><net_sink comp="601" pin=0"/></net>

<net id="612"><net_src comp="92" pin="0"/><net_sink comp="607" pin=0"/></net>

<net id="613"><net_src comp="148" pin="0"/><net_sink comp="607" pin=1"/></net>

<net id="619"><net_src comp="607" pin="3"/><net_sink comp="614" pin=0"/></net>

<net id="625"><net_src comp="94" pin="0"/><net_sink comp="620" pin=0"/></net>

<net id="626"><net_src comp="148" pin="0"/><net_sink comp="620" pin=1"/></net>

<net id="632"><net_src comp="620" pin="3"/><net_sink comp="627" pin=0"/></net>

<net id="638"><net_src comp="96" pin="0"/><net_sink comp="633" pin=0"/></net>

<net id="639"><net_src comp="148" pin="0"/><net_sink comp="633" pin=1"/></net>

<net id="645"><net_src comp="633" pin="3"/><net_sink comp="640" pin=0"/></net>

<net id="651"><net_src comp="98" pin="0"/><net_sink comp="646" pin=0"/></net>

<net id="652"><net_src comp="148" pin="0"/><net_sink comp="646" pin=1"/></net>

<net id="658"><net_src comp="646" pin="3"/><net_sink comp="653" pin=0"/></net>

<net id="664"><net_src comp="100" pin="0"/><net_sink comp="659" pin=0"/></net>

<net id="665"><net_src comp="148" pin="0"/><net_sink comp="659" pin=1"/></net>

<net id="671"><net_src comp="659" pin="3"/><net_sink comp="666" pin=0"/></net>

<net id="677"><net_src comp="102" pin="0"/><net_sink comp="672" pin=0"/></net>

<net id="678"><net_src comp="148" pin="0"/><net_sink comp="672" pin=1"/></net>

<net id="684"><net_src comp="672" pin="3"/><net_sink comp="679" pin=0"/></net>

<net id="690"><net_src comp="104" pin="0"/><net_sink comp="685" pin=0"/></net>

<net id="691"><net_src comp="148" pin="0"/><net_sink comp="685" pin=1"/></net>

<net id="697"><net_src comp="685" pin="3"/><net_sink comp="692" pin=0"/></net>

<net id="703"><net_src comp="106" pin="0"/><net_sink comp="698" pin=0"/></net>

<net id="704"><net_src comp="148" pin="0"/><net_sink comp="698" pin=1"/></net>

<net id="710"><net_src comp="698" pin="3"/><net_sink comp="705" pin=0"/></net>

<net id="716"><net_src comp="108" pin="0"/><net_sink comp="711" pin=0"/></net>

<net id="717"><net_src comp="148" pin="0"/><net_sink comp="711" pin=1"/></net>

<net id="723"><net_src comp="711" pin="3"/><net_sink comp="718" pin=0"/></net>

<net id="729"><net_src comp="110" pin="0"/><net_sink comp="724" pin=0"/></net>

<net id="730"><net_src comp="148" pin="0"/><net_sink comp="724" pin=1"/></net>

<net id="736"><net_src comp="724" pin="3"/><net_sink comp="731" pin=0"/></net>

<net id="742"><net_src comp="112" pin="0"/><net_sink comp="737" pin=0"/></net>

<net id="743"><net_src comp="148" pin="0"/><net_sink comp="737" pin=1"/></net>

<net id="749"><net_src comp="737" pin="3"/><net_sink comp="744" pin=0"/></net>

<net id="755"><net_src comp="114" pin="0"/><net_sink comp="750" pin=0"/></net>

<net id="756"><net_src comp="148" pin="0"/><net_sink comp="750" pin=1"/></net>

<net id="762"><net_src comp="750" pin="3"/><net_sink comp="757" pin=0"/></net>

<net id="768"><net_src comp="116" pin="0"/><net_sink comp="763" pin=0"/></net>

<net id="769"><net_src comp="148" pin="0"/><net_sink comp="763" pin=1"/></net>

<net id="775"><net_src comp="763" pin="3"/><net_sink comp="770" pin=0"/></net>

<net id="781"><net_src comp="118" pin="0"/><net_sink comp="776" pin=0"/></net>

<net id="782"><net_src comp="148" pin="0"/><net_sink comp="776" pin=1"/></net>

<net id="788"><net_src comp="776" pin="3"/><net_sink comp="783" pin=0"/></net>

<net id="794"><net_src comp="120" pin="0"/><net_sink comp="789" pin=0"/></net>

<net id="795"><net_src comp="148" pin="0"/><net_sink comp="789" pin=1"/></net>

<net id="801"><net_src comp="789" pin="3"/><net_sink comp="796" pin=0"/></net>

<net id="807"><net_src comp="0" pin="0"/><net_sink comp="802" pin=0"/></net>

<net id="808"><net_src comp="148" pin="0"/><net_sink comp="802" pin=1"/></net>

<net id="814"><net_src comp="802" pin="3"/><net_sink comp="809" pin=0"/></net>

<net id="820"><net_src comp="2" pin="0"/><net_sink comp="815" pin=0"/></net>

<net id="821"><net_src comp="148" pin="0"/><net_sink comp="815" pin=1"/></net>

<net id="827"><net_src comp="815" pin="3"/><net_sink comp="822" pin=0"/></net>

<net id="833"><net_src comp="4" pin="0"/><net_sink comp="828" pin=0"/></net>

<net id="834"><net_src comp="148" pin="0"/><net_sink comp="828" pin=1"/></net>

<net id="840"><net_src comp="828" pin="3"/><net_sink comp="835" pin=0"/></net>

<net id="846"><net_src comp="6" pin="0"/><net_sink comp="841" pin=0"/></net>

<net id="847"><net_src comp="148" pin="0"/><net_sink comp="841" pin=1"/></net>

<net id="853"><net_src comp="841" pin="3"/><net_sink comp="848" pin=0"/></net>

<net id="859"><net_src comp="16" pin="0"/><net_sink comp="854" pin=0"/></net>

<net id="860"><net_src comp="148" pin="0"/><net_sink comp="854" pin=1"/></net>

<net id="866"><net_src comp="854" pin="3"/><net_sink comp="861" pin=0"/></net>

<net id="872"><net_src comp="18" pin="0"/><net_sink comp="867" pin=0"/></net>

<net id="873"><net_src comp="148" pin="0"/><net_sink comp="867" pin=1"/></net>

<net id="879"><net_src comp="867" pin="3"/><net_sink comp="874" pin=0"/></net>

<net id="885"><net_src comp="20" pin="0"/><net_sink comp="880" pin=0"/></net>

<net id="886"><net_src comp="148" pin="0"/><net_sink comp="880" pin=1"/></net>

<net id="892"><net_src comp="880" pin="3"/><net_sink comp="887" pin=0"/></net>

<net id="898"><net_src comp="22" pin="0"/><net_sink comp="893" pin=0"/></net>

<net id="899"><net_src comp="148" pin="0"/><net_sink comp="893" pin=1"/></net>

<net id="905"><net_src comp="893" pin="3"/><net_sink comp="900" pin=0"/></net>

<net id="911"><net_src comp="66" pin="0"/><net_sink comp="906" pin=0"/></net>

<net id="912"><net_src comp="148" pin="0"/><net_sink comp="906" pin=1"/></net>

<net id="918"><net_src comp="906" pin="3"/><net_sink comp="913" pin=0"/></net>

<net id="924"><net_src comp="68" pin="0"/><net_sink comp="919" pin=0"/></net>

<net id="925"><net_src comp="148" pin="0"/><net_sink comp="919" pin=1"/></net>

<net id="931"><net_src comp="919" pin="3"/><net_sink comp="926" pin=0"/></net>

<net id="937"><net_src comp="70" pin="0"/><net_sink comp="932" pin=0"/></net>

<net id="938"><net_src comp="148" pin="0"/><net_sink comp="932" pin=1"/></net>

<net id="944"><net_src comp="932" pin="3"/><net_sink comp="939" pin=0"/></net>

<net id="950"><net_src comp="72" pin="0"/><net_sink comp="945" pin=0"/></net>

<net id="951"><net_src comp="148" pin="0"/><net_sink comp="945" pin=1"/></net>

<net id="957"><net_src comp="945" pin="3"/><net_sink comp="952" pin=0"/></net>

<net id="963"><net_src comp="82" pin="0"/><net_sink comp="958" pin=0"/></net>

<net id="964"><net_src comp="148" pin="0"/><net_sink comp="958" pin=1"/></net>

<net id="970"><net_src comp="958" pin="3"/><net_sink comp="965" pin=0"/></net>

<net id="976"><net_src comp="84" pin="0"/><net_sink comp="971" pin=0"/></net>

<net id="977"><net_src comp="148" pin="0"/><net_sink comp="971" pin=1"/></net>

<net id="983"><net_src comp="971" pin="3"/><net_sink comp="978" pin=0"/></net>

<net id="989"><net_src comp="86" pin="0"/><net_sink comp="984" pin=0"/></net>

<net id="990"><net_src comp="148" pin="0"/><net_sink comp="984" pin=1"/></net>

<net id="996"><net_src comp="984" pin="3"/><net_sink comp="991" pin=0"/></net>

<net id="1002"><net_src comp="88" pin="0"/><net_sink comp="997" pin=0"/></net>

<net id="1003"><net_src comp="148" pin="0"/><net_sink comp="997" pin=1"/></net>

<net id="1009"><net_src comp="997" pin="3"/><net_sink comp="1004" pin=0"/></net>

<net id="1015"><net_src comp="64" pin="0"/><net_sink comp="1010" pin=0"/></net>

<net id="1016"><net_src comp="148" pin="0"/><net_sink comp="1010" pin=1"/></net>

<net id="1022"><net_src comp="1010" pin="3"/><net_sink comp="1017" pin=0"/></net>

<net id="1155"><net_src comp="132" pin="0"/><net_sink comp="1151" pin=0"/></net>

<net id="1160"><net_src comp="134" pin="0"/><net_sink comp="1156" pin=0"/></net>

<net id="1165"><net_src comp="134" pin="0"/><net_sink comp="1161" pin=0"/></net>

<net id="1173"><net_src comp="1166" pin="1"/><net_sink comp="1169" pin=0"/></net>

<net id="1174"><net_src comp="136" pin="0"/><net_sink comp="1169" pin=1"/></net>

<net id="1179"><net_src comp="1166" pin="1"/><net_sink comp="1175" pin=0"/></net>

<net id="1180"><net_src comp="138" pin="0"/><net_sink comp="1175" pin=1"/></net>

<net id="1185"><net_src comp="1175" pin="2"/><net_sink comp="1181" pin=0"/></net>

<net id="1196"><net_src comp="1189" pin="1"/><net_sink comp="1192" pin=0"/></net>

<net id="1197"><net_src comp="140" pin="0"/><net_sink comp="1192" pin=1"/></net>

<net id="1202"><net_src comp="1186" pin="1"/><net_sink comp="1198" pin=0"/></net>

<net id="1203"><net_src comp="142" pin="0"/><net_sink comp="1198" pin=1"/></net>

<net id="1209"><net_src comp="1198" pin="2"/><net_sink comp="1204" pin=0"/></net>

<net id="1210"><net_src comp="134" pin="0"/><net_sink comp="1204" pin=1"/></net>

<net id="1211"><net_src comp="1186" pin="1"/><net_sink comp="1204" pin=2"/></net>

<net id="1217"><net_src comp="1198" pin="2"/><net_sink comp="1212" pin=0"/></net>

<net id="1218"><net_src comp="1192" pin="2"/><net_sink comp="1212" pin=1"/></net>

<net id="1219"><net_src comp="1189" pin="1"/><net_sink comp="1212" pin=2"/></net>

<net id="1223"><net_src comp="1212" pin="3"/><net_sink comp="1220" pin=0"/></net>

<net id="1227"><net_src comp="1212" pin="3"/><net_sink comp="1224" pin=0"/></net>

<net id="1228"><net_src comp="1224" pin="1"/><net_sink comp="178" pin=2"/></net>

<net id="1229"><net_src comp="1224" pin="1"/><net_sink comp="191" pin=2"/></net>

<net id="1230"><net_src comp="1224" pin="1"/><net_sink comp="204" pin=2"/></net>

<net id="1231"><net_src comp="1224" pin="1"/><net_sink comp="217" pin=2"/></net>

<net id="1237"><net_src comp="144" pin="0"/><net_sink comp="1232" pin=0"/></net>

<net id="1238"><net_src comp="1220" pin="1"/><net_sink comp="1232" pin=1"/></net>

<net id="1239"><net_src comp="146" pin="0"/><net_sink comp="1232" pin=2"/></net>

<net id="1243"><net_src comp="1204" pin="3"/><net_sink comp="1240" pin=0"/></net>

<net id="1244"><net_src comp="1240" pin="1"/><net_sink comp="230" pin=2"/></net>

<net id="1245"><net_src comp="1240" pin="1"/><net_sink comp="243" pin=2"/></net>

<net id="1246"><net_src comp="1240" pin="1"/><net_sink comp="256" pin=2"/></net>

<net id="1247"><net_src comp="1240" pin="1"/><net_sink comp="269" pin=2"/></net>

<net id="1251"><net_src comp="1204" pin="3"/><net_sink comp="1248" pin=0"/></net>

<net id="1256"><net_src comp="1232" pin="3"/><net_sink comp="1252" pin=0"/></net>

<net id="1257"><net_src comp="1248" pin="1"/><net_sink comp="1252" pin=1"/></net>

<net id="1262"><net_src comp="1204" pin="3"/><net_sink comp="1258" pin=0"/></net>

<net id="1263"><net_src comp="140" pin="0"/><net_sink comp="1258" pin=1"/></net>

<net id="1268"><net_src comp="1212" pin="3"/><net_sink comp="1264" pin=0"/></net>

<net id="1273"><net_src comp="1258" pin="2"/><net_sink comp="1269" pin=0"/></net>

<net id="1286"><net_src comp="1278" pin="2"/><net_sink comp="1282" pin=0"/></net>

<net id="1287"><net_src comp="1274" pin="2"/><net_sink comp="1282" pin=1"/></net>

<net id="1300"><net_src comp="1292" pin="2"/><net_sink comp="1296" pin=0"/></net>

<net id="1301"><net_src comp="1288" pin="2"/><net_sink comp="1296" pin=1"/></net>

<net id="1314"><net_src comp="1306" pin="2"/><net_sink comp="1310" pin=0"/></net>

<net id="1315"><net_src comp="1302" pin="2"/><net_sink comp="1310" pin=1"/></net>

<net id="1328"><net_src comp="1320" pin="2"/><net_sink comp="1324" pin=0"/></net>

<net id="1329"><net_src comp="1316" pin="2"/><net_sink comp="1324" pin=1"/></net>

<net id="1342"><net_src comp="1334" pin="2"/><net_sink comp="1338" pin=0"/></net>

<net id="1343"><net_src comp="1330" pin="2"/><net_sink comp="1338" pin=1"/></net>

<net id="1356"><net_src comp="1348" pin="2"/><net_sink comp="1352" pin=0"/></net>

<net id="1357"><net_src comp="1344" pin="2"/><net_sink comp="1352" pin=1"/></net>

<net id="1362"><net_src comp="1352" pin="2"/><net_sink comp="1358" pin=1"/></net>

<net id="1375"><net_src comp="1367" pin="2"/><net_sink comp="1371" pin=0"/></net>

<net id="1376"><net_src comp="1363" pin="2"/><net_sink comp="1371" pin=1"/></net>

<net id="1381"><net_src comp="1371" pin="2"/><net_sink comp="1377" pin=1"/></net>

<net id="1394"><net_src comp="1386" pin="2"/><net_sink comp="1390" pin=0"/></net>

<net id="1395"><net_src comp="1382" pin="2"/><net_sink comp="1390" pin=1"/></net>

<net id="1400"><net_src comp="1390" pin="2"/><net_sink comp="1396" pin=1"/></net>

<net id="1409"><net_src comp="1401" pin="2"/><net_sink comp="1405" pin=1"/></net>

<net id="1418"><net_src comp="1410" pin="2"/><net_sink comp="1414" pin=1"/></net>

<net id="1422"><net_src comp="1419" pin="1"/><net_sink comp="1010" pin=2"/></net>

<net id="1426"><net_src comp="166" pin="1"/><net_sink comp="1423" pin=0"/></net>

<net id="1427"><net_src comp="1423" pin="1"/><net_sink comp="1161" pin=1"/></net>

<net id="1428"><net_src comp="1423" pin="1"/><net_sink comp="1186" pin=0"/></net>

<net id="1429"><net_src comp="1423" pin="1"/><net_sink comp="1269" pin=1"/></net>

<net id="1433"><net_src comp="170" pin="1"/><net_sink comp="1430" pin=0"/></net>

<net id="1434"><net_src comp="1430" pin="1"/><net_sink comp="1156" pin=1"/></net>

<net id="1435"><net_src comp="1430" pin="1"/><net_sink comp="1189" pin=0"/></net>

<net id="1436"><net_src comp="1430" pin="1"/><net_sink comp="1264" pin=1"/></net>

<net id="1440"><net_src comp="174" pin="1"/><net_sink comp="1437" pin=0"/></net>

<net id="1441"><net_src comp="1437" pin="1"/><net_sink comp="1151" pin=1"/></net>

<net id="1442"><net_src comp="1437" pin="1"/><net_sink comp="1166" pin=0"/></net>

<net id="1443"><net_src comp="1437" pin="1"/><net_sink comp="1181" pin=1"/></net>

<net id="1447"><net_src comp="1169" pin="2"/><net_sink comp="1444" pin=0"/></net>

<net id="1451"><net_src comp="1224" pin="1"/><net_sink comp="1448" pin=0"/></net>

<net id="1452"><net_src comp="1448" pin="1"/><net_sink comp="282" pin=2"/></net>

<net id="1453"><net_src comp="1448" pin="1"/><net_sink comp="295" pin=2"/></net>

<net id="1454"><net_src comp="1448" pin="1"/><net_sink comp="308" pin=2"/></net>

<net id="1455"><net_src comp="1448" pin="1"/><net_sink comp="321" pin=2"/></net>

<net id="1456"><net_src comp="1448" pin="1"/><net_sink comp="334" pin=2"/></net>

<net id="1457"><net_src comp="1448" pin="1"/><net_sink comp="347" pin=2"/></net>

<net id="1458"><net_src comp="1448" pin="1"/><net_sink comp="360" pin=2"/></net>

<net id="1459"><net_src comp="1448" pin="1"/><net_sink comp="373" pin=2"/></net>

<net id="1460"><net_src comp="1448" pin="1"/><net_sink comp="386" pin=2"/></net>

<net id="1461"><net_src comp="1448" pin="1"/><net_sink comp="399" pin=2"/></net>

<net id="1462"><net_src comp="1448" pin="1"/><net_sink comp="412" pin=2"/></net>

<net id="1463"><net_src comp="1448" pin="1"/><net_sink comp="425" pin=2"/></net>

<net id="1464"><net_src comp="1448" pin="1"/><net_sink comp="438" pin=2"/></net>

<net id="1465"><net_src comp="1448" pin="1"/><net_sink comp="451" pin=2"/></net>

<net id="1466"><net_src comp="1448" pin="1"/><net_sink comp="464" pin=2"/></net>

<net id="1467"><net_src comp="1448" pin="1"/><net_sink comp="477" pin=2"/></net>

<net id="1468"><net_src comp="1448" pin="1"/><net_sink comp="490" pin=2"/></net>

<net id="1469"><net_src comp="1448" pin="1"/><net_sink comp="503" pin=2"/></net>

<net id="1470"><net_src comp="1448" pin="1"/><net_sink comp="516" pin=2"/></net>

<net id="1471"><net_src comp="1448" pin="1"/><net_sink comp="529" pin=2"/></net>

<net id="1472"><net_src comp="1448" pin="1"/><net_sink comp="802" pin=2"/></net>

<net id="1473"><net_src comp="1448" pin="1"/><net_sink comp="815" pin=2"/></net>

<net id="1474"><net_src comp="1448" pin="1"/><net_sink comp="828" pin=2"/></net>

<net id="1475"><net_src comp="1448" pin="1"/><net_sink comp="841" pin=2"/></net>

<net id="1476"><net_src comp="1448" pin="1"/><net_sink comp="854" pin=2"/></net>

<net id="1477"><net_src comp="1448" pin="1"/><net_sink comp="867" pin=2"/></net>

<net id="1478"><net_src comp="1448" pin="1"/><net_sink comp="880" pin=2"/></net>

<net id="1479"><net_src comp="1448" pin="1"/><net_sink comp="893" pin=2"/></net>

<net id="1483"><net_src comp="178" pin="3"/><net_sink comp="1480" pin=0"/></net>

<net id="1484"><net_src comp="1480" pin="1"/><net_sink comp="185" pin=0"/></net>

<net id="1488"><net_src comp="191" pin="3"/><net_sink comp="1485" pin=0"/></net>

<net id="1489"><net_src comp="1485" pin="1"/><net_sink comp="198" pin=0"/></net>

<net id="1493"><net_src comp="204" pin="3"/><net_sink comp="1490" pin=0"/></net>

<net id="1494"><net_src comp="1490" pin="1"/><net_sink comp="211" pin=0"/></net>

<net id="1498"><net_src comp="217" pin="3"/><net_sink comp="1495" pin=0"/></net>

<net id="1499"><net_src comp="1495" pin="1"/><net_sink comp="224" pin=0"/></net>

<net id="1503"><net_src comp="1240" pin="1"/><net_sink comp="1500" pin=0"/></net>

<net id="1504"><net_src comp="1500" pin="1"/><net_sink comp="542" pin=2"/></net>

<net id="1505"><net_src comp="1500" pin="1"/><net_sink comp="555" pin=2"/></net>

<net id="1506"><net_src comp="1500" pin="1"/><net_sink comp="568" pin=2"/></net>

<net id="1507"><net_src comp="1500" pin="1"/><net_sink comp="581" pin=2"/></net>

<net id="1508"><net_src comp="1500" pin="1"/><net_sink comp="594" pin=2"/></net>

<net id="1509"><net_src comp="1500" pin="1"/><net_sink comp="607" pin=2"/></net>

<net id="1510"><net_src comp="1500" pin="1"/><net_sink comp="620" pin=2"/></net>

<net id="1511"><net_src comp="1500" pin="1"/><net_sink comp="633" pin=2"/></net>

<net id="1512"><net_src comp="1500" pin="1"/><net_sink comp="646" pin=2"/></net>

<net id="1513"><net_src comp="1500" pin="1"/><net_sink comp="659" pin=2"/></net>

<net id="1514"><net_src comp="1500" pin="1"/><net_sink comp="672" pin=2"/></net>

<net id="1515"><net_src comp="1500" pin="1"/><net_sink comp="685" pin=2"/></net>

<net id="1516"><net_src comp="1500" pin="1"/><net_sink comp="698" pin=2"/></net>

<net id="1517"><net_src comp="1500" pin="1"/><net_sink comp="711" pin=2"/></net>

<net id="1518"><net_src comp="1500" pin="1"/><net_sink comp="724" pin=2"/></net>

<net id="1519"><net_src comp="1500" pin="1"/><net_sink comp="737" pin=2"/></net>

<net id="1520"><net_src comp="1500" pin="1"/><net_sink comp="750" pin=2"/></net>

<net id="1521"><net_src comp="1500" pin="1"/><net_sink comp="763" pin=2"/></net>

<net id="1522"><net_src comp="1500" pin="1"/><net_sink comp="776" pin=2"/></net>

<net id="1523"><net_src comp="1500" pin="1"/><net_sink comp="789" pin=2"/></net>

<net id="1524"><net_src comp="1500" pin="1"/><net_sink comp="906" pin=2"/></net>

<net id="1525"><net_src comp="1500" pin="1"/><net_sink comp="919" pin=2"/></net>

<net id="1526"><net_src comp="1500" pin="1"/><net_sink comp="932" pin=2"/></net>

<net id="1527"><net_src comp="1500" pin="1"/><net_sink comp="945" pin=2"/></net>

<net id="1528"><net_src comp="1500" pin="1"/><net_sink comp="958" pin=2"/></net>

<net id="1529"><net_src comp="1500" pin="1"/><net_sink comp="971" pin=2"/></net>

<net id="1530"><net_src comp="1500" pin="1"/><net_sink comp="984" pin=2"/></net>

<net id="1531"><net_src comp="1500" pin="1"/><net_sink comp="997" pin=2"/></net>

<net id="1535"><net_src comp="1252" pin="2"/><net_sink comp="1532" pin=0"/></net>

<net id="1536"><net_src comp="1532" pin="1"/><net_sink comp="1419" pin=0"/></net>

<net id="1540"><net_src comp="230" pin="3"/><net_sink comp="1537" pin=0"/></net>

<net id="1541"><net_src comp="1537" pin="1"/><net_sink comp="237" pin=0"/></net>

<net id="1545"><net_src comp="243" pin="3"/><net_sink comp="1542" pin=0"/></net>

<net id="1546"><net_src comp="1542" pin="1"/><net_sink comp="250" pin=0"/></net>

<net id="1550"><net_src comp="256" pin="3"/><net_sink comp="1547" pin=0"/></net>

<net id="1551"><net_src comp="1547" pin="1"/><net_sink comp="263" pin=0"/></net>

<net id="1555"><net_src comp="269" pin="3"/><net_sink comp="1552" pin=0"/></net>

<net id="1556"><net_src comp="1552" pin="1"/><net_sink comp="276" pin=0"/></net>

<net id="1560"><net_src comp="282" pin="3"/><net_sink comp="1557" pin=0"/></net>

<net id="1561"><net_src comp="1557" pin="1"/><net_sink comp="289" pin=0"/></net>

<net id="1565"><net_src comp="295" pin="3"/><net_sink comp="1562" pin=0"/></net>

<net id="1566"><net_src comp="1562" pin="1"/><net_sink comp="302" pin=0"/></net>

<net id="1570"><net_src comp="308" pin="3"/><net_sink comp="1567" pin=0"/></net>

<net id="1571"><net_src comp="1567" pin="1"/><net_sink comp="315" pin=0"/></net>

<net id="1575"><net_src comp="321" pin="3"/><net_sink comp="1572" pin=0"/></net>

<net id="1576"><net_src comp="1572" pin="1"/><net_sink comp="328" pin=0"/></net>

<net id="1580"><net_src comp="334" pin="3"/><net_sink comp="1577" pin=0"/></net>

<net id="1581"><net_src comp="1577" pin="1"/><net_sink comp="341" pin=0"/></net>

<net id="1585"><net_src comp="347" pin="3"/><net_sink comp="1582" pin=0"/></net>

<net id="1586"><net_src comp="1582" pin="1"/><net_sink comp="354" pin=0"/></net>

<net id="1590"><net_src comp="360" pin="3"/><net_sink comp="1587" pin=0"/></net>

<net id="1591"><net_src comp="1587" pin="1"/><net_sink comp="367" pin=0"/></net>

<net id="1595"><net_src comp="373" pin="3"/><net_sink comp="1592" pin=0"/></net>

<net id="1596"><net_src comp="1592" pin="1"/><net_sink comp="380" pin=0"/></net>

<net id="1600"><net_src comp="386" pin="3"/><net_sink comp="1597" pin=0"/></net>

<net id="1601"><net_src comp="1597" pin="1"/><net_sink comp="393" pin=0"/></net>

<net id="1605"><net_src comp="399" pin="3"/><net_sink comp="1602" pin=0"/></net>

<net id="1606"><net_src comp="1602" pin="1"/><net_sink comp="406" pin=0"/></net>

<net id="1610"><net_src comp="412" pin="3"/><net_sink comp="1607" pin=0"/></net>

<net id="1611"><net_src comp="1607" pin="1"/><net_sink comp="419" pin=0"/></net>

<net id="1615"><net_src comp="425" pin="3"/><net_sink comp="1612" pin=0"/></net>

<net id="1616"><net_src comp="1612" pin="1"/><net_sink comp="432" pin=0"/></net>

<net id="1620"><net_src comp="438" pin="3"/><net_sink comp="1617" pin=0"/></net>

<net id="1621"><net_src comp="1617" pin="1"/><net_sink comp="445" pin=0"/></net>

<net id="1625"><net_src comp="451" pin="3"/><net_sink comp="1622" pin=0"/></net>

<net id="1626"><net_src comp="1622" pin="1"/><net_sink comp="458" pin=0"/></net>

<net id="1630"><net_src comp="464" pin="3"/><net_sink comp="1627" pin=0"/></net>

<net id="1631"><net_src comp="1627" pin="1"/><net_sink comp="471" pin=0"/></net>

<net id="1635"><net_src comp="477" pin="3"/><net_sink comp="1632" pin=0"/></net>

<net id="1636"><net_src comp="1632" pin="1"/><net_sink comp="484" pin=0"/></net>

<net id="1640"><net_src comp="490" pin="3"/><net_sink comp="1637" pin=0"/></net>

<net id="1641"><net_src comp="1637" pin="1"/><net_sink comp="497" pin=0"/></net>

<net id="1645"><net_src comp="503" pin="3"/><net_sink comp="1642" pin=0"/></net>

<net id="1646"><net_src comp="1642" pin="1"/><net_sink comp="510" pin=0"/></net>

<net id="1650"><net_src comp="516" pin="3"/><net_sink comp="1647" pin=0"/></net>

<net id="1651"><net_src comp="1647" pin="1"/><net_sink comp="523" pin=0"/></net>

<net id="1655"><net_src comp="529" pin="3"/><net_sink comp="1652" pin=0"/></net>

<net id="1656"><net_src comp="1652" pin="1"/><net_sink comp="536" pin=0"/></net>

<net id="1660"><net_src comp="185" pin="3"/><net_sink comp="1657" pin=0"/></net>

<net id="1661"><net_src comp="1657" pin="1"/><net_sink comp="1035" pin=1"/></net>

<net id="1665"><net_src comp="198" pin="3"/><net_sink comp="1662" pin=0"/></net>

<net id="1666"><net_src comp="1662" pin="1"/><net_sink comp="1031" pin=1"/></net>

<net id="1670"><net_src comp="211" pin="3"/><net_sink comp="1667" pin=0"/></net>

<net id="1671"><net_src comp="1667" pin="1"/><net_sink comp="1027" pin=1"/></net>

<net id="1675"><net_src comp="224" pin="3"/><net_sink comp="1672" pin=0"/></net>

<net id="1676"><net_src comp="1672" pin="1"/><net_sink comp="1023" pin=1"/></net>

<net id="1680"><net_src comp="542" pin="3"/><net_sink comp="1677" pin=0"/></net>

<net id="1681"><net_src comp="1677" pin="1"/><net_sink comp="549" pin=0"/></net>

<net id="1685"><net_src comp="555" pin="3"/><net_sink comp="1682" pin=0"/></net>

<net id="1686"><net_src comp="1682" pin="1"/><net_sink comp="562" pin=0"/></net>

<net id="1690"><net_src comp="568" pin="3"/><net_sink comp="1687" pin=0"/></net>

<net id="1691"><net_src comp="1687" pin="1"/><net_sink comp="575" pin=0"/></net>

<net id="1695"><net_src comp="581" pin="3"/><net_sink comp="1692" pin=0"/></net>

<net id="1696"><net_src comp="1692" pin="1"/><net_sink comp="588" pin=0"/></net>

<net id="1700"><net_src comp="594" pin="3"/><net_sink comp="1697" pin=0"/></net>

<net id="1701"><net_src comp="1697" pin="1"/><net_sink comp="601" pin=0"/></net>

<net id="1705"><net_src comp="607" pin="3"/><net_sink comp="1702" pin=0"/></net>

<net id="1706"><net_src comp="1702" pin="1"/><net_sink comp="614" pin=0"/></net>

<net id="1710"><net_src comp="620" pin="3"/><net_sink comp="1707" pin=0"/></net>

<net id="1711"><net_src comp="1707" pin="1"/><net_sink comp="627" pin=0"/></net>

<net id="1715"><net_src comp="633" pin="3"/><net_sink comp="1712" pin=0"/></net>

<net id="1716"><net_src comp="1712" pin="1"/><net_sink comp="640" pin=0"/></net>

<net id="1720"><net_src comp="646" pin="3"/><net_sink comp="1717" pin=0"/></net>

<net id="1721"><net_src comp="1717" pin="1"/><net_sink comp="653" pin=0"/></net>

<net id="1725"><net_src comp="659" pin="3"/><net_sink comp="1722" pin=0"/></net>

<net id="1726"><net_src comp="1722" pin="1"/><net_sink comp="666" pin=0"/></net>

<net id="1730"><net_src comp="672" pin="3"/><net_sink comp="1727" pin=0"/></net>

<net id="1731"><net_src comp="1727" pin="1"/><net_sink comp="679" pin=0"/></net>

<net id="1735"><net_src comp="685" pin="3"/><net_sink comp="1732" pin=0"/></net>

<net id="1736"><net_src comp="1732" pin="1"/><net_sink comp="692" pin=0"/></net>

<net id="1740"><net_src comp="698" pin="3"/><net_sink comp="1737" pin=0"/></net>

<net id="1741"><net_src comp="1737" pin="1"/><net_sink comp="705" pin=0"/></net>

<net id="1745"><net_src comp="711" pin="3"/><net_sink comp="1742" pin=0"/></net>

<net id="1746"><net_src comp="1742" pin="1"/><net_sink comp="718" pin=0"/></net>

<net id="1750"><net_src comp="724" pin="3"/><net_sink comp="1747" pin=0"/></net>

<net id="1751"><net_src comp="1747" pin="1"/><net_sink comp="731" pin=0"/></net>

<net id="1755"><net_src comp="737" pin="3"/><net_sink comp="1752" pin=0"/></net>

<net id="1756"><net_src comp="1752" pin="1"/><net_sink comp="744" pin=0"/></net>

<net id="1760"><net_src comp="750" pin="3"/><net_sink comp="1757" pin=0"/></net>

<net id="1761"><net_src comp="1757" pin="1"/><net_sink comp="757" pin=0"/></net>

<net id="1765"><net_src comp="763" pin="3"/><net_sink comp="1762" pin=0"/></net>

<net id="1766"><net_src comp="1762" pin="1"/><net_sink comp="770" pin=0"/></net>

<net id="1770"><net_src comp="776" pin="3"/><net_sink comp="1767" pin=0"/></net>

<net id="1771"><net_src comp="1767" pin="1"/><net_sink comp="783" pin=0"/></net>

<net id="1775"><net_src comp="789" pin="3"/><net_sink comp="1772" pin=0"/></net>

<net id="1776"><net_src comp="1772" pin="1"/><net_sink comp="796" pin=0"/></net>

<net id="1780"><net_src comp="237" pin="3"/><net_sink comp="1777" pin=0"/></net>

<net id="1781"><net_src comp="1777" pin="1"/><net_sink comp="1035" pin=0"/></net>

<net id="1785"><net_src comp="250" pin="3"/><net_sink comp="1782" pin=0"/></net>

<net id="1786"><net_src comp="1782" pin="1"/><net_sink comp="1031" pin=0"/></net>

<net id="1790"><net_src comp="263" pin="3"/><net_sink comp="1787" pin=0"/></net>

<net id="1791"><net_src comp="1787" pin="1"/><net_sink comp="1027" pin=0"/></net>

<net id="1795"><net_src comp="276" pin="3"/><net_sink comp="1792" pin=0"/></net>

<net id="1796"><net_src comp="1792" pin="1"/><net_sink comp="1023" pin=0"/></net>

<net id="1800"><net_src comp="802" pin="3"/><net_sink comp="1797" pin=0"/></net>

<net id="1801"><net_src comp="1797" pin="1"/><net_sink comp="809" pin=0"/></net>

<net id="1805"><net_src comp="815" pin="3"/><net_sink comp="1802" pin=0"/></net>

<net id="1806"><net_src comp="1802" pin="1"/><net_sink comp="822" pin=0"/></net>

<net id="1810"><net_src comp="828" pin="3"/><net_sink comp="1807" pin=0"/></net>

<net id="1811"><net_src comp="1807" pin="1"/><net_sink comp="835" pin=0"/></net>

<net id="1815"><net_src comp="841" pin="3"/><net_sink comp="1812" pin=0"/></net>

<net id="1816"><net_src comp="1812" pin="1"/><net_sink comp="848" pin=0"/></net>

<net id="1820"><net_src comp="289" pin="3"/><net_sink comp="1817" pin=0"/></net>

<net id="1821"><net_src comp="1817" pin="1"/><net_sink comp="1115" pin=1"/></net>

<net id="1825"><net_src comp="302" pin="3"/><net_sink comp="1822" pin=0"/></net>

<net id="1826"><net_src comp="1822" pin="1"/><net_sink comp="1111" pin=1"/></net>

<net id="1830"><net_src comp="315" pin="3"/><net_sink comp="1827" pin=0"/></net>

<net id="1831"><net_src comp="1827" pin="1"/><net_sink comp="1107" pin=1"/></net>

<net id="1835"><net_src comp="328" pin="3"/><net_sink comp="1832" pin=0"/></net>

<net id="1836"><net_src comp="1832" pin="1"/><net_sink comp="1103" pin=1"/></net>

<net id="1840"><net_src comp="854" pin="3"/><net_sink comp="1837" pin=0"/></net>

<net id="1841"><net_src comp="1837" pin="1"/><net_sink comp="861" pin=0"/></net>

<net id="1845"><net_src comp="867" pin="3"/><net_sink comp="1842" pin=0"/></net>

<net id="1846"><net_src comp="1842" pin="1"/><net_sink comp="874" pin=0"/></net>

<net id="1850"><net_src comp="880" pin="3"/><net_sink comp="1847" pin=0"/></net>

<net id="1851"><net_src comp="1847" pin="1"/><net_sink comp="887" pin=0"/></net>

<net id="1855"><net_src comp="893" pin="3"/><net_sink comp="1852" pin=0"/></net>

<net id="1856"><net_src comp="1852" pin="1"/><net_sink comp="900" pin=0"/></net>

<net id="1860"><net_src comp="341" pin="3"/><net_sink comp="1857" pin=0"/></net>

<net id="1861"><net_src comp="1857" pin="1"/><net_sink comp="1099" pin=1"/></net>

<net id="1865"><net_src comp="354" pin="3"/><net_sink comp="1862" pin=0"/></net>

<net id="1866"><net_src comp="1862" pin="1"/><net_sink comp="1095" pin=1"/></net>

<net id="1870"><net_src comp="367" pin="3"/><net_sink comp="1867" pin=0"/></net>

<net id="1871"><net_src comp="1867" pin="1"/><net_sink comp="1091" pin=1"/></net>

<net id="1875"><net_src comp="380" pin="3"/><net_sink comp="1872" pin=0"/></net>

<net id="1876"><net_src comp="1872" pin="1"/><net_sink comp="1087" pin=1"/></net>

<net id="1880"><net_src comp="393" pin="3"/><net_sink comp="1877" pin=0"/></net>

<net id="1881"><net_src comp="1877" pin="1"/><net_sink comp="1083" pin=1"/></net>

<net id="1885"><net_src comp="406" pin="3"/><net_sink comp="1882" pin=0"/></net>

<net id="1886"><net_src comp="1882" pin="1"/><net_sink comp="1079" pin=1"/></net>

<net id="1890"><net_src comp="419" pin="3"/><net_sink comp="1887" pin=0"/></net>

<net id="1891"><net_src comp="1887" pin="1"/><net_sink comp="1075" pin=1"/></net>

<net id="1895"><net_src comp="432" pin="3"/><net_sink comp="1892" pin=0"/></net>

<net id="1896"><net_src comp="1892" pin="1"/><net_sink comp="1071" pin=1"/></net>

<net id="1900"><net_src comp="445" pin="3"/><net_sink comp="1897" pin=0"/></net>

<net id="1901"><net_src comp="1897" pin="1"/><net_sink comp="1067" pin=1"/></net>

<net id="1905"><net_src comp="458" pin="3"/><net_sink comp="1902" pin=0"/></net>

<net id="1906"><net_src comp="1902" pin="1"/><net_sink comp="1063" pin=1"/></net>

<net id="1910"><net_src comp="471" pin="3"/><net_sink comp="1907" pin=0"/></net>

<net id="1911"><net_src comp="1907" pin="1"/><net_sink comp="1059" pin=1"/></net>

<net id="1915"><net_src comp="484" pin="3"/><net_sink comp="1912" pin=0"/></net>

<net id="1916"><net_src comp="1912" pin="1"/><net_sink comp="1055" pin=1"/></net>

<net id="1920"><net_src comp="497" pin="3"/><net_sink comp="1917" pin=0"/></net>

<net id="1921"><net_src comp="1917" pin="1"/><net_sink comp="1051" pin=1"/></net>

<net id="1925"><net_src comp="510" pin="3"/><net_sink comp="1922" pin=0"/></net>

<net id="1926"><net_src comp="1922" pin="1"/><net_sink comp="1047" pin=1"/></net>

<net id="1930"><net_src comp="523" pin="3"/><net_sink comp="1927" pin=0"/></net>

<net id="1931"><net_src comp="1927" pin="1"/><net_sink comp="1043" pin=1"/></net>

<net id="1935"><net_src comp="536" pin="3"/><net_sink comp="1932" pin=0"/></net>

<net id="1936"><net_src comp="1932" pin="1"/><net_sink comp="1039" pin=1"/></net>

<net id="1940"><net_src comp="906" pin="3"/><net_sink comp="1937" pin=0"/></net>

<net id="1941"><net_src comp="1937" pin="1"/><net_sink comp="913" pin=0"/></net>

<net id="1945"><net_src comp="919" pin="3"/><net_sink comp="1942" pin=0"/></net>

<net id="1946"><net_src comp="1942" pin="1"/><net_sink comp="926" pin=0"/></net>

<net id="1950"><net_src comp="932" pin="3"/><net_sink comp="1947" pin=0"/></net>

<net id="1951"><net_src comp="1947" pin="1"/><net_sink comp="939" pin=0"/></net>

<net id="1955"><net_src comp="945" pin="3"/><net_sink comp="1952" pin=0"/></net>

<net id="1956"><net_src comp="1952" pin="1"/><net_sink comp="952" pin=0"/></net>

<net id="1960"><net_src comp="549" pin="3"/><net_sink comp="1957" pin=0"/></net>

<net id="1961"><net_src comp="1957" pin="1"/><net_sink comp="1115" pin=0"/></net>

<net id="1965"><net_src comp="562" pin="3"/><net_sink comp="1962" pin=0"/></net>

<net id="1966"><net_src comp="1962" pin="1"/><net_sink comp="1111" pin=0"/></net>

<net id="1970"><net_src comp="575" pin="3"/><net_sink comp="1967" pin=0"/></net>

<net id="1971"><net_src comp="1967" pin="1"/><net_sink comp="1107" pin=0"/></net>

<net id="1975"><net_src comp="588" pin="3"/><net_sink comp="1972" pin=0"/></net>

<net id="1976"><net_src comp="1972" pin="1"/><net_sink comp="1103" pin=0"/></net>

<net id="1980"><net_src comp="958" pin="3"/><net_sink comp="1977" pin=0"/></net>

<net id="1981"><net_src comp="1977" pin="1"/><net_sink comp="965" pin=0"/></net>

<net id="1985"><net_src comp="971" pin="3"/><net_sink comp="1982" pin=0"/></net>

<net id="1986"><net_src comp="1982" pin="1"/><net_sink comp="978" pin=0"/></net>

<net id="1990"><net_src comp="984" pin="3"/><net_sink comp="1987" pin=0"/></net>

<net id="1991"><net_src comp="1987" pin="1"/><net_sink comp="991" pin=0"/></net>

<net id="1995"><net_src comp="997" pin="3"/><net_sink comp="1992" pin=0"/></net>

<net id="1996"><net_src comp="1992" pin="1"/><net_sink comp="1004" pin=0"/></net>

<net id="2000"><net_src comp="601" pin="3"/><net_sink comp="1997" pin=0"/></net>

<net id="2001"><net_src comp="1997" pin="1"/><net_sink comp="1099" pin=0"/></net>

<net id="2005"><net_src comp="614" pin="3"/><net_sink comp="2002" pin=0"/></net>

<net id="2006"><net_src comp="2002" pin="1"/><net_sink comp="1095" pin=0"/></net>

<net id="2010"><net_src comp="627" pin="3"/><net_sink comp="2007" pin=0"/></net>

<net id="2011"><net_src comp="2007" pin="1"/><net_sink comp="1091" pin=0"/></net>

<net id="2015"><net_src comp="640" pin="3"/><net_sink comp="2012" pin=0"/></net>

<net id="2016"><net_src comp="2012" pin="1"/><net_sink comp="1087" pin=0"/></net>

<net id="2020"><net_src comp="653" pin="3"/><net_sink comp="2017" pin=0"/></net>

<net id="2021"><net_src comp="2017" pin="1"/><net_sink comp="1083" pin=0"/></net>

<net id="2025"><net_src comp="666" pin="3"/><net_sink comp="2022" pin=0"/></net>

<net id="2026"><net_src comp="2022" pin="1"/><net_sink comp="1079" pin=0"/></net>

<net id="2030"><net_src comp="679" pin="3"/><net_sink comp="2027" pin=0"/></net>

<net id="2031"><net_src comp="2027" pin="1"/><net_sink comp="1075" pin=0"/></net>

<net id="2035"><net_src comp="692" pin="3"/><net_sink comp="2032" pin=0"/></net>

<net id="2036"><net_src comp="2032" pin="1"/><net_sink comp="1071" pin=0"/></net>

<net id="2040"><net_src comp="705" pin="3"/><net_sink comp="2037" pin=0"/></net>

<net id="2041"><net_src comp="2037" pin="1"/><net_sink comp="1067" pin=0"/></net>

<net id="2045"><net_src comp="718" pin="3"/><net_sink comp="2042" pin=0"/></net>

<net id="2046"><net_src comp="2042" pin="1"/><net_sink comp="1063" pin=0"/></net>

<net id="2050"><net_src comp="731" pin="3"/><net_sink comp="2047" pin=0"/></net>

<net id="2051"><net_src comp="2047" pin="1"/><net_sink comp="1059" pin=0"/></net>

<net id="2055"><net_src comp="744" pin="3"/><net_sink comp="2052" pin=0"/></net>

<net id="2056"><net_src comp="2052" pin="1"/><net_sink comp="1055" pin=0"/></net>

<net id="2060"><net_src comp="757" pin="3"/><net_sink comp="2057" pin=0"/></net>

<net id="2061"><net_src comp="2057" pin="1"/><net_sink comp="1051" pin=0"/></net>

<net id="2065"><net_src comp="770" pin="3"/><net_sink comp="2062" pin=0"/></net>

<net id="2066"><net_src comp="2062" pin="1"/><net_sink comp="1047" pin=0"/></net>

<net id="2070"><net_src comp="783" pin="3"/><net_sink comp="2067" pin=0"/></net>

<net id="2071"><net_src comp="2067" pin="1"/><net_sink comp="1043" pin=0"/></net>

<net id="2075"><net_src comp="796" pin="3"/><net_sink comp="2072" pin=0"/></net>

<net id="2076"><net_src comp="2072" pin="1"/><net_sink comp="1039" pin=0"/></net>

<net id="2080"><net_src comp="809" pin="3"/><net_sink comp="2077" pin=0"/></net>

<net id="2081"><net_src comp="2077" pin="1"/><net_sink comp="1143" pin=1"/></net>

<net id="2085"><net_src comp="822" pin="3"/><net_sink comp="2082" pin=0"/></net>

<net id="2086"><net_src comp="2082" pin="1"/><net_sink comp="1147" pin=1"/></net>

<net id="2090"><net_src comp="835" pin="3"/><net_sink comp="2087" pin=0"/></net>

<net id="2091"><net_src comp="2087" pin="1"/><net_sink comp="1139" pin=1"/></net>

<net id="2095"><net_src comp="848" pin="3"/><net_sink comp="2092" pin=0"/></net>

<net id="2096"><net_src comp="2092" pin="1"/><net_sink comp="1135" pin=1"/></net>

<net id="2100"><net_src comp="861" pin="3"/><net_sink comp="2097" pin=0"/></net>

<net id="2101"><net_src comp="2097" pin="1"/><net_sink comp="1131" pin=1"/></net>

<net id="2105"><net_src comp="874" pin="3"/><net_sink comp="2102" pin=0"/></net>

<net id="2106"><net_src comp="2102" pin="1"/><net_sink comp="1127" pin=1"/></net>

<net id="2110"><net_src comp="887" pin="3"/><net_sink comp="2107" pin=0"/></net>

<net id="2111"><net_src comp="2107" pin="1"/><net_sink comp="1123" pin=1"/></net>

<net id="2115"><net_src comp="900" pin="3"/><net_sink comp="2112" pin=0"/></net>

<net id="2116"><net_src comp="2112" pin="1"/><net_sink comp="1119" pin=1"/></net>

<net id="2120"><net_src comp="913" pin="3"/><net_sink comp="2117" pin=0"/></net>

<net id="2121"><net_src comp="2117" pin="1"/><net_sink comp="1143" pin=0"/></net>

<net id="2125"><net_src comp="926" pin="3"/><net_sink comp="2122" pin=0"/></net>

<net id="2126"><net_src comp="2122" pin="1"/><net_sink comp="1147" pin=0"/></net>

<net id="2130"><net_src comp="939" pin="3"/><net_sink comp="2127" pin=0"/></net>

<net id="2131"><net_src comp="2127" pin="1"/><net_sink comp="1139" pin=0"/></net>

<net id="2135"><net_src comp="952" pin="3"/><net_sink comp="2132" pin=0"/></net>

<net id="2136"><net_src comp="2132" pin="1"/><net_sink comp="1135" pin=0"/></net>

<net id="2140"><net_src comp="965" pin="3"/><net_sink comp="2137" pin=0"/></net>

<net id="2141"><net_src comp="2137" pin="1"/><net_sink comp="1131" pin=0"/></net>

<net id="2145"><net_src comp="978" pin="3"/><net_sink comp="2142" pin=0"/></net>

<net id="2146"><net_src comp="2142" pin="1"/><net_sink comp="1127" pin=0"/></net>

<net id="2150"><net_src comp="991" pin="3"/><net_sink comp="2147" pin=0"/></net>

<net id="2151"><net_src comp="2147" pin="1"/><net_sink comp="1123" pin=0"/></net>

<net id="2155"><net_src comp="1004" pin="3"/><net_sink comp="2152" pin=0"/></net>

<net id="2156"><net_src comp="2152" pin="1"/><net_sink comp="1119" pin=0"/></net>

<net id="2160"><net_src comp="1023" pin="2"/><net_sink comp="2157" pin=0"/></net>

<net id="2161"><net_src comp="2157" pin="1"/><net_sink comp="1278" pin=1"/></net>

<net id="2165"><net_src comp="1027" pin="2"/><net_sink comp="2162" pin=0"/></net>

<net id="2166"><net_src comp="2162" pin="1"/><net_sink comp="1278" pin=0"/></net>

<net id="2170"><net_src comp="1031" pin="2"/><net_sink comp="2167" pin=0"/></net>

<net id="2171"><net_src comp="2167" pin="1"/><net_sink comp="1274" pin=1"/></net>

<net id="2175"><net_src comp="1035" pin="2"/><net_sink comp="2172" pin=0"/></net>

<net id="2176"><net_src comp="2172" pin="1"/><net_sink comp="1274" pin=0"/></net>

<net id="2180"><net_src comp="1039" pin="2"/><net_sink comp="2177" pin=0"/></net>

<net id="2181"><net_src comp="2177" pin="1"/><net_sink comp="1348" pin=1"/></net>

<net id="2185"><net_src comp="1043" pin="2"/><net_sink comp="2182" pin=0"/></net>

<net id="2186"><net_src comp="2182" pin="1"/><net_sink comp="1348" pin=0"/></net>

<net id="2190"><net_src comp="1047" pin="2"/><net_sink comp="2187" pin=0"/></net>

<net id="2191"><net_src comp="2187" pin="1"/><net_sink comp="1344" pin=1"/></net>

<net id="2195"><net_src comp="1051" pin="2"/><net_sink comp="2192" pin=0"/></net>

<net id="2196"><net_src comp="2192" pin="1"/><net_sink comp="1344" pin=0"/></net>

<net id="2200"><net_src comp="1055" pin="2"/><net_sink comp="2197" pin=0"/></net>

<net id="2201"><net_src comp="2197" pin="1"/><net_sink comp="1334" pin=1"/></net>

<net id="2205"><net_src comp="1059" pin="2"/><net_sink comp="2202" pin=0"/></net>

<net id="2206"><net_src comp="2202" pin="1"/><net_sink comp="1334" pin=0"/></net>

<net id="2210"><net_src comp="1063" pin="2"/><net_sink comp="2207" pin=0"/></net>

<net id="2211"><net_src comp="2207" pin="1"/><net_sink comp="1330" pin=1"/></net>

<net id="2215"><net_src comp="1067" pin="2"/><net_sink comp="2212" pin=0"/></net>

<net id="2216"><net_src comp="2212" pin="1"/><net_sink comp="1330" pin=0"/></net>

<net id="2220"><net_src comp="1071" pin="2"/><net_sink comp="2217" pin=0"/></net>

<net id="2221"><net_src comp="2217" pin="1"/><net_sink comp="1320" pin=1"/></net>

<net id="2225"><net_src comp="1075" pin="2"/><net_sink comp="2222" pin=0"/></net>

<net id="2226"><net_src comp="2222" pin="1"/><net_sink comp="1320" pin=0"/></net>

<net id="2230"><net_src comp="1079" pin="2"/><net_sink comp="2227" pin=0"/></net>

<net id="2231"><net_src comp="2227" pin="1"/><net_sink comp="1316" pin=1"/></net>

<net id="2235"><net_src comp="1083" pin="2"/><net_sink comp="2232" pin=0"/></net>

<net id="2236"><net_src comp="2232" pin="1"/><net_sink comp="1316" pin=0"/></net>

<net id="2240"><net_src comp="1087" pin="2"/><net_sink comp="2237" pin=0"/></net>

<net id="2241"><net_src comp="2237" pin="1"/><net_sink comp="1306" pin=1"/></net>

<net id="2245"><net_src comp="1091" pin="2"/><net_sink comp="2242" pin=0"/></net>

<net id="2246"><net_src comp="2242" pin="1"/><net_sink comp="1306" pin=0"/></net>

<net id="2250"><net_src comp="1095" pin="2"/><net_sink comp="2247" pin=0"/></net>

<net id="2251"><net_src comp="2247" pin="1"/><net_sink comp="1302" pin=1"/></net>

<net id="2255"><net_src comp="1099" pin="2"/><net_sink comp="2252" pin=0"/></net>

<net id="2256"><net_src comp="2252" pin="1"/><net_sink comp="1302" pin=0"/></net>

<net id="2260"><net_src comp="1103" pin="2"/><net_sink comp="2257" pin=0"/></net>

<net id="2261"><net_src comp="2257" pin="1"/><net_sink comp="1292" pin=1"/></net>

<net id="2265"><net_src comp="1107" pin="2"/><net_sink comp="2262" pin=0"/></net>

<net id="2266"><net_src comp="2262" pin="1"/><net_sink comp="1292" pin=0"/></net>

<net id="2270"><net_src comp="1111" pin="2"/><net_sink comp="2267" pin=0"/></net>

<net id="2271"><net_src comp="2267" pin="1"/><net_sink comp="1288" pin=1"/></net>

<net id="2275"><net_src comp="1115" pin="2"/><net_sink comp="2272" pin=0"/></net>

<net id="2276"><net_src comp="2272" pin="1"/><net_sink comp="1288" pin=0"/></net>

<net id="2280"><net_src comp="1282" pin="2"/><net_sink comp="2277" pin=0"/></net>

<net id="2281"><net_src comp="2277" pin="1"/><net_sink comp="1358" pin=0"/></net>

<net id="2285"><net_src comp="1119" pin="2"/><net_sink comp="2282" pin=0"/></net>

<net id="2286"><net_src comp="2282" pin="1"/><net_sink comp="1386" pin=1"/></net>

<net id="2290"><net_src comp="1123" pin="2"/><net_sink comp="2287" pin=0"/></net>

<net id="2291"><net_src comp="2287" pin="1"/><net_sink comp="1386" pin=0"/></net>

<net id="2295"><net_src comp="1127" pin="2"/><net_sink comp="2292" pin=0"/></net>

<net id="2296"><net_src comp="2292" pin="1"/><net_sink comp="1382" pin=1"/></net>

<net id="2300"><net_src comp="1131" pin="2"/><net_sink comp="2297" pin=0"/></net>

<net id="2301"><net_src comp="2297" pin="1"/><net_sink comp="1382" pin=0"/></net>

<net id="2305"><net_src comp="1135" pin="2"/><net_sink comp="2302" pin=0"/></net>

<net id="2306"><net_src comp="2302" pin="1"/><net_sink comp="1367" pin=1"/></net>

<net id="2310"><net_src comp="1139" pin="2"/><net_sink comp="2307" pin=0"/></net>

<net id="2311"><net_src comp="2307" pin="1"/><net_sink comp="1367" pin=0"/></net>

<net id="2315"><net_src comp="1143" pin="2"/><net_sink comp="2312" pin=0"/></net>

<net id="2316"><net_src comp="2312" pin="1"/><net_sink comp="1363" pin=1"/></net>

<net id="2320"><net_src comp="1147" pin="2"/><net_sink comp="2317" pin=0"/></net>

<net id="2321"><net_src comp="2317" pin="1"/><net_sink comp="1363" pin=0"/></net>

<net id="2325"><net_src comp="1296" pin="2"/><net_sink comp="2322" pin=0"/></net>

<net id="2326"><net_src comp="2322" pin="1"/><net_sink comp="1377" pin=0"/></net>

<net id="2330"><net_src comp="1310" pin="2"/><net_sink comp="2327" pin=0"/></net>

<net id="2331"><net_src comp="2327" pin="1"/><net_sink comp="1396" pin=0"/></net>

<net id="2335"><net_src comp="1324" pin="2"/><net_sink comp="2332" pin=0"/></net>

<net id="2336"><net_src comp="2332" pin="1"/><net_sink comp="1401" pin=1"/></net>

<net id="2340"><net_src comp="1338" pin="2"/><net_sink comp="2337" pin=0"/></net>

<net id="2341"><net_src comp="2337" pin="1"/><net_sink comp="1401" pin=0"/></net>

<net id="2345"><net_src comp="1358" pin="2"/><net_sink comp="2342" pin=0"/></net>

<net id="2346"><net_src comp="2342" pin="1"/><net_sink comp="1405" pin=0"/></net>

<net id="2350"><net_src comp="1377" pin="2"/><net_sink comp="2347" pin=0"/></net>

<net id="2351"><net_src comp="2347" pin="1"/><net_sink comp="1410" pin=1"/></net>

<net id="2355"><net_src comp="1396" pin="2"/><net_sink comp="2352" pin=0"/></net>

<net id="2356"><net_src comp="2352" pin="1"/><net_sink comp="1410" pin=0"/></net>

<net id="2360"><net_src comp="1405" pin="2"/><net_sink comp="2357" pin=0"/></net>

<net id="2361"><net_src comp="2357" pin="1"/><net_sink comp="1414" pin=0"/></net>

<net id="2365"><net_src comp="1414" pin="2"/><net_sink comp="2362" pin=0"/></net>

<net id="2366"><net_src comp="2362" pin="1"/><net_sink comp="1017" pin=1"/></net>

</net_list>

</model> 
---------------- Datapath Model END ------------------

* FSMD analyzer results:
  - Output states:
	Port: C | {10 }
 - Input state : 
	Port: matrix_mult_Pipeline_VITIS_LOOP_39_5_VITIS_LOOP_40_6 : A | {4 5 }
	Port: matrix_mult_Pipeline_VITIS_LOOP_39_5_VITIS_LOOP_40_6 : A_1 | {4 5 }
	Port: matrix_mult_Pipeline_VITIS_LOOP_39_5_VITIS_LOOP_40_6 : A_2 | {4 5 }
	Port: matrix_mult_Pipeline_VITIS_LOOP_39_5_VITIS_LOOP_40_6 : A_3 | {4 5 }
	Port: matrix_mult_Pipeline_VITIS_LOOP_39_5_VITIS_LOOP_40_6 : A_4 | {3 4 }
	Port: matrix_mult_Pipeline_VITIS_LOOP_39_5_VITIS_LOOP_40_6 : A_5 | {3 4 }
	Port: matrix_mult_Pipeline_VITIS_LOOP_39_5_VITIS_LOOP_40_6 : A_6 | {3 4 }
	Port: matrix_mult_Pipeline_VITIS_LOOP_39_5_VITIS_LOOP_40_6 : A_7 | {3 4 }
	Port: matrix_mult_Pipeline_VITIS_LOOP_39_5_VITIS_LOOP_40_6 : A_8 | {4 5 }
	Port: matrix_mult_Pipeline_VITIS_LOOP_39_5_VITIS_LOOP_40_6 : A_9 | {4 5 }
	Port: matrix_mult_Pipeline_VITIS_LOOP_39_5_VITIS_LOOP_40_6 : A_10 | {4 5 }
	Port: matrix_mult_Pipeline_VITIS_LOOP_39_5_VITIS_LOOP_40_6 : A_11 | {4 5 }
	Port: matrix_mult_Pipeline_VITIS_LOOP_39_5_VITIS_LOOP_40_6 : A_12 | {3 4 }
	Port: matrix_mult_Pipeline_VITIS_LOOP_39_5_VITIS_LOOP_40_6 : A_13 | {3 4 }
	Port: matrix_mult_Pipeline_VITIS_LOOP_39_5_VITIS_LOOP_40_6 : A_14 | {3 4 }
	Port: matrix_mult_Pipeline_VITIS_LOOP_39_5_VITIS_LOOP_40_6 : A_15 | {3 4 }
	Port: matrix_mult_Pipeline_VITIS_LOOP_39_5_VITIS_LOOP_40_6 : A_16 | {3 4 }
	Port: matrix_mult_Pipeline_VITIS_LOOP_39_5_VITIS_LOOP_40_6 : A_17 | {3 4 }
	Port: matrix_mult_Pipeline_VITIS_LOOP_39_5_VITIS_LOOP_40_6 : A_18 | {3 4 }
	Port: matrix_mult_Pipeline_VITIS_LOOP_39_5_VITIS_LOOP_40_6 : A_19 | {3 4 }
	Port: matrix_mult_Pipeline_VITIS_LOOP_39_5_VITIS_LOOP_40_6 : A_20 | {3 4 }
	Port: matrix_mult_Pipeline_VITIS_LOOP_39_5_VITIS_LOOP_40_6 : A_21 | {3 4 }
	Port: matrix_mult_Pipeline_VITIS_LOOP_39_5_VITIS_LOOP_40_6 : A_22 | {3 4 }
	Port: matrix_mult_Pipeline_VITIS_LOOP_39_5_VITIS_LOOP_40_6 : A_23 | {3 4 }
	Port: matrix_mult_Pipeline_VITIS_LOOP_39_5_VITIS_LOOP_40_6 : A_24 | {3 4 }
	Port: matrix_mult_Pipeline_VITIS_LOOP_39_5_VITIS_LOOP_40_6 : A_25 | {3 4 }
	Port: matrix_mult_Pipeline_VITIS_LOOP_39_5_VITIS_LOOP_40_6 : A_26 | {3 4 }
	Port: matrix_mult_Pipeline_VITIS_LOOP_39_5_VITIS_LOOP_40_6 : A_27 | {3 4 }
	Port: matrix_mult_Pipeline_VITIS_LOOP_39_5_VITIS_LOOP_40_6 : A_28 | {2 3 }
	Port: matrix_mult_Pipeline_VITIS_LOOP_39_5_VITIS_LOOP_40_6 : A_29 | {2 3 }
	Port: matrix_mult_Pipeline_VITIS_LOOP_39_5_VITIS_LOOP_40_6 : A_30 | {2 3 }
	Port: matrix_mult_Pipeline_VITIS_LOOP_39_5_VITIS_LOOP_40_6 : A_31 | {2 3 }
	Port: matrix_mult_Pipeline_VITIS_LOOP_39_5_VITIS_LOOP_40_6 : B | {4 5 }
	Port: matrix_mult_Pipeline_VITIS_LOOP_39_5_VITIS_LOOP_40_6 : B_1 | {4 5 }
	Port: matrix_mult_Pipeline_VITIS_LOOP_39_5_VITIS_LOOP_40_6 : B_2 | {4 5 }
	Port: matrix_mult_Pipeline_VITIS_LOOP_39_5_VITIS_LOOP_40_6 : B_3 | {4 5 }
	Port: matrix_mult_Pipeline_VITIS_LOOP_39_5_VITIS_LOOP_40_6 : B_4 | {3 4 }
	Port: matrix_mult_Pipeline_VITIS_LOOP_39_5_VITIS_LOOP_40_6 : B_5 | {3 4 }
	Port: matrix_mult_Pipeline_VITIS_LOOP_39_5_VITIS_LOOP_40_6 : B_6 | {3 4 }
	Port: matrix_mult_Pipeline_VITIS_LOOP_39_5_VITIS_LOOP_40_6 : B_7 | {3 4 }
	Port: matrix_mult_Pipeline_VITIS_LOOP_39_5_VITIS_LOOP_40_6 : B_8 | {4 5 }
	Port: matrix_mult_Pipeline_VITIS_LOOP_39_5_VITIS_LOOP_40_6 : B_9 | {4 5 }
	Port: matrix_mult_Pipeline_VITIS_LOOP_39_5_VITIS_LOOP_40_6 : B_10 | {4 5 }
	Port: matrix_mult_Pipeline_VITIS_LOOP_39_5_VITIS_LOOP_40_6 : B_11 | {4 5 }
	Port: matrix_mult_Pipeline_VITIS_LOOP_39_5_VITIS_LOOP_40_6 : B_12 | {3 4 }
	Port: matrix_mult_Pipeline_VITIS_LOOP_39_5_VITIS_LOOP_40_6 : B_13 | {3 4 }
	Port: matrix_mult_Pipeline_VITIS_LOOP_39_5_VITIS_LOOP_40_6 : B_14 | {3 4 }
	Port: matrix_mult_Pipeline_VITIS_LOOP_39_5_VITIS_LOOP_40_6 : B_15 | {3 4 }
	Port: matrix_mult_Pipeline_VITIS_LOOP_39_5_VITIS_LOOP_40_6 : B_16 | {3 4 }
	Port: matrix_mult_Pipeline_VITIS_LOOP_39_5_VITIS_LOOP_40_6 : B_17 | {3 4 }
	Port: matrix_mult_Pipeline_VITIS_LOOP_39_5_VITIS_LOOP_40_6 : B_18 | {3 4 }
	Port: matrix_mult_Pipeline_VITIS_LOOP_39_5_VITIS_LOOP_40_6 : B_19 | {3 4 }
	Port: matrix_mult_Pipeline_VITIS_LOOP_39_5_VITIS_LOOP_40_6 : B_20 | {3 4 }
	Port: matrix_mult_Pipeline_VITIS_LOOP_39_5_VITIS_LOOP_40_6 : B_21 | {3 4 }
	Port: matrix_mult_Pipeline_VITIS_LOOP_39_5_VITIS_LOOP_40_6 : B_22 | {3 4 }
	Port: matrix_mult_Pipeline_VITIS_LOOP_39_5_VITIS_LOOP_40_6 : B_23 | {3 4 }
	Port: matrix_mult_Pipeline_VITIS_LOOP_39_5_VITIS_LOOP_40_6 : B_24 | {3 4 }
	Port: matrix_mult_Pipeline_VITIS_LOOP_39_5_VITIS_LOOP_40_6 : B_25 | {3 4 }
	Port: matrix_mult_Pipeline_VITIS_LOOP_39_5_VITIS_LOOP_40_6 : B_26 | {3 4 }
	Port: matrix_mult_Pipeline_VITIS_LOOP_39_5_VITIS_LOOP_40_6 : B_27 | {3 4 }
	Port: matrix_mult_Pipeline_VITIS_LOOP_39_5_VITIS_LOOP_40_6 : B_28 | {2 3 }
	Port: matrix_mult_Pipeline_VITIS_LOOP_39_5_VITIS_LOOP_40_6 : B_29 | {2 3 }
	Port: matrix_mult_Pipeline_VITIS_LOOP_39_5_VITIS_LOOP_40_6 : B_30 | {2 3 }
	Port: matrix_mult_Pipeline_VITIS_LOOP_39_5_VITIS_LOOP_40_6 : B_31 | {2 3 }
  - Chain level:
	State 1
		store_ln0 : 1
		store_ln39 : 1
		store_ln40 : 1
		indvar_flatten13_load : 1
		icmp_ln39 : 2
		add_ln39_1 : 2
		br_ln39 : 3
		store_ln39 : 3
	State 2
		add_ln39 : 1
		icmp_ln40 : 1
		select_ln39 : 2
		select_ln39_1 : 2
		trunc_ln39 : 3
		zext_ln39 : 3
		tmp : 4
		A_28_addr : 4
		A_28_load : 5
		A_29_addr : 4
		A_29_load : 5
		A_30_addr : 4
		A_30_load : 5
		A_31_addr : 4
		A_31_load : 5
		zext_ln40 : 3
		zext_ln47 : 3
		add_ln47 : 5
		B_28_addr : 4
		B_28_load : 5
		B_29_addr : 4
		B_29_load : 5
		B_30_addr : 4
		B_30_load : 5
		B_31_addr : 4
		B_31_load : 5
		add_ln40 : 3
		store_ln39 : 3
		store_ln40 : 4
	State 3
		A_4_load : 1
		A_5_load : 1
		A_6_load : 1
		A_7_load : 1
		A_12_load : 1
		A_13_load : 1
		A_14_load : 1
		A_15_load : 1
		A_16_load : 1
		A_17_load : 1
		A_18_load : 1
		A_19_load : 1
		A_20_load : 1
		A_21_load : 1
		A_22_load : 1
		A_23_load : 1
		A_24_load : 1
		A_25_load : 1
		A_26_load : 1
		A_27_load : 1
		B_4_load : 1
		B_5_load : 1
		B_6_load : 1
		B_7_load : 1
		B_12_load : 1
		B_13_load : 1
		B_14_load : 1
		B_15_load : 1
		B_16_load : 1
		B_17_load : 1
		B_18_load : 1
		B_19_load : 1
		B_20_load : 1
		B_21_load : 1
		B_22_load : 1
		B_23_load : 1
		B_24_load : 1
		B_25_load : 1
		B_26_load : 1
		B_27_load : 1
	State 4
		A_load : 1
		A_1_load : 1
		A_2_load : 1
		A_3_load : 1
		A_8_load : 1
		A_9_load : 1
		A_10_load : 1
		A_11_load : 1
		B_load : 1
		B_1_load : 1
		B_2_load : 1
		B_3_load : 1
		B_8_load : 1
		B_9_load : 1
		B_10_load : 1
		B_11_load : 1
	State 5
	State 6
		add_ln45_27 : 1
	State 7
		add_ln45_5 : 1
		add_ln45_12 : 1
		add_ln45_17 : 1
		add_ln45_20 : 1
		add_ln45_24 : 1
		add_ln45_28 : 2
	State 8
		add_ln45_2 : 1
		add_ln45_6 : 2
		add_ln45_9 : 1
		add_ln45_13 : 2
		add_ln45_29 : 1
	State 9
		sum : 1
	State 10
		C_addr : 1
		store_ln47 : 2


============================================================
+ Verbose Summary: Datapath Resource usage 
============================================================

* Functional unit list:
|----------|-----------------------|---------|---------|---------|
| Operation|    Functional Unit    |   DSP   |    FF   |   LUT   |
|----------|-----------------------|---------|---------|---------|
|          |      grp_fu_1023      |    3    |   165   |    50   |
|          |      grp_fu_1027      |    3    |   165   |    50   |
|          |      grp_fu_1031      |    3    |   165   |    50   |
|          |      grp_fu_1035      |    3    |   165   |    50   |
|          |      grp_fu_1039      |    3    |   165   |    50   |
|          |      grp_fu_1043      |    3    |   165   |    50   |
|          |      grp_fu_1047      |    3    |   165   |    50   |
|          |      grp_fu_1051      |    3    |   165   |    50   |
|          |      grp_fu_1055      |    3    |   165   |    50   |
|          |      grp_fu_1059      |    3    |   165   |    50   |
|          |      grp_fu_1063      |    3    |   165   |    50   |
|          |      grp_fu_1067      |    3    |   165   |    50   |
|          |      grp_fu_1071      |    3    |   165   |    50   |
|          |      grp_fu_1075      |    3    |   165   |    50   |
|          |      grp_fu_1079      |    3    |   165   |    50   |
|    mul   |      grp_fu_1083      |    3    |   165   |    50   |
|          |      grp_fu_1087      |    3    |   165   |    50   |
|          |      grp_fu_1091      |    3    |   165   |    50   |
|          |      grp_fu_1095      |    3    |   165   |    50   |
|          |      grp_fu_1099      |    3    |   165   |    50   |
|          |      grp_fu_1103      |    3    |   165   |    50   |
|          |      grp_fu_1107      |    3    |   165   |    50   |
|          |      grp_fu_1111      |    3    |   165   |    50   |
|          |      grp_fu_1115      |    3    |   165   |    50   |
|          |      grp_fu_1119      |    3    |   165   |    50   |
|          |      grp_fu_1123      |    3    |   165   |    50   |
|          |      grp_fu_1127      |    3    |   165   |    50   |
|          |      grp_fu_1131      |    3    |   165   |    50   |
|          |      grp_fu_1135      |    3    |   165   |    50   |
|          |      grp_fu_1139      |    3    |   165   |    50   |
|          |      grp_fu_1143      |    3    |   165   |    50   |
|          |      grp_fu_1147      |    3    |   165   |    50   |
|----------|-----------------------|---------|---------|---------|
|          |   add_ln39_1_fu_1175  |    0    |    0    |    12   |
|          |    add_ln39_fu_1192   |    0    |    0    |    14   |
|          |    add_ln47_fu_1252   |    0    |    0    |    13   |
|          |    add_ln40_fu_1258   |    0    |    0    |    14   |
|          |  add_ln45_25_fu_1274  |    0    |    0    |    32   |
|          |  add_ln45_26_fu_1278  |    0    |    0    |    39   |
|          |  add_ln45_27_fu_1282  |    0    |    0    |    32   |
|          |   add_ln45_3_fu_1288  |    0    |    0    |    32   |
|          |   add_ln45_4_fu_1292  |    0    |    0    |    39   |
|          |   add_ln45_5_fu_1296  |    0    |    0    |    32   |
|          |  add_ln45_10_fu_1302  |    0    |    0    |    32   |
|          |  add_ln45_11_fu_1306  |    0    |    0    |    39   |
|          |  add_ln45_12_fu_1310  |    0    |    0    |    32   |
|          |  add_ln45_15_fu_1316  |    0    |    0    |    32   |
|          |  add_ln45_16_fu_1320  |    0    |    0    |    39   |
|          |  add_ln45_17_fu_1324  |    0    |    0    |    32   |
|          |  add_ln45_18_fu_1330  |    0    |    0    |    32   |
|    add   |  add_ln45_19_fu_1334  |    0    |    0    |    39   |
|          |  add_ln45_20_fu_1338  |    0    |    0    |    32   |
|          |  add_ln45_22_fu_1344  |    0    |    0    |    39   |
|          |  add_ln45_23_fu_1348  |    0    |    0    |    39   |
|          |  add_ln45_24_fu_1352  |    0    |    0    |    32   |
|          |  add_ln45_28_fu_1358  |    0    |    0    |    32   |
|          |    add_ln45_fu_1363   |    0    |    0    |    39   |
|          |   add_ln45_1_fu_1367  |    0    |    0    |    39   |
|          |   add_ln45_2_fu_1371  |    0    |    0    |    32   |
|          |   add_ln45_6_fu_1377  |    0    |    0    |    32   |
|          |   add_ln45_7_fu_1382  |    0    |    0    |    39   |
|          |   add_ln45_8_fu_1386  |    0    |    0    |    39   |
|          |   add_ln45_9_fu_1390  |    0    |    0    |    32   |
|          |  add_ln45_13_fu_1396  |    0    |    0    |    32   |
|          |  add_ln45_21_fu_1401  |    0    |    0    |    32   |
|          |  add_ln45_29_fu_1405  |    0    |    0    |    32   |
|          |  add_ln45_14_fu_1410  |    0    |    0    |    32   |
|          |      sum_fu_1414      |    0    |    0    |    32   |
|----------|-----------------------|---------|---------|---------|
|   icmp   |   icmp_ln39_fu_1169   |    0    |    0    |    12   |
|          |   icmp_ln40_fu_1198   |    0    |    0    |    14   |
|----------|-----------------------|---------|---------|---------|
|  select  |  select_ln39_fu_1204  |    0    |    0    |    6    |
|          | select_ln39_1_fu_1212 |    0    |    0    |    6    |
|----------|-----------------------|---------|---------|---------|
|   trunc  |   trunc_ln39_fu_1220  |    0    |    0    |    0    |
|----------|-----------------------|---------|---------|---------|
|          |   zext_ln39_fu_1224   |    0    |    0    |    0    |
|   zext   |   zext_ln40_fu_1240   |    0    |    0    |    0    |
|          |   zext_ln47_fu_1248   |    0    |    0    |    0    |
|          |  zext_ln47_1_fu_1419  |    0    |    0    |    0    |
|----------|-----------------------|---------|---------|---------|
|bitconcatenate|      tmp_fu_1232      |    0    |    0    |    0    |
|----------|-----------------------|---------|---------|---------|
|   Total  |                       |    96   |   5280  |   2760  |
|----------|-----------------------|---------|---------|---------|

Memories:
N/A

* Register list:
+-------------------------+--------+
|                         |   FF   |
+-------------------------+--------+
|    A_10_addr_reg_1847   |    5   |
|    A_10_load_reg_2107   |   32   |
|    A_11_addr_reg_1852   |    5   |
|    A_11_load_reg_2112   |   32   |
|    A_12_addr_reg_1577   |    5   |
|    A_12_load_reg_1857   |   32   |
|    A_13_addr_reg_1582   |    5   |
|    A_13_load_reg_1862   |   32   |
|    A_14_addr_reg_1587   |    5   |
|    A_14_load_reg_1867   |   32   |
|    A_15_addr_reg_1592   |    5   |
|    A_15_load_reg_1872   |   32   |
|    A_16_addr_reg_1597   |    5   |
|    A_16_load_reg_1877   |   32   |
|    A_17_addr_reg_1602   |    5   |
|    A_17_load_reg_1882   |   32   |
|    A_18_addr_reg_1607   |    5   |
|    A_18_load_reg_1887   |   32   |
|    A_19_addr_reg_1612   |    5   |
|    A_19_load_reg_1892   |   32   |
|    A_1_addr_reg_1802    |    5   |
|    A_1_load_reg_2082    |   32   |
|    A_20_addr_reg_1617   |    5   |
|    A_20_load_reg_1897   |   32   |
|    A_21_addr_reg_1622   |    5   |
|    A_21_load_reg_1902   |   32   |
|    A_22_addr_reg_1627   |    5   |
|    A_22_load_reg_1907   |   32   |
|    A_23_addr_reg_1632   |    5   |
|    A_23_load_reg_1912   |   32   |
|    A_24_addr_reg_1637   |    5   |
|    A_24_load_reg_1917   |   32   |
|    A_25_addr_reg_1642   |    5   |
|    A_25_load_reg_1922   |   32   |
|    A_26_addr_reg_1647   |    5   |
|    A_26_load_reg_1927   |   32   |
|    A_27_addr_reg_1652   |    5   |
|    A_27_load_reg_1932   |   32   |
|    A_28_addr_reg_1480   |    5   |
|    A_28_load_reg_1657   |   32   |
|    A_29_addr_reg_1485   |    5   |
|    A_29_load_reg_1662   |   32   |
|    A_2_addr_reg_1807    |    5   |
|    A_2_load_reg_2087    |   32   |
|    A_30_addr_reg_1490   |    5   |
|    A_30_load_reg_1667   |   32   |
|    A_31_addr_reg_1495   |    5   |
|    A_31_load_reg_1672   |   32   |
|    A_3_addr_reg_1812    |    5   |
|    A_3_load_reg_2092    |   32   |
|    A_4_addr_reg_1557    |    5   |
|    A_4_load_reg_1817    |   32   |
|    A_5_addr_reg_1562    |    5   |
|    A_5_load_reg_1822    |   32   |
|    A_6_addr_reg_1567    |    5   |
|    A_6_load_reg_1827    |   32   |
|    A_7_addr_reg_1572    |    5   |
|    A_7_load_reg_1832    |   32   |
|    A_8_addr_reg_1837    |    5   |
|    A_8_load_reg_2097    |   32   |
|    A_9_addr_reg_1842    |    5   |
|    A_9_load_reg_2102    |   32   |
|     A_addr_reg_1797     |    5   |
|     A_load_reg_2077     |   32   |
|    B_10_addr_reg_1987   |    5   |
|    B_10_load_reg_2147   |   32   |
|    B_11_addr_reg_1992   |    5   |
|    B_11_load_reg_2152   |   32   |
|    B_12_addr_reg_1697   |    5   |
|    B_12_load_reg_1997   |   32   |
|    B_13_addr_reg_1702   |    5   |
|    B_13_load_reg_2002   |   32   |
|    B_14_addr_reg_1707   |    5   |
|    B_14_load_reg_2007   |   32   |
|    B_15_addr_reg_1712   |    5   |
|    B_15_load_reg_2012   |   32   |
|    B_16_addr_reg_1717   |    5   |
|    B_16_load_reg_2017   |   32   |
|    B_17_addr_reg_1722   |    5   |
|    B_17_load_reg_2022   |   32   |
|    B_18_addr_reg_1727   |    5   |
|    B_18_load_reg_2027   |   32   |
|    B_19_addr_reg_1732   |    5   |
|    B_19_load_reg_2032   |   32   |
|    B_1_addr_reg_1942    |    5   |
|    B_1_load_reg_2122    |   32   |
|    B_20_addr_reg_1737   |    5   |
|    B_20_load_reg_2037   |   32   |
|    B_21_addr_reg_1742   |    5   |
|    B_21_load_reg_2042   |   32   |
|    B_22_addr_reg_1747   |    5   |
|    B_22_load_reg_2047   |   32   |
|    B_23_addr_reg_1752   |    5   |
|    B_23_load_reg_2052   |   32   |
|    B_24_addr_reg_1757   |    5   |
|    B_24_load_reg_2057   |   32   |
|    B_25_addr_reg_1762   |    5   |
|    B_25_load_reg_2062   |   32   |
|    B_26_addr_reg_1767   |    5   |
|    B_26_load_reg_2067   |   32   |
|    B_27_addr_reg_1772   |    5   |
|    B_27_load_reg_2072   |   32   |
|    B_28_addr_reg_1537   |    5   |
|    B_28_load_reg_1777   |   32   |
|    B_29_addr_reg_1542   |    5   |
|    B_29_load_reg_1782   |   32   |
|    B_2_addr_reg_1947    |    5   |
|    B_2_load_reg_2127    |   32   |
|    B_30_addr_reg_1547   |    5   |
|    B_30_load_reg_1787   |   32   |
|    B_31_addr_reg_1552   |    5   |
|    B_31_load_reg_1792   |   32   |
|    B_3_addr_reg_1952    |    5   |
|    B_3_load_reg_2132    |   32   |
|    B_4_addr_reg_1677    |    5   |
|    B_4_load_reg_1957    |   32   |
|    B_5_addr_reg_1682    |    5   |
|    B_5_load_reg_1962    |   32   |
|    B_6_addr_reg_1687    |    5   |
|    B_6_load_reg_1967    |   32   |
|    B_7_addr_reg_1692    |    5   |
|    B_7_load_reg_1972    |   32   |
|    B_8_addr_reg_1977    |    5   |
|    B_8_load_reg_2137    |   32   |
|    B_9_addr_reg_1982    |    5   |
|    B_9_load_reg_2142    |   32   |
|     B_addr_reg_1937     |    5   |
|     B_load_reg_2117     |   32   |
|   add_ln45_12_reg_2327  |   32   |
|   add_ln45_13_reg_2352  |   32   |
|   add_ln45_17_reg_2332  |   32   |
|   add_ln45_20_reg_2337  |   32   |
|   add_ln45_27_reg_2277  |   32   |
|   add_ln45_28_reg_2342  |   32   |
|   add_ln45_29_reg_2357  |   32   |
|   add_ln45_5_reg_2322   |   32   |
|   add_ln45_6_reg_2347   |   32   |
|    add_ln47_reg_1532    |   10   |
|        i_reg_1430       |    6   |
|    icmp_ln39_reg_1444   |    1   |
|indvar_flatten13_reg_1437|   11   |
|        j_reg_1423       |    6   |
|   mul_ln45_10_reg_2207  |   32   |
|   mul_ln45_11_reg_2212  |   32   |
|   mul_ln45_12_reg_2217  |   32   |
|   mul_ln45_13_reg_2222  |   32   |
|   mul_ln45_14_reg_2227  |   32   |
|   mul_ln45_15_reg_2232  |   32   |
|   mul_ln45_16_reg_2237  |   32   |
|   mul_ln45_17_reg_2242  |   32   |
|   mul_ln45_18_reg_2247  |   32   |
|   mul_ln45_19_reg_2252  |   32   |
|   mul_ln45_1_reg_2162   |   32   |
|   mul_ln45_20_reg_2282  |   32   |
|   mul_ln45_21_reg_2287  |   32   |
|   mul_ln45_22_reg_2292  |   32   |
|   mul_ln45_23_reg_2297  |   32   |
|   mul_ln45_24_reg_2257  |   32   |
|   mul_ln45_25_reg_2262  |   32   |
|   mul_ln45_26_reg_2267  |   32   |
|   mul_ln45_27_reg_2272  |   32   |
|   mul_ln45_28_reg_2302  |   32   |
|   mul_ln45_29_reg_2307  |   32   |
|   mul_ln45_2_reg_2167   |   32   |
|   mul_ln45_30_reg_2312  |   32   |
|   mul_ln45_31_reg_2317  |   32   |
|   mul_ln45_3_reg_2172   |   32   |
|   mul_ln45_4_reg_2177   |   32   |
|   mul_ln45_5_reg_2182   |   32   |
|   mul_ln45_6_reg_2187   |   32   |
|   mul_ln45_7_reg_2192   |   32   |
|   mul_ln45_8_reg_2197   |   32   |
|   mul_ln45_9_reg_2202   |   32   |
|    mul_ln45_reg_2157    |   32   |
|       sum_reg_2362      |   32   |
|    zext_ln39_reg_1448   |   64   |
|    zext_ln40_reg_1500   |   64   |
+-------------------------+--------+
|          Total          |  3874  |
+-------------------------+--------+

* Multiplexer (MUX) list: 
|--------------------|------|------|------|--------||---------||---------||---------|
|        Comp        |  Pin | Size |  BW  | S x BW ||  Delay  ||    FF   ||   LUT   |
|--------------------|------|------|------|--------||---------||---------||---------|
|  grp_access_fu_185 |  p0  |   2  |   5  |   10   ||    0    ||    9    |
|  grp_access_fu_198 |  p0  |   2  |   5  |   10   ||    0    ||    9    |
|  grp_access_fu_211 |  p0  |   2  |   5  |   10   ||    0    ||    9    |
|  grp_access_fu_224 |  p0  |   2  |   5  |   10   ||    0    ||    9    |
|  grp_access_fu_237 |  p0  |   2  |   5  |   10   ||    0    ||    9    |
|  grp_access_fu_250 |  p0  |   2  |   5  |   10   ||    0    ||    9    |
|  grp_access_fu_263 |  p0  |   2  |   5  |   10   ||    0    ||    9    |
|  grp_access_fu_276 |  p0  |   2  |   5  |   10   ||    0    ||    9    |
|  grp_access_fu_289 |  p0  |   2  |   5  |   10   ||    0    ||    9    |
|  grp_access_fu_302 |  p0  |   2  |   5  |   10   ||    0    ||    9    |
|  grp_access_fu_315 |  p0  |   2  |   5  |   10   ||    0    ||    9    |
|  grp_access_fu_328 |  p0  |   2  |   5  |   10   ||    0    ||    9    |
|  grp_access_fu_341 |  p0  |   2  |   5  |   10   ||    0    ||    9    |
|  grp_access_fu_354 |  p0  |   2  |   5  |   10   ||    0    ||    9    |
|  grp_access_fu_367 |  p0  |   2  |   5  |   10   ||    0    ||    9    |
|  grp_access_fu_380 |  p0  |   2  |   5  |   10   ||    0    ||    9    |
|  grp_access_fu_393 |  p0  |   2  |   5  |   10   ||    0    ||    9    |
|  grp_access_fu_406 |  p0  |   2  |   5  |   10   ||    0    ||    9    |
|  grp_access_fu_419 |  p0  |   2  |   5  |   10   ||    0    ||    9    |
|  grp_access_fu_432 |  p0  |   2  |   5  |   10   ||    0    ||    9    |
|  grp_access_fu_445 |  p0  |   2  |   5  |   10   ||    0    ||    9    |
|  grp_access_fu_458 |  p0  |   2  |   5  |   10   ||    0    ||    9    |
|  grp_access_fu_471 |  p0  |   2  |   5  |   10   ||    0    ||    9    |
|  grp_access_fu_484 |  p0  |   2  |   5  |   10   ||    0    ||    9    |
|  grp_access_fu_497 |  p0  |   2  |   5  |   10   ||    0    ||    9    |
|  grp_access_fu_510 |  p0  |   2  |   5  |   10   ||    0    ||    9    |
|  grp_access_fu_523 |  p0  |   2  |   5  |   10   ||    0    ||    9    |
|  grp_access_fu_536 |  p0  |   2  |   5  |   10   ||    0    ||    9    |
|  grp_access_fu_549 |  p0  |   2  |   5  |   10   ||    0    ||    9    |
|  grp_access_fu_562 |  p0  |   2  |   5  |   10   ||    0    ||    9    |
|  grp_access_fu_575 |  p0  |   2  |   5  |   10   ||    0    ||    9    |
|  grp_access_fu_588 |  p0  |   2  |   5  |   10   ||    0    ||    9    |
|  grp_access_fu_601 |  p0  |   2  |   5  |   10   ||    0    ||    9    |
|  grp_access_fu_614 |  p0  |   2  |   5  |   10   ||    0    ||    9    |
|  grp_access_fu_627 |  p0  |   2  |   5  |   10   ||    0    ||    9    |
|  grp_access_fu_640 |  p0  |   2  |   5  |   10   ||    0    ||    9    |
|  grp_access_fu_653 |  p0  |   2  |   5  |   10   ||    0    ||    9    |
|  grp_access_fu_666 |  p0  |   2  |   5  |   10   ||    0    ||    9    |
|  grp_access_fu_679 |  p0  |   2  |   5  |   10   ||    0    ||    9    |
|  grp_access_fu_692 |  p0  |   2  |   5  |   10   ||    0    ||    9    |
|  grp_access_fu_705 |  p0  |   2  |   5  |   10   ||    0    ||    9    |
|  grp_access_fu_718 |  p0  |   2  |   5  |   10   ||    0    ||    9    |
|  grp_access_fu_731 |  p0  |   2  |   5  |   10   ||    0    ||    9    |
|  grp_access_fu_744 |  p0  |   2  |   5  |   10   ||    0    ||    9    |
|  grp_access_fu_757 |  p0  |   2  |   5  |   10   ||    0    ||    9    |
|  grp_access_fu_770 |  p0  |   2  |   5  |   10   ||    0    ||    9    |
|  grp_access_fu_783 |  p0  |   2  |   5  |   10   ||    0    ||    9    |
|  grp_access_fu_796 |  p0  |   2  |   5  |   10   ||    0    ||    9    |
|  grp_access_fu_809 |  p0  |   2  |   5  |   10   ||    0    ||    9    |
|  grp_access_fu_822 |  p0  |   2  |   5  |   10   ||    0    ||    9    |
|  grp_access_fu_835 |  p0  |   2  |   5  |   10   ||    0    ||    9    |
|  grp_access_fu_848 |  p0  |   2  |   5  |   10   ||    0    ||    9    |
|  grp_access_fu_861 |  p0  |   2  |   5  |   10   ||    0    ||    9    |
|  grp_access_fu_874 |  p0  |   2  |   5  |   10   ||    0    ||    9    |
|  grp_access_fu_887 |  p0  |   2  |   5  |   10   ||    0    ||    9    |
|  grp_access_fu_900 |  p0  |   2  |   5  |   10   ||    0    ||    9    |
|  grp_access_fu_913 |  p0  |   2  |   5  |   10   ||    0    ||    9    |
|  grp_access_fu_926 |  p0  |   2  |   5  |   10   ||    0    ||    9    |
|  grp_access_fu_939 |  p0  |   2  |   5  |   10   ||    0    ||    9    |
|  grp_access_fu_952 |  p0  |   2  |   5  |   10   ||    0    ||    9    |
|  grp_access_fu_965 |  p0  |   2  |   5  |   10   ||    0    ||    9    |
|  grp_access_fu_978 |  p0  |   2  |   5  |   10   ||    0    ||    9    |
|  grp_access_fu_991 |  p0  |   2  |   5  |   10   ||    0    ||    9    |
| grp_access_fu_1004 |  p0  |   2  |   5  |   10   ||    0    ||    9    |
|--------------------|------|------|------|--------||---------||---------||---------|
|        Total       |      |      |      |   640  || 101.632 ||    0    ||   576   |
|--------------------|------|------|------|--------||---------||---------||---------|



* Summary:
+-----------+--------+--------+--------+--------+
|           |   DSP  |  Delay |   FF   |   LUT  |
+-----------+--------+--------+--------+--------+
|  Function |   96   |    -   |  5280  |  2760  |
|   Memory  |    -   |    -   |    -   |    -   |
|Multiplexer|    -   |   101  |    0   |   576  |
|  Register |    -   |    -   |  3874  |    -   |
+-----------+--------+--------+--------+--------+
|   Total   |   96   |   101  |  9154  |  3336  |
+-----------+--------+--------+--------+--------+
