

================================================================
== Vitis HLS Report for 'matrix_mult_Pipeline_VITIS_LOOP_39_5_VITIS_LOOP_40_6'
================================================================
* Date:           Sun Apr 12 22:06:25 2026

* Version:        2025.2 (Build 6295257 on Nov 14 2025)
* Project:        matrix_hls
* Solution:       hls (Vivado IP Flow Target)
* Product family: zynq
* Target device:  xc7z010-clg400-1


================================================================
== Performance Estimates
================================================================
+ Timing: 
    * Summary: 
    +--------+----------+----------+------------+
    |  Clock |  Target  | Estimated| Uncertainty|
    +--------+----------+----------+------------+
    |ap_clk  |  10.00 ns|  6.923 ns|     2.70 ns|
    +--------+----------+----------+------------+

+ Latency: 
    * Summary: 
    +---------+---------+-----------+-----------+-----+-----+-------------------+
    |  Latency (cycles) |   Latency (absolute)  |  Interval |      Pipeline     |
    |   min   |   max   |    min    |    max    | min | max |        Type       |
    +---------+---------+-----------+-----------+-----+-----+-------------------+
    |     1034|     1034|  10.340 us|  10.340 us|    0|    0|  loop pipeline stp|
    +---------+---------+-----------+-----------+-----+-----+-------------------+

    + Detail: 
        * Instance: 
        N/A

        * Loop: 
        +-----------------------------------+---------+---------+----------+-----------+-----------+------+----------+
        |                                   |  Latency (cycles) | Iteration|  Initiation Interval  | Trip |          |
        |             Loop Name             |   min   |   max   |  Latency |  achieved |   target  | Count| Pipelined|
        +-----------------------------------+---------+---------+----------+-----------+-----------+------+----------+
        |- VITIS_LOOP_39_5_VITIS_LOOP_40_6  |     1032|     1032|        10|          1|          1|  1024|       yes|
        +-----------------------------------+---------+---------+----------+-----------+-----------+------+----------+

============================================================
+ Verbose Summary: Synthesis Manager
============================================================
InlineROM: 1
ExposeGlobal: 0
============================================================
+ Verbose Summary: CDFG Model
============================================================
IsTopModel: 0
ResetActiveHigh: 1
IsCombinational: 0
IsDatapathOnly: 0
HasWiredReturn: 1
HasMFsm: 2
HasVarLatency: 1
IsPipeline: 0
IsRtlPipelined: 0
IsInstanceOverlapped: 0
IsDontTouch: 0
HasImplIP: 0
IsGatedGlobalClock: 0

+ Individual pipeline summary: 
  * Pipeline-0: initiation interval (II) = 1, depth = 10


============================================================
+ Verbose Summary: Schedule
============================================================
* Number of FSM states : 10
* Pipeline : 1
  Pipeline-0 : II = 1, D = 10, States = { 1 2 3 4 5 6 7 8 9 10 }
* Dataflow Pipeline: 0

* FSM state transitions: 
1 --> 2 
2 --> 3 
3 --> 4 
4 --> 5 
5 --> 6 
6 --> 7 
7 --> 8 
8 --> 9 
9 --> 10 
10 --> 

* FSM state operations: 

State 1 <SV = 0> <Delay = 4.81>
ST_1 : Operation 13 [1/1] (0.00ns)   --->   "%j = alloca i32 1" [matrix_mult.cpp:40]   --->   Operation 13 'alloca' 'j' <Predicate = true> <Delay = 0.00>
ST_1 : Operation 14 [1/1] (0.00ns)   --->   "%i = alloca i32 1" [matrix_mult.cpp:39]   --->   Operation 14 'alloca' 'i' <Predicate = true> <Delay = 0.00>
ST_1 : Operation 15 [1/1] (0.00ns)   --->   "%indvar_flatten13 = alloca i32 1"   --->   Operation 15 'alloca' 'indvar_flatten13' <Predicate = true> <Delay = 0.00>
ST_1 : Operation 16 [1/1] (1.58ns)   --->   "%store_ln0 = store i11 0, i11 %indvar_flatten13"   --->   Operation 16 'store' 'store_ln0' <Predicate = true> <Delay = 1.58>
ST_1 : Operation 17 [1/1] (1.58ns)   --->   "%store_ln39 = store i6 0, i6 %i" [matrix_mult.cpp:39]   --->   Operation 17 'store' 'store_ln39' <Predicate = true> <Delay = 1.58>
ST_1 : Operation 18 [1/1] (1.58ns)   --->   "%store_ln40 = store i6 0, i6 %j" [matrix_mult.cpp:40]   --->   Operation 18 'store' 'store_ln40' <Predicate = true> <Delay = 1.58>
ST_1 : Operation 19 [1/1] (0.00ns)   --->   "%br_ln0 = br void %VITIS_LOOP_43_7"   --->   Operation 19 'br' 'br_ln0' <Predicate = true> <Delay = 0.00>
ST_1 : Operation 20 [1/1] (0.00ns)   --->   "%indvar_flatten13_load = load i11 %indvar_flatten13" [matrix_mult.cpp:39]   --->   Operation 20 'load' 'indvar_flatten13_load' <Predicate = true> <Delay = 0.00>
ST_1 : Operation 21 [1/1] (1.63ns)   --->   "%icmp_ln39 = icmp_eq  i11 %indvar_flatten13_load, i11 1024" [matrix_mult.cpp:39]   --->   Operation 21 'icmp' 'icmp_ln39' <Predicate = true> <Delay = 1.63> <CoreInst = "Cmp">   --->   Core 9 'Cmp' <Latency = 0> <II = 1> <Delay = 1.63> <FuncUnit> <Opcode : 'seteq' 'setne' 'setle' 'setge' 'setlt' 'setgt'> <InPorts = 2> <OutPorts = 1>
ST_1 : Operation 22 [1/1] (1.63ns)   --->   "%add_ln39_1 = add i11 %indvar_flatten13_load, i11 1" [matrix_mult.cpp:39]   --->   Operation 22 'add' 'add_ln39_1' <Predicate = true> <Delay = 1.63> <CoreInst = "Adder">   --->   Core 1 'Adder' <Latency = 0> <II = 1> <Delay = 1.63> <FuncUnit> <Opcode : 'add' 'sub'> <InPorts = 2> <OutPorts = 1>
ST_1 : Operation 23 [1/1] (0.00ns)   --->   "%br_ln39 = br i1 %icmp_ln39, void %for.inc66, void %for.body78.preheader.exitStub" [matrix_mult.cpp:39]   --->   Operation 23 'br' 'br_ln39' <Predicate = true> <Delay = 0.00>
ST_1 : Operation 24 [1/1] (1.58ns)   --->   "%store_ln39 = store i11 %add_ln39_1, i11 %indvar_flatten13" [matrix_mult.cpp:39]   --->   Operation 24 'store' 'store_ln39' <Predicate = (!icmp_ln39)> <Delay = 1.58>

State 2 <SV = 1> <Delay = 6.42>
ST_2 : Operation 25 [1/1] (0.00ns)   --->   "%j_load = load i6 %j" [matrix_mult.cpp:40]   --->   Operation 25 'load' 'j_load' <Predicate = true> <Delay = 0.00>
ST_2 : Operation 26 [1/1] (0.00ns)   --->   "%i_load = load i6 %i" [matrix_mult.cpp:39]   --->   Operation 26 'load' 'i_load' <Predicate = true> <Delay = 0.00>
ST_2 : Operation 27 [1/1] (1.82ns)   --->   "%add_ln39 = add i6 %i_load, i6 1" [matrix_mult.cpp:39]   --->   Operation 27 'add' 'add_ln39' <Predicate = true> <Delay = 1.82> <CoreInst = "Adder">   --->   Core 1 'Adder' <Latency = 0> <II = 1> <Delay = 1.82> <FuncUnit> <Opcode : 'add' 'sub'> <InPorts = 2> <OutPorts = 1>
ST_2 : Operation 28 [1/1] (1.82ns)   --->   "%icmp_ln40 = icmp_eq  i6 %j_load, i6 32" [matrix_mult.cpp:40]   --->   Operation 28 'icmp' 'icmp_ln40' <Predicate = true> <Delay = 1.82> <CoreInst = "Cmp">   --->   Core 9 'Cmp' <Latency = 0> <II = 1> <Delay = 1.82> <FuncUnit> <Opcode : 'seteq' 'setne' 'setle' 'setge' 'setlt' 'setgt'> <InPorts = 2> <OutPorts = 1>
ST_2 : Operation 29 [1/1] (1.18ns)   --->   "%select_ln39 = select i1 %icmp_ln40, i6 0, i6 %j_load" [matrix_mult.cpp:39]   --->   Operation 29 'select' 'select_ln39' <Predicate = true> <Delay = 1.18> <CoreInst = "Sel">   --->   Core 73 'Sel' <Latency = 0> <II = 1> <Delay = 1.18> <FuncUnit> <Opcode : 'select'> <InPorts = 3> <OutPorts = 1>
ST_2 : Operation 30 [1/1] (1.18ns)   --->   "%select_ln39_1 = select i1 %icmp_ln40, i6 %add_ln39, i6 %i_load" [matrix_mult.cpp:39]   --->   Operation 30 'select' 'select_ln39_1' <Predicate = true> <Delay = 1.18> <CoreInst = "Sel">   --->   Core 73 'Sel' <Latency = 0> <II = 1> <Delay = 1.18> <FuncUnit> <Opcode : 'select'> <InPorts = 3> <OutPorts = 1>
ST_2 : Operation 31 [1/1] (0.00ns)   --->   "%trunc_ln39 = trunc i6 %select_ln39_1" [matrix_mult.cpp:39]   --->   Operation 31 'trunc' 'trunc_ln39' <Predicate = true> <Delay = 0.00>
ST_2 : Operation 32 [1/1] (0.00ns)   --->   "%zext_ln39 = zext i6 %select_ln39_1" [matrix_mult.cpp:39]   --->   Operation 32 'zext' 'zext_ln39' <Predicate = true> <Delay = 0.00>
ST_2 : Operation 33 [1/1] (0.00ns)   --->   "%tmp = bitconcatenate i10 @_ssdm_op_BitConcatenate.i10.i5.i5, i5 %trunc_ln39, i5 0" [matrix_mult.cpp:47]   --->   Operation 33 'bitconcatenate' 'tmp' <Predicate = true> <Delay = 0.00>
ST_2 : Operation 34 [1/1] (0.00ns)   --->   "%A_28_addr = getelementptr i32 %A_28, i64 0, i64 %zext_ln39" [matrix_mult.cpp:45]   --->   Operation 34 'getelementptr' 'A_28_addr' <Predicate = true> <Delay = 0.00>
ST_2 : Operation 35 [2/2] (3.25ns)   --->   "%A_28_load = load i5 %A_28_addr" [matrix_mult.cpp:45]   --->   Operation 35 'load' 'A_28_load' <Predicate = true> <Delay = 3.25> <CoreInst = "RAM">   --->   Core 81 'RAM' <Latency = 1> <II = 1> <Delay = 3.25> <Storage> <Opcode : 'load' 'store'> <Ports = 2> <Width = 32> <Depth = 32> <RAM>
ST_2 : Operation 36 [1/1] (0.00ns)   --->   "%A_29_addr = getelementptr i32 %A_29, i64 0, i64 %zext_ln39" [matrix_mult.cpp:45]   --->   Operation 36 'getelementptr' 'A_29_addr' <Predicate = true> <Delay = 0.00>
ST_2 : Operation 37 [2/2] (3.25ns)   --->   "%A_29_load = load i5 %A_29_addr" [matrix_mult.cpp:45]   --->   Operation 37 'load' 'A_29_load' <Predicate = true> <Delay = 3.25> <CoreInst = "RAM">   --->   Core 81 'RAM' <Latency = 1> <II = 1> <Delay = 3.25> <Storage> <Opcode : 'load' 'store'> <Ports = 2> <Width = 32> <Depth = 32> <RAM>
ST_2 : Operation 38 [1/1] (0.00ns)   --->   "%A_30_addr = getelementptr i32 %A_30, i64 0, i64 %zext_ln39" [matrix_mult.cpp:45]   --->   Operation 38 'getelementptr' 'A_30_addr' <Predicate = true> <Delay = 0.00>
ST_2 : Operation 39 [2/2] (3.25ns)   --->   "%A_30_load = load i5 %A_30_addr" [matrix_mult.cpp:45]   --->   Operation 39 'load' 'A_30_load' <Predicate = true> <Delay = 3.25> <CoreInst = "RAM">   --->   Core 81 'RAM' <Latency = 1> <II = 1> <Delay = 3.25> <Storage> <Opcode : 'load' 'store'> <Ports = 2> <Width = 32> <Depth = 32> <RAM>
ST_2 : Operation 40 [1/1] (0.00ns)   --->   "%A_31_addr = getelementptr i32 %A_31, i64 0, i64 %zext_ln39" [matrix_mult.cpp:45]   --->   Operation 40 'getelementptr' 'A_31_addr' <Predicate = true> <Delay = 0.00>
ST_2 : Operation 41 [2/2] (3.25ns)   --->   "%A_31_load = load i5 %A_31_addr" [matrix_mult.cpp:45]   --->   Operation 41 'load' 'A_31_load' <Predicate = true> <Delay = 3.25> <CoreInst = "RAM">   --->   Core 81 'RAM' <Latency = 1> <II = 1> <Delay = 3.25> <Storage> <Opcode : 'load' 'store'> <Ports = 2> <Width = 32> <Depth = 32> <RAM>
ST_2 : Operation 42 [1/1] (0.00ns)   --->   "%zext_ln40 = zext i6 %select_ln39" [matrix_mult.cpp:40]   --->   Operation 42 'zext' 'zext_ln40' <Predicate = true> <Delay = 0.00>
ST_2 : Operation 43 [1/1] (0.00ns)   --->   "%zext_ln47 = zext i6 %select_ln39" [matrix_mult.cpp:47]   --->   Operation 43 'zext' 'zext_ln47' <Predicate = true> <Delay = 0.00>
ST_2 : Operation 44 [1/1] (1.73ns)   --->   "%add_ln47 = add i10 %tmp, i10 %zext_ln47" [matrix_mult.cpp:47]   --->   Operation 44 'add' 'add_ln47' <Predicate = true> <Delay = 1.73> <CoreInst = "Adder">   --->   Core 1 'Adder' <Latency = 0> <II = 1> <Delay = 1.73> <FuncUnit> <Opcode : 'add' 'sub'> <InPorts = 2> <OutPorts = 1>
ST_2 : Operation 45 [1/1] (0.00ns)   --->   "%B_28_addr = getelementptr i32 %B_28, i64 0, i64 %zext_ln40" [matrix_mult.cpp:45]   --->   Operation 45 'getelementptr' 'B_28_addr' <Predicate = true> <Delay = 0.00>
ST_2 : Operation 46 [2/2] (3.25ns)   --->   "%B_28_load = load i5 %B_28_addr" [matrix_mult.cpp:45]   --->   Operation 46 'load' 'B_28_load' <Predicate = true> <Delay = 3.25> <CoreInst = "RAM">   --->   Core 81 'RAM' <Latency = 1> <II = 1> <Delay = 3.25> <Storage> <Opcode : 'load' 'store'> <Ports = 2> <Width = 32> <Depth = 32> <RAM>
ST_2 : Operation 47 [1/1] (0.00ns)   --->   "%B_29_addr = getelementptr i32 %B_29, i64 0, i64 %zext_ln40" [matrix_mult.cpp:45]   --->   Operation 47 'getelementptr' 'B_29_addr' <Predicate = true> <Delay = 0.00>
ST_2 : Operation 48 [2/2] (3.25ns)   --->   "%B_29_load = load i5 %B_29_addr" [matrix_mult.cpp:45]   --->   Operation 48 'load' 'B_29_load' <Predicate = true> <Delay = 3.25> <CoreInst = "RAM">   --->   Core 81 'RAM' <Latency = 1> <II = 1> <Delay = 3.25> <Storage> <Opcode : 'load' 'store'> <Ports = 2> <Width = 32> <Depth = 32> <RAM>
ST_2 : Operation 49 [1/1] (0.00ns)   --->   "%B_30_addr = getelementptr i32 %B_30, i64 0, i64 %zext_ln40" [matrix_mult.cpp:45]   --->   Operation 49 'getelementptr' 'B_30_addr' <Predicate = true> <Delay = 0.00>
ST_2 : Operation 50 [2/2] (3.25ns)   --->   "%B_30_load = load i5 %B_30_addr" [matrix_mult.cpp:45]   --->   Operation 50 'load' 'B_30_load' <Predicate = true> <Delay = 3.25> <CoreInst = "RAM">   --->   Core 81 'RAM' <Latency = 1> <II = 1> <Delay = 3.25> <Storage> <Opcode : 'load' 'store'> <Ports = 2> <Width = 32> <Depth = 32> <RAM>
ST_2 : Operation 51 [1/1] (0.00ns)   --->   "%B_31_addr = getelementptr i32 %B_31, i64 0, i64 %zext_ln40" [matrix_mult.cpp:45]   --->   Operation 51 'getelementptr' 'B_31_addr' <Predicate = true> <Delay = 0.00>
ST_2 : Operation 52 [2/2] (3.25ns)   --->   "%B_31_load = load i5 %B_31_addr" [matrix_mult.cpp:45]   --->   Operation 52 'load' 'B_31_load' <Predicate = true> <Delay = 3.25> <CoreInst = "RAM">   --->   Core 81 'RAM' <Latency = 1> <II = 1> <Delay = 3.25> <Storage> <Opcode : 'load' 'store'> <Ports = 2> <Width = 32> <Depth = 32> <RAM>
ST_2 : Operation 53 [1/1] (1.82ns)   --->   "%add_ln40 = add i6 %select_ln39, i6 1" [matrix_mult.cpp:40]   --->   Operation 53 'add' 'add_ln40' <Predicate = true> <Delay = 1.82> <CoreInst = "Adder">   --->   Core 1 'Adder' <Latency = 0> <II = 1> <Delay = 1.82> <FuncUnit> <Opcode : 'add' 'sub'> <InPorts = 2> <OutPorts = 1>
ST_2 : Operation 54 [1/1] (1.58ns)   --->   "%store_ln39 = store i6 %select_ln39_1, i6 %i" [matrix_mult.cpp:39]   --->   Operation 54 'store' 'store_ln39' <Predicate = true> <Delay = 1.58>
ST_2 : Operation 55 [1/1] (1.58ns)   --->   "%store_ln40 = store i6 %add_ln40, i6 %j" [matrix_mult.cpp:40]   --->   Operation 55 'store' 'store_ln40' <Predicate = true> <Delay = 1.58>

State 3 <SV = 2> <Delay = 3.25>
ST_3 : Operation 56 [1/1] (0.00ns)   --->   "%A_4_addr = getelementptr i32 %A_4, i64 0, i64 %zext_ln39" [matrix_mult.cpp:45]   --->   Operation 56 'getelementptr' 'A_4_addr' <Predicate = true> <Delay = 0.00>
ST_3 : Operation 57 [2/2] (3.25ns)   --->   "%A_4_load = load i5 %A_4_addr" [matrix_mult.cpp:45]   --->   Operation 57 'load' 'A_4_load' <Predicate = true> <Delay = 3.25> <CoreInst = "RAM">   --->   Core 81 'RAM' <Latency = 1> <II = 1> <Delay = 3.25> <Storage> <Opcode : 'load' 'store'> <Ports = 2> <Width = 32> <Depth = 32> <RAM>
ST_3 : Operation 58 [1/1] (0.00ns)   --->   "%A_5_addr = getelementptr i32 %A_5, i64 0, i64 %zext_ln39" [matrix_mult.cpp:45]   --->   Operation 58 'getelementptr' 'A_5_addr' <Predicate = true> <Delay = 0.00>
ST_3 : Operation 59 [2/2] (3.25ns)   --->   "%A_5_load = load i5 %A_5_addr" [matrix_mult.cpp:45]   --->   Operation 59 'load' 'A_5_load' <Predicate = true> <Delay = 3.25> <CoreInst = "RAM">   --->   Core 81 'RAM' <Latency = 1> <II = 1> <Delay = 3.25> <Storage> <Opcode : 'load' 'store'> <Ports = 2> <Width = 32> <Depth = 32> <RAM>
ST_3 : Operation 60 [1/1] (0.00ns)   --->   "%A_6_addr = getelementptr i32 %A_6, i64 0, i64 %zext_ln39" [matrix_mult.cpp:45]   --->   Operation 60 'getelementptr' 'A_6_addr' <Predicate = true> <Delay = 0.00>
ST_3 : Operation 61 [2/2] (3.25ns)   --->   "%A_6_load = load i5 %A_6_addr" [matrix_mult.cpp:45]   --->   Operation 61 'load' 'A_6_load' <Predicate = true> <Delay = 3.25> <CoreInst = "RAM">   --->   Core 81 'RAM' <Latency = 1> <II = 1> <Delay = 3.25> <Storage> <Opcode : 'load' 'store'> <Ports = 2> <Width = 32> <Depth = 32> <RAM>
ST_3 : Operation 62 [1/1] (0.00ns)   --->   "%A_7_addr = getelementptr i32 %A_7, i64 0, i64 %zext_ln39" [matrix_mult.cpp:45]   --->   Operation 62 'getelementptr' 'A_7_addr' <Predicate = true> <Delay = 0.00>
ST_3 : Operation 63 [2/2] (3.25ns)   --->   "%A_7_load = load i5 %A_7_addr" [matrix_mult.cpp:45]   --->   Operation 63 'load' 'A_7_load' <Predicate = true> <Delay = 3.25> <CoreInst = "RAM">   --->   Core 81 'RAM' <Latency = 1> <II = 1> <Delay = 3.25> <Storage> <Opcode : 'load' 'store'> <Ports = 2> <Width = 32> <Depth = 32> <RAM>
ST_3 : Operation 64 [1/1] (0.00ns)   --->   "%A_12_addr = getelementptr i32 %A_12, i64 0, i64 %zext_ln39" [matrix_mult.cpp:45]   --->   Operation 64 'getelementptr' 'A_12_addr' <Predicate = true> <Delay = 0.00>
ST_3 : Operation 65 [2/2] (3.25ns)   --->   "%A_12_load = load i5 %A_12_addr" [matrix_mult.cpp:45]   --->   Operation 65 'load' 'A_12_load' <Predicate = true> <Delay = 3.25> <CoreInst = "RAM">   --->   Core 81 'RAM' <Latency = 1> <II = 1> <Delay = 3.25> <Storage> <Opcode : 'load' 'store'> <Ports = 2> <Width = 32> <Depth = 32> <RAM>
ST_3 : Operation 66 [1/1] (0.00ns)   --->   "%A_13_addr = getelementptr i32 %A_13, i64 0, i64 %zext_ln39" [matrix_mult.cpp:45]   --->   Operation 66 'getelementptr' 'A_13_addr' <Predicate = true> <Delay = 0.00>
ST_3 : Operation 67 [2/2] (3.25ns)   --->   "%A_13_load = load i5 %A_13_addr" [matrix_mult.cpp:45]   --->   Operation 67 'load' 'A_13_load' <Predicate = true> <Delay = 3.25> <CoreInst = "RAM">   --->   Core 81 'RAM' <Latency = 1> <II = 1> <Delay = 3.25> <Storage> <Opcode : 'load' 'store'> <Ports = 2> <Width = 32> <Depth = 32> <RAM>
ST_3 : Operation 68 [1/1] (0.00ns)   --->   "%A_14_addr = getelementptr i32 %A_14, i64 0, i64 %zext_ln39" [matrix_mult.cpp:45]   --->   Operation 68 'getelementptr' 'A_14_addr' <Predicate = true> <Delay = 0.00>
ST_3 : Operation 69 [2/2] (3.25ns)   --->   "%A_14_load = load i5 %A_14_addr" [matrix_mult.cpp:45]   --->   Operation 69 'load' 'A_14_load' <Predicate = true> <Delay = 3.25> <CoreInst = "RAM">   --->   Core 81 'RAM' <Latency = 1> <II = 1> <Delay = 3.25> <Storage> <Opcode : 'load' 'store'> <Ports = 2> <Width = 32> <Depth = 32> <RAM>
ST_3 : Operation 70 [1/1] (0.00ns)   --->   "%A_15_addr = getelementptr i32 %A_15, i64 0, i64 %zext_ln39" [matrix_mult.cpp:45]   --->   Operation 70 'getelementptr' 'A_15_addr' <Predicate = true> <Delay = 0.00>
ST_3 : Operation 71 [2/2] (3.25ns)   --->   "%A_15_load = load i5 %A_15_addr" [matrix_mult.cpp:45]   --->   Operation 71 'load' 'A_15_load' <Predicate = true> <Delay = 3.25> <CoreInst = "RAM">   --->   Core 81 'RAM' <Latency = 1> <II = 1> <Delay = 3.25> <Storage> <Opcode : 'load' 'store'> <Ports = 2> <Width = 32> <Depth = 32> <RAM>
ST_3 : Operation 72 [1/1] (0.00ns)   --->   "%A_16_addr = getelementptr i32 %A_16, i64 0, i64 %zext_ln39" [matrix_mult.cpp:45]   --->   Operation 72 'getelementptr' 'A_16_addr' <Predicate = true> <Delay = 0.00>
ST_3 : Operation 73 [2/2] (3.25ns)   --->   "%A_16_load = load i5 %A_16_addr" [matrix_mult.cpp:45]   --->   Operation 73 'load' 'A_16_load' <Predicate = true> <Delay = 3.25> <CoreInst = "RAM">   --->   Core 81 'RAM' <Latency = 1> <II = 1> <Delay = 3.25> <Storage> <Opcode : 'load' 'store'> <Ports = 2> <Width = 32> <Depth = 32> <RAM>
ST_3 : Operation 74 [1/1] (0.00ns)   --->   "%A_17_addr = getelementptr i32 %A_17, i64 0, i64 %zext_ln39" [matrix_mult.cpp:45]   --->   Operation 74 'getelementptr' 'A_17_addr' <Predicate = true> <Delay = 0.00>
ST_3 : Operation 75 [2/2] (3.25ns)   --->   "%A_17_load = load i5 %A_17_addr" [matrix_mult.cpp:45]   --->   Operation 75 'load' 'A_17_load' <Predicate = true> <Delay = 3.25> <CoreInst = "RAM">   --->   Core 81 'RAM' <Latency = 1> <II = 1> <Delay = 3.25> <Storage> <Opcode : 'load' 'store'> <Ports = 2> <Width = 32> <Depth = 32> <RAM>
ST_3 : Operation 76 [1/1] (0.00ns)   --->   "%A_18_addr = getelementptr i32 %A_18, i64 0, i64 %zext_ln39" [matrix_mult.cpp:45]   --->   Operation 76 'getelementptr' 'A_18_addr' <Predicate = true> <Delay = 0.00>
ST_3 : Operation 77 [2/2] (3.25ns)   --->   "%A_18_load = load i5 %A_18_addr" [matrix_mult.cpp:45]   --->   Operation 77 'load' 'A_18_load' <Predicate = true> <Delay = 3.25> <CoreInst = "RAM">   --->   Core 81 'RAM' <Latency = 1> <II = 1> <Delay = 3.25> <Storage> <Opcode : 'load' 'store'> <Ports = 2> <Width = 32> <Depth = 32> <RAM>
ST_3 : Operation 78 [1/1] (0.00ns)   --->   "%A_19_addr = getelementptr i32 %A_19, i64 0, i64 %zext_ln39" [matrix_mult.cpp:45]   --->   Operation 78 'getelementptr' 'A_19_addr' <Predicate = true> <Delay = 0.00>
ST_3 : Operation 79 [2/2] (3.25ns)   --->   "%A_19_load = load i5 %A_19_addr" [matrix_mult.cpp:45]   --->   Operation 79 'load' 'A_19_load' <Predicate = true> <Delay = 3.25> <CoreInst = "RAM">   --->   Core 81 'RAM' <Latency = 1> <II = 1> <Delay = 3.25> <Storage> <Opcode : 'load' 'store'> <Ports = 2> <Width = 32> <Depth = 32> <RAM>
ST_3 : Operation 80 [1/1] (0.00ns)   --->   "%A_20_addr = getelementptr i32 %A_20, i64 0, i64 %zext_ln39" [matrix_mult.cpp:45]   --->   Operation 80 'getelementptr' 'A_20_addr' <Predicate = true> <Delay = 0.00>
ST_3 : Operation 81 [2/2] (3.25ns)   --->   "%A_20_load = load i5 %A_20_addr" [matrix_mult.cpp:45]   --->   Operation 81 'load' 'A_20_load' <Predicate = true> <Delay = 3.25> <CoreInst = "RAM">   --->   Core 81 'RAM' <Latency = 1> <II = 1> <Delay = 3.25> <Storage> <Opcode : 'load' 'store'> <Ports = 2> <Width = 32> <Depth = 32> <RAM>
ST_3 : Operation 82 [1/1] (0.00ns)   --->   "%A_21_addr = getelementptr i32 %A_21, i64 0, i64 %zext_ln39" [matrix_mult.cpp:45]   --->   Operation 82 'getelementptr' 'A_21_addr' <Predicate = true> <Delay = 0.00>
ST_3 : Operation 83 [2/2] (3.25ns)   --->   "%A_21_load = load i5 %A_21_addr" [matrix_mult.cpp:45]   --->   Operation 83 'load' 'A_21_load' <Predicate = true> <Delay = 3.25> <CoreInst = "RAM">   --->   Core 81 'RAM' <Latency = 1> <II = 1> <Delay = 3.25> <Storage> <Opcode : 'load' 'store'> <Ports = 2> <Width = 32> <Depth = 32> <RAM>
ST_3 : Operation 84 [1/1] (0.00ns)   --->   "%A_22_addr = getelementptr i32 %A_22, i64 0, i64 %zext_ln39" [matrix_mult.cpp:45]   --->   Operation 84 'getelementptr' 'A_22_addr' <Predicate = true> <Delay = 0.00>
ST_3 : Operation 85 [2/2] (3.25ns)   --->   "%A_22_load = load i5 %A_22_addr" [matrix_mult.cpp:45]   --->   Operation 85 'load' 'A_22_load' <Predicate = true> <Delay = 3.25> <CoreInst = "RAM">   --->   Core 81 'RAM' <Latency = 1> <II = 1> <Delay = 3.25> <Storage> <Opcode : 'load' 'store'> <Ports = 2> <Width = 32> <Depth = 32> <RAM>
ST_3 : Operation 86 [1/1] (0.00ns)   --->   "%A_23_addr = getelementptr i32 %A_23, i64 0, i64 %zext_ln39" [matrix_mult.cpp:45]   --->   Operation 86 'getelementptr' 'A_23_addr' <Predicate = true> <Delay = 0.00>
ST_3 : Operation 87 [2/2] (3.25ns)   --->   "%A_23_load = load i5 %A_23_addr" [matrix_mult.cpp:45]   --->   Operation 87 'load' 'A_23_load' <Predicate = true> <Delay = 3.25> <CoreInst = "RAM">   --->   Core 81 'RAM' <Latency = 1> <II = 1> <Delay = 3.25> <Storage> <Opcode : 'load' 'store'> <Ports = 2> <Width = 32> <Depth = 32> <RAM>
ST_3 : Operation 88 [1/1] (0.00ns)   --->   "%A_24_addr = getelementptr i32 %A_24, i64 0, i64 %zext_ln39" [matrix_mult.cpp:45]   --->   Operation 88 'getelementptr' 'A_24_addr' <Predicate = true> <Delay = 0.00>
ST_3 : Operation 89 [2/2] (3.25ns)   --->   "%A_24_load = load i5 %A_24_addr" [matrix_mult.cpp:45]   --->   Operation 89 'load' 'A_24_load' <Predicate = true> <Delay = 3.25> <CoreInst = "RAM">   --->   Core 81 'RAM' <Latency = 1> <II = 1> <Delay = 3.25> <Storage> <Opcode : 'load' 'store'> <Ports = 2> <Width = 32> <Depth = 32> <RAM>
ST_3 : Operation 90 [1/1] (0.00ns)   --->   "%A_25_addr = getelementptr i32 %A_25, i64 0, i64 %zext_ln39" [matrix_mult.cpp:45]   --->   Operation 90 'getelementptr' 'A_25_addr' <Predicate = true> <Delay = 0.00>
ST_3 : Operation 91 [2/2] (3.25ns)   --->   "%A_25_load = load i5 %A_25_addr" [matrix_mult.cpp:45]   --->   Operation 91 'load' 'A_25_load' <Predicate = true> <Delay = 3.25> <CoreInst = "RAM">   --->   Core 81 'RAM' <Latency = 1> <II = 1> <Delay = 3.25> <Storage> <Opcode : 'load' 'store'> <Ports = 2> <Width = 32> <Depth = 32> <RAM>
ST_3 : Operation 92 [1/1] (0.00ns)   --->   "%A_26_addr = getelementptr i32 %A_26, i64 0, i64 %zext_ln39" [matrix_mult.cpp:45]   --->   Operation 92 'getelementptr' 'A_26_addr' <Predicate = true> <Delay = 0.00>
ST_3 : Operation 93 [2/2] (3.25ns)   --->   "%A_26_load = load i5 %A_26_addr" [matrix_mult.cpp:45]   --->   Operation 93 'load' 'A_26_load' <Predicate = true> <Delay = 3.25> <CoreInst = "RAM">   --->   Core 81 'RAM' <Latency = 1> <II = 1> <Delay = 3.25> <Storage> <Opcode : 'load' 'store'> <Ports = 2> <Width = 32> <Depth = 32> <RAM>
ST_3 : Operation 94 [1/1] (0.00ns)   --->   "%A_27_addr = getelementptr i32 %A_27, i64 0, i64 %zext_ln39" [matrix_mult.cpp:45]   --->   Operation 94 'getelementptr' 'A_27_addr' <Predicate = true> <Delay = 0.00>
ST_3 : Operation 95 [2/2] (3.25ns)   --->   "%A_27_load = load i5 %A_27_addr" [matrix_mult.cpp:45]   --->   Operation 95 'load' 'A_27_load' <Predicate = true> <Delay = 3.25> <CoreInst = "RAM">   --->   Core 81 'RAM' <Latency = 1> <II = 1> <Delay = 3.25> <Storage> <Opcode : 'load' 'store'> <Ports = 2> <Width = 32> <Depth = 32> <RAM>
ST_3 : Operation 96 [1/2] ( I:3.25ns O:3.25ns )   --->   "%A_28_load = load i5 %A_28_addr" [matrix_mult.cpp:45]   --->   Operation 96 'load' 'A_28_load' <Predicate = true> <Delay = 3.25> <CoreInst = "RAM">   --->   Core 81 'RAM' <Latency = 1> <II = 1> <Delay = 3.25> <Storage> <Opcode : 'load' 'store'> <Ports = 2> <Width = 32> <Depth = 32> <RAM>
ST_3 : Operation 97 [1/2] ( I:3.25ns O:3.25ns )   --->   "%A_29_load = load i5 %A_29_addr" [matrix_mult.cpp:45]   --->   Operation 97 'load' 'A_29_load' <Predicate = true> <Delay = 3.25> <CoreInst = "RAM">   --->   Core 81 'RAM' <Latency = 1> <II = 1> <Delay = 3.25> <Storage> <Opcode : 'load' 'store'> <Ports = 2> <Width = 32> <Depth = 32> <RAM>
ST_3 : Operation 98 [1/2] ( I:3.25ns O:3.25ns )   --->   "%A_30_load = load i5 %A_30_addr" [matrix_mult.cpp:45]   --->   Operation 98 'load' 'A_30_load' <Predicate = true> <Delay = 3.25> <CoreInst = "RAM">   --->   Core 81 'RAM' <Latency = 1> <II = 1> <Delay = 3.25> <Storage> <Opcode : 'load' 'store'> <Ports = 2> <Width = 32> <Depth = 32> <RAM>
ST_3 : Operation 99 [1/2] ( I:3.25ns O:3.25ns )   --->   "%A_31_load = load i5 %A_31_addr" [matrix_mult.cpp:45]   --->   Operation 99 'load' 'A_31_load' <Predicate = true> <Delay = 3.25> <CoreInst = "RAM">   --->   Core 81 'RAM' <Latency = 1> <II = 1> <Delay = 3.25> <Storage> <Opcode : 'load' 'store'> <Ports = 2> <Width = 32> <Depth = 32> <RAM>
ST_3 : Operation 100 [1/1] (0.00ns)   --->   "%B_4_addr = getelementptr i32 %B_4, i64 0, i64 %zext_ln40" [matrix_mult.cpp:45]   --->   Operation 100 'getelementptr' 'B_4_addr' <Predicate = true> <Delay = 0.00>
ST_3 : Operation 101 [2/2] (3.25ns)   --->   "%B_4_load = load i5 %B_4_addr" [matrix_mult.cpp:45]   --->   Operation 101 'load' 'B_4_load' <Predicate = true> <Delay = 3.25> <CoreInst = "RAM">   --->   Core 81 'RAM' <Latency = 1> <II = 1> <Delay = 3.25> <Storage> <Opcode : 'load' 'store'> <Ports = 2> <Width = 32> <Depth = 32> <RAM>
ST_3 : Operation 102 [1/1] (0.00ns)   --->   "%B_5_addr = getelementptr i32 %B_5, i64 0, i64 %zext_ln40" [matrix_mult.cpp:45]   --->   Operation 102 'getelementptr' 'B_5_addr' <Predicate = true> <Delay = 0.00>
ST_3 : Operation 103 [2/2] (3.25ns)   --->   "%B_5_load = load i5 %B_5_addr" [matrix_mult.cpp:45]   --->   Operation 103 'load' 'B_5_load' <Predicate = true> <Delay = 3.25> <CoreInst = "RAM">   --->   Core 81 'RAM' <Latency = 1> <II = 1> <Delay = 3.25> <Storage> <Opcode : 'load' 'store'> <Ports = 2> <Width = 32> <Depth = 32> <RAM>
ST_3 : Operation 104 [1/1] (0.00ns)   --->   "%B_6_addr = getelementptr i32 %B_6, i64 0, i64 %zext_ln40" [matrix_mult.cpp:45]   --->   Operation 104 'getelementptr' 'B_6_addr' <Predicate = true> <Delay = 0.00>
ST_3 : Operation 105 [2/2] (3.25ns)   --->   "%B_6_load = load i5 %B_6_addr" [matrix_mult.cpp:45]   --->   Operation 105 'load' 'B_6_load' <Predicate = true> <Delay = 3.25> <CoreInst = "RAM">   --->   Core 81 'RAM' <Latency = 1> <II = 1> <Delay = 3.25> <Storage> <Opcode : 'load' 'store'> <Ports = 2> <Width = 32> <Depth = 32> <RAM>
ST_3 : Operation 106 [1/1] (0.00ns)   --->   "%B_7_addr = getelementptr i32 %B_7, i64 0, i64 %zext_ln40" [matrix_mult.cpp:45]   --->   Operation 106 'getelementptr' 'B_7_addr' <Predicate = true> <Delay = 0.00>
ST_3 : Operation 107 [2/2] (3.25ns)   --->   "%B_7_load = load i5 %B_7_addr" [matrix_mult.cpp:45]   --->   Operation 107 'load' 'B_7_load' <Predicate = true> <Delay = 3.25> <CoreInst = "RAM">   --->   Core 81 'RAM' <Latency = 1> <II = 1> <Delay = 3.25> <Storage> <Opcode : 'load' 'store'> <Ports = 2> <Width = 32> <Depth = 32> <RAM>
ST_3 : Operation 108 [1/1] (0.00ns)   --->   "%B_12_addr = getelementptr i32 %B_12, i64 0, i64 %zext_ln40" [matrix_mult.cpp:45]   --->   Operation 108 'getelementptr' 'B_12_addr' <Predicate = true> <Delay = 0.00>
ST_3 : Operation 109 [2/2] (3.25ns)   --->   "%B_12_load = load i5 %B_12_addr" [matrix_mult.cpp:45]   --->   Operation 109 'load' 'B_12_load' <Predicate = true> <Delay = 3.25> <CoreInst = "RAM">   --->   Core 81 'RAM' <Latency = 1> <II = 1> <Delay = 3.25> <Storage> <Opcode : 'load' 'store'> <Ports = 2> <Width = 32> <Depth = 32> <RAM>
ST_3 : Operation 110 [1/1] (0.00ns)   --->   "%B_13_addr = getelementptr i32 %B_13, i64 0, i64 %zext_ln40" [matrix_mult.cpp:45]   --->   Operation 110 'getelementptr' 'B_13_addr' <Predicate = true> <Delay = 0.00>
ST_3 : Operation 111 [2/2] (3.25ns)   --->   "%B_13_load = load i5 %B_13_addr" [matrix_mult.cpp:45]   --->   Operation 111 'load' 'B_13_load' <Predicate = true> <Delay = 3.25> <CoreInst = "RAM">   --->   Core 81 'RAM' <Latency = 1> <II = 1> <Delay = 3.25> <Storage> <Opcode : 'load' 'store'> <Ports = 2> <Width = 32> <Depth = 32> <RAM>
ST_3 : Operation 112 [1/1] (0.00ns)   --->   "%B_14_addr = getelementptr i32 %B_14, i64 0, i64 %zext_ln40" [matrix_mult.cpp:45]   --->   Operation 112 'getelementptr' 'B_14_addr' <Predicate = true> <Delay = 0.00>
ST_3 : Operation 113 [2/2] (3.25ns)   --->   "%B_14_load = load i5 %B_14_addr" [matrix_mult.cpp:45]   --->   Operation 113 'load' 'B_14_load' <Predicate = true> <Delay = 3.25> <CoreInst = "RAM">   --->   Core 81 'RAM' <Latency = 1> <II = 1> <Delay = 3.25> <Storage> <Opcode : 'load' 'store'> <Ports = 2> <Width = 32> <Depth = 32> <RAM>
ST_3 : Operation 114 [1/1] (0.00ns)   --->   "%B_15_addr = getelementptr i32 %B_15, i64 0, i64 %zext_ln40" [matrix_mult.cpp:45]   --->   Operation 114 'getelementptr' 'B_15_addr' <Predicate = true> <Delay = 0.00>
ST_3 : Operation 115 [2/2] (3.25ns)   --->   "%B_15_load = load i5 %B_15_addr" [matrix_mult.cpp:45]   --->   Operation 115 'load' 'B_15_load' <Predicate = true> <Delay = 3.25> <CoreInst = "RAM">   --->   Core 81 'RAM' <Latency = 1> <II = 1> <Delay = 3.25> <Storage> <Opcode : 'load' 'store'> <Ports = 2> <Width = 32> <Depth = 32> <RAM>
ST_3 : Operation 116 [1/1] (0.00ns)   --->   "%B_16_addr = getelementptr i32 %B_16, i64 0, i64 %zext_ln40" [matrix_mult.cpp:45]   --->   Operation 116 'getelementptr' 'B_16_addr' <Predicate = true> <Delay = 0.00>
ST_3 : Operation 117 [2/2] (3.25ns)   --->   "%B_16_load = load i5 %B_16_addr" [matrix_mult.cpp:45]   --->   Operation 117 'load' 'B_16_load' <Predicate = true> <Delay = 3.25> <CoreInst = "RAM">   --->   Core 81 'RAM' <Latency = 1> <II = 1> <Delay = 3.25> <Storage> <Opcode : 'load' 'store'> <Ports = 2> <Width = 32> <Depth = 32> <RAM>
ST_3 : Operation 118 [1/1] (0.00ns)   --->   "%B_17_addr = getelementptr i32 %B_17, i64 0, i64 %zext_ln40" [matrix_mult.cpp:45]   --->   Operation 118 'getelementptr' 'B_17_addr' <Predicate = true> <Delay = 0.00>
ST_3 : Operation 119 [2/2] (3.25ns)   --->   "%B_17_load = load i5 %B_17_addr" [matrix_mult.cpp:45]   --->   Operation 119 'load' 'B_17_load' <Predicate = true> <Delay = 3.25> <CoreInst = "RAM">   --->   Core 81 'RAM' <Latency = 1> <II = 1> <Delay = 3.25> <Storage> <Opcode : 'load' 'store'> <Ports = 2> <Width = 32> <Depth = 32> <RAM>
ST_3 : Operation 120 [1/1] (0.00ns)   --->   "%B_18_addr = getelementptr i32 %B_18, i64 0, i64 %zext_ln40" [matrix_mult.cpp:45]   --->   Operation 120 'getelementptr' 'B_18_addr' <Predicate = true> <Delay = 0.00>
ST_3 : Operation 121 [2/2] (3.25ns)   --->   "%B_18_load = load i5 %B_18_addr" [matrix_mult.cpp:45]   --->   Operation 121 'load' 'B_18_load' <Predicate = true> <Delay = 3.25> <CoreInst = "RAM">   --->   Core 81 'RAM' <Latency = 1> <II = 1> <Delay = 3.25> <Storage> <Opcode : 'load' 'store'> <Ports = 2> <Width = 32> <Depth = 32> <RAM>
ST_3 : Operation 122 [1/1] (0.00ns)   --->   "%B_19_addr = getelementptr i32 %B_19, i64 0, i64 %zext_ln40" [matrix_mult.cpp:45]   --->   Operation 122 'getelementptr' 'B_19_addr' <Predicate = true> <Delay = 0.00>
ST_3 : Operation 123 [2/2] (3.25ns)   --->   "%B_19_load = load i5 %B_19_addr" [matrix_mult.cpp:45]   --->   Operation 123 'load' 'B_19_load' <Predicate = true> <Delay = 3.25> <CoreInst = "RAM">   --->   Core 81 'RAM' <Latency = 1> <II = 1> <Delay = 3.25> <Storage> <Opcode : 'load' 'store'> <Ports = 2> <Width = 32> <Depth = 32> <RAM>
ST_3 : Operation 124 [1/1] (0.00ns)   --->   "%B_20_addr = getelementptr i32 %B_20, i64 0, i64 %zext_ln40" [matrix_mult.cpp:45]   --->   Operation 124 'getelementptr' 'B_20_addr' <Predicate = true> <Delay = 0.00>
ST_3 : Operation 125 [2/2] (3.25ns)   --->   "%B_20_load = load i5 %B_20_addr" [matrix_mult.cpp:45]   --->   Operation 125 'load' 'B_20_load' <Predicate = true> <Delay = 3.25> <CoreInst = "RAM">   --->   Core 81 'RAM' <Latency = 1> <II = 1> <Delay = 3.25> <Storage> <Opcode : 'load' 'store'> <Ports = 2> <Width = 32> <Depth = 32> <RAM>
ST_3 : Operation 126 [1/1] (0.00ns)   --->   "%B_21_addr = getelementptr i32 %B_21, i64 0, i64 %zext_ln40" [matrix_mult.cpp:45]   --->   Operation 126 'getelementptr' 'B_21_addr' <Predicate = true> <Delay = 0.00>
ST_3 : Operation 127 [2/2] (3.25ns)   --->   "%B_21_load = load i5 %B_21_addr" [matrix_mult.cpp:45]   --->   Operation 127 'load' 'B_21_load' <Predicate = true> <Delay = 3.25> <CoreInst = "RAM">   --->   Core 81 'RAM' <Latency = 1> <II = 1> <Delay = 3.25> <Storage> <Opcode : 'load' 'store'> <Ports = 2> <Width = 32> <Depth = 32> <RAM>
ST_3 : Operation 128 [1/1] (0.00ns)   --->   "%B_22_addr = getelementptr i32 %B_22, i64 0, i64 %zext_ln40" [matrix_mult.cpp:45]   --->   Operation 128 'getelementptr' 'B_22_addr' <Predicate = true> <Delay = 0.00>
ST_3 : Operation 129 [2/2] (3.25ns)   --->   "%B_22_load = load i5 %B_22_addr" [matrix_mult.cpp:45]   --->   Operation 129 'load' 'B_22_load' <Predicate = true> <Delay = 3.25> <CoreInst = "RAM">   --->   Core 81 'RAM' <Latency = 1> <II = 1> <Delay = 3.25> <Storage> <Opcode : 'load' 'store'> <Ports = 2> <Width = 32> <Depth = 32> <RAM>
ST_3 : Operation 130 [1/1] (0.00ns)   --->   "%B_23_addr = getelementptr i32 %B_23, i64 0, i64 %zext_ln40" [matrix_mult.cpp:45]   --->   Operation 130 'getelementptr' 'B_23_addr' <Predicate = true> <Delay = 0.00>
ST_3 : Operation 131 [2/2] (3.25ns)   --->   "%B_23_load = load i5 %B_23_addr" [matrix_mult.cpp:45]   --->   Operation 131 'load' 'B_23_load' <Predicate = true> <Delay = 3.25> <CoreInst = "RAM">   --->   Core 81 'RAM' <Latency = 1> <II = 1> <Delay = 3.25> <Storage> <Opcode : 'load' 'store'> <Ports = 2> <Width = 32> <Depth = 32> <RAM>
ST_3 : Operation 132 [1/1] (0.00ns)   --->   "%B_24_addr = getelementptr i32 %B_24, i64 0, i64 %zext_ln40" [matrix_mult.cpp:45]   --->   Operation 132 'getelementptr' 'B_24_addr' <Predicate = true> <Delay = 0.00>
ST_3 : Operation 133 [2/2] (3.25ns)   --->   "%B_24_load = load i5 %B_24_addr" [matrix_mult.cpp:45]   --->   Operation 133 'load' 'B_24_load' <Predicate = true> <Delay = 3.25> <CoreInst = "RAM">   --->   Core 81 'RAM' <Latency = 1> <II = 1> <Delay = 3.25> <Storage> <Opcode : 'load' 'store'> <Ports = 2> <Width = 32> <Depth = 32> <RAM>
ST_3 : Operation 134 [1/1] (0.00ns)   --->   "%B_25_addr = getelementptr i32 %B_25, i64 0, i64 %zext_ln40" [matrix_mult.cpp:45]   --->   Operation 134 'getelementptr' 'B_25_addr' <Predicate = true> <Delay = 0.00>
ST_3 : Operation 135 [2/2] (3.25ns)   --->   "%B_25_load = load i5 %B_25_addr" [matrix_mult.cpp:45]   --->   Operation 135 'load' 'B_25_load' <Predicate = true> <Delay = 3.25> <CoreInst = "RAM">   --->   Core 81 'RAM' <Latency = 1> <II = 1> <Delay = 3.25> <Storage> <Opcode : 'load' 'store'> <Ports = 2> <Width = 32> <Depth = 32> <RAM>
ST_3 : Operation 136 [1/1] (0.00ns)   --->   "%B_26_addr = getelementptr i32 %B_26, i64 0, i64 %zext_ln40" [matrix_mult.cpp:45]   --->   Operation 136 'getelementptr' 'B_26_addr' <Predicate = true> <Delay = 0.00>
ST_3 : Operation 137 [2/2] (3.25ns)   --->   "%B_26_load = load i5 %B_26_addr" [matrix_mult.cpp:45]   --->   Operation 137 'load' 'B_26_load' <Predicate = true> <Delay = 3.25> <CoreInst = "RAM">   --->   Core 81 'RAM' <Latency = 1> <II = 1> <Delay = 3.25> <Storage> <Opcode : 'load' 'store'> <Ports = 2> <Width = 32> <Depth = 32> <RAM>
ST_3 : Operation 138 [1/1] (0.00ns)   --->   "%B_27_addr = getelementptr i32 %B_27, i64 0, i64 %zext_ln40" [matrix_mult.cpp:45]   --->   Operation 138 'getelementptr' 'B_27_addr' <Predicate = true> <Delay = 0.00>
ST_3 : Operation 139 [2/2] (3.25ns)   --->   "%B_27_load = load i5 %B_27_addr" [matrix_mult.cpp:45]   --->   Operation 139 'load' 'B_27_load' <Predicate = true> <Delay = 3.25> <CoreInst = "RAM">   --->   Core 81 'RAM' <Latency = 1> <II = 1> <Delay = 3.25> <Storage> <Opcode : 'load' 'store'> <Ports = 2> <Width = 32> <Depth = 32> <RAM>
ST_3 : Operation 140 [1/2] ( I:3.25ns O:3.25ns )   --->   "%B_28_load = load i5 %B_28_addr" [matrix_mult.cpp:45]   --->   Operation 140 'load' 'B_28_load' <Predicate = true> <Delay = 3.25> <CoreInst = "RAM">   --->   Core 81 'RAM' <Latency = 1> <II = 1> <Delay = 3.25> <Storage> <Opcode : 'load' 'store'> <Ports = 2> <Width = 32> <Depth = 32> <RAM>
ST_3 : Operation 141 [1/2] ( I:3.25ns O:3.25ns )   --->   "%B_29_load = load i5 %B_29_addr" [matrix_mult.cpp:45]   --->   Operation 141 'load' 'B_29_load' <Predicate = true> <Delay = 3.25> <CoreInst = "RAM">   --->   Core 81 'RAM' <Latency = 1> <II = 1> <Delay = 3.25> <Storage> <Opcode : 'load' 'store'> <Ports = 2> <Width = 32> <Depth = 32> <RAM>
ST_3 : Operation 142 [1/2] ( I:3.25ns O:3.25ns )   --->   "%B_30_load = load i5 %B_30_addr" [matrix_mult.cpp:45]   --->   Operation 142 'load' 'B_30_load' <Predicate = true> <Delay = 3.25> <CoreInst = "RAM">   --->   Core 81 'RAM' <Latency = 1> <II = 1> <Delay = 3.25> <Storage> <Opcode : 'load' 'store'> <Ports = 2> <Width = 32> <Depth = 32> <RAM>
ST_3 : Operation 143 [1/2] ( I:3.25ns O:3.25ns )   --->   "%B_31_load = load i5 %B_31_addr" [matrix_mult.cpp:45]   --->   Operation 143 'load' 'B_31_load' <Predicate = true> <Delay = 3.25> <CoreInst = "RAM">   --->   Core 81 'RAM' <Latency = 1> <II = 1> <Delay = 3.25> <Storage> <Opcode : 'load' 'store'> <Ports = 2> <Width = 32> <Depth = 32> <RAM>

State 4 <SV = 3> <Delay = 6.91>
ST_4 : Operation 144 [1/1] (0.00ns)   --->   "%A_addr = getelementptr i32 %A, i64 0, i64 %zext_ln39" [matrix_mult.cpp:45]   --->   Operation 144 'getelementptr' 'A_addr' <Predicate = true> <Delay = 0.00>
ST_4 : Operation 145 [2/2] (3.25ns)   --->   "%A_load = load i5 %A_addr" [matrix_mult.cpp:45]   --->   Operation 145 'load' 'A_load' <Predicate = true> <Delay = 3.25> <CoreInst = "RAM">   --->   Core 81 'RAM' <Latency = 1> <II = 1> <Delay = 3.25> <Storage> <Opcode : 'load' 'store'> <Ports = 2> <Width = 32> <Depth = 32> <RAM>
ST_4 : Operation 146 [1/1] (0.00ns)   --->   "%A_1_addr = getelementptr i32 %A_1, i64 0, i64 %zext_ln39" [matrix_mult.cpp:45]   --->   Operation 146 'getelementptr' 'A_1_addr' <Predicate = true> <Delay = 0.00>
ST_4 : Operation 147 [2/2] (3.25ns)   --->   "%A_1_load = load i5 %A_1_addr" [matrix_mult.cpp:45]   --->   Operation 147 'load' 'A_1_load' <Predicate = true> <Delay = 3.25> <CoreInst = "RAM">   --->   Core 81 'RAM' <Latency = 1> <II = 1> <Delay = 3.25> <Storage> <Opcode : 'load' 'store'> <Ports = 2> <Width = 32> <Depth = 32> <RAM>
ST_4 : Operation 148 [1/1] (0.00ns)   --->   "%A_2_addr = getelementptr i32 %A_2, i64 0, i64 %zext_ln39" [matrix_mult.cpp:45]   --->   Operation 148 'getelementptr' 'A_2_addr' <Predicate = true> <Delay = 0.00>
ST_4 : Operation 149 [2/2] (3.25ns)   --->   "%A_2_load = load i5 %A_2_addr" [matrix_mult.cpp:45]   --->   Operation 149 'load' 'A_2_load' <Predicate = true> <Delay = 3.25> <CoreInst = "RAM">   --->   Core 81 'RAM' <Latency = 1> <II = 1> <Delay = 3.25> <Storage> <Opcode : 'load' 'store'> <Ports = 2> <Width = 32> <Depth = 32> <RAM>
ST_4 : Operation 150 [1/1] (0.00ns)   --->   "%A_3_addr = getelementptr i32 %A_3, i64 0, i64 %zext_ln39" [matrix_mult.cpp:45]   --->   Operation 150 'getelementptr' 'A_3_addr' <Predicate = true> <Delay = 0.00>
ST_4 : Operation 151 [2/2] (3.25ns)   --->   "%A_3_load = load i5 %A_3_addr" [matrix_mult.cpp:45]   --->   Operation 151 'load' 'A_3_load' <Predicate = true> <Delay = 3.25> <CoreInst = "RAM">   --->   Core 81 'RAM' <Latency = 1> <II = 1> <Delay = 3.25> <Storage> <Opcode : 'load' 'store'> <Ports = 2> <Width = 32> <Depth = 32> <RAM>
ST_4 : Operation 152 [1/2] ( I:3.25ns O:3.25ns )   --->   "%A_4_load = load i5 %A_4_addr" [matrix_mult.cpp:45]   --->   Operation 152 'load' 'A_4_load' <Predicate = true> <Delay = 3.25> <CoreInst = "RAM">   --->   Core 81 'RAM' <Latency = 1> <II = 1> <Delay = 3.25> <Storage> <Opcode : 'load' 'store'> <Ports = 2> <Width = 32> <Depth = 32> <RAM>
ST_4 : Operation 153 [1/2] ( I:3.25ns O:3.25ns )   --->   "%A_5_load = load i5 %A_5_addr" [matrix_mult.cpp:45]   --->   Operation 153 'load' 'A_5_load' <Predicate = true> <Delay = 3.25> <CoreInst = "RAM">   --->   Core 81 'RAM' <Latency = 1> <II = 1> <Delay = 3.25> <Storage> <Opcode : 'load' 'store'> <Ports = 2> <Width = 32> <Depth = 32> <RAM>
ST_4 : Operation 154 [1/2] ( I:3.25ns O:3.25ns )   --->   "%A_6_load = load i5 %A_6_addr" [matrix_mult.cpp:45]   --->   Operation 154 'load' 'A_6_load' <Predicate = true> <Delay = 3.25> <CoreInst = "RAM">   --->   Core 81 'RAM' <Latency = 1> <II = 1> <Delay = 3.25> <Storage> <Opcode : 'load' 'store'> <Ports = 2> <Width = 32> <Depth = 32> <RAM>
ST_4 : Operation 155 [1/2] ( I:3.25ns O:3.25ns )   --->   "%A_7_load = load i5 %A_7_addr" [matrix_mult.cpp:45]   --->   Operation 155 'load' 'A_7_load' <Predicate = true> <Delay = 3.25> <CoreInst = "RAM">   --->   Core 81 'RAM' <Latency = 1> <II = 1> <Delay = 3.25> <Storage> <Opcode : 'load' 'store'> <Ports = 2> <Width = 32> <Depth = 32> <RAM>
ST_4 : Operation 156 [1/1] (0.00ns)   --->   "%A_8_addr = getelementptr i32 %A_8, i64 0, i64 %zext_ln39" [matrix_mult.cpp:45]   --->   Operation 156 'getelementptr' 'A_8_addr' <Predicate = true> <Delay = 0.00>
ST_4 : Operation 157 [2/2] (3.25ns)   --->   "%A_8_load = load i5 %A_8_addr" [matrix_mult.cpp:45]   --->   Operation 157 'load' 'A_8_load' <Predicate = true> <Delay = 3.25> <CoreInst = "RAM">   --->   Core 81 'RAM' <Latency = 1> <II = 1> <Delay = 3.25> <Storage> <Opcode : 'load' 'store'> <Ports = 2> <Width = 32> <Depth = 32> <RAM>
ST_4 : Operation 158 [1/1] (0.00ns)   --->   "%A_9_addr = getelementptr i32 %A_9, i64 0, i64 %zext_ln39" [matrix_mult.cpp:45]   --->   Operation 158 'getelementptr' 'A_9_addr' <Predicate = true> <Delay = 0.00>
ST_4 : Operation 159 [2/2] (3.25ns)   --->   "%A_9_load = load i5 %A_9_addr" [matrix_mult.cpp:45]   --->   Operation 159 'load' 'A_9_load' <Predicate = true> <Delay = 3.25> <CoreInst = "RAM">   --->   Core 81 'RAM' <Latency = 1> <II = 1> <Delay = 3.25> <Storage> <Opcode : 'load' 'store'> <Ports = 2> <Width = 32> <Depth = 32> <RAM>
ST_4 : Operation 160 [1/1] (0.00ns)   --->   "%A_10_addr = getelementptr i32 %A_10, i64 0, i64 %zext_ln39" [matrix_mult.cpp:45]   --->   Operation 160 'getelementptr' 'A_10_addr' <Predicate = true> <Delay = 0.00>
ST_4 : Operation 161 [2/2] (3.25ns)   --->   "%A_10_load = load i5 %A_10_addr" [matrix_mult.cpp:45]   --->   Operation 161 'load' 'A_10_load' <Predicate = true> <Delay = 3.25> <CoreInst = "RAM">   --->   Core 81 'RAM' <Latency = 1> <II = 1> <Delay = 3.25> <Storage> <Opcode : 'load' 'store'> <Ports = 2> <Width = 32> <Depth = 32> <RAM>
ST_4 : Operation 162 [1/1] (0.00ns)   --->   "%A_11_addr = getelementptr i32 %A_11, i64 0, i64 %zext_ln39" [matrix_mult.cpp:45]   --->   Operation 162 'getelementptr' 'A_11_addr' <Predicate = true> <Delay = 0.00>
ST_4 : Operation 163 [2/2] (3.25ns)   --->   "%A_11_load = load i5 %A_11_addr" [matrix_mult.cpp:45]   --->   Operation 163 'load' 'A_11_load' <Predicate = true> <Delay = 3.25> <CoreInst = "RAM">   --->   Core 81 'RAM' <Latency = 1> <II = 1> <Delay = 3.25> <Storage> <Opcode : 'load' 'store'> <Ports = 2> <Width = 32> <Depth = 32> <RAM>
ST_4 : Operation 164 [1/2] ( I:3.25ns O:3.25ns )   --->   "%A_12_load = load i5 %A_12_addr" [matrix_mult.cpp:45]   --->   Operation 164 'load' 'A_12_load' <Predicate = true> <Delay = 3.25> <CoreInst = "RAM">   --->   Core 81 'RAM' <Latency = 1> <II = 1> <Delay = 3.25> <Storage> <Opcode : 'load' 'store'> <Ports = 2> <Width = 32> <Depth = 32> <RAM>
ST_4 : Operation 165 [1/2] ( I:3.25ns O:3.25ns )   --->   "%A_13_load = load i5 %A_13_addr" [matrix_mult.cpp:45]   --->   Operation 165 'load' 'A_13_load' <Predicate = true> <Delay = 3.25> <CoreInst = "RAM">   --->   Core 81 'RAM' <Latency = 1> <II = 1> <Delay = 3.25> <Storage> <Opcode : 'load' 'store'> <Ports = 2> <Width = 32> <Depth = 32> <RAM>
ST_4 : Operation 166 [1/2] ( I:3.25ns O:3.25ns )   --->   "%A_14_load = load i5 %A_14_addr" [matrix_mult.cpp:45]   --->   Operation 166 'load' 'A_14_load' <Predicate = true> <Delay = 3.25> <CoreInst = "RAM">   --->   Core 81 'RAM' <Latency = 1> <II = 1> <Delay = 3.25> <Storage> <Opcode : 'load' 'store'> <Ports = 2> <Width = 32> <Depth = 32> <RAM>
ST_4 : Operation 167 [1/2] ( I:3.25ns O:3.25ns )   --->   "%A_15_load = load i5 %A_15_addr" [matrix_mult.cpp:45]   --->   Operation 167 'load' 'A_15_load' <Predicate = true> <Delay = 3.25> <CoreInst = "RAM">   --->   Core 81 'RAM' <Latency = 1> <II = 1> <Delay = 3.25> <Storage> <Opcode : 'load' 'store'> <Ports = 2> <Width = 32> <Depth = 32> <RAM>
ST_4 : Operation 168 [1/2] ( I:3.25ns O:3.25ns )   --->   "%A_16_load = load i5 %A_16_addr" [matrix_mult.cpp:45]   --->   Operation 168 'load' 'A_16_load' <Predicate = true> <Delay = 3.25> <CoreInst = "RAM">   --->   Core 81 'RAM' <Latency = 1> <II = 1> <Delay = 3.25> <Storage> <Opcode : 'load' 'store'> <Ports = 2> <Width = 32> <Depth = 32> <RAM>
ST_4 : Operation 169 [1/2] ( I:3.25ns O:3.25ns )   --->   "%A_17_load = load i5 %A_17_addr" [matrix_mult.cpp:45]   --->   Operation 169 'load' 'A_17_load' <Predicate = true> <Delay = 3.25> <CoreInst = "RAM">   --->   Core 81 'RAM' <Latency = 1> <II = 1> <Delay = 3.25> <Storage> <Opcode : 'load' 'store'> <Ports = 2> <Width = 32> <Depth = 32> <RAM>
ST_4 : Operation 170 [1/2] ( I:3.25ns O:3.25ns )   --->   "%A_18_load = load i5 %A_18_addr" [matrix_mult.cpp:45]   --->   Operation 170 'load' 'A_18_load' <Predicate = true> <Delay = 3.25> <CoreInst = "RAM">   --->   Core 81 'RAM' <Latency = 1> <II = 1> <Delay = 3.25> <Storage> <Opcode : 'load' 'store'> <Ports = 2> <Width = 32> <Depth = 32> <RAM>
ST_4 : Operation 171 [1/2] ( I:3.25ns O:3.25ns )   --->   "%A_19_load = load i5 %A_19_addr" [matrix_mult.cpp:45]   --->   Operation 171 'load' 'A_19_load' <Predicate = true> <Delay = 3.25> <CoreInst = "RAM">   --->   Core 81 'RAM' <Latency = 1> <II = 1> <Delay = 3.25> <Storage> <Opcode : 'load' 'store'> <Ports = 2> <Width = 32> <Depth = 32> <RAM>
ST_4 : Operation 172 [1/2] ( I:3.25ns O:3.25ns )   --->   "%A_20_load = load i5 %A_20_addr" [matrix_mult.cpp:45]   --->   Operation 172 'load' 'A_20_load' <Predicate = true> <Delay = 3.25> <CoreInst = "RAM">   --->   Core 81 'RAM' <Latency = 1> <II = 1> <Delay = 3.25> <Storage> <Opcode : 'load' 'store'> <Ports = 2> <Width = 32> <Depth = 32> <RAM>
ST_4 : Operation 173 [1/2] ( I:3.25ns O:3.25ns )   --->   "%A_21_load = load i5 %A_21_addr" [matrix_mult.cpp:45]   --->   Operation 173 'load' 'A_21_load' <Predicate = true> <Delay = 3.25> <CoreInst = "RAM">   --->   Core 81 'RAM' <Latency = 1> <II = 1> <Delay = 3.25> <Storage> <Opcode : 'load' 'store'> <Ports = 2> <Width = 32> <Depth = 32> <RAM>
ST_4 : Operation 174 [1/2] ( I:3.25ns O:3.25ns )   --->   "%A_22_load = load i5 %A_22_addr" [matrix_mult.cpp:45]   --->   Operation 174 'load' 'A_22_load' <Predicate = true> <Delay = 3.25> <CoreInst = "RAM">   --->   Core 81 'RAM' <Latency = 1> <II = 1> <Delay = 3.25> <Storage> <Opcode : 'load' 'store'> <Ports = 2> <Width = 32> <Depth = 32> <RAM>
ST_4 : Operation 175 [1/2] ( I:3.25ns O:3.25ns )   --->   "%A_23_load = load i5 %A_23_addr" [matrix_mult.cpp:45]   --->   Operation 175 'load' 'A_23_load' <Predicate = true> <Delay = 3.25> <CoreInst = "RAM">   --->   Core 81 'RAM' <Latency = 1> <II = 1> <Delay = 3.25> <Storage> <Opcode : 'load' 'store'> <Ports = 2> <Width = 32> <Depth = 32> <RAM>
ST_4 : Operation 176 [1/2] ( I:3.25ns O:3.25ns )   --->   "%A_24_load = load i5 %A_24_addr" [matrix_mult.cpp:45]   --->   Operation 176 'load' 'A_24_load' <Predicate = true> <Delay = 3.25> <CoreInst = "RAM">   --->   Core 81 'RAM' <Latency = 1> <II = 1> <Delay = 3.25> <Storage> <Opcode : 'load' 'store'> <Ports = 2> <Width = 32> <Depth = 32> <RAM>
ST_4 : Operation 177 [1/2] ( I:3.25ns O:3.25ns )   --->   "%A_25_load = load i5 %A_25_addr" [matrix_mult.cpp:45]   --->   Operation 177 'load' 'A_25_load' <Predicate = true> <Delay = 3.25> <CoreInst = "RAM">   --->   Core 81 'RAM' <Latency = 1> <II = 1> <Delay = 3.25> <Storage> <Opcode : 'load' 'store'> <Ports = 2> <Width = 32> <Depth = 32> <RAM>
ST_4 : Operation 178 [1/2] ( I:3.25ns O:3.25ns )   --->   "%A_26_load = load i5 %A_26_addr" [matrix_mult.cpp:45]   --->   Operation 178 'load' 'A_26_load' <Predicate = true> <Delay = 3.25> <CoreInst = "RAM">   --->   Core 81 'RAM' <Latency = 1> <II = 1> <Delay = 3.25> <Storage> <Opcode : 'load' 'store'> <Ports = 2> <Width = 32> <Depth = 32> <RAM>
ST_4 : Operation 179 [1/2] ( I:3.25ns O:3.25ns )   --->   "%A_27_load = load i5 %A_27_addr" [matrix_mult.cpp:45]   --->   Operation 179 'load' 'A_27_load' <Predicate = true> <Delay = 3.25> <CoreInst = "RAM">   --->   Core 81 'RAM' <Latency = 1> <II = 1> <Delay = 3.25> <Storage> <Opcode : 'load' 'store'> <Ports = 2> <Width = 32> <Depth = 32> <RAM>
ST_4 : Operation 180 [1/1] (0.00ns)   --->   "%B_addr = getelementptr i32 %B, i64 0, i64 %zext_ln40" [matrix_mult.cpp:45]   --->   Operation 180 'getelementptr' 'B_addr' <Predicate = true> <Delay = 0.00>
ST_4 : Operation 181 [2/2] (3.25ns)   --->   "%B_load = load i5 %B_addr" [matrix_mult.cpp:45]   --->   Operation 181 'load' 'B_load' <Predicate = true> <Delay = 3.25> <CoreInst = "RAM">   --->   Core 81 'RAM' <Latency = 1> <II = 1> <Delay = 3.25> <Storage> <Opcode : 'load' 'store'> <Ports = 2> <Width = 32> <Depth = 32> <RAM>
ST_4 : Operation 182 [1/1] (0.00ns)   --->   "%B_1_addr = getelementptr i32 %B_1, i64 0, i64 %zext_ln40" [matrix_mult.cpp:45]   --->   Operation 182 'getelementptr' 'B_1_addr' <Predicate = true> <Delay = 0.00>
ST_4 : Operation 183 [2/2] (3.25ns)   --->   "%B_1_load = load i5 %B_1_addr" [matrix_mult.cpp:45]   --->   Operation 183 'load' 'B_1_load' <Predicate = true> <Delay = 3.25> <CoreInst = "RAM">   --->   Core 81 'RAM' <Latency = 1> <II = 1> <Delay = 3.25> <Storage> <Opcode : 'load' 'store'> <Ports = 2> <Width = 32> <Depth = 32> <RAM>
ST_4 : Operation 184 [1/1] (0.00ns)   --->   "%B_2_addr = getelementptr i32 %B_2, i64 0, i64 %zext_ln40" [matrix_mult.cpp:45]   --->   Operation 184 'getelementptr' 'B_2_addr' <Predicate = true> <Delay = 0.00>
ST_4 : Operation 185 [2/2] (3.25ns)   --->   "%B_2_load = load i5 %B_2_addr" [matrix_mult.cpp:45]   --->   Operation 185 'load' 'B_2_load' <Predicate = true> <Delay = 3.25> <CoreInst = "RAM">   --->   Core 81 'RAM' <Latency = 1> <II = 1> <Delay = 3.25> <Storage> <Opcode : 'load' 'store'> <Ports = 2> <Width = 32> <Depth = 32> <RAM>
ST_4 : Operation 186 [1/1] (0.00ns)   --->   "%B_3_addr = getelementptr i32 %B_3, i64 0, i64 %zext_ln40" [matrix_mult.cpp:45]   --->   Operation 186 'getelementptr' 'B_3_addr' <Predicate = true> <Delay = 0.00>
ST_4 : Operation 187 [2/2] (3.25ns)   --->   "%B_3_load = load i5 %B_3_addr" [matrix_mult.cpp:45]   --->   Operation 187 'load' 'B_3_load' <Predicate = true> <Delay = 3.25> <CoreInst = "RAM">   --->   Core 81 'RAM' <Latency = 1> <II = 1> <Delay = 3.25> <Storage> <Opcode : 'load' 'store'> <Ports = 2> <Width = 32> <Depth = 32> <RAM>
ST_4 : Operation 188 [1/2] ( I:3.25ns O:3.25ns )   --->   "%B_4_load = load i5 %B_4_addr" [matrix_mult.cpp:45]   --->   Operation 188 'load' 'B_4_load' <Predicate = true> <Delay = 3.25> <CoreInst = "RAM">   --->   Core 81 'RAM' <Latency = 1> <II = 1> <Delay = 3.25> <Storage> <Opcode : 'load' 'store'> <Ports = 2> <Width = 32> <Depth = 32> <RAM>
ST_4 : Operation 189 [1/2] ( I:3.25ns O:3.25ns )   --->   "%B_5_load = load i5 %B_5_addr" [matrix_mult.cpp:45]   --->   Operation 189 'load' 'B_5_load' <Predicate = true> <Delay = 3.25> <CoreInst = "RAM">   --->   Core 81 'RAM' <Latency = 1> <II = 1> <Delay = 3.25> <Storage> <Opcode : 'load' 'store'> <Ports = 2> <Width = 32> <Depth = 32> <RAM>
ST_4 : Operation 190 [1/2] ( I:3.25ns O:3.25ns )   --->   "%B_6_load = load i5 %B_6_addr" [matrix_mult.cpp:45]   --->   Operation 190 'load' 'B_6_load' <Predicate = true> <Delay = 3.25> <CoreInst = "RAM">   --->   Core 81 'RAM' <Latency = 1> <II = 1> <Delay = 3.25> <Storage> <Opcode : 'load' 'store'> <Ports = 2> <Width = 32> <Depth = 32> <RAM>
ST_4 : Operation 191 [1/2] ( I:3.25ns O:3.25ns )   --->   "%B_7_load = load i5 %B_7_addr" [matrix_mult.cpp:45]   --->   Operation 191 'load' 'B_7_load' <Predicate = true> <Delay = 3.25> <CoreInst = "RAM">   --->   Core 81 'RAM' <Latency = 1> <II = 1> <Delay = 3.25> <Storage> <Opcode : 'load' 'store'> <Ports = 2> <Width = 32> <Depth = 32> <RAM>
ST_4 : Operation 192 [1/1] (0.00ns)   --->   "%B_8_addr = getelementptr i32 %B_8, i64 0, i64 %zext_ln40" [matrix_mult.cpp:45]   --->   Operation 192 'getelementptr' 'B_8_addr' <Predicate = true> <Delay = 0.00>
ST_4 : Operation 193 [2/2] (3.25ns)   --->   "%B_8_load = load i5 %B_8_addr" [matrix_mult.cpp:45]   --->   Operation 193 'load' 'B_8_load' <Predicate = true> <Delay = 3.25> <CoreInst = "RAM">   --->   Core 81 'RAM' <Latency = 1> <II = 1> <Delay = 3.25> <Storage> <Opcode : 'load' 'store'> <Ports = 2> <Width = 32> <Depth = 32> <RAM>
ST_4 : Operation 194 [1/1] (0.00ns)   --->   "%B_9_addr = getelementptr i32 %B_9, i64 0, i64 %zext_ln40" [matrix_mult.cpp:45]   --->   Operation 194 'getelementptr' 'B_9_addr' <Predicate = true> <Delay = 0.00>
ST_4 : Operation 195 [2/2] (3.25ns)   --->   "%B_9_load = load i5 %B_9_addr" [matrix_mult.cpp:45]   --->   Operation 195 'load' 'B_9_load' <Predicate = true> <Delay = 3.25> <CoreInst = "RAM">   --->   Core 81 'RAM' <Latency = 1> <II = 1> <Delay = 3.25> <Storage> <Opcode : 'load' 'store'> <Ports = 2> <Width = 32> <Depth = 32> <RAM>
ST_4 : Operation 196 [1/1] (0.00ns)   --->   "%B_10_addr = getelementptr i32 %B_10, i64 0, i64 %zext_ln40" [matrix_mult.cpp:45]   --->   Operation 196 'getelementptr' 'B_10_addr' <Predicate = true> <Delay = 0.00>
ST_4 : Operation 197 [2/2] (3.25ns)   --->   "%B_10_load = load i5 %B_10_addr" [matrix_mult.cpp:45]   --->   Operation 197 'load' 'B_10_load' <Predicate = true> <Delay = 3.25> <CoreInst = "RAM">   --->   Core 81 'RAM' <Latency = 1> <II = 1> <Delay = 3.25> <Storage> <Opcode : 'load' 'store'> <Ports = 2> <Width = 32> <Depth = 32> <RAM>
ST_4 : Operation 198 [1/1] (0.00ns)   --->   "%B_11_addr = getelementptr i32 %B_11, i64 0, i64 %zext_ln40" [matrix_mult.cpp:45]   --->   Operation 198 'getelementptr' 'B_11_addr' <Predicate = true> <Delay = 0.00>
ST_4 : Operation 199 [2/2] (3.25ns)   --->   "%B_11_load = load i5 %B_11_addr" [matrix_mult.cpp:45]   --->   Operation 199 'load' 'B_11_load' <Predicate = true> <Delay = 3.25> <CoreInst = "RAM">   --->   Core 81 'RAM' <Latency = 1> <II = 1> <Delay = 3.25> <Storage> <Opcode : 'load' 'store'> <Ports = 2> <Width = 32> <Depth = 32> <RAM>
ST_4 : Operation 200 [1/2] ( I:3.25ns O:3.25ns )   --->   "%B_12_load = load i5 %B_12_addr" [matrix_mult.cpp:45]   --->   Operation 200 'load' 'B_12_load' <Predicate = true> <Delay = 3.25> <CoreInst = "RAM">   --->   Core 81 'RAM' <Latency = 1> <II = 1> <Delay = 3.25> <Storage> <Opcode : 'load' 'store'> <Ports = 2> <Width = 32> <Depth = 32> <RAM>
ST_4 : Operation 201 [1/2] ( I:3.25ns O:3.25ns )   --->   "%B_13_load = load i5 %B_13_addr" [matrix_mult.cpp:45]   --->   Operation 201 'load' 'B_13_load' <Predicate = true> <Delay = 3.25> <CoreInst = "RAM">   --->   Core 81 'RAM' <Latency = 1> <II = 1> <Delay = 3.25> <Storage> <Opcode : 'load' 'store'> <Ports = 2> <Width = 32> <Depth = 32> <RAM>
ST_4 : Operation 202 [1/2] ( I:3.25ns O:3.25ns )   --->   "%B_14_load = load i5 %B_14_addr" [matrix_mult.cpp:45]   --->   Operation 202 'load' 'B_14_load' <Predicate = true> <Delay = 3.25> <CoreInst = "RAM">   --->   Core 81 'RAM' <Latency = 1> <II = 1> <Delay = 3.25> <Storage> <Opcode : 'load' 'store'> <Ports = 2> <Width = 32> <Depth = 32> <RAM>
ST_4 : Operation 203 [1/2] ( I:3.25ns O:3.25ns )   --->   "%B_15_load = load i5 %B_15_addr" [matrix_mult.cpp:45]   --->   Operation 203 'load' 'B_15_load' <Predicate = true> <Delay = 3.25> <CoreInst = "RAM">   --->   Core 81 'RAM' <Latency = 1> <II = 1> <Delay = 3.25> <Storage> <Opcode : 'load' 'store'> <Ports = 2> <Width = 32> <Depth = 32> <RAM>
ST_4 : Operation 204 [1/2] ( I:3.25ns O:3.25ns )   --->   "%B_16_load = load i5 %B_16_addr" [matrix_mult.cpp:45]   --->   Operation 204 'load' 'B_16_load' <Predicate = true> <Delay = 3.25> <CoreInst = "RAM">   --->   Core 81 'RAM' <Latency = 1> <II = 1> <Delay = 3.25> <Storage> <Opcode : 'load' 'store'> <Ports = 2> <Width = 32> <Depth = 32> <RAM>
ST_4 : Operation 205 [1/2] ( I:3.25ns O:3.25ns )   --->   "%B_17_load = load i5 %B_17_addr" [matrix_mult.cpp:45]   --->   Operation 205 'load' 'B_17_load' <Predicate = true> <Delay = 3.25> <CoreInst = "RAM">   --->   Core 81 'RAM' <Latency = 1> <II = 1> <Delay = 3.25> <Storage> <Opcode : 'load' 'store'> <Ports = 2> <Width = 32> <Depth = 32> <RAM>
ST_4 : Operation 206 [1/2] ( I:3.25ns O:3.25ns )   --->   "%B_18_load = load i5 %B_18_addr" [matrix_mult.cpp:45]   --->   Operation 206 'load' 'B_18_load' <Predicate = true> <Delay = 3.25> <CoreInst = "RAM">   --->   Core 81 'RAM' <Latency = 1> <II = 1> <Delay = 3.25> <Storage> <Opcode : 'load' 'store'> <Ports = 2> <Width = 32> <Depth = 32> <RAM>
ST_4 : Operation 207 [1/2] ( I:3.25ns O:3.25ns )   --->   "%B_19_load = load i5 %B_19_addr" [matrix_mult.cpp:45]   --->   Operation 207 'load' 'B_19_load' <Predicate = true> <Delay = 3.25> <CoreInst = "RAM">   --->   Core 81 'RAM' <Latency = 1> <II = 1> <Delay = 3.25> <Storage> <Opcode : 'load' 'store'> <Ports = 2> <Width = 32> <Depth = 32> <RAM>
ST_4 : Operation 208 [1/2] ( I:3.25ns O:3.25ns )   --->   "%B_20_load = load i5 %B_20_addr" [matrix_mult.cpp:45]   --->   Operation 208 'load' 'B_20_load' <Predicate = true> <Delay = 3.25> <CoreInst = "RAM">   --->   Core 81 'RAM' <Latency = 1> <II = 1> <Delay = 3.25> <Storage> <Opcode : 'load' 'store'> <Ports = 2> <Width = 32> <Depth = 32> <RAM>
ST_4 : Operation 209 [1/2] ( I:3.25ns O:3.25ns )   --->   "%B_21_load = load i5 %B_21_addr" [matrix_mult.cpp:45]   --->   Operation 209 'load' 'B_21_load' <Predicate = true> <Delay = 3.25> <CoreInst = "RAM">   --->   Core 81 'RAM' <Latency = 1> <II = 1> <Delay = 3.25> <Storage> <Opcode : 'load' 'store'> <Ports = 2> <Width = 32> <Depth = 32> <RAM>
ST_4 : Operation 210 [1/2] ( I:3.25ns O:3.25ns )   --->   "%B_22_load = load i5 %B_22_addr" [matrix_mult.cpp:45]   --->   Operation 210 'load' 'B_22_load' <Predicate = true> <Delay = 3.25> <CoreInst = "RAM">   --->   Core 81 'RAM' <Latency = 1> <II = 1> <Delay = 3.25> <Storage> <Opcode : 'load' 'store'> <Ports = 2> <Width = 32> <Depth = 32> <RAM>
ST_4 : Operation 211 [1/2] ( I:3.25ns O:3.25ns )   --->   "%B_23_load = load i5 %B_23_addr" [matrix_mult.cpp:45]   --->   Operation 211 'load' 'B_23_load' <Predicate = true> <Delay = 3.25> <CoreInst = "RAM">   --->   Core 81 'RAM' <Latency = 1> <II = 1> <Delay = 3.25> <Storage> <Opcode : 'load' 'store'> <Ports = 2> <Width = 32> <Depth = 32> <RAM>
ST_4 : Operation 212 [1/2] ( I:3.25ns O:3.25ns )   --->   "%B_24_load = load i5 %B_24_addr" [matrix_mult.cpp:45]   --->   Operation 212 'load' 'B_24_load' <Predicate = true> <Delay = 3.25> <CoreInst = "RAM">   --->   Core 81 'RAM' <Latency = 1> <II = 1> <Delay = 3.25> <Storage> <Opcode : 'load' 'store'> <Ports = 2> <Width = 32> <Depth = 32> <RAM>
ST_4 : Operation 213 [1/2] ( I:3.25ns O:3.25ns )   --->   "%B_25_load = load i5 %B_25_addr" [matrix_mult.cpp:45]   --->   Operation 213 'load' 'B_25_load' <Predicate = true> <Delay = 3.25> <CoreInst = "RAM">   --->   Core 81 'RAM' <Latency = 1> <II = 1> <Delay = 3.25> <Storage> <Opcode : 'load' 'store'> <Ports = 2> <Width = 32> <Depth = 32> <RAM>
ST_4 : Operation 214 [1/2] ( I:3.25ns O:3.25ns )   --->   "%B_26_load = load i5 %B_26_addr" [matrix_mult.cpp:45]   --->   Operation 214 'load' 'B_26_load' <Predicate = true> <Delay = 3.25> <CoreInst = "RAM">   --->   Core 81 'RAM' <Latency = 1> <II = 1> <Delay = 3.25> <Storage> <Opcode : 'load' 'store'> <Ports = 2> <Width = 32> <Depth = 32> <RAM>
ST_4 : Operation 215 [1/2] ( I:3.25ns O:3.25ns )   --->   "%B_27_load = load i5 %B_27_addr" [matrix_mult.cpp:45]   --->   Operation 215 'load' 'B_27_load' <Predicate = true> <Delay = 3.25> <CoreInst = "RAM">   --->   Core 81 'RAM' <Latency = 1> <II = 1> <Delay = 3.25> <Storage> <Opcode : 'load' 'store'> <Ports = 2> <Width = 32> <Depth = 32> <RAM>
ST_4 : Operation 216 [2/2] (6.91ns)   --->   "%mul_ln45 = mul i32 %B_31_load, i32 %A_31_load" [matrix_mult.cpp:45]   --->   Operation 216 'mul' 'mul_ln45' <Predicate = true> <Delay = 6.91> <CoreInst = "Multiplier">   --->   Core 3 'Multiplier' <Latency = 1> <II = 1> <Delay = 6.91> <FuncUnit> <Opcode : 'mul'> <InPorts = 2> <OutPorts = 1>
ST_4 : Operation 217 [2/2] (6.91ns)   --->   "%mul_ln45_1 = mul i32 %B_30_load, i32 %A_30_load" [matrix_mult.cpp:45]   --->   Operation 217 'mul' 'mul_ln45_1' <Predicate = true> <Delay = 6.91> <CoreInst = "Multiplier">   --->   Core 3 'Multiplier' <Latency = 1> <II = 1> <Delay = 6.91> <FuncUnit> <Opcode : 'mul'> <InPorts = 2> <OutPorts = 1>
ST_4 : Operation 218 [2/2] (6.91ns)   --->   "%mul_ln45_2 = mul i32 %B_29_load, i32 %A_29_load" [matrix_mult.cpp:45]   --->   Operation 218 'mul' 'mul_ln45_2' <Predicate = true> <Delay = 6.91> <CoreInst = "Multiplier">   --->   Core 3 'Multiplier' <Latency = 1> <II = 1> <Delay = 6.91> <FuncUnit> <Opcode : 'mul'> <InPorts = 2> <OutPorts = 1>
ST_4 : Operation 219 [2/2] (6.91ns)   --->   "%mul_ln45_3 = mul i32 %B_28_load, i32 %A_28_load" [matrix_mult.cpp:45]   --->   Operation 219 'mul' 'mul_ln45_3' <Predicate = true> <Delay = 6.91> <CoreInst = "Multiplier">   --->   Core 3 'Multiplier' <Latency = 1> <II = 1> <Delay = 6.91> <FuncUnit> <Opcode : 'mul'> <InPorts = 2> <OutPorts = 1>

State 5 <SV = 4> <Delay = 6.91>
ST_5 : Operation 220 [1/2] ( I:3.25ns O:3.25ns )   --->   "%A_load = load i5 %A_addr" [matrix_mult.cpp:45]   --->   Operation 220 'load' 'A_load' <Predicate = true> <Delay = 3.25> <CoreInst = "RAM">   --->   Core 81 'RAM' <Latency = 1> <II = 1> <Delay = 3.25> <Storage> <Opcode : 'load' 'store'> <Ports = 2> <Width = 32> <Depth = 32> <RAM>
ST_5 : Operation 221 [1/2] ( I:3.25ns O:3.25ns )   --->   "%A_1_load = load i5 %A_1_addr" [matrix_mult.cpp:45]   --->   Operation 221 'load' 'A_1_load' <Predicate = true> <Delay = 3.25> <CoreInst = "RAM">   --->   Core 81 'RAM' <Latency = 1> <II = 1> <Delay = 3.25> <Storage> <Opcode : 'load' 'store'> <Ports = 2> <Width = 32> <Depth = 32> <RAM>
ST_5 : Operation 222 [1/2] ( I:3.25ns O:3.25ns )   --->   "%A_2_load = load i5 %A_2_addr" [matrix_mult.cpp:45]   --->   Operation 222 'load' 'A_2_load' <Predicate = true> <Delay = 3.25> <CoreInst = "RAM">   --->   Core 81 'RAM' <Latency = 1> <II = 1> <Delay = 3.25> <Storage> <Opcode : 'load' 'store'> <Ports = 2> <Width = 32> <Depth = 32> <RAM>
ST_5 : Operation 223 [1/2] ( I:3.25ns O:3.25ns )   --->   "%A_3_load = load i5 %A_3_addr" [matrix_mult.cpp:45]   --->   Operation 223 'load' 'A_3_load' <Predicate = true> <Delay = 3.25> <CoreInst = "RAM">   --->   Core 81 'RAM' <Latency = 1> <II = 1> <Delay = 3.25> <Storage> <Opcode : 'load' 'store'> <Ports = 2> <Width = 32> <Depth = 32> <RAM>
ST_5 : Operation 224 [1/2] ( I:3.25ns O:3.25ns )   --->   "%A_8_load = load i5 %A_8_addr" [matrix_mult.cpp:45]   --->   Operation 224 'load' 'A_8_load' <Predicate = true> <Delay = 3.25> <CoreInst = "RAM">   --->   Core 81 'RAM' <Latency = 1> <II = 1> <Delay = 3.25> <Storage> <Opcode : 'load' 'store'> <Ports = 2> <Width = 32> <Depth = 32> <RAM>
ST_5 : Operation 225 [1/2] ( I:3.25ns O:3.25ns )   --->   "%A_9_load = load i5 %A_9_addr" [matrix_mult.cpp:45]   --->   Operation 225 'load' 'A_9_load' <Predicate = true> <Delay = 3.25> <CoreInst = "RAM">   --->   Core 81 'RAM' <Latency = 1> <II = 1> <Delay = 3.25> <Storage> <Opcode : 'load' 'store'> <Ports = 2> <Width = 32> <Depth = 32> <RAM>
ST_5 : Operation 226 [1/2] ( I:3.25ns O:3.25ns )   --->   "%A_10_load = load i5 %A_10_addr" [matrix_mult.cpp:45]   --->   Operation 226 'load' 'A_10_load' <Predicate = true> <Delay = 3.25> <CoreInst = "RAM">   --->   Core 81 'RAM' <Latency = 1> <II = 1> <Delay = 3.25> <Storage> <Opcode : 'load' 'store'> <Ports = 2> <Width = 32> <Depth = 32> <RAM>
ST_5 : Operation 227 [1/2] ( I:3.25ns O:3.25ns )   --->   "%A_11_load = load i5 %A_11_addr" [matrix_mult.cpp:45]   --->   Operation 227 'load' 'A_11_load' <Predicate = true> <Delay = 3.25> <CoreInst = "RAM">   --->   Core 81 'RAM' <Latency = 1> <II = 1> <Delay = 3.25> <Storage> <Opcode : 'load' 'store'> <Ports = 2> <Width = 32> <Depth = 32> <RAM>
ST_5 : Operation 228 [1/2] ( I:3.25ns O:3.25ns )   --->   "%B_load = load i5 %B_addr" [matrix_mult.cpp:45]   --->   Operation 228 'load' 'B_load' <Predicate = true> <Delay = 3.25> <CoreInst = "RAM">   --->   Core 81 'RAM' <Latency = 1> <II = 1> <Delay = 3.25> <Storage> <Opcode : 'load' 'store'> <Ports = 2> <Width = 32> <Depth = 32> <RAM>
ST_5 : Operation 229 [1/2] ( I:3.25ns O:3.25ns )   --->   "%B_1_load = load i5 %B_1_addr" [matrix_mult.cpp:45]   --->   Operation 229 'load' 'B_1_load' <Predicate = true> <Delay = 3.25> <CoreInst = "RAM">   --->   Core 81 'RAM' <Latency = 1> <II = 1> <Delay = 3.25> <Storage> <Opcode : 'load' 'store'> <Ports = 2> <Width = 32> <Depth = 32> <RAM>
ST_5 : Operation 230 [1/2] ( I:3.25ns O:3.25ns )   --->   "%B_2_load = load i5 %B_2_addr" [matrix_mult.cpp:45]   --->   Operation 230 'load' 'B_2_load' <Predicate = true> <Delay = 3.25> <CoreInst = "RAM">   --->   Core 81 'RAM' <Latency = 1> <II = 1> <Delay = 3.25> <Storage> <Opcode : 'load' 'store'> <Ports = 2> <Width = 32> <Depth = 32> <RAM>
ST_5 : Operation 231 [1/2] ( I:3.25ns O:3.25ns )   --->   "%B_3_load = load i5 %B_3_addr" [matrix_mult.cpp:45]   --->   Operation 231 'load' 'B_3_load' <Predicate = true> <Delay = 3.25> <CoreInst = "RAM">   --->   Core 81 'RAM' <Latency = 1> <II = 1> <Delay = 3.25> <Storage> <Opcode : 'load' 'store'> <Ports = 2> <Width = 32> <Depth = 32> <RAM>
ST_5 : Operation 232 [1/2] ( I:3.25ns O:3.25ns )   --->   "%B_8_load = load i5 %B_8_addr" [matrix_mult.cpp:45]   --->   Operation 232 'load' 'B_8_load' <Predicate = true> <Delay = 3.25> <CoreInst = "RAM">   --->   Core 81 'RAM' <Latency = 1> <II = 1> <Delay = 3.25> <Storage> <Opcode : 'load' 'store'> <Ports = 2> <Width = 32> <Depth = 32> <RAM>
ST_5 : Operation 233 [1/2] ( I:3.25ns O:3.25ns )   --->   "%B_9_load = load i5 %B_9_addr" [matrix_mult.cpp:45]   --->   Operation 233 'load' 'B_9_load' <Predicate = true> <Delay = 3.25> <CoreInst = "RAM">   --->   Core 81 'RAM' <Latency = 1> <II = 1> <Delay = 3.25> <Storage> <Opcode : 'load' 'store'> <Ports = 2> <Width = 32> <Depth = 32> <RAM>
ST_5 : Operation 234 [1/2] ( I:3.25ns O:3.25ns )   --->   "%B_10_load = load i5 %B_10_addr" [matrix_mult.cpp:45]   --->   Operation 234 'load' 'B_10_load' <Predicate = true> <Delay = 3.25> <CoreInst = "RAM">   --->   Core 81 'RAM' <Latency = 1> <II = 1> <Delay = 3.25> <Storage> <Opcode : 'load' 'store'> <Ports = 2> <Width = 32> <Depth = 32> <RAM>
ST_5 : Operation 235 [1/2] ( I:3.25ns O:3.25ns )   --->   "%B_11_load = load i5 %B_11_addr" [matrix_mult.cpp:45]   --->   Operation 235 'load' 'B_11_load' <Predicate = true> <Delay = 3.25> <CoreInst = "RAM">   --->   Core 81 'RAM' <Latency = 1> <II = 1> <Delay = 3.25> <Storage> <Opcode : 'load' 'store'> <Ports = 2> <Width = 32> <Depth = 32> <RAM>
ST_5 : Operation 236 [1/2] (6.91ns)   --->   "%mul_ln45 = mul i32 %B_31_load, i32 %A_31_load" [matrix_mult.cpp:45]   --->   Operation 236 'mul' 'mul_ln45' <Predicate = true> <Delay = 6.91> <CoreInst = "Multiplier">   --->   Core 3 'Multiplier' <Latency = 1> <II = 1> <Delay = 6.91> <FuncUnit> <Opcode : 'mul'> <InPorts = 2> <OutPorts = 1>
ST_5 : Operation 237 [1/2] (6.91ns)   --->   "%mul_ln45_1 = mul i32 %B_30_load, i32 %A_30_load" [matrix_mult.cpp:45]   --->   Operation 237 'mul' 'mul_ln45_1' <Predicate = true> <Delay = 6.91> <CoreInst = "Multiplier">   --->   Core 3 'Multiplier' <Latency = 1> <II = 1> <Delay = 6.91> <FuncUnit> <Opcode : 'mul'> <InPorts = 2> <OutPorts = 1>
ST_5 : Operation 238 [1/2] (6.91ns)   --->   "%mul_ln45_2 = mul i32 %B_29_load, i32 %A_29_load" [matrix_mult.cpp:45]   --->   Operation 238 'mul' 'mul_ln45_2' <Predicate = true> <Delay = 6.91> <CoreInst = "Multiplier">   --->   Core 3 'Multiplier' <Latency = 1> <II = 1> <Delay = 6.91> <FuncUnit> <Opcode : 'mul'> <InPorts = 2> <OutPorts = 1>
ST_5 : Operation 239 [1/2] (6.91ns)   --->   "%mul_ln45_3 = mul i32 %B_28_load, i32 %A_28_load" [matrix_mult.cpp:45]   --->   Operation 239 'mul' 'mul_ln45_3' <Predicate = true> <Delay = 6.91> <CoreInst = "Multiplier">   --->   Core 3 'Multiplier' <Latency = 1> <II = 1> <Delay = 6.91> <FuncUnit> <Opcode : 'mul'> <InPorts = 2> <OutPorts = 1>
ST_5 : Operation 240 [2/2] (6.91ns)   --->   "%mul_ln45_4 = mul i32 %B_27_load, i32 %A_27_load" [matrix_mult.cpp:45]   --->   Operation 240 'mul' 'mul_ln45_4' <Predicate = true> <Delay = 6.91> <CoreInst = "Multiplier">   --->   Core 3 'Multiplier' <Latency = 1> <II = 1> <Delay = 6.91> <FuncUnit> <Opcode : 'mul'> <InPorts = 2> <OutPorts = 1>
ST_5 : Operation 241 [2/2] (6.91ns)   --->   "%mul_ln45_5 = mul i32 %B_26_load, i32 %A_26_load" [matrix_mult.cpp:45]   --->   Operation 241 'mul' 'mul_ln45_5' <Predicate = true> <Delay = 6.91> <CoreInst = "Multiplier">   --->   Core 3 'Multiplier' <Latency = 1> <II = 1> <Delay = 6.91> <FuncUnit> <Opcode : 'mul'> <InPorts = 2> <OutPorts = 1>
ST_5 : Operation 242 [2/2] (6.91ns)   --->   "%mul_ln45_6 = mul i32 %B_25_load, i32 %A_25_load" [matrix_mult.cpp:45]   --->   Operation 242 'mul' 'mul_ln45_6' <Predicate = true> <Delay = 6.91> <CoreInst = "Multiplier">   --->   Core 3 'Multiplier' <Latency = 1> <II = 1> <Delay = 6.91> <FuncUnit> <Opcode : 'mul'> <InPorts = 2> <OutPorts = 1>
ST_5 : Operation 243 [2/2] (6.91ns)   --->   "%mul_ln45_7 = mul i32 %B_24_load, i32 %A_24_load" [matrix_mult.cpp:45]   --->   Operation 243 'mul' 'mul_ln45_7' <Predicate = true> <Delay = 6.91> <CoreInst = "Multiplier">   --->   Core 3 'Multiplier' <Latency = 1> <II = 1> <Delay = 6.91> <FuncUnit> <Opcode : 'mul'> <InPorts = 2> <OutPorts = 1>
ST_5 : Operation 244 [2/2] (6.91ns)   --->   "%mul_ln45_8 = mul i32 %B_23_load, i32 %A_23_load" [matrix_mult.cpp:45]   --->   Operation 244 'mul' 'mul_ln45_8' <Predicate = true> <Delay = 6.91> <CoreInst = "Multiplier">   --->   Core 3 'Multiplier' <Latency = 1> <II = 1> <Delay = 6.91> <FuncUnit> <Opcode : 'mul'> <InPorts = 2> <OutPorts = 1>
ST_5 : Operation 245 [2/2] (6.91ns)   --->   "%mul_ln45_9 = mul i32 %B_22_load, i32 %A_22_load" [matrix_mult.cpp:45]   --->   Operation 245 'mul' 'mul_ln45_9' <Predicate = true> <Delay = 6.91> <CoreInst = "Multiplier">   --->   Core 3 'Multiplier' <Latency = 1> <II = 1> <Delay = 6.91> <FuncUnit> <Opcode : 'mul'> <InPorts = 2> <OutPorts = 1>
ST_5 : Operation 246 [2/2] (6.91ns)   --->   "%mul_ln45_10 = mul i32 %B_21_load, i32 %A_21_load" [matrix_mult.cpp:45]   --->   Operation 246 'mul' 'mul_ln45_10' <Predicate = true> <Delay = 6.91> <CoreInst = "Multiplier">   --->   Core 3 'Multiplier' <Latency = 1> <II = 1> <Delay = 6.91> <FuncUnit> <Opcode : 'mul'> <InPorts = 2> <OutPorts = 1>
ST_5 : Operation 247 [2/2] (6.91ns)   --->   "%mul_ln45_11 = mul i32 %B_20_load, i32 %A_20_load" [matrix_mult.cpp:45]   --->   Operation 247 'mul' 'mul_ln45_11' <Predicate = true> <Delay = 6.91> <CoreInst = "Multiplier">   --->   Core 3 'Multiplier' <Latency = 1> <II = 1> <Delay = 6.91> <FuncUnit> <Opcode : 'mul'> <InPorts = 2> <OutPorts = 1>
ST_5 : Operation 248 [2/2] (6.91ns)   --->   "%mul_ln45_12 = mul i32 %B_19_load, i32 %A_19_load" [matrix_mult.cpp:45]   --->   Operation 248 'mul' 'mul_ln45_12' <Predicate = true> <Delay = 6.91> <CoreInst = "Multiplier">   --->   Core 3 'Multiplier' <Latency = 1> <II = 1> <Delay = 6.91> <FuncUnit> <Opcode : 'mul'> <InPorts = 2> <OutPorts = 1>
ST_5 : Operation 249 [2/2] (6.91ns)   --->   "%mul_ln45_13 = mul i32 %B_18_load, i32 %A_18_load" [matrix_mult.cpp:45]   --->   Operation 249 'mul' 'mul_ln45_13' <Predicate = true> <Delay = 6.91> <CoreInst = "Multiplier">   --->   Core 3 'Multiplier' <Latency = 1> <II = 1> <Delay = 6.91> <FuncUnit> <Opcode : 'mul'> <InPorts = 2> <OutPorts = 1>
ST_5 : Operation 250 [2/2] (6.91ns)   --->   "%mul_ln45_14 = mul i32 %B_17_load, i32 %A_17_load" [matrix_mult.cpp:45]   --->   Operation 250 'mul' 'mul_ln45_14' <Predicate = true> <Delay = 6.91> <CoreInst = "Multiplier">   --->   Core 3 'Multiplier' <Latency = 1> <II = 1> <Delay = 6.91> <FuncUnit> <Opcode : 'mul'> <InPorts = 2> <OutPorts = 1>
ST_5 : Operation 251 [2/2] (6.91ns)   --->   "%mul_ln45_15 = mul i32 %B_16_load, i32 %A_16_load" [matrix_mult.cpp:45]   --->   Operation 251 'mul' 'mul_ln45_15' <Predicate = true> <Delay = 6.91> <CoreInst = "Multiplier">   --->   Core 3 'Multiplier' <Latency = 1> <II = 1> <Delay = 6.91> <FuncUnit> <Opcode : 'mul'> <InPorts = 2> <OutPorts = 1>
ST_5 : Operation 252 [2/2] (6.91ns)   --->   "%mul_ln45_16 = mul i32 %B_15_load, i32 %A_15_load" [matrix_mult.cpp:45]   --->   Operation 252 'mul' 'mul_ln45_16' <Predicate = true> <Delay = 6.91> <CoreInst = "Multiplier">   --->   Core 3 'Multiplier' <Latency = 1> <II = 1> <Delay = 6.91> <FuncUnit> <Opcode : 'mul'> <InPorts = 2> <OutPorts = 1>
ST_5 : Operation 253 [2/2] (6.91ns)   --->   "%mul_ln45_17 = mul i32 %B_14_load, i32 %A_14_load" [matrix_mult.cpp:45]   --->   Operation 253 'mul' 'mul_ln45_17' <Predicate = true> <Delay = 6.91> <CoreInst = "Multiplier">   --->   Core 3 'Multiplier' <Latency = 1> <II = 1> <Delay = 6.91> <FuncUnit> <Opcode : 'mul'> <InPorts = 2> <OutPorts = 1>
ST_5 : Operation 254 [2/2] (6.91ns)   --->   "%mul_ln45_18 = mul i32 %B_13_load, i32 %A_13_load" [matrix_mult.cpp:45]   --->   Operation 254 'mul' 'mul_ln45_18' <Predicate = true> <Delay = 6.91> <CoreInst = "Multiplier">   --->   Core 3 'Multiplier' <Latency = 1> <II = 1> <Delay = 6.91> <FuncUnit> <Opcode : 'mul'> <InPorts = 2> <OutPorts = 1>
ST_5 : Operation 255 [2/2] (6.91ns)   --->   "%mul_ln45_19 = mul i32 %B_12_load, i32 %A_12_load" [matrix_mult.cpp:45]   --->   Operation 255 'mul' 'mul_ln45_19' <Predicate = true> <Delay = 6.91> <CoreInst = "Multiplier">   --->   Core 3 'Multiplier' <Latency = 1> <II = 1> <Delay = 6.91> <FuncUnit> <Opcode : 'mul'> <InPorts = 2> <OutPorts = 1>
ST_5 : Operation 256 [2/2] (6.91ns)   --->   "%mul_ln45_24 = mul i32 %B_7_load, i32 %A_7_load" [matrix_mult.cpp:45]   --->   Operation 256 'mul' 'mul_ln45_24' <Predicate = true> <Delay = 6.91> <CoreInst = "Multiplier">   --->   Core 3 'Multiplier' <Latency = 1> <II = 1> <Delay = 6.91> <FuncUnit> <Opcode : 'mul'> <InPorts = 2> <OutPorts = 1>
ST_5 : Operation 257 [2/2] (6.91ns)   --->   "%mul_ln45_25 = mul i32 %B_6_load, i32 %A_6_load" [matrix_mult.cpp:45]   --->   Operation 257 'mul' 'mul_ln45_25' <Predicate = true> <Delay = 6.91> <CoreInst = "Multiplier">   --->   Core 3 'Multiplier' <Latency = 1> <II = 1> <Delay = 6.91> <FuncUnit> <Opcode : 'mul'> <InPorts = 2> <OutPorts = 1>
ST_5 : Operation 258 [2/2] (6.91ns)   --->   "%mul_ln45_26 = mul i32 %B_5_load, i32 %A_5_load" [matrix_mult.cpp:45]   --->   Operation 258 'mul' 'mul_ln45_26' <Predicate = true> <Delay = 6.91> <CoreInst = "Multiplier">   --->   Core 3 'Multiplier' <Latency = 1> <II = 1> <Delay = 6.91> <FuncUnit> <Opcode : 'mul'> <InPorts = 2> <OutPorts = 1>
ST_5 : Operation 259 [2/2] (6.91ns)   --->   "%mul_ln45_27 = mul i32 %B_4_load, i32 %A_4_load" [matrix_mult.cpp:45]   --->   Operation 259 'mul' 'mul_ln45_27' <Predicate = true> <Delay = 6.91> <CoreInst = "Multiplier">   --->   Core 3 'Multiplier' <Latency = 1> <II = 1> <Delay = 6.91> <FuncUnit> <Opcode : 'mul'> <InPorts = 2> <OutPorts = 1>

State 6 <SV = 5> <Delay = 6.92>
ST_6 : Operation 260 [1/2] (6.91ns)   --->   "%mul_ln45_4 = mul i32 %B_27_load, i32 %A_27_load" [matrix_mult.cpp:45]   --->   Operation 260 'mul' 'mul_ln45_4' <Predicate = true> <Delay = 6.91> <CoreInst = "Multiplier">   --->   Core 3 'Multiplier' <Latency = 1> <II = 1> <Delay = 6.91> <FuncUnit> <Opcode : 'mul'> <InPorts = 2> <OutPorts = 1>
ST_6 : Operation 261 [1/2] (6.91ns)   --->   "%mul_ln45_5 = mul i32 %B_26_load, i32 %A_26_load" [matrix_mult.cpp:45]   --->   Operation 261 'mul' 'mul_ln45_5' <Predicate = true> <Delay = 6.91> <CoreInst = "Multiplier">   --->   Core 3 'Multiplier' <Latency = 1> <II = 1> <Delay = 6.91> <FuncUnit> <Opcode : 'mul'> <InPorts = 2> <OutPorts = 1>
ST_6 : Operation 262 [1/2] (6.91ns)   --->   "%mul_ln45_6 = mul i32 %B_25_load, i32 %A_25_load" [matrix_mult.cpp:45]   --->   Operation 262 'mul' 'mul_ln45_6' <Predicate = true> <Delay = 6.91> <CoreInst = "Multiplier">   --->   Core 3 'Multiplier' <Latency = 1> <II = 1> <Delay = 6.91> <FuncUnit> <Opcode : 'mul'> <InPorts = 2> <OutPorts = 1>
ST_6 : Operation 263 [1/2] (6.91ns)   --->   "%mul_ln45_7 = mul i32 %B_24_load, i32 %A_24_load" [matrix_mult.cpp:45]   --->   Operation 263 'mul' 'mul_ln45_7' <Predicate = true> <Delay = 6.91> <CoreInst = "Multiplier">   --->   Core 3 'Multiplier' <Latency = 1> <II = 1> <Delay = 6.91> <FuncUnit> <Opcode : 'mul'> <InPorts = 2> <OutPorts = 1>
ST_6 : Operation 264 [1/2] (6.91ns)   --->   "%mul_ln45_8 = mul i32 %B_23_load, i32 %A_23_load" [matrix_mult.cpp:45]   --->   Operation 264 'mul' 'mul_ln45_8' <Predicate = true> <Delay = 6.91> <CoreInst = "Multiplier">   --->   Core 3 'Multiplier' <Latency = 1> <II = 1> <Delay = 6.91> <FuncUnit> <Opcode : 'mul'> <InPorts = 2> <OutPorts = 1>
ST_6 : Operation 265 [1/2] (6.91ns)   --->   "%mul_ln45_9 = mul i32 %B_22_load, i32 %A_22_load" [matrix_mult.cpp:45]   --->   Operation 265 'mul' 'mul_ln45_9' <Predicate = true> <Delay = 6.91> <CoreInst = "Multiplier">   --->   Core 3 'Multiplier' <Latency = 1> <II = 1> <Delay = 6.91> <FuncUnit> <Opcode : 'mul'> <InPorts = 2> <OutPorts = 1>
ST_6 : Operation 266 [1/2] (6.91ns)   --->   "%mul_ln45_10 = mul i32 %B_21_load, i32 %A_21_load" [matrix_mult.cpp:45]   --->   Operation 266 'mul' 'mul_ln45_10' <Predicate = true> <Delay = 6.91> <CoreInst = "Multiplier">   --->   Core 3 'Multiplier' <Latency = 1> <II = 1> <Delay = 6.91> <FuncUnit> <Opcode : 'mul'> <InPorts = 2> <OutPorts = 1>
ST_6 : Operation 267 [1/2] (6.91ns)   --->   "%mul_ln45_11 = mul i32 %B_20_load, i32 %A_20_load" [matrix_mult.cpp:45]   --->   Operation 267 'mul' 'mul_ln45_11' <Predicate = true> <Delay = 6.91> <CoreInst = "Multiplier">   --->   Core 3 'Multiplier' <Latency = 1> <II = 1> <Delay = 6.91> <FuncUnit> <Opcode : 'mul'> <InPorts = 2> <OutPorts = 1>
ST_6 : Operation 268 [1/2] (6.91ns)   --->   "%mul_ln45_12 = mul i32 %B_19_load, i32 %A_19_load" [matrix_mult.cpp:45]   --->   Operation 268 'mul' 'mul_ln45_12' <Predicate = true> <Delay = 6.91> <CoreInst = "Multiplier">   --->   Core 3 'Multiplier' <Latency = 1> <II = 1> <Delay = 6.91> <FuncUnit> <Opcode : 'mul'> <InPorts = 2> <OutPorts = 1>
ST_6 : Operation 269 [1/2] (6.91ns)   --->   "%mul_ln45_13 = mul i32 %B_18_load, i32 %A_18_load" [matrix_mult.cpp:45]   --->   Operation 269 'mul' 'mul_ln45_13' <Predicate = true> <Delay = 6.91> <CoreInst = "Multiplier">   --->   Core 3 'Multiplier' <Latency = 1> <II = 1> <Delay = 6.91> <FuncUnit> <Opcode : 'mul'> <InPorts = 2> <OutPorts = 1>
ST_6 : Operation 270 [1/2] (6.91ns)   --->   "%mul_ln45_14 = mul i32 %B_17_load, i32 %A_17_load" [matrix_mult.cpp:45]   --->   Operation 270 'mul' 'mul_ln45_14' <Predicate = true> <Delay = 6.91> <CoreInst = "Multiplier">   --->   Core 3 'Multiplier' <Latency = 1> <II = 1> <Delay = 6.91> <FuncUnit> <Opcode : 'mul'> <InPorts = 2> <OutPorts = 1>
ST_6 : Operation 271 [1/2] (6.91ns)   --->   "%mul_ln45_15 = mul i32 %B_16_load, i32 %A_16_load" [matrix_mult.cpp:45]   --->   Operation 271 'mul' 'mul_ln45_15' <Predicate = true> <Delay = 6.91> <CoreInst = "Multiplier">   --->   Core 3 'Multiplier' <Latency = 1> <II = 1> <Delay = 6.91> <FuncUnit> <Opcode : 'mul'> <InPorts = 2> <OutPorts = 1>
ST_6 : Operation 272 [1/2] (6.91ns)   --->   "%mul_ln45_16 = mul i32 %B_15_load, i32 %A_15_load" [matrix_mult.cpp:45]   --->   Operation 272 'mul' 'mul_ln45_16' <Predicate = true> <Delay = 6.91> <CoreInst = "Multiplier">   --->   Core 3 'Multiplier' <Latency = 1> <II = 1> <Delay = 6.91> <FuncUnit> <Opcode : 'mul'> <InPorts = 2> <OutPorts = 1>
ST_6 : Operation 273 [1/2] (6.91ns)   --->   "%mul_ln45_17 = mul i32 %B_14_load, i32 %A_14_load" [matrix_mult.cpp:45]   --->   Operation 273 'mul' 'mul_ln45_17' <Predicate = true> <Delay = 6.91> <CoreInst = "Multiplier">   --->   Core 3 'Multiplier' <Latency = 1> <II = 1> <Delay = 6.91> <FuncUnit> <Opcode : 'mul'> <InPorts = 2> <OutPorts = 1>
ST_6 : Operation 274 [1/2] (6.91ns)   --->   "%mul_ln45_18 = mul i32 %B_13_load, i32 %A_13_load" [matrix_mult.cpp:45]   --->   Operation 274 'mul' 'mul_ln45_18' <Predicate = true> <Delay = 6.91> <CoreInst = "Multiplier">   --->   Core 3 'Multiplier' <Latency = 1> <II = 1> <Delay = 6.91> <FuncUnit> <Opcode : 'mul'> <InPorts = 2> <OutPorts = 1>
ST_6 : Operation 275 [1/2] (6.91ns)   --->   "%mul_ln45_19 = mul i32 %B_12_load, i32 %A_12_load" [matrix_mult.cpp:45]   --->   Operation 275 'mul' 'mul_ln45_19' <Predicate = true> <Delay = 6.91> <CoreInst = "Multiplier">   --->   Core 3 'Multiplier' <Latency = 1> <II = 1> <Delay = 6.91> <FuncUnit> <Opcode : 'mul'> <InPorts = 2> <OutPorts = 1>
ST_6 : Operation 276 [2/2] (6.91ns)   --->   "%mul_ln45_20 = mul i32 %B_11_load, i32 %A_11_load" [matrix_mult.cpp:45]   --->   Operation 276 'mul' 'mul_ln45_20' <Predicate = true> <Delay = 6.91> <CoreInst = "Multiplier">   --->   Core 3 'Multiplier' <Latency = 1> <II = 1> <Delay = 6.91> <FuncUnit> <Opcode : 'mul'> <InPorts = 2> <OutPorts = 1>
ST_6 : Operation 277 [2/2] (6.91ns)   --->   "%mul_ln45_21 = mul i32 %B_10_load, i32 %A_10_load" [matrix_mult.cpp:45]   --->   Operation 277 'mul' 'mul_ln45_21' <Predicate = true> <Delay = 6.91> <CoreInst = "Multiplier">   --->   Core 3 'Multiplier' <Latency = 1> <II = 1> <Delay = 6.91> <FuncUnit> <Opcode : 'mul'> <InPorts = 2> <OutPorts = 1>
ST_6 : Operation 278 [2/2] (6.91ns)   --->   "%mul_ln45_22 = mul i32 %B_9_load, i32 %A_9_load" [matrix_mult.cpp:45]   --->   Operation 278 'mul' 'mul_ln45_22' <Predicate = true> <Delay = 6.91> <CoreInst = "Multiplier">   --->   Core 3 'Multiplier' <Latency = 1> <II = 1> <Delay = 6.91> <FuncUnit> <Opcode : 'mul'> <InPorts = 2> <OutPorts = 1>
ST_6 : Operation 279 [2/2] (6.91ns)   --->   "%mul_ln45_23 = mul i32 %B_8_load, i32 %A_8_load" [matrix_mult.cpp:45]   --->   Operation 279 'mul' 'mul_ln45_23' <Predicate = true> <Delay = 6.91> <CoreInst = "Multiplier">   --->   Core 3 'Multiplier' <Latency = 1> <II = 1> <Delay = 6.91> <FuncUnit> <Opcode : 'mul'> <InPorts = 2> <OutPorts = 1>
ST_6 : Operation 280 [1/2] (6.91ns)   --->   "%mul_ln45_24 = mul i32 %B_7_load, i32 %A_7_load" [matrix_mult.cpp:45]   --->   Operation 280 'mul' 'mul_ln45_24' <Predicate = true> <Delay = 6.91> <CoreInst = "Multiplier">   --->   Core 3 'Multiplier' <Latency = 1> <II = 1> <Delay = 6.91> <FuncUnit> <Opcode : 'mul'> <InPorts = 2> <OutPorts = 1>
ST_6 : Operation 281 [1/2] (6.91ns)   --->   "%mul_ln45_25 = mul i32 %B_6_load, i32 %A_6_load" [matrix_mult.cpp:45]   --->   Operation 281 'mul' 'mul_ln45_25' <Predicate = true> <Delay = 6.91> <CoreInst = "Multiplier">   --->   Core 3 'Multiplier' <Latency = 1> <II = 1> <Delay = 6.91> <FuncUnit> <Opcode : 'mul'> <InPorts = 2> <OutPorts = 1>
ST_6 : Operation 282 [1/2] (6.91ns)   --->   "%mul_ln45_26 = mul i32 %B_5_load, i32 %A_5_load" [matrix_mult.cpp:45]   --->   Operation 282 'mul' 'mul_ln45_26' <Predicate = true> <Delay = 6.91> <CoreInst = "Multiplier">   --->   Core 3 'Multiplier' <Latency = 1> <II = 1> <Delay = 6.91> <FuncUnit> <Opcode : 'mul'> <InPorts = 2> <OutPorts = 1>
ST_6 : Operation 283 [1/2] (6.91ns)   --->   "%mul_ln45_27 = mul i32 %B_4_load, i32 %A_4_load" [matrix_mult.cpp:45]   --->   Operation 283 'mul' 'mul_ln45_27' <Predicate = true> <Delay = 6.91> <CoreInst = "Multiplier">   --->   Core 3 'Multiplier' <Latency = 1> <II = 1> <Delay = 6.91> <FuncUnit> <Opcode : 'mul'> <InPorts = 2> <OutPorts = 1>
ST_6 : Operation 284 [2/2] (6.91ns)   --->   "%mul_ln45_28 = mul i32 %B_3_load, i32 %A_3_load" [matrix_mult.cpp:45]   --->   Operation 284 'mul' 'mul_ln45_28' <Predicate = true> <Delay = 6.91> <CoreInst = "Multiplier">   --->   Core 3 'Multiplier' <Latency = 1> <II = 1> <Delay = 6.91> <FuncUnit> <Opcode : 'mul'> <InPorts = 2> <OutPorts = 1>
ST_6 : Operation 285 [2/2] (6.91ns)   --->   "%mul_ln45_29 = mul i32 %B_2_load, i32 %A_2_load" [matrix_mult.cpp:45]   --->   Operation 285 'mul' 'mul_ln45_29' <Predicate = true> <Delay = 6.91> <CoreInst = "Multiplier">   --->   Core 3 'Multiplier' <Latency = 1> <II = 1> <Delay = 6.91> <FuncUnit> <Opcode : 'mul'> <InPorts = 2> <OutPorts = 1>
ST_6 : Operation 286 [2/2] (6.91ns)   --->   "%mul_ln45_30 = mul i32 %B_load, i32 %A_load" [matrix_mult.cpp:45]   --->   Operation 286 'mul' 'mul_ln45_30' <Predicate = true> <Delay = 6.91> <CoreInst = "Multiplier">   --->   Core 3 'Multiplier' <Latency = 1> <II = 1> <Delay = 6.91> <FuncUnit> <Opcode : 'mul'> <InPorts = 2> <OutPorts = 1>
ST_6 : Operation 287 [2/2] (6.91ns)   --->   "%mul_ln45_31 = mul i32 %B_1_load, i32 %A_1_load" [matrix_mult.cpp:45]   --->   Operation 287 'mul' 'mul_ln45_31' <Predicate = true> <Delay = 6.91> <CoreInst = "Multiplier">   --->   Core 3 'Multiplier' <Latency = 1> <II = 1> <Delay = 6.91> <FuncUnit> <Opcode : 'mul'> <InPorts = 2> <OutPorts = 1>
ST_6 : Operation 288 [1/1] (0.00ns) (grouped into TernaryAdder)   --->   "%add_ln45_25 = add i32 %mul_ln45_3, i32 %mul_ln45_2" [matrix_mult.cpp:45]   --->   Operation 288 'add' 'add_ln45_25' <Predicate = true> <Delay = 0.00> <CoreInst = "TAddSub">   --->   Core 10 'TAddSub' <Latency = 0> <II = 1> <Delay = 2.18> <IPBlock> <Opcode : 'add' 'sub'> <InPorts = 3> <OutPorts = 1> <Sync> <CReg>
ST_6 : Operation 289 [1/1] (2.55ns)   --->   "%add_ln45_26 = add i32 %mul_ln45_1, i32 %mul_ln45" [matrix_mult.cpp:45]   --->   Operation 289 'add' 'add_ln45_26' <Predicate = true> <Delay = 2.55> <CoreInst = "Adder">   --->   Core 1 'Adder' <Latency = 0> <II = 1> <Delay = 2.55> <FuncUnit> <Opcode : 'add' 'sub'> <InPorts = 2> <OutPorts = 1>
ST_6 : Operation 290 [1/1] (4.37ns) (root node of TernaryAdder)   --->   "%add_ln45_27 = add i32 %add_ln45_26, i32 %add_ln45_25" [matrix_mult.cpp:45]   --->   Operation 290 'add' 'add_ln45_27' <Predicate = true> <Delay = 4.37> <CoreInst = "TAddSub">   --->   Core 10 'TAddSub' <Latency = 0> <II = 1> <Delay = 2.18> <IPBlock> <Opcode : 'add' 'sub'> <InPorts = 3> <OutPorts = 1> <Sync> <CReg>

State 7 <SV = 6> <Delay = 6.92>
ST_7 : Operation 291 [1/2] (6.91ns)   --->   "%mul_ln45_20 = mul i32 %B_11_load, i32 %A_11_load" [matrix_mult.cpp:45]   --->   Operation 291 'mul' 'mul_ln45_20' <Predicate = true> <Delay = 6.91> <CoreInst = "Multiplier">   --->   Core 3 'Multiplier' <Latency = 1> <II = 1> <Delay = 6.91> <FuncUnit> <Opcode : 'mul'> <InPorts = 2> <OutPorts = 1>
ST_7 : Operation 292 [1/2] (6.91ns)   --->   "%mul_ln45_21 = mul i32 %B_10_load, i32 %A_10_load" [matrix_mult.cpp:45]   --->   Operation 292 'mul' 'mul_ln45_21' <Predicate = true> <Delay = 6.91> <CoreInst = "Multiplier">   --->   Core 3 'Multiplier' <Latency = 1> <II = 1> <Delay = 6.91> <FuncUnit> <Opcode : 'mul'> <InPorts = 2> <OutPorts = 1>
ST_7 : Operation 293 [1/2] (6.91ns)   --->   "%mul_ln45_22 = mul i32 %B_9_load, i32 %A_9_load" [matrix_mult.cpp:45]   --->   Operation 293 'mul' 'mul_ln45_22' <Predicate = true> <Delay = 6.91> <CoreInst = "Multiplier">   --->   Core 3 'Multiplier' <Latency = 1> <II = 1> <Delay = 6.91> <FuncUnit> <Opcode : 'mul'> <InPorts = 2> <OutPorts = 1>
ST_7 : Operation 294 [1/2] (6.91ns)   --->   "%mul_ln45_23 = mul i32 %B_8_load, i32 %A_8_load" [matrix_mult.cpp:45]   --->   Operation 294 'mul' 'mul_ln45_23' <Predicate = true> <Delay = 6.91> <CoreInst = "Multiplier">   --->   Core 3 'Multiplier' <Latency = 1> <II = 1> <Delay = 6.91> <FuncUnit> <Opcode : 'mul'> <InPorts = 2> <OutPorts = 1>
ST_7 : Operation 295 [1/2] (6.91ns)   --->   "%mul_ln45_28 = mul i32 %B_3_load, i32 %A_3_load" [matrix_mult.cpp:45]   --->   Operation 295 'mul' 'mul_ln45_28' <Predicate = true> <Delay = 6.91> <CoreInst = "Multiplier">   --->   Core 3 'Multiplier' <Latency = 1> <II = 1> <Delay = 6.91> <FuncUnit> <Opcode : 'mul'> <InPorts = 2> <OutPorts = 1>
ST_7 : Operation 296 [1/2] (6.91ns)   --->   "%mul_ln45_29 = mul i32 %B_2_load, i32 %A_2_load" [matrix_mult.cpp:45]   --->   Operation 296 'mul' 'mul_ln45_29' <Predicate = true> <Delay = 6.91> <CoreInst = "Multiplier">   --->   Core 3 'Multiplier' <Latency = 1> <II = 1> <Delay = 6.91> <FuncUnit> <Opcode : 'mul'> <InPorts = 2> <OutPorts = 1>
ST_7 : Operation 297 [1/2] (6.91ns)   --->   "%mul_ln45_30 = mul i32 %B_load, i32 %A_load" [matrix_mult.cpp:45]   --->   Operation 297 'mul' 'mul_ln45_30' <Predicate = true> <Delay = 6.91> <CoreInst = "Multiplier">   --->   Core 3 'Multiplier' <Latency = 1> <II = 1> <Delay = 6.91> <FuncUnit> <Opcode : 'mul'> <InPorts = 2> <OutPorts = 1>
ST_7 : Operation 298 [1/2] (6.91ns)   --->   "%mul_ln45_31 = mul i32 %B_1_load, i32 %A_1_load" [matrix_mult.cpp:45]   --->   Operation 298 'mul' 'mul_ln45_31' <Predicate = true> <Delay = 6.91> <CoreInst = "Multiplier">   --->   Core 3 'Multiplier' <Latency = 1> <II = 1> <Delay = 6.91> <FuncUnit> <Opcode : 'mul'> <InPorts = 2> <OutPorts = 1>
ST_7 : Operation 299 [1/1] (0.00ns) (grouped into TernaryAdder)   --->   "%add_ln45_3 = add i32 %mul_ln45_27, i32 %mul_ln45_26" [matrix_mult.cpp:45]   --->   Operation 299 'add' 'add_ln45_3' <Predicate = true> <Delay = 0.00> <CoreInst = "TAddSub">   --->   Core 10 'TAddSub' <Latency = 0> <II = 1> <Delay = 2.18> <IPBlock> <Opcode : 'add' 'sub'> <InPorts = 3> <OutPorts = 1> <Sync> <CReg>
ST_7 : Operation 300 [1/1] (2.55ns)   --->   "%add_ln45_4 = add i32 %mul_ln45_25, i32 %mul_ln45_24" [matrix_mult.cpp:45]   --->   Operation 300 'add' 'add_ln45_4' <Predicate = true> <Delay = 2.55> <CoreInst = "Adder">   --->   Core 1 'Adder' <Latency = 0> <II = 1> <Delay = 2.55> <FuncUnit> <Opcode : 'add' 'sub'> <InPorts = 2> <OutPorts = 1>
ST_7 : Operation 301 [1/1] (4.37ns) (root node of TernaryAdder)   --->   "%add_ln45_5 = add i32 %add_ln45_4, i32 %add_ln45_3" [matrix_mult.cpp:45]   --->   Operation 301 'add' 'add_ln45_5' <Predicate = true> <Delay = 4.37> <CoreInst = "TAddSub">   --->   Core 10 'TAddSub' <Latency = 0> <II = 1> <Delay = 2.18> <IPBlock> <Opcode : 'add' 'sub'> <InPorts = 3> <OutPorts = 1> <Sync> <CReg>
ST_7 : Operation 302 [1/1] (0.00ns) (grouped into TernaryAdder)   --->   "%add_ln45_10 = add i32 %mul_ln45_19, i32 %mul_ln45_18" [matrix_mult.cpp:45]   --->   Operation 302 'add' 'add_ln45_10' <Predicate = true> <Delay = 0.00> <CoreInst = "TAddSub">   --->   Core 10 'TAddSub' <Latency = 0> <II = 1> <Delay = 2.18> <IPBlock> <Opcode : 'add' 'sub'> <InPorts = 3> <OutPorts = 1> <Sync> <CReg>
ST_7 : Operation 303 [1/1] (2.55ns)   --->   "%add_ln45_11 = add i32 %mul_ln45_17, i32 %mul_ln45_16" [matrix_mult.cpp:45]   --->   Operation 303 'add' 'add_ln45_11' <Predicate = true> <Delay = 2.55> <CoreInst = "Adder">   --->   Core 1 'Adder' <Latency = 0> <II = 1> <Delay = 2.55> <FuncUnit> <Opcode : 'add' 'sub'> <InPorts = 2> <OutPorts = 1>
ST_7 : Operation 304 [1/1] (4.37ns) (root node of TernaryAdder)   --->   "%add_ln45_12 = add i32 %add_ln45_11, i32 %add_ln45_10" [matrix_mult.cpp:45]   --->   Operation 304 'add' 'add_ln45_12' <Predicate = true> <Delay = 4.37> <CoreInst = "TAddSub">   --->   Core 10 'TAddSub' <Latency = 0> <II = 1> <Delay = 2.18> <IPBlock> <Opcode : 'add' 'sub'> <InPorts = 3> <OutPorts = 1> <Sync> <CReg>
ST_7 : Operation 305 [1/1] (0.00ns) (grouped into TernaryAdder)   --->   "%add_ln45_15 = add i32 %mul_ln45_15, i32 %mul_ln45_14" [matrix_mult.cpp:45]   --->   Operation 305 'add' 'add_ln45_15' <Predicate = true> <Delay = 0.00> <CoreInst = "TAddSub">   --->   Core 10 'TAddSub' <Latency = 0> <II = 1> <Delay = 2.18> <IPBlock> <Opcode : 'add' 'sub'> <InPorts = 3> <OutPorts = 1> <Sync> <CReg>
ST_7 : Operation 306 [1/1] (2.55ns)   --->   "%add_ln45_16 = add i32 %mul_ln45_13, i32 %mul_ln45_12" [matrix_mult.cpp:45]   --->   Operation 306 'add' 'add_ln45_16' <Predicate = true> <Delay = 2.55> <CoreInst = "Adder">   --->   Core 1 'Adder' <Latency = 0> <II = 1> <Delay = 2.55> <FuncUnit> <Opcode : 'add' 'sub'> <InPorts = 2> <OutPorts = 1>
ST_7 : Operation 307 [1/1] (4.37ns) (root node of TernaryAdder)   --->   "%add_ln45_17 = add i32 %add_ln45_16, i32 %add_ln45_15" [matrix_mult.cpp:45]   --->   Operation 307 'add' 'add_ln45_17' <Predicate = true> <Delay = 4.37> <CoreInst = "TAddSub">   --->   Core 10 'TAddSub' <Latency = 0> <II = 1> <Delay = 2.18> <IPBlock> <Opcode : 'add' 'sub'> <InPorts = 3> <OutPorts = 1> <Sync> <CReg>
ST_7 : Operation 308 [1/1] (0.00ns) (grouped into TernaryAdder)   --->   "%add_ln45_18 = add i32 %mul_ln45_11, i32 %mul_ln45_10" [matrix_mult.cpp:45]   --->   Operation 308 'add' 'add_ln45_18' <Predicate = true> <Delay = 0.00> <CoreInst = "TAddSub">   --->   Core 10 'TAddSub' <Latency = 0> <II = 1> <Delay = 2.18> <IPBlock> <Opcode : 'add' 'sub'> <InPorts = 3> <OutPorts = 1> <Sync> <CReg>
ST_7 : Operation 309 [1/1] (2.55ns)   --->   "%add_ln45_19 = add i32 %mul_ln45_9, i32 %mul_ln45_8" [matrix_mult.cpp:45]   --->   Operation 309 'add' 'add_ln45_19' <Predicate = true> <Delay = 2.55> <CoreInst = "Adder">   --->   Core 1 'Adder' <Latency = 0> <II = 1> <Delay = 2.55> <FuncUnit> <Opcode : 'add' 'sub'> <InPorts = 2> <OutPorts = 1>
ST_7 : Operation 310 [1/1] (4.37ns) (root node of TernaryAdder)   --->   "%add_ln45_20 = add i32 %add_ln45_19, i32 %add_ln45_18" [matrix_mult.cpp:45]   --->   Operation 310 'add' 'add_ln45_20' <Predicate = true> <Delay = 4.37> <CoreInst = "TAddSub">   --->   Core 10 'TAddSub' <Latency = 0> <II = 1> <Delay = 2.18> <IPBlock> <Opcode : 'add' 'sub'> <InPorts = 3> <OutPorts = 1> <Sync> <CReg>
ST_7 : Operation 311 [1/1] (2.55ns)   --->   "%add_ln45_22 = add i32 %mul_ln45_7, i32 %mul_ln45_6" [matrix_mult.cpp:45]   --->   Operation 311 'add' 'add_ln45_22' <Predicate = true> <Delay = 2.55> <CoreInst = "Adder">   --->   Core 1 'Adder' <Latency = 0> <II = 1> <Delay = 2.55> <FuncUnit> <Opcode : 'add' 'sub'> <InPorts = 2> <OutPorts = 1>
ST_7 : Operation 312 [1/1] (2.55ns)   --->   "%add_ln45_23 = add i32 %mul_ln45_5, i32 %mul_ln45_4" [matrix_mult.cpp:45]   --->   Operation 312 'add' 'add_ln45_23' <Predicate = true> <Delay = 2.55> <CoreInst = "Adder">   --->   Core 1 'Adder' <Latency = 0> <II = 1> <Delay = 2.55> <FuncUnit> <Opcode : 'add' 'sub'> <InPorts = 2> <OutPorts = 1>
ST_7 : Operation 313 [1/1] (0.00ns) (grouped into TernaryAdder)   --->   "%add_ln45_24 = add i32 %add_ln45_23, i32 %add_ln45_22" [matrix_mult.cpp:45]   --->   Operation 313 'add' 'add_ln45_24' <Predicate = true> <Delay = 0.00> <CoreInst = "TAddSub">   --->   Core 10 'TAddSub' <Latency = 0> <II = 1> <Delay = 2.18> <IPBlock> <Opcode : 'add' 'sub'> <InPorts = 3> <OutPorts = 1> <Sync> <CReg>
ST_7 : Operation 314 [1/1] (4.37ns) (root node of TernaryAdder)   --->   "%add_ln45_28 = add i32 %add_ln45_27, i32 %add_ln45_24" [matrix_mult.cpp:45]   --->   Operation 314 'add' 'add_ln45_28' <Predicate = true> <Delay = 4.37> <CoreInst = "TAddSub">   --->   Core 10 'TAddSub' <Latency = 0> <II = 1> <Delay = 2.18> <IPBlock> <Opcode : 'add' 'sub'> <InPorts = 3> <OutPorts = 1> <Sync> <CReg>

State 8 <SV = 7> <Delay = 6.92>
ST_8 : Operation 315 [1/1] (2.55ns)   --->   "%add_ln45 = add i32 %mul_ln45_31, i32 %mul_ln45_30" [matrix_mult.cpp:45]   --->   Operation 315 'add' 'add_ln45' <Predicate = true> <Delay = 2.55> <CoreInst = "Adder">   --->   Core 1 'Adder' <Latency = 0> <II = 1> <Delay = 2.55> <FuncUnit> <Opcode : 'add' 'sub'> <InPorts = 2> <OutPorts = 1>
ST_8 : Operation 316 [1/1] (2.55ns)   --->   "%add_ln45_1 = add i32 %mul_ln45_29, i32 %mul_ln45_28" [matrix_mult.cpp:45]   --->   Operation 316 'add' 'add_ln45_1' <Predicate = true> <Delay = 2.55> <CoreInst = "Adder">   --->   Core 1 'Adder' <Latency = 0> <II = 1> <Delay = 2.55> <FuncUnit> <Opcode : 'add' 'sub'> <InPorts = 2> <OutPorts = 1>
ST_8 : Operation 317 [1/1] (0.00ns) (grouped into TernaryAdder)   --->   "%add_ln45_2 = add i32 %add_ln45_1, i32 %add_ln45" [matrix_mult.cpp:45]   --->   Operation 317 'add' 'add_ln45_2' <Predicate = true> <Delay = 0.00> <CoreInst = "TAddSub">   --->   Core 10 'TAddSub' <Latency = 0> <II = 1> <Delay = 2.18> <IPBlock> <Opcode : 'add' 'sub'> <InPorts = 3> <OutPorts = 1> <Sync> <CReg>
ST_8 : Operation 318 [1/1] (4.37ns) (root node of TernaryAdder)   --->   "%add_ln45_6 = add i32 %add_ln45_5, i32 %add_ln45_2" [matrix_mult.cpp:45]   --->   Operation 318 'add' 'add_ln45_6' <Predicate = true> <Delay = 4.37> <CoreInst = "TAddSub">   --->   Core 10 'TAddSub' <Latency = 0> <II = 1> <Delay = 2.18> <IPBlock> <Opcode : 'add' 'sub'> <InPorts = 3> <OutPorts = 1> <Sync> <CReg>
ST_8 : Operation 319 [1/1] (2.55ns)   --->   "%add_ln45_7 = add i32 %mul_ln45_23, i32 %mul_ln45_22" [matrix_mult.cpp:45]   --->   Operation 319 'add' 'add_ln45_7' <Predicate = true> <Delay = 2.55> <CoreInst = "Adder">   --->   Core 1 'Adder' <Latency = 0> <II = 1> <Delay = 2.55> <FuncUnit> <Opcode : 'add' 'sub'> <InPorts = 2> <OutPorts = 1>
ST_8 : Operation 320 [1/1] (2.55ns)   --->   "%add_ln45_8 = add i32 %mul_ln45_21, i32 %mul_ln45_20" [matrix_mult.cpp:45]   --->   Operation 320 'add' 'add_ln45_8' <Predicate = true> <Delay = 2.55> <CoreInst = "Adder">   --->   Core 1 'Adder' <Latency = 0> <II = 1> <Delay = 2.55> <FuncUnit> <Opcode : 'add' 'sub'> <InPorts = 2> <OutPorts = 1>
ST_8 : Operation 321 [1/1] (0.00ns) (grouped into TernaryAdder)   --->   "%add_ln45_9 = add i32 %add_ln45_8, i32 %add_ln45_7" [matrix_mult.cpp:45]   --->   Operation 321 'add' 'add_ln45_9' <Predicate = true> <Delay = 0.00> <CoreInst = "TAddSub">   --->   Core 10 'TAddSub' <Latency = 0> <II = 1> <Delay = 2.18> <IPBlock> <Opcode : 'add' 'sub'> <InPorts = 3> <OutPorts = 1> <Sync> <CReg>
ST_8 : Operation 322 [1/1] (4.37ns) (root node of TernaryAdder)   --->   "%add_ln45_13 = add i32 %add_ln45_12, i32 %add_ln45_9" [matrix_mult.cpp:45]   --->   Operation 322 'add' 'add_ln45_13' <Predicate = true> <Delay = 4.37> <CoreInst = "TAddSub">   --->   Core 10 'TAddSub' <Latency = 0> <II = 1> <Delay = 2.18> <IPBlock> <Opcode : 'add' 'sub'> <InPorts = 3> <OutPorts = 1> <Sync> <CReg>
ST_8 : Operation 323 [1/1] (0.00ns) (grouped into TernaryAdder)   --->   "%add_ln45_21 = add i32 %add_ln45_20, i32 %add_ln45_17" [matrix_mult.cpp:45]   --->   Operation 323 'add' 'add_ln45_21' <Predicate = true> <Delay = 0.00> <CoreInst = "TAddSub">   --->   Core 10 'TAddSub' <Latency = 0> <II = 1> <Delay = 2.18> <IPBlock> <Opcode : 'add' 'sub'> <InPorts = 3> <OutPorts = 1> <Sync> <CReg>
ST_8 : Operation 324 [1/1] (4.37ns) (root node of TernaryAdder)   --->   "%add_ln45_29 = add i32 %add_ln45_28, i32 %add_ln45_21" [matrix_mult.cpp:45]   --->   Operation 324 'add' 'add_ln45_29' <Predicate = true> <Delay = 4.37> <CoreInst = "TAddSub">   --->   Core 10 'TAddSub' <Latency = 0> <II = 1> <Delay = 2.18> <IPBlock> <Opcode : 'add' 'sub'> <InPorts = 3> <OutPorts = 1> <Sync> <CReg>

State 9 <SV = 8> <Delay = 4.37>
ST_9 : Operation 325 [1/1] (0.00ns) (grouped into TernaryAdder)   --->   "%add_ln45_14 = add i32 %add_ln45_13, i32 %add_ln45_6" [matrix_mult.cpp:45]   --->   Operation 325 'add' 'add_ln45_14' <Predicate = true> <Delay = 0.00> <CoreInst = "TAddSub">   --->   Core 10 'TAddSub' <Latency = 0> <II = 1> <Delay = 2.18> <IPBlock> <Opcode : 'add' 'sub'> <InPorts = 3> <OutPorts = 1> <Sync> <CReg>
ST_9 : Operation 326 [1/1] (4.37ns) (root node of TernaryAdder)   --->   "%sum = add i32 %add_ln45_29, i32 %add_ln45_14" [matrix_mult.cpp:45]   --->   Operation 326 'add' 'sum' <Predicate = true> <Delay = 4.37> <CoreInst = "TAddSub">   --->   Core 10 'TAddSub' <Latency = 0> <II = 1> <Delay = 2.18> <IPBlock> <Opcode : 'add' 'sub'> <InPorts = 3> <OutPorts = 1> <Sync> <CReg>
ST_9 : Operation 334 [1/1] (1.58ns)   --->   "%ret_ln0 = ret"   --->   Operation 334 'ret' 'ret_ln0' <Predicate = (icmp_ln39)> <Delay = 1.58>

State 10 <SV = 9> <Delay = 3.25>
ST_10 : Operation 327 [1/1] (0.00ns)   --->   "%specloopname_ln0 = specloopname void @_ssdm_op_SpecLoopName, void @VITIS_LOOP_39_5_VITIS_LOOP_40_6_str"   --->   Operation 327 'specloopname' 'specloopname_ln0' <Predicate = true> <Delay = 0.00>
ST_10 : Operation 328 [1/1] (0.00ns)   --->   "%speclooptripcount_ln0 = speclooptripcount void @_ssdm_op_SpecLoopTripCount, i64 1024, i64 1024, i64 1024"   --->   Operation 328 'speclooptripcount' 'speclooptripcount_ln0' <Predicate = true> <Delay = 0.00>
ST_10 : Operation 329 [1/1] (0.00ns)   --->   "%zext_ln47_1 = zext i10 %add_ln47" [matrix_mult.cpp:47]   --->   Operation 329 'zext' 'zext_ln47_1' <Predicate = true> <Delay = 0.00>
ST_10 : Operation 330 [1/1] (0.00ns)   --->   "%C_addr = getelementptr i32 %C, i64 0, i64 %zext_ln47_1" [matrix_mult.cpp:47]   --->   Operation 330 'getelementptr' 'C_addr' <Predicate = true> <Delay = 0.00>
ST_10 : Operation 331 [1/1] (0.00ns)   --->   "%specpipeline_ln41 = specpipeline void @_ssdm_op_SpecPipeline, i32 4294967295, i32 0, i32 0, i32 0, i32 4294967295, void @empty_1" [matrix_mult.cpp:41]   --->   Operation 331 'specpipeline' 'specpipeline_ln41' <Predicate = true> <Delay = 0.00>
ST_10 : Operation 332 [1/1] ( I:3.25ns O:3.25ns )   --->   "%store_ln47 = store i32 %sum, i10 %C_addr" [matrix_mult.cpp:47]   --->   Operation 332 'store' 'store_ln47' <Predicate = true> <Delay = 3.25> <CoreInst = "RAM">   --->   Core 81 'RAM' <Latency = 1> <II = 1> <Delay = 3.25> <Storage> <Opcode : 'load' 'store'> <Ports = 2> <Width = 32> <Depth = 1024> <RAM>
ST_10 : Operation 333 [1/1] (0.00ns)   --->   "%br_ln40 = br void %VITIS_LOOP_43_7" [matrix_mult.cpp:40]   --->   Operation 333 'br' 'br_ln40' <Predicate = true> <Delay = 0.00>


============================================================
+ Verbose Summary: Timing violations
============================================================
Target clock period: 10.000ns, clock uncertainty: 2.700ns.

 <State 1>: 4.815ns
The critical path consists of the following:
	'store' operation ('store_ln0') of constant 0 11 bit on local variable 'indvar_flatten13' [69]  (1.588 ns)
	'load' operation 11 bit ('indvar_flatten13_load', matrix_mult.cpp:39) on local variable 'indvar_flatten13' [74]  (0.000 ns)
	'icmp' operation 1 bit ('icmp_ln39', matrix_mult.cpp:39) [75]  (1.639 ns)
	'store' operation ('store_ln39', matrix_mult.cpp:39) of variable 'add_ln39_1', matrix_mult.cpp:39 11 bit on local variable 'indvar_flatten13' [289]  (1.588 ns)

 <State 2>: 6.426ns
The critical path consists of the following:
	'load' operation 6 bit ('j_load', matrix_mult.cpp:40) on local variable 'j', matrix_mult.cpp:40 [79]  (0.000 ns)
	'icmp' operation 1 bit ('icmp_ln40', matrix_mult.cpp:40) [84]  (1.825 ns)
	'select' operation 6 bit ('select_ln39', matrix_mult.cpp:39) [85]  (1.188 ns)
	'add' operation 6 bit ('add_ln40', matrix_mult.cpp:40) [288]  (1.825 ns)
	'store' operation ('store_ln40', matrix_mult.cpp:40) of variable 'add_ln40', matrix_mult.cpp:40 6 bit on local variable 'j', matrix_mult.cpp:40 [291]  (1.588 ns)

 <State 3>: 3.254ns
The critical path consists of the following:
	'getelementptr' operation 5 bit ('A_4_addr', matrix_mult.cpp:45) [98]  (0.000 ns)
	'load' operation 32 bit ('A_4_load', matrix_mult.cpp:45) on array 'A_4' [99]  (3.254 ns)

 <State 4>: 6.912ns
The critical path consists of the following:
	'mul' operation 32 bit ('mul_ln45', matrix_mult.cpp:45) [224]  (6.912 ns)

 <State 5>: 6.912ns
The critical path consists of the following:
	'mul' operation 32 bit ('mul_ln45', matrix_mult.cpp:45) [224]  (6.912 ns)

 <State 6>: 6.923ns
The critical path consists of the following:
	'add' operation 32 bit ('add_ln45_26', matrix_mult.cpp:45) [282]  (2.552 ns)
	'add' operation 32 bit ('add_ln45_27', matrix_mult.cpp:45) [283]  (4.371 ns)

 <State 7>: 6.923ns
The critical path consists of the following:
	'add' operation 32 bit ('add_ln45_4', matrix_mult.cpp:45) [260]  (2.552 ns)
	'add' operation 32 bit ('add_ln45_5', matrix_mult.cpp:45) [261]  (4.371 ns)

 <State 8>: 6.923ns
The critical path consists of the following:
	'add' operation 32 bit ('add_ln45', matrix_mult.cpp:45) [256]  (2.552 ns)
	'add' operation 32 bit ('add_ln45_2', matrix_mult.cpp:45) [258]  (0.000 ns)
	'add' operation 32 bit ('add_ln45_6', matrix_mult.cpp:45) [262]  (4.371 ns)

 <State 9>: 4.371ns
The critical path consists of the following:
	'add' operation 32 bit ('add_ln45_14', matrix_mult.cpp:45) [270]  (0.000 ns)
	'add' operation 32 bit ('sum', matrix_mult.cpp:45) [286]  (4.371 ns)

 <State 10>: 3.254ns
The critical path consists of the following:
	'getelementptr' operation 10 bit ('C_addr', matrix_mult.cpp:47) [158]  (0.000 ns)
	'store' operation ('store_ln47', matrix_mult.cpp:47) of variable 'sum', matrix_mult.cpp:45 32 bit on array 'C' [287]  (3.254 ns)


============================================================
+ Verbose Summary: Binding
============================================================
N/A
* FSMD analyzer results:
  - Output states:
 - Input state : 
  - Chain level:
	State 1
	State 2
	State 3
	State 4
	State 5
	State 6
	State 7
	State 8
	State 9
	State 10


============================================================
+ Verbose Summary: Datapath Resource usage 
============================================================
N/A
