

================================================================
== Vitis HLS Report for 'matrix_mult_Pipeline_VITIS_LOOP_23_1_VITIS_LOOP_24_2'
================================================================
* Date:           Sun Apr 12 22:06:24 2026

* Version:        2025.2 (Build 6295257 on Nov 14 2025)
* Project:        matrix_hls
* Solution:       hls (Vivado IP Flow Target)
* Product family: zynq
* Target device:  xc7z010-clg400-1


================================================================
== Performance Estimates
================================================================
+ Timing: 
    * Summary: 
    +--------+----------+----------+------------+
    |  Clock |  Target  | Estimated| Uncertainty|
    +--------+----------+----------+------------+
    |ap_clk  |  10.00 ns|  6.426 ns|     2.70 ns|
    +--------+----------+----------+------------+

+ Latency: 
    * Summary: 
    +---------+---------+-----------+-----------+-----+-----+-------------------+
    |  Latency (cycles) |   Latency (absolute)  |  Interval |      Pipeline     |
    |   min   |   max   |    min    |    max    | min | max |        Type       |
    +---------+---------+-----------+-----------+-----+-----+-------------------+
    |     1027|     1027|  10.270 us|  10.270 us|    0|    0|  loop pipeline stp|
    +---------+---------+-----------+-----------+-----+-----+-------------------+

    + Detail: 
        * Instance: 
        N/A

        * Loop: 
        +-----------------------------------+---------+---------+----------+-----------+-----------+------+----------+
        |                                   |  Latency (cycles) | Iteration|  Initiation Interval  | Trip |          |
        |             Loop Name             |   min   |   max   |  Latency |  achieved |   target  | Count| Pipelined|
        +-----------------------------------+---------+---------+----------+-----------+-----------+------+----------+
        |- VITIS_LOOP_23_1_VITIS_LOOP_24_2  |     1025|     1025|         3|          1|          1|  1024|       yes|
        +-----------------------------------+---------+---------+----------+-----------+-----------+------+----------+

============================================================
+ Verbose Summary: Synthesis Manager
============================================================
InlineROM: 1
ExposeGlobal: 0
============================================================
+ Verbose Summary: CDFG Model
============================================================
IsTopModel: 0
ResetActiveHigh: 1
IsCombinational: 0
IsDatapathOnly: 0
HasWiredReturn: 1
HasMFsm: 2
HasVarLatency: 1
IsPipeline: 0
IsRtlPipelined: 0
IsInstanceOverlapped: 0
IsDontTouch: 0
HasImplIP: 0
IsGatedGlobalClock: 0

+ Individual pipeline summary: 
  * Pipeline-0: initiation interval (II) = 1, depth = 3


============================================================
+ Verbose Summary: Schedule
============================================================
* Number of FSM states : 3
* Pipeline : 1
  Pipeline-0 : II = 1, D = 3, States = { 1 2 3 }
* Dataflow Pipeline: 0

* FSM state transitions: 
1 --> 2 
2 --> 3 
3 --> 

* FSM state operations: 

State 1 <SV = 0> <Delay = 4.81>
ST_1 : Operation 6 [1/1] (0.00ns)   --->   "%j = alloca i32 1" [matrix_mult.cpp:24]   --->   Operation 6 'alloca' 'j' <Predicate = true> <Delay = 0.00>
ST_1 : Operation 7 [1/1] (0.00ns)   --->   "%i = alloca i32 1" [matrix_mult.cpp:23]   --->   Operation 7 'alloca' 'i' <Predicate = true> <Delay = 0.00>
ST_1 : Operation 8 [1/1] (0.00ns)   --->   "%indvar_flatten = alloca i32 1"   --->   Operation 8 'alloca' 'indvar_flatten' <Predicate = true> <Delay = 0.00>
ST_1 : Operation 9 [1/1] (0.00ns)   --->   "%specaxissidechannel_ln0 = specaxissidechannel void @_ssdm_op_SpecAXISSideChannel, i32 %in_stream_V_data_V, i4 %in_stream_V_keep_V, i4 %in_stream_V_strb_V, i1 %in_stream_V_user_V, i1 %in_stream_V_last_V, i1 %in_stream_V_id_V, i1 %in_stream_V_dest_V, void @empty_5"   --->   Operation 9 'specaxissidechannel' 'specaxissidechannel_ln0' <Predicate = true> <Delay = 0.00>
ST_1 : Operation 10 [1/1] (0.00ns)   --->   "%specinterface_ln0 = specinterface void @_ssdm_op_SpecInterface, i1 %in_stream_V_dest_V, void @empty, i32 0, i32 0, void @empty_0, i32 0, i32 0, void @empty_1, void @empty_1, void @empty_1, i32 0, i32 0, i32 0, i32 0, void @empty_1, void @empty_1, i32 4294967295, i32 0, i32 0, i32 0"   --->   Operation 10 'specinterface' 'specinterface_ln0' <Predicate = true> <Delay = 0.00>
ST_1 : Operation 11 [1/1] (0.00ns)   --->   "%specinterface_ln0 = specinterface void @_ssdm_op_SpecInterface, i1 %in_stream_V_id_V, void @empty, i32 0, i32 0, void @empty_0, i32 0, i32 0, void @empty_1, void @empty_1, void @empty_1, i32 0, i32 0, i32 0, i32 0, void @empty_1, void @empty_1, i32 4294967295, i32 0, i32 0, i32 0"   --->   Operation 11 'specinterface' 'specinterface_ln0' <Predicate = true> <Delay = 0.00>
ST_1 : Operation 12 [1/1] (0.00ns)   --->   "%specinterface_ln0 = specinterface void @_ssdm_op_SpecInterface, i1 %in_stream_V_last_V, void @empty, i32 0, i32 0, void @empty_0, i32 0, i32 0, void @empty_1, void @empty_1, void @empty_1, i32 0, i32 0, i32 0, i32 0, void @empty_1, void @empty_1, i32 4294967295, i32 0, i32 0, i32 0"   --->   Operation 12 'specinterface' 'specinterface_ln0' <Predicate = true> <Delay = 0.00>
ST_1 : Operation 13 [1/1] (0.00ns)   --->   "%specinterface_ln0 = specinterface void @_ssdm_op_SpecInterface, i1 %in_stream_V_user_V, void @empty, i32 0, i32 0, void @empty_0, i32 0, i32 0, void @empty_1, void @empty_1, void @empty_1, i32 0, i32 0, i32 0, i32 0, void @empty_1, void @empty_1, i32 4294967295, i32 0, i32 0, i32 0"   --->   Operation 13 'specinterface' 'specinterface_ln0' <Predicate = true> <Delay = 0.00>
ST_1 : Operation 14 [1/1] (0.00ns)   --->   "%specinterface_ln0 = specinterface void @_ssdm_op_SpecInterface, i4 %in_stream_V_strb_V, void @empty, i32 0, i32 0, void @empty_0, i32 0, i32 0, void @empty_1, void @empty_1, void @empty_1, i32 0, i32 0, i32 0, i32 0, void @empty_1, void @empty_1, i32 4294967295, i32 0, i32 0, i32 0"   --->   Operation 14 'specinterface' 'specinterface_ln0' <Predicate = true> <Delay = 0.00>
ST_1 : Operation 15 [1/1] (0.00ns)   --->   "%specinterface_ln0 = specinterface void @_ssdm_op_SpecInterface, i4 %in_stream_V_keep_V, void @empty, i32 0, i32 0, void @empty_0, i32 0, i32 0, void @empty_1, void @empty_1, void @empty_1, i32 0, i32 0, i32 0, i32 0, void @empty_1, void @empty_1, i32 4294967295, i32 0, i32 0, i32 0"   --->   Operation 15 'specinterface' 'specinterface_ln0' <Predicate = true> <Delay = 0.00>
ST_1 : Operation 16 [1/1] (0.00ns)   --->   "%specinterface_ln0 = specinterface void @_ssdm_op_SpecInterface, i32 %in_stream_V_data_V, void @empty, i32 0, i32 0, void @empty_0, i32 0, i32 0, void @empty_1, void @empty_1, void @empty_1, i32 0, i32 0, i32 0, i32 0, void @empty_1, void @empty_1, i32 4294967295, i32 0, i32 0, i32 0"   --->   Operation 16 'specinterface' 'specinterface_ln0' <Predicate = true> <Delay = 0.00>
ST_1 : Operation 17 [1/1] (1.58ns)   --->   "%store_ln0 = store i11 0, i11 %indvar_flatten"   --->   Operation 17 'store' 'store_ln0' <Predicate = true> <Delay = 1.58>
ST_1 : Operation 18 [1/1] (1.58ns)   --->   "%store_ln23 = store i6 0, i6 %i" [matrix_mult.cpp:23]   --->   Operation 18 'store' 'store_ln23' <Predicate = true> <Delay = 1.58>
ST_1 : Operation 19 [1/1] (1.58ns)   --->   "%store_ln24 = store i6 0, i6 %j" [matrix_mult.cpp:24]   --->   Operation 19 'store' 'store_ln24' <Predicate = true> <Delay = 1.58>
ST_1 : Operation 20 [1/1] (0.00ns)   --->   "%br_ln23 = br void %for.inc" [matrix_mult.cpp:23]   --->   Operation 20 'br' 'br_ln23' <Predicate = true> <Delay = 0.00>
ST_1 : Operation 21 [1/1] (0.00ns)   --->   "%indvar_flatten_load = load i11 %indvar_flatten" [matrix_mult.cpp:23]   --->   Operation 21 'load' 'indvar_flatten_load' <Predicate = true> <Delay = 0.00>
ST_1 : Operation 22 [1/1] (1.63ns)   --->   "%icmp_ln23 = icmp_eq  i11 %indvar_flatten_load, i11 1024" [matrix_mult.cpp:23]   --->   Operation 22 'icmp' 'icmp_ln23' <Predicate = true> <Delay = 1.63> <CoreInst = "Cmp">   --->   Core 9 'Cmp' <Latency = 0> <II = 1> <Delay = 1.63> <FuncUnit> <Opcode : 'seteq' 'setne' 'setle' 'setge' 'setlt' 'setgt'> <InPorts = 2> <OutPorts = 1>
ST_1 : Operation 23 [1/1] (1.63ns)   --->   "%add_ln23_1 = add i11 %indvar_flatten_load, i11 1" [matrix_mult.cpp:23]   --->   Operation 23 'add' 'add_ln23_1' <Predicate = true> <Delay = 1.63> <CoreInst = "Adder">   --->   Core 1 'Adder' <Latency = 0> <II = 1> <Delay = 1.63> <FuncUnit> <Opcode : 'add' 'sub'> <InPorts = 2> <OutPorts = 1>
ST_1 : Operation 24 [1/1] (0.00ns)   --->   "%br_ln23 = br i1 %icmp_ln23, void %for.inc7, void %for.inc28.preheader.exitStub" [matrix_mult.cpp:23]   --->   Operation 24 'br' 'br_ln23' <Predicate = true> <Delay = 0.00>
ST_1 : Operation 25 [1/1] (1.58ns)   --->   "%store_ln23 = store i11 %add_ln23_1, i11 %indvar_flatten" [matrix_mult.cpp:23]   --->   Operation 25 'store' 'store_ln23' <Predicate = (!icmp_ln23)> <Delay = 1.58>

State 2 <SV = 1> <Delay = 6.42>
ST_2 : Operation 26 [1/1] (0.00ns)   --->   "%j_load = load i6 %j" [matrix_mult.cpp:24]   --->   Operation 26 'load' 'j_load' <Predicate = true> <Delay = 0.00>
ST_2 : Operation 27 [1/1] (1.82ns)   --->   "%icmp_ln24 = icmp_eq  i6 %j_load, i6 32" [matrix_mult.cpp:24]   --->   Operation 27 'icmp' 'icmp_ln24' <Predicate = true> <Delay = 1.82> <CoreInst = "Cmp">   --->   Core 9 'Cmp' <Latency = 0> <II = 1> <Delay = 1.82> <FuncUnit> <Opcode : 'seteq' 'setne' 'setle' 'setge' 'setlt' 'setgt'> <InPorts = 2> <OutPorts = 1>
ST_2 : Operation 28 [1/1] (1.18ns)   --->   "%select_ln23 = select i1 %icmp_ln24, i6 0, i6 %j_load" [matrix_mult.cpp:23]   --->   Operation 28 'select' 'select_ln23' <Predicate = true> <Delay = 1.18> <CoreInst = "Sel">   --->   Core 73 'Sel' <Latency = 0> <II = 1> <Delay = 1.18> <FuncUnit> <Opcode : 'select'> <InPorts = 3> <OutPorts = 1>
ST_2 : Operation 29 [1/1] (0.00ns)   --->   "%trunc_ln24 = trunc i6 %select_ln23" [matrix_mult.cpp:24]   --->   Operation 29 'trunc' 'trunc_ln24' <Predicate = true> <Delay = 0.00>
ST_2 : Operation 30 [1/1] (1.78ns)   --->   "%switch_ln26 = switch i5 %trunc_ln24, void %arrayidx66.case.31, i5 0, void %arrayidx66.case.0, i5 1, void %arrayidx66.case.1, i5 2, void %arrayidx66.case.2, i5 3, void %arrayidx66.case.3, i5 4, void %arrayidx66.case.4, i5 5, void %arrayidx66.case.5, i5 6, void %arrayidx66.case.6, i5 7, void %arrayidx66.case.7, i5 8, void %arrayidx66.case.8, i5 9, void %arrayidx66.case.9, i5 10, void %arrayidx66.case.10, i5 11, void %arrayidx66.case.11, i5 12, void %arrayidx66.case.12, i5 13, void %arrayidx66.case.13, i5 14, void %arrayidx66.case.14, i5 15, void %arrayidx66.case.15, i5 16, void %arrayidx66.case.16, i5 17, void %arrayidx66.case.17, i5 18, void %arrayidx66.case.18, i5 19, void %arrayidx66.case.19, i5 20, void %arrayidx66.case.20, i5 21, void %arrayidx66.case.21, i5 22, void %arrayidx66.case.22, i5 23, void %arrayidx66.case.23, i5 24, void %arrayidx66.case.24, i5 25, void %arrayidx66.case.25, i5 26, void %arrayidx66.case.26, i5 27, void %arrayidx66.case.27, i5 28, void %arrayidx66.case.28, i5 29, void %arrayidx66.case.29, i5 30, void %arrayidx66.case.30" [matrix_mult.cpp:26]   --->   Operation 30 'switch' 'switch_ln26' <Predicate = true> <Delay = 1.78>
ST_2 : Operation 31 [1/1] (1.82ns)   --->   "%add_ln24 = add i6 %select_ln23, i6 1" [matrix_mult.cpp:24]   --->   Operation 31 'add' 'add_ln24' <Predicate = true> <Delay = 1.82> <CoreInst = "Adder">   --->   Core 1 'Adder' <Latency = 0> <II = 1> <Delay = 1.82> <FuncUnit> <Opcode : 'add' 'sub'> <InPorts = 2> <OutPorts = 1>
ST_2 : Operation 32 [1/1] (1.58ns)   --->   "%store_ln24 = store i6 %add_ln24, i6 %j" [matrix_mult.cpp:24]   --->   Operation 32 'store' 'store_ln24' <Predicate = true> <Delay = 1.58>
ST_2 : Operation 140 [1/1] (1.58ns)   --->   "%ret_ln0 = ret"   --->   Operation 140 'ret' 'ret_ln0' <Predicate = (icmp_ln23)> <Delay = 1.58>

State 3 <SV = 2> <Delay = 6.26>
ST_3 : Operation 33 [1/1] (0.00ns)   --->   "%i_load = load i6 %i" [matrix_mult.cpp:23]   --->   Operation 33 'load' 'i_load' <Predicate = true> <Delay = 0.00>
ST_3 : Operation 34 [1/1] (1.82ns)   --->   "%add_ln23 = add i6 %i_load, i6 1" [matrix_mult.cpp:23]   --->   Operation 34 'add' 'add_ln23' <Predicate = (icmp_ln24)> <Delay = 1.82> <CoreInst = "Adder">   --->   Core 1 'Adder' <Latency = 0> <II = 1> <Delay = 1.82> <FuncUnit> <Opcode : 'add' 'sub'> <InPorts = 2> <OutPorts = 1>
ST_3 : Operation 35 [1/1] (0.00ns)   --->   "%specloopname_ln0 = specloopname void @_ssdm_op_SpecLoopName, void @VITIS_LOOP_23_1_VITIS_LOOP_24_2_str"   --->   Operation 35 'specloopname' 'specloopname_ln0' <Predicate = true> <Delay = 0.00>
ST_3 : Operation 36 [1/1] (0.00ns)   --->   "%speclooptripcount_ln0 = speclooptripcount void @_ssdm_op_SpecLoopTripCount, i64 1024, i64 1024, i64 1024"   --->   Operation 36 'speclooptripcount' 'speclooptripcount_ln0' <Predicate = true> <Delay = 0.00>
ST_3 : Operation 37 [1/1] (1.18ns)   --->   "%select_ln23_1 = select i1 %icmp_ln24, i6 %add_ln23, i6 %i_load" [matrix_mult.cpp:23]   --->   Operation 37 'select' 'select_ln23_1' <Predicate = true> <Delay = 1.18> <CoreInst = "Sel">   --->   Core 73 'Sel' <Latency = 0> <II = 1> <Delay = 1.18> <FuncUnit> <Opcode : 'select'> <InPorts = 3> <OutPorts = 1>
ST_3 : Operation 38 [1/1] (0.00ns)   --->   "%zext_ln23 = zext i6 %select_ln23_1" [matrix_mult.cpp:23]   --->   Operation 38 'zext' 'zext_ln23' <Predicate = true> <Delay = 0.00>
ST_3 : Operation 39 [1/1] (0.00ns)   --->   "%A_addr = getelementptr i32 %A, i64 0, i64 %zext_ln23" [matrix_mult.cpp:26]   --->   Operation 39 'getelementptr' 'A_addr' <Predicate = true> <Delay = 0.00>
ST_3 : Operation 40 [1/1] (0.00ns)   --->   "%A_1_addr = getelementptr i32 %A_1, i64 0, i64 %zext_ln23" [matrix_mult.cpp:26]   --->   Operation 40 'getelementptr' 'A_1_addr' <Predicate = true> <Delay = 0.00>
ST_3 : Operation 41 [1/1] (0.00ns)   --->   "%A_2_addr = getelementptr i32 %A_2, i64 0, i64 %zext_ln23" [matrix_mult.cpp:26]   --->   Operation 41 'getelementptr' 'A_2_addr' <Predicate = true> <Delay = 0.00>
ST_3 : Operation 42 [1/1] (0.00ns)   --->   "%A_3_addr = getelementptr i32 %A_3, i64 0, i64 %zext_ln23" [matrix_mult.cpp:26]   --->   Operation 42 'getelementptr' 'A_3_addr' <Predicate = true> <Delay = 0.00>
ST_3 : Operation 43 [1/1] (0.00ns)   --->   "%A_4_addr = getelementptr i32 %A_4, i64 0, i64 %zext_ln23" [matrix_mult.cpp:26]   --->   Operation 43 'getelementptr' 'A_4_addr' <Predicate = true> <Delay = 0.00>
ST_3 : Operation 44 [1/1] (0.00ns)   --->   "%A_5_addr = getelementptr i32 %A_5, i64 0, i64 %zext_ln23" [matrix_mult.cpp:26]   --->   Operation 44 'getelementptr' 'A_5_addr' <Predicate = true> <Delay = 0.00>
ST_3 : Operation 45 [1/1] (0.00ns)   --->   "%A_6_addr = getelementptr i32 %A_6, i64 0, i64 %zext_ln23" [matrix_mult.cpp:26]   --->   Operation 45 'getelementptr' 'A_6_addr' <Predicate = true> <Delay = 0.00>
ST_3 : Operation 46 [1/1] (0.00ns)   --->   "%A_7_addr = getelementptr i32 %A_7, i64 0, i64 %zext_ln23" [matrix_mult.cpp:26]   --->   Operation 46 'getelementptr' 'A_7_addr' <Predicate = true> <Delay = 0.00>
ST_3 : Operation 47 [1/1] (0.00ns)   --->   "%A_8_addr = getelementptr i32 %A_8, i64 0, i64 %zext_ln23" [matrix_mult.cpp:26]   --->   Operation 47 'getelementptr' 'A_8_addr' <Predicate = true> <Delay = 0.00>
ST_3 : Operation 48 [1/1] (0.00ns)   --->   "%A_9_addr = getelementptr i32 %A_9, i64 0, i64 %zext_ln23" [matrix_mult.cpp:26]   --->   Operation 48 'getelementptr' 'A_9_addr' <Predicate = true> <Delay = 0.00>
ST_3 : Operation 49 [1/1] (0.00ns)   --->   "%A_10_addr = getelementptr i32 %A_10, i64 0, i64 %zext_ln23" [matrix_mult.cpp:26]   --->   Operation 49 'getelementptr' 'A_10_addr' <Predicate = true> <Delay = 0.00>
ST_3 : Operation 50 [1/1] (0.00ns)   --->   "%A_11_addr = getelementptr i32 %A_11, i64 0, i64 %zext_ln23" [matrix_mult.cpp:26]   --->   Operation 50 'getelementptr' 'A_11_addr' <Predicate = true> <Delay = 0.00>
ST_3 : Operation 51 [1/1] (0.00ns)   --->   "%A_12_addr = getelementptr i32 %A_12, i64 0, i64 %zext_ln23" [matrix_mult.cpp:26]   --->   Operation 51 'getelementptr' 'A_12_addr' <Predicate = true> <Delay = 0.00>
ST_3 : Operation 52 [1/1] (0.00ns)   --->   "%A_13_addr = getelementptr i32 %A_13, i64 0, i64 %zext_ln23" [matrix_mult.cpp:26]   --->   Operation 52 'getelementptr' 'A_13_addr' <Predicate = true> <Delay = 0.00>
ST_3 : Operation 53 [1/1] (0.00ns)   --->   "%A_14_addr = getelementptr i32 %A_14, i64 0, i64 %zext_ln23" [matrix_mult.cpp:26]   --->   Operation 53 'getelementptr' 'A_14_addr' <Predicate = true> <Delay = 0.00>
ST_3 : Operation 54 [1/1] (0.00ns)   --->   "%A_15_addr = getelementptr i32 %A_15, i64 0, i64 %zext_ln23" [matrix_mult.cpp:26]   --->   Operation 54 'getelementptr' 'A_15_addr' <Predicate = true> <Delay = 0.00>
ST_3 : Operation 55 [1/1] (0.00ns)   --->   "%A_16_addr = getelementptr i32 %A_16, i64 0, i64 %zext_ln23" [matrix_mult.cpp:26]   --->   Operation 55 'getelementptr' 'A_16_addr' <Predicate = true> <Delay = 0.00>
ST_3 : Operation 56 [1/1] (0.00ns)   --->   "%A_17_addr = getelementptr i32 %A_17, i64 0, i64 %zext_ln23" [matrix_mult.cpp:26]   --->   Operation 56 'getelementptr' 'A_17_addr' <Predicate = true> <Delay = 0.00>
ST_3 : Operation 57 [1/1] (0.00ns)   --->   "%A_18_addr = getelementptr i32 %A_18, i64 0, i64 %zext_ln23" [matrix_mult.cpp:26]   --->   Operation 57 'getelementptr' 'A_18_addr' <Predicate = true> <Delay = 0.00>
ST_3 : Operation 58 [1/1] (0.00ns)   --->   "%A_19_addr = getelementptr i32 %A_19, i64 0, i64 %zext_ln23" [matrix_mult.cpp:26]   --->   Operation 58 'getelementptr' 'A_19_addr' <Predicate = true> <Delay = 0.00>
ST_3 : Operation 59 [1/1] (0.00ns)   --->   "%A_20_addr = getelementptr i32 %A_20, i64 0, i64 %zext_ln23" [matrix_mult.cpp:26]   --->   Operation 59 'getelementptr' 'A_20_addr' <Predicate = true> <Delay = 0.00>
ST_3 : Operation 60 [1/1] (0.00ns)   --->   "%A_21_addr = getelementptr i32 %A_21, i64 0, i64 %zext_ln23" [matrix_mult.cpp:26]   --->   Operation 60 'getelementptr' 'A_21_addr' <Predicate = true> <Delay = 0.00>
ST_3 : Operation 61 [1/1] (0.00ns)   --->   "%A_22_addr = getelementptr i32 %A_22, i64 0, i64 %zext_ln23" [matrix_mult.cpp:26]   --->   Operation 61 'getelementptr' 'A_22_addr' <Predicate = true> <Delay = 0.00>
ST_3 : Operation 62 [1/1] (0.00ns)   --->   "%A_23_addr = getelementptr i32 %A_23, i64 0, i64 %zext_ln23" [matrix_mult.cpp:26]   --->   Operation 62 'getelementptr' 'A_23_addr' <Predicate = true> <Delay = 0.00>
ST_3 : Operation 63 [1/1] (0.00ns)   --->   "%A_24_addr = getelementptr i32 %A_24, i64 0, i64 %zext_ln23" [matrix_mult.cpp:26]   --->   Operation 63 'getelementptr' 'A_24_addr' <Predicate = true> <Delay = 0.00>
ST_3 : Operation 64 [1/1] (0.00ns)   --->   "%A_25_addr = getelementptr i32 %A_25, i64 0, i64 %zext_ln23" [matrix_mult.cpp:26]   --->   Operation 64 'getelementptr' 'A_25_addr' <Predicate = true> <Delay = 0.00>
ST_3 : Operation 65 [1/1] (0.00ns)   --->   "%A_26_addr = getelementptr i32 %A_26, i64 0, i64 %zext_ln23" [matrix_mult.cpp:26]   --->   Operation 65 'getelementptr' 'A_26_addr' <Predicate = true> <Delay = 0.00>
ST_3 : Operation 66 [1/1] (0.00ns)   --->   "%A_27_addr = getelementptr i32 %A_27, i64 0, i64 %zext_ln23" [matrix_mult.cpp:26]   --->   Operation 66 'getelementptr' 'A_27_addr' <Predicate = true> <Delay = 0.00>
ST_3 : Operation 67 [1/1] (0.00ns)   --->   "%A_28_addr = getelementptr i32 %A_28, i64 0, i64 %zext_ln23" [matrix_mult.cpp:26]   --->   Operation 67 'getelementptr' 'A_28_addr' <Predicate = true> <Delay = 0.00>
ST_3 : Operation 68 [1/1] (0.00ns)   --->   "%A_29_addr = getelementptr i32 %A_29, i64 0, i64 %zext_ln23" [matrix_mult.cpp:26]   --->   Operation 68 'getelementptr' 'A_29_addr' <Predicate = true> <Delay = 0.00>
ST_3 : Operation 69 [1/1] (0.00ns)   --->   "%A_30_addr = getelementptr i32 %A_30, i64 0, i64 %zext_ln23" [matrix_mult.cpp:26]   --->   Operation 69 'getelementptr' 'A_30_addr' <Predicate = true> <Delay = 0.00>
ST_3 : Operation 70 [1/1] (0.00ns)   --->   "%A_31_addr = getelementptr i32 %A_31, i64 0, i64 %zext_ln23" [matrix_mult.cpp:26]   --->   Operation 70 'getelementptr' 'A_31_addr' <Predicate = true> <Delay = 0.00>
ST_3 : Operation 71 [1/1] (0.00ns)   --->   "%specpipeline_ln24 = specpipeline void @_ssdm_op_SpecPipeline, i32 4294967295, i32 0, i32 0, i32 0, i32 4294967295, void @empty_1" [matrix_mult.cpp:24]   --->   Operation 71 'specpipeline' 'specpipeline_ln24' <Predicate = true> <Delay = 0.00>
ST_3 : Operation 72 [1/1] ( I:0.51ns O:0.51ns )   --->   "%empty = read i44 @_ssdm_op_Read.axis.volatile.i32P0A.i4P0A.i4P0A.i1P0A.i1P0A.i1P0A.i1P0A, i32 %in_stream_V_data_V, i4 %in_stream_V_keep_V, i4 %in_stream_V_strb_V, i1 %in_stream_V_user_V, i1 %in_stream_V_last_V, i1 %in_stream_V_id_V, i1 %in_stream_V_dest_V" [matrix_mult.cpp:25]   --->   Operation 72 'read' 'empty' <Predicate = true> <Delay = 0.51> <CoreInst = "regslice">   --->   Core 135 'regslice' <Latency = 0> <II = 1> <Delay = 1.86> <Adapter> <Opcode : 'read' 'write'>
ST_3 : Operation 73 [1/1] (0.00ns)   --->   "%p_s = extractvalue i44 %empty" [matrix_mult.cpp:25]   --->   Operation 73 'extractvalue' 'p_s' <Predicate = true> <Delay = 0.00>
ST_3 : Operation 74 [1/1] ( I:3.25ns O:3.25ns )   --->   "%store_ln26 = store i32 %p_s, i5 %A_30_addr" [matrix_mult.cpp:26]   --->   Operation 74 'store' 'store_ln26' <Predicate = (trunc_ln24 == 30)> <Delay = 3.25> <CoreInst = "RAM">   --->   Core 81 'RAM' <Latency = 1> <II = 1> <Delay = 3.25> <Storage> <Opcode : 'load' 'store'> <Ports = 2> <Width = 32> <Depth = 32> <RAM>
ST_3 : Operation 75 [1/1] (0.00ns)   --->   "%br_ln26 = br void %arrayidx66.exit" [matrix_mult.cpp:26]   --->   Operation 75 'br' 'br_ln26' <Predicate = (trunc_ln24 == 30)> <Delay = 0.00>
ST_3 : Operation 76 [1/1] ( I:3.25ns O:3.25ns )   --->   "%store_ln26 = store i32 %p_s, i5 %A_29_addr" [matrix_mult.cpp:26]   --->   Operation 76 'store' 'store_ln26' <Predicate = (trunc_ln24 == 29)> <Delay = 3.25> <CoreInst = "RAM">   --->   Core 81 'RAM' <Latency = 1> <II = 1> <Delay = 3.25> <Storage> <Opcode : 'load' 'store'> <Ports = 2> <Width = 32> <Depth = 32> <RAM>
ST_3 : Operation 77 [1/1] (0.00ns)   --->   "%br_ln26 = br void %arrayidx66.exit" [matrix_mult.cpp:26]   --->   Operation 77 'br' 'br_ln26' <Predicate = (trunc_ln24 == 29)> <Delay = 0.00>
ST_3 : Operation 78 [1/1] ( I:3.25ns O:3.25ns )   --->   "%store_ln26 = store i32 %p_s, i5 %A_28_addr" [matrix_mult.cpp:26]   --->   Operation 78 'store' 'store_ln26' <Predicate = (trunc_ln24 == 28)> <Delay = 3.25> <CoreInst = "RAM">   --->   Core 81 'RAM' <Latency = 1> <II = 1> <Delay = 3.25> <Storage> <Opcode : 'load' 'store'> <Ports = 2> <Width = 32> <Depth = 32> <RAM>
ST_3 : Operation 79 [1/1] (0.00ns)   --->   "%br_ln26 = br void %arrayidx66.exit" [matrix_mult.cpp:26]   --->   Operation 79 'br' 'br_ln26' <Predicate = (trunc_ln24 == 28)> <Delay = 0.00>
ST_3 : Operation 80 [1/1] ( I:3.25ns O:3.25ns )   --->   "%store_ln26 = store i32 %p_s, i5 %A_27_addr" [matrix_mult.cpp:26]   --->   Operation 80 'store' 'store_ln26' <Predicate = (trunc_ln24 == 27)> <Delay = 3.25> <CoreInst = "RAM">   --->   Core 81 'RAM' <Latency = 1> <II = 1> <Delay = 3.25> <Storage> <Opcode : 'load' 'store'> <Ports = 2> <Width = 32> <Depth = 32> <RAM>
ST_3 : Operation 81 [1/1] (0.00ns)   --->   "%br_ln26 = br void %arrayidx66.exit" [matrix_mult.cpp:26]   --->   Operation 81 'br' 'br_ln26' <Predicate = (trunc_ln24 == 27)> <Delay = 0.00>
ST_3 : Operation 82 [1/1] ( I:3.25ns O:3.25ns )   --->   "%store_ln26 = store i32 %p_s, i5 %A_26_addr" [matrix_mult.cpp:26]   --->   Operation 82 'store' 'store_ln26' <Predicate = (trunc_ln24 == 26)> <Delay = 3.25> <CoreInst = "RAM">   --->   Core 81 'RAM' <Latency = 1> <II = 1> <Delay = 3.25> <Storage> <Opcode : 'load' 'store'> <Ports = 2> <Width = 32> <Depth = 32> <RAM>
ST_3 : Operation 83 [1/1] (0.00ns)   --->   "%br_ln26 = br void %arrayidx66.exit" [matrix_mult.cpp:26]   --->   Operation 83 'br' 'br_ln26' <Predicate = (trunc_ln24 == 26)> <Delay = 0.00>
ST_3 : Operation 84 [1/1] ( I:3.25ns O:3.25ns )   --->   "%store_ln26 = store i32 %p_s, i5 %A_25_addr" [matrix_mult.cpp:26]   --->   Operation 84 'store' 'store_ln26' <Predicate = (trunc_ln24 == 25)> <Delay = 3.25> <CoreInst = "RAM">   --->   Core 81 'RAM' <Latency = 1> <II = 1> <Delay = 3.25> <Storage> <Opcode : 'load' 'store'> <Ports = 2> <Width = 32> <Depth = 32> <RAM>
ST_3 : Operation 85 [1/1] (0.00ns)   --->   "%br_ln26 = br void %arrayidx66.exit" [matrix_mult.cpp:26]   --->   Operation 85 'br' 'br_ln26' <Predicate = (trunc_ln24 == 25)> <Delay = 0.00>
ST_3 : Operation 86 [1/1] ( I:3.25ns O:3.25ns )   --->   "%store_ln26 = store i32 %p_s, i5 %A_24_addr" [matrix_mult.cpp:26]   --->   Operation 86 'store' 'store_ln26' <Predicate = (trunc_ln24 == 24)> <Delay = 3.25> <CoreInst = "RAM">   --->   Core 81 'RAM' <Latency = 1> <II = 1> <Delay = 3.25> <Storage> <Opcode : 'load' 'store'> <Ports = 2> <Width = 32> <Depth = 32> <RAM>
ST_3 : Operation 87 [1/1] (0.00ns)   --->   "%br_ln26 = br void %arrayidx66.exit" [matrix_mult.cpp:26]   --->   Operation 87 'br' 'br_ln26' <Predicate = (trunc_ln24 == 24)> <Delay = 0.00>
ST_3 : Operation 88 [1/1] ( I:3.25ns O:3.25ns )   --->   "%store_ln26 = store i32 %p_s, i5 %A_23_addr" [matrix_mult.cpp:26]   --->   Operation 88 'store' 'store_ln26' <Predicate = (trunc_ln24 == 23)> <Delay = 3.25> <CoreInst = "RAM">   --->   Core 81 'RAM' <Latency = 1> <II = 1> <Delay = 3.25> <Storage> <Opcode : 'load' 'store'> <Ports = 2> <Width = 32> <Depth = 32> <RAM>
ST_3 : Operation 89 [1/1] (0.00ns)   --->   "%br_ln26 = br void %arrayidx66.exit" [matrix_mult.cpp:26]   --->   Operation 89 'br' 'br_ln26' <Predicate = (trunc_ln24 == 23)> <Delay = 0.00>
ST_3 : Operation 90 [1/1] ( I:3.25ns O:3.25ns )   --->   "%store_ln26 = store i32 %p_s, i5 %A_22_addr" [matrix_mult.cpp:26]   --->   Operation 90 'store' 'store_ln26' <Predicate = (trunc_ln24 == 22)> <Delay = 3.25> <CoreInst = "RAM">   --->   Core 81 'RAM' <Latency = 1> <II = 1> <Delay = 3.25> <Storage> <Opcode : 'load' 'store'> <Ports = 2> <Width = 32> <Depth = 32> <RAM>
ST_3 : Operation 91 [1/1] (0.00ns)   --->   "%br_ln26 = br void %arrayidx66.exit" [matrix_mult.cpp:26]   --->   Operation 91 'br' 'br_ln26' <Predicate = (trunc_ln24 == 22)> <Delay = 0.00>
ST_3 : Operation 92 [1/1] ( I:3.25ns O:3.25ns )   --->   "%store_ln26 = store i32 %p_s, i5 %A_21_addr" [matrix_mult.cpp:26]   --->   Operation 92 'store' 'store_ln26' <Predicate = (trunc_ln24 == 21)> <Delay = 3.25> <CoreInst = "RAM">   --->   Core 81 'RAM' <Latency = 1> <II = 1> <Delay = 3.25> <Storage> <Opcode : 'load' 'store'> <Ports = 2> <Width = 32> <Depth = 32> <RAM>
ST_3 : Operation 93 [1/1] (0.00ns)   --->   "%br_ln26 = br void %arrayidx66.exit" [matrix_mult.cpp:26]   --->   Operation 93 'br' 'br_ln26' <Predicate = (trunc_ln24 == 21)> <Delay = 0.00>
ST_3 : Operation 94 [1/1] ( I:3.25ns O:3.25ns )   --->   "%store_ln26 = store i32 %p_s, i5 %A_20_addr" [matrix_mult.cpp:26]   --->   Operation 94 'store' 'store_ln26' <Predicate = (trunc_ln24 == 20)> <Delay = 3.25> <CoreInst = "RAM">   --->   Core 81 'RAM' <Latency = 1> <II = 1> <Delay = 3.25> <Storage> <Opcode : 'load' 'store'> <Ports = 2> <Width = 32> <Depth = 32> <RAM>
ST_3 : Operation 95 [1/1] (0.00ns)   --->   "%br_ln26 = br void %arrayidx66.exit" [matrix_mult.cpp:26]   --->   Operation 95 'br' 'br_ln26' <Predicate = (trunc_ln24 == 20)> <Delay = 0.00>
ST_3 : Operation 96 [1/1] ( I:3.25ns O:3.25ns )   --->   "%store_ln26 = store i32 %p_s, i5 %A_19_addr" [matrix_mult.cpp:26]   --->   Operation 96 'store' 'store_ln26' <Predicate = (trunc_ln24 == 19)> <Delay = 3.25> <CoreInst = "RAM">   --->   Core 81 'RAM' <Latency = 1> <II = 1> <Delay = 3.25> <Storage> <Opcode : 'load' 'store'> <Ports = 2> <Width = 32> <Depth = 32> <RAM>
ST_3 : Operation 97 [1/1] (0.00ns)   --->   "%br_ln26 = br void %arrayidx66.exit" [matrix_mult.cpp:26]   --->   Operation 97 'br' 'br_ln26' <Predicate = (trunc_ln24 == 19)> <Delay = 0.00>
ST_3 : Operation 98 [1/1] ( I:3.25ns O:3.25ns )   --->   "%store_ln26 = store i32 %p_s, i5 %A_18_addr" [matrix_mult.cpp:26]   --->   Operation 98 'store' 'store_ln26' <Predicate = (trunc_ln24 == 18)> <Delay = 3.25> <CoreInst = "RAM">   --->   Core 81 'RAM' <Latency = 1> <II = 1> <Delay = 3.25> <Storage> <Opcode : 'load' 'store'> <Ports = 2> <Width = 32> <Depth = 32> <RAM>
ST_3 : Operation 99 [1/1] (0.00ns)   --->   "%br_ln26 = br void %arrayidx66.exit" [matrix_mult.cpp:26]   --->   Operation 99 'br' 'br_ln26' <Predicate = (trunc_ln24 == 18)> <Delay = 0.00>
ST_3 : Operation 100 [1/1] ( I:3.25ns O:3.25ns )   --->   "%store_ln26 = store i32 %p_s, i5 %A_17_addr" [matrix_mult.cpp:26]   --->   Operation 100 'store' 'store_ln26' <Predicate = (trunc_ln24 == 17)> <Delay = 3.25> <CoreInst = "RAM">   --->   Core 81 'RAM' <Latency = 1> <II = 1> <Delay = 3.25> <Storage> <Opcode : 'load' 'store'> <Ports = 2> <Width = 32> <Depth = 32> <RAM>
ST_3 : Operation 101 [1/1] (0.00ns)   --->   "%br_ln26 = br void %arrayidx66.exit" [matrix_mult.cpp:26]   --->   Operation 101 'br' 'br_ln26' <Predicate = (trunc_ln24 == 17)> <Delay = 0.00>
ST_3 : Operation 102 [1/1] ( I:3.25ns O:3.25ns )   --->   "%store_ln26 = store i32 %p_s, i5 %A_16_addr" [matrix_mult.cpp:26]   --->   Operation 102 'store' 'store_ln26' <Predicate = (trunc_ln24 == 16)> <Delay = 3.25> <CoreInst = "RAM">   --->   Core 81 'RAM' <Latency = 1> <II = 1> <Delay = 3.25> <Storage> <Opcode : 'load' 'store'> <Ports = 2> <Width = 32> <Depth = 32> <RAM>
ST_3 : Operation 103 [1/1] (0.00ns)   --->   "%br_ln26 = br void %arrayidx66.exit" [matrix_mult.cpp:26]   --->   Operation 103 'br' 'br_ln26' <Predicate = (trunc_ln24 == 16)> <Delay = 0.00>
ST_3 : Operation 104 [1/1] ( I:3.25ns O:3.25ns )   --->   "%store_ln26 = store i32 %p_s, i5 %A_15_addr" [matrix_mult.cpp:26]   --->   Operation 104 'store' 'store_ln26' <Predicate = (trunc_ln24 == 15)> <Delay = 3.25> <CoreInst = "RAM">   --->   Core 81 'RAM' <Latency = 1> <II = 1> <Delay = 3.25> <Storage> <Opcode : 'load' 'store'> <Ports = 2> <Width = 32> <Depth = 32> <RAM>
ST_3 : Operation 105 [1/1] (0.00ns)   --->   "%br_ln26 = br void %arrayidx66.exit" [matrix_mult.cpp:26]   --->   Operation 105 'br' 'br_ln26' <Predicate = (trunc_ln24 == 15)> <Delay = 0.00>
ST_3 : Operation 106 [1/1] ( I:3.25ns O:3.25ns )   --->   "%store_ln26 = store i32 %p_s, i5 %A_14_addr" [matrix_mult.cpp:26]   --->   Operation 106 'store' 'store_ln26' <Predicate = (trunc_ln24 == 14)> <Delay = 3.25> <CoreInst = "RAM">   --->   Core 81 'RAM' <Latency = 1> <II = 1> <Delay = 3.25> <Storage> <Opcode : 'load' 'store'> <Ports = 2> <Width = 32> <Depth = 32> <RAM>
ST_3 : Operation 107 [1/1] (0.00ns)   --->   "%br_ln26 = br void %arrayidx66.exit" [matrix_mult.cpp:26]   --->   Operation 107 'br' 'br_ln26' <Predicate = (trunc_ln24 == 14)> <Delay = 0.00>
ST_3 : Operation 108 [1/1] ( I:3.25ns O:3.25ns )   --->   "%store_ln26 = store i32 %p_s, i5 %A_13_addr" [matrix_mult.cpp:26]   --->   Operation 108 'store' 'store_ln26' <Predicate = (trunc_ln24 == 13)> <Delay = 3.25> <CoreInst = "RAM">   --->   Core 81 'RAM' <Latency = 1> <II = 1> <Delay = 3.25> <Storage> <Opcode : 'load' 'store'> <Ports = 2> <Width = 32> <Depth = 32> <RAM>
ST_3 : Operation 109 [1/1] (0.00ns)   --->   "%br_ln26 = br void %arrayidx66.exit" [matrix_mult.cpp:26]   --->   Operation 109 'br' 'br_ln26' <Predicate = (trunc_ln24 == 13)> <Delay = 0.00>
ST_3 : Operation 110 [1/1] ( I:3.25ns O:3.25ns )   --->   "%store_ln26 = store i32 %p_s, i5 %A_12_addr" [matrix_mult.cpp:26]   --->   Operation 110 'store' 'store_ln26' <Predicate = (trunc_ln24 == 12)> <Delay = 3.25> <CoreInst = "RAM">   --->   Core 81 'RAM' <Latency = 1> <II = 1> <Delay = 3.25> <Storage> <Opcode : 'load' 'store'> <Ports = 2> <Width = 32> <Depth = 32> <RAM>
ST_3 : Operation 111 [1/1] (0.00ns)   --->   "%br_ln26 = br void %arrayidx66.exit" [matrix_mult.cpp:26]   --->   Operation 111 'br' 'br_ln26' <Predicate = (trunc_ln24 == 12)> <Delay = 0.00>
ST_3 : Operation 112 [1/1] ( I:3.25ns O:3.25ns )   --->   "%store_ln26 = store i32 %p_s, i5 %A_11_addr" [matrix_mult.cpp:26]   --->   Operation 112 'store' 'store_ln26' <Predicate = (trunc_ln24 == 11)> <Delay = 3.25> <CoreInst = "RAM">   --->   Core 81 'RAM' <Latency = 1> <II = 1> <Delay = 3.25> <Storage> <Opcode : 'load' 'store'> <Ports = 2> <Width = 32> <Depth = 32> <RAM>
ST_3 : Operation 113 [1/1] (0.00ns)   --->   "%br_ln26 = br void %arrayidx66.exit" [matrix_mult.cpp:26]   --->   Operation 113 'br' 'br_ln26' <Predicate = (trunc_ln24 == 11)> <Delay = 0.00>
ST_3 : Operation 114 [1/1] ( I:3.25ns O:3.25ns )   --->   "%store_ln26 = store i32 %p_s, i5 %A_10_addr" [matrix_mult.cpp:26]   --->   Operation 114 'store' 'store_ln26' <Predicate = (trunc_ln24 == 10)> <Delay = 3.25> <CoreInst = "RAM">   --->   Core 81 'RAM' <Latency = 1> <II = 1> <Delay = 3.25> <Storage> <Opcode : 'load' 'store'> <Ports = 2> <Width = 32> <Depth = 32> <RAM>
ST_3 : Operation 115 [1/1] (0.00ns)   --->   "%br_ln26 = br void %arrayidx66.exit" [matrix_mult.cpp:26]   --->   Operation 115 'br' 'br_ln26' <Predicate = (trunc_ln24 == 10)> <Delay = 0.00>
ST_3 : Operation 116 [1/1] ( I:3.25ns O:3.25ns )   --->   "%store_ln26 = store i32 %p_s, i5 %A_9_addr" [matrix_mult.cpp:26]   --->   Operation 116 'store' 'store_ln26' <Predicate = (trunc_ln24 == 9)> <Delay = 3.25> <CoreInst = "RAM">   --->   Core 81 'RAM' <Latency = 1> <II = 1> <Delay = 3.25> <Storage> <Opcode : 'load' 'store'> <Ports = 2> <Width = 32> <Depth = 32> <RAM>
ST_3 : Operation 117 [1/1] (0.00ns)   --->   "%br_ln26 = br void %arrayidx66.exit" [matrix_mult.cpp:26]   --->   Operation 117 'br' 'br_ln26' <Predicate = (trunc_ln24 == 9)> <Delay = 0.00>
ST_3 : Operation 118 [1/1] ( I:3.25ns O:3.25ns )   --->   "%store_ln26 = store i32 %p_s, i5 %A_8_addr" [matrix_mult.cpp:26]   --->   Operation 118 'store' 'store_ln26' <Predicate = (trunc_ln24 == 8)> <Delay = 3.25> <CoreInst = "RAM">   --->   Core 81 'RAM' <Latency = 1> <II = 1> <Delay = 3.25> <Storage> <Opcode : 'load' 'store'> <Ports = 2> <Width = 32> <Depth = 32> <RAM>
ST_3 : Operation 119 [1/1] (0.00ns)   --->   "%br_ln26 = br void %arrayidx66.exit" [matrix_mult.cpp:26]   --->   Operation 119 'br' 'br_ln26' <Predicate = (trunc_ln24 == 8)> <Delay = 0.00>
ST_3 : Operation 120 [1/1] ( I:3.25ns O:3.25ns )   --->   "%store_ln26 = store i32 %p_s, i5 %A_7_addr" [matrix_mult.cpp:26]   --->   Operation 120 'store' 'store_ln26' <Predicate = (trunc_ln24 == 7)> <Delay = 3.25> <CoreInst = "RAM">   --->   Core 81 'RAM' <Latency = 1> <II = 1> <Delay = 3.25> <Storage> <Opcode : 'load' 'store'> <Ports = 2> <Width = 32> <Depth = 32> <RAM>
ST_3 : Operation 121 [1/1] (0.00ns)   --->   "%br_ln26 = br void %arrayidx66.exit" [matrix_mult.cpp:26]   --->   Operation 121 'br' 'br_ln26' <Predicate = (trunc_ln24 == 7)> <Delay = 0.00>
ST_3 : Operation 122 [1/1] ( I:3.25ns O:3.25ns )   --->   "%store_ln26 = store i32 %p_s, i5 %A_6_addr" [matrix_mult.cpp:26]   --->   Operation 122 'store' 'store_ln26' <Predicate = (trunc_ln24 == 6)> <Delay = 3.25> <CoreInst = "RAM">   --->   Core 81 'RAM' <Latency = 1> <II = 1> <Delay = 3.25> <Storage> <Opcode : 'load' 'store'> <Ports = 2> <Width = 32> <Depth = 32> <RAM>
ST_3 : Operation 123 [1/1] (0.00ns)   --->   "%br_ln26 = br void %arrayidx66.exit" [matrix_mult.cpp:26]   --->   Operation 123 'br' 'br_ln26' <Predicate = (trunc_ln24 == 6)> <Delay = 0.00>
ST_3 : Operation 124 [1/1] ( I:3.25ns O:3.25ns )   --->   "%store_ln26 = store i32 %p_s, i5 %A_5_addr" [matrix_mult.cpp:26]   --->   Operation 124 'store' 'store_ln26' <Predicate = (trunc_ln24 == 5)> <Delay = 3.25> <CoreInst = "RAM">   --->   Core 81 'RAM' <Latency = 1> <II = 1> <Delay = 3.25> <Storage> <Opcode : 'load' 'store'> <Ports = 2> <Width = 32> <Depth = 32> <RAM>
ST_3 : Operation 125 [1/1] (0.00ns)   --->   "%br_ln26 = br void %arrayidx66.exit" [matrix_mult.cpp:26]   --->   Operation 125 'br' 'br_ln26' <Predicate = (trunc_ln24 == 5)> <Delay = 0.00>
ST_3 : Operation 126 [1/1] ( I:3.25ns O:3.25ns )   --->   "%store_ln26 = store i32 %p_s, i5 %A_4_addr" [matrix_mult.cpp:26]   --->   Operation 126 'store' 'store_ln26' <Predicate = (trunc_ln24 == 4)> <Delay = 3.25> <CoreInst = "RAM">   --->   Core 81 'RAM' <Latency = 1> <II = 1> <Delay = 3.25> <Storage> <Opcode : 'load' 'store'> <Ports = 2> <Width = 32> <Depth = 32> <RAM>
ST_3 : Operation 127 [1/1] (0.00ns)   --->   "%br_ln26 = br void %arrayidx66.exit" [matrix_mult.cpp:26]   --->   Operation 127 'br' 'br_ln26' <Predicate = (trunc_ln24 == 4)> <Delay = 0.00>
ST_3 : Operation 128 [1/1] ( I:3.25ns O:3.25ns )   --->   "%store_ln26 = store i32 %p_s, i5 %A_3_addr" [matrix_mult.cpp:26]   --->   Operation 128 'store' 'store_ln26' <Predicate = (trunc_ln24 == 3)> <Delay = 3.25> <CoreInst = "RAM">   --->   Core 81 'RAM' <Latency = 1> <II = 1> <Delay = 3.25> <Storage> <Opcode : 'load' 'store'> <Ports = 2> <Width = 32> <Depth = 32> <RAM>
ST_3 : Operation 129 [1/1] (0.00ns)   --->   "%br_ln26 = br void %arrayidx66.exit" [matrix_mult.cpp:26]   --->   Operation 129 'br' 'br_ln26' <Predicate = (trunc_ln24 == 3)> <Delay = 0.00>
ST_3 : Operation 130 [1/1] ( I:3.25ns O:3.25ns )   --->   "%store_ln26 = store i32 %p_s, i5 %A_2_addr" [matrix_mult.cpp:26]   --->   Operation 130 'store' 'store_ln26' <Predicate = (trunc_ln24 == 2)> <Delay = 3.25> <CoreInst = "RAM">   --->   Core 81 'RAM' <Latency = 1> <II = 1> <Delay = 3.25> <Storage> <Opcode : 'load' 'store'> <Ports = 2> <Width = 32> <Depth = 32> <RAM>
ST_3 : Operation 131 [1/1] (0.00ns)   --->   "%br_ln26 = br void %arrayidx66.exit" [matrix_mult.cpp:26]   --->   Operation 131 'br' 'br_ln26' <Predicate = (trunc_ln24 == 2)> <Delay = 0.00>
ST_3 : Operation 132 [1/1] ( I:3.25ns O:3.25ns )   --->   "%store_ln26 = store i32 %p_s, i5 %A_1_addr" [matrix_mult.cpp:26]   --->   Operation 132 'store' 'store_ln26' <Predicate = (trunc_ln24 == 1)> <Delay = 3.25> <CoreInst = "RAM">   --->   Core 81 'RAM' <Latency = 1> <II = 1> <Delay = 3.25> <Storage> <Opcode : 'load' 'store'> <Ports = 2> <Width = 32> <Depth = 32> <RAM>
ST_3 : Operation 133 [1/1] (0.00ns)   --->   "%br_ln26 = br void %arrayidx66.exit" [matrix_mult.cpp:26]   --->   Operation 133 'br' 'br_ln26' <Predicate = (trunc_ln24 == 1)> <Delay = 0.00>
ST_3 : Operation 134 [1/1] ( I:3.25ns O:3.25ns )   --->   "%store_ln26 = store i32 %p_s, i5 %A_addr" [matrix_mult.cpp:26]   --->   Operation 134 'store' 'store_ln26' <Predicate = (trunc_ln24 == 0)> <Delay = 3.25> <CoreInst = "RAM">   --->   Core 81 'RAM' <Latency = 1> <II = 1> <Delay = 3.25> <Storage> <Opcode : 'load' 'store'> <Ports = 2> <Width = 32> <Depth = 32> <RAM>
ST_3 : Operation 135 [1/1] (0.00ns)   --->   "%br_ln26 = br void %arrayidx66.exit" [matrix_mult.cpp:26]   --->   Operation 135 'br' 'br_ln26' <Predicate = (trunc_ln24 == 0)> <Delay = 0.00>
ST_3 : Operation 136 [1/1] ( I:3.25ns O:3.25ns )   --->   "%store_ln26 = store i32 %p_s, i5 %A_31_addr" [matrix_mult.cpp:26]   --->   Operation 136 'store' 'store_ln26' <Predicate = (trunc_ln24 == 31)> <Delay = 3.25> <CoreInst = "RAM">   --->   Core 81 'RAM' <Latency = 1> <II = 1> <Delay = 3.25> <Storage> <Opcode : 'load' 'store'> <Ports = 2> <Width = 32> <Depth = 32> <RAM>
ST_3 : Operation 137 [1/1] (0.00ns)   --->   "%br_ln26 = br void %arrayidx66.exit" [matrix_mult.cpp:26]   --->   Operation 137 'br' 'br_ln26' <Predicate = (trunc_ln24 == 31)> <Delay = 0.00>
ST_3 : Operation 138 [1/1] (1.58ns)   --->   "%store_ln23 = store i6 %select_ln23_1, i6 %i" [matrix_mult.cpp:23]   --->   Operation 138 'store' 'store_ln23' <Predicate = true> <Delay = 1.58>
ST_3 : Operation 139 [1/1] (0.00ns)   --->   "%br_ln24 = br void %for.inc" [matrix_mult.cpp:24]   --->   Operation 139 'br' 'br_ln24' <Predicate = true> <Delay = 0.00>


============================================================
+ Verbose Summary: Binding
============================================================
STG Binding: 
---------------- STG Properties BEGIN ----------------
- Is combinational: 0
- Is one-state seq: 0
- Is datapath-only: 0
- Is pipelined: 0
- Is top level: 0
Port [ Return ] is wired: 1; IO mode=ap_ctrl_hs:ce=0
Port [ A]:  wired=1; compound=1; hidden=0; nouse=0; global=0; static=0; extern=0; dir=1; type=1; pingpong=0; private_global=0; MemPort=[03]; IO mode=ap_memory:ce=0
Port [ A_1]:  wired=1; compound=1; hidden=0; nouse=0; global=0; static=0; extern=0; dir=1; type=1; pingpong=0; private_global=0; MemPort=[03]; IO mode=ap_memory:ce=0
Port [ A_2]:  wired=1; compound=1; hidden=0; nouse=0; global=0; static=0; extern=0; dir=1; type=1; pingpong=0; private_global=0; MemPort=[03]; IO mode=ap_memory:ce=0
Port [ A_3]:  wired=1; compound=1; hidden=0; nouse=0; global=0; static=0; extern=0; dir=1; type=1; pingpong=0; private_global=0; MemPort=[03]; IO mode=ap_memory:ce=0
Port [ A_4]:  wired=1; compound=1; hidden=0; nouse=0; global=0; static=0; extern=0; dir=1; type=1; pingpong=0; private_global=0; MemPort=[03]; IO mode=ap_memory:ce=0
Port [ A_5]:  wired=1; compound=1; hidden=0; nouse=0; global=0; static=0; extern=0; dir=1; type=1; pingpong=0; private_global=0; MemPort=[03]; IO mode=ap_memory:ce=0
Port [ A_6]:  wired=1; compound=1; hidden=0; nouse=0; global=0; static=0; extern=0; dir=1; type=1; pingpong=0; private_global=0; MemPort=[03]; IO mode=ap_memory:ce=0
Port [ A_7]:  wired=1; compound=1; hidden=0; nouse=0; global=0; static=0; extern=0; dir=1; type=1; pingpong=0; private_global=0; MemPort=[03]; IO mode=ap_memory:ce=0
Port [ A_8]:  wired=1; compound=1; hidden=0; nouse=0; global=0; static=0; extern=0; dir=1; type=1; pingpong=0; private_global=0; MemPort=[03]; IO mode=ap_memory:ce=0
Port [ A_9]:  wired=1; compound=1; hidden=0; nouse=0; global=0; static=0; extern=0; dir=1; type=1; pingpong=0; private_global=0; MemPort=[03]; IO mode=ap_memory:ce=0
Port [ A_10]:  wired=1; compound=1; hidden=0; nouse=0; global=0; static=0; extern=0; dir=1; type=1; pingpong=0; private_global=0; MemPort=[03]; IO mode=ap_memory:ce=0
Port [ A_11]:  wired=1; compound=1; hidden=0; nouse=0; global=0; static=0; extern=0; dir=1; type=1; pingpong=0; private_global=0; MemPort=[03]; IO mode=ap_memory:ce=0
Port [ A_12]:  wired=1; compound=1; hidden=0; nouse=0; global=0; static=0; extern=0; dir=1; type=1; pingpong=0; private_global=0; MemPort=[03]; IO mode=ap_memory:ce=0
Port [ A_13]:  wired=1; compound=1; hidden=0; nouse=0; global=0; static=0; extern=0; dir=1; type=1; pingpong=0; private_global=0; MemPort=[03]; IO mode=ap_memory:ce=0
Port [ A_14]:  wired=1; compound=1; hidden=0; nouse=0; global=0; static=0; extern=0; dir=1; type=1; pingpong=0; private_global=0; MemPort=[03]; IO mode=ap_memory:ce=0
Port [ A_15]:  wired=1; compound=1; hidden=0; nouse=0; global=0; static=0; extern=0; dir=1; type=1; pingpong=0; private_global=0; MemPort=[03]; IO mode=ap_memory:ce=0
Port [ A_16]:  wired=1; compound=1; hidden=0; nouse=0; global=0; static=0; extern=0; dir=1; type=1; pingpong=0; private_global=0; MemPort=[03]; IO mode=ap_memory:ce=0
Port [ A_17]:  wired=1; compound=1; hidden=0; nouse=0; global=0; static=0; extern=0; dir=1; type=1; pingpong=0; private_global=0; MemPort=[03]; IO mode=ap_memory:ce=0
Port [ A_18]:  wired=1; compound=1; hidden=0; nouse=0; global=0; static=0; extern=0; dir=1; type=1; pingpong=0; private_global=0; MemPort=[03]; IO mode=ap_memory:ce=0
Port [ A_19]:  wired=1; compound=1; hidden=0; nouse=0; global=0; static=0; extern=0; dir=1; type=1; pingpong=0; private_global=0; MemPort=[03]; IO mode=ap_memory:ce=0
Port [ A_20]:  wired=1; compound=1; hidden=0; nouse=0; global=0; static=0; extern=0; dir=1; type=1; pingpong=0; private_global=0; MemPort=[03]; IO mode=ap_memory:ce=0
Port [ A_21]:  wired=1; compound=1; hidden=0; nouse=0; global=0; static=0; extern=0; dir=1; type=1; pingpong=0; private_global=0; MemPort=[03]; IO mode=ap_memory:ce=0
Port [ A_22]:  wired=1; compound=1; hidden=0; nouse=0; global=0; static=0; extern=0; dir=1; type=1; pingpong=0; private_global=0; MemPort=[03]; IO mode=ap_memory:ce=0
Port [ A_23]:  wired=1; compound=1; hidden=0; nouse=0; global=0; static=0; extern=0; dir=1; type=1; pingpong=0; private_global=0; MemPort=[03]; IO mode=ap_memory:ce=0
Port [ A_24]:  wired=1; compound=1; hidden=0; nouse=0; global=0; static=0; extern=0; dir=1; type=1; pingpong=0; private_global=0; MemPort=[03]; IO mode=ap_memory:ce=0
Port [ A_25]:  wired=1; compound=1; hidden=0; nouse=0; global=0; static=0; extern=0; dir=1; type=1; pingpong=0; private_global=0; MemPort=[03]; IO mode=ap_memory:ce=0
Port [ A_26]:  wired=1; compound=1; hidden=0; nouse=0; global=0; static=0; extern=0; dir=1; type=1; pingpong=0; private_global=0; MemPort=[03]; IO mode=ap_memory:ce=0
Port [ A_27]:  wired=1; compound=1; hidden=0; nouse=0; global=0; static=0; extern=0; dir=1; type=1; pingpong=0; private_global=0; MemPort=[03]; IO mode=ap_memory:ce=0
Port [ A_28]:  wired=1; compound=1; hidden=0; nouse=0; global=0; static=0; extern=0; dir=1; type=1; pingpong=0; private_global=0; MemPort=[03]; IO mode=ap_memory:ce=0
Port [ A_29]:  wired=1; compound=1; hidden=0; nouse=0; global=0; static=0; extern=0; dir=1; type=1; pingpong=0; private_global=0; MemPort=[03]; IO mode=ap_memory:ce=0
Port [ A_30]:  wired=1; compound=1; hidden=0; nouse=0; global=0; static=0; extern=0; dir=1; type=1; pingpong=0; private_global=0; MemPort=[03]; IO mode=ap_memory:ce=0
Port [ A_31]:  wired=1; compound=1; hidden=0; nouse=0; global=0; static=0; extern=0; dir=1; type=1; pingpong=0; private_global=0; MemPort=[03]; IO mode=ap_memory:ce=0
Port [ in_stream_V_data_V]:  wired=1; compound=1; hidden=0; nouse=0; global=0; static=0; extern=0; dir=0; type=0; pingpong=0; private_global=0; IO mode=axis:ce=0
Port [ in_stream_V_keep_V]:  wired=1; compound=1; hidden=0; nouse=0; global=0; static=0; extern=0; dir=0; type=0; pingpong=0; private_global=0; IO mode=axis:ce=0
Port [ in_stream_V_strb_V]:  wired=1; compound=1; hidden=0; nouse=0; global=0; static=0; extern=0; dir=0; type=0; pingpong=0; private_global=0; IO mode=axis:ce=0
Port [ in_stream_V_user_V]:  wired=1; compound=1; hidden=0; nouse=0; global=0; static=0; extern=0; dir=0; type=0; pingpong=0; private_global=0; IO mode=axis:ce=0
Port [ in_stream_V_last_V]:  wired=1; compound=1; hidden=0; nouse=0; global=0; static=0; extern=0; dir=0; type=0; pingpong=0; private_global=0; IO mode=axis:ce=0
Port [ in_stream_V_id_V]:  wired=1; compound=1; hidden=0; nouse=0; global=0; static=0; extern=0; dir=0; type=0; pingpong=0; private_global=0; IO mode=axis:ce=0
Port [ in_stream_V_dest_V]:  wired=1; compound=1; hidden=0; nouse=0; global=0; static=0; extern=0; dir=0; type=0; pingpong=0; private_global=0; IO mode=axis:ce=0
---------------- STG Properties END ------------------

---------------- Datapath Model BEGIN ----------------

<LifeTime>
<method=bitvector/>
j                       (alloca             ) [ 0110]
i                       (alloca             ) [ 0111]
indvar_flatten          (alloca             ) [ 0100]
specaxissidechannel_ln0 (specaxissidechannel) [ 0000]
specinterface_ln0       (specinterface      ) [ 0000]
specinterface_ln0       (specinterface      ) [ 0000]
specinterface_ln0       (specinterface      ) [ 0000]
specinterface_ln0       (specinterface      ) [ 0000]
specinterface_ln0       (specinterface      ) [ 0000]
specinterface_ln0       (specinterface      ) [ 0000]
specinterface_ln0       (specinterface      ) [ 0000]
store_ln0               (store              ) [ 0000]
store_ln23              (store              ) [ 0000]
store_ln24              (store              ) [ 0000]
br_ln23                 (br                 ) [ 0000]
indvar_flatten_load     (load               ) [ 0000]
icmp_ln23               (icmp               ) [ 0110]
add_ln23_1              (add                ) [ 0000]
br_ln23                 (br                 ) [ 0000]
store_ln23              (store              ) [ 0000]
j_load                  (load               ) [ 0000]
icmp_ln24               (icmp               ) [ 0101]
select_ln23             (select             ) [ 0000]
trunc_ln24              (trunc              ) [ 0101]
switch_ln26             (switch             ) [ 0000]
add_ln24                (add                ) [ 0000]
store_ln24              (store              ) [ 0000]
i_load                  (load               ) [ 0000]
add_ln23                (add                ) [ 0000]
specloopname_ln0        (specloopname       ) [ 0000]
speclooptripcount_ln0   (speclooptripcount  ) [ 0000]
select_ln23_1           (select             ) [ 0000]
zext_ln23               (zext               ) [ 0000]
A_addr                  (getelementptr      ) [ 0000]
A_1_addr                (getelementptr      ) [ 0000]
A_2_addr                (getelementptr      ) [ 0000]
A_3_addr                (getelementptr      ) [ 0000]
A_4_addr                (getelementptr      ) [ 0000]
A_5_addr                (getelementptr      ) [ 0000]
A_6_addr                (getelementptr      ) [ 0000]
A_7_addr                (getelementptr      ) [ 0000]
A_8_addr                (getelementptr      ) [ 0000]
A_9_addr                (getelementptr      ) [ 0000]
A_10_addr               (getelementptr      ) [ 0000]
A_11_addr               (getelementptr      ) [ 0000]
A_12_addr               (getelementptr      ) [ 0000]
A_13_addr               (getelementptr      ) [ 0000]
A_14_addr               (getelementptr      ) [ 0000]
A_15_addr               (getelementptr      ) [ 0000]
A_16_addr               (getelementptr      ) [ 0000]
A_17_addr               (getelementptr      ) [ 0000]
A_18_addr               (getelementptr      ) [ 0000]
A_19_addr               (getelementptr      ) [ 0000]
A_20_addr               (getelementptr      ) [ 0000]
A_21_addr               (getelementptr      ) [ 0000]
A_22_addr               (getelementptr      ) [ 0000]
A_23_addr               (getelementptr      ) [ 0000]
A_24_addr               (getelementptr      ) [ 0000]
A_25_addr               (getelementptr      ) [ 0000]
A_26_addr               (getelementptr      ) [ 0000]
A_27_addr               (getelementptr      ) [ 0000]
A_28_addr               (getelementptr      ) [ 0000]
A_29_addr               (getelementptr      ) [ 0000]
A_30_addr               (getelementptr      ) [ 0000]
A_31_addr               (getelementptr      ) [ 0000]
specpipeline_ln24       (specpipeline       ) [ 0000]
empty                   (read               ) [ 0000]
p_s                     (extractvalue       ) [ 0000]
store_ln26              (store              ) [ 0000]
br_ln26                 (br                 ) [ 0000]
store_ln26              (store              ) [ 0000]
br_ln26                 (br                 ) [ 0000]
store_ln26              (store              ) [ 0000]
br_ln26                 (br                 ) [ 0000]
store_ln26              (store              ) [ 0000]
br_ln26                 (br                 ) [ 0000]
store_ln26              (store              ) [ 0000]
br_ln26                 (br                 ) [ 0000]
store_ln26              (store              ) [ 0000]
br_ln26                 (br                 ) [ 0000]
store_ln26              (store              ) [ 0000]
br_ln26                 (br                 ) [ 0000]
store_ln26              (store              ) [ 0000]
br_ln26                 (br                 ) [ 0000]
store_ln26              (store              ) [ 0000]
br_ln26                 (br                 ) [ 0000]
store_ln26              (store              ) [ 0000]
br_ln26                 (br                 ) [ 0000]
store_ln26              (store              ) [ 0000]
br_ln26                 (br                 ) [ 0000]
store_ln26              (store              ) [ 0000]
br_ln26                 (br                 ) [ 0000]
store_ln26              (store              ) [ 0000]
br_ln26                 (br                 ) [ 0000]
store_ln26              (store              ) [ 0000]
br_ln26                 (br                 ) [ 0000]
store_ln26              (store              ) [ 0000]
br_ln26                 (br                 ) [ 0000]
store_ln26              (store              ) [ 0000]
br_ln26                 (br                 ) [ 0000]
store_ln26              (store              ) [ 0000]
br_ln26                 (br                 ) [ 0000]
store_ln26              (store              ) [ 0000]
br_ln26                 (br                 ) [ 0000]
store_ln26              (store              ) [ 0000]
br_ln26                 (br                 ) [ 0000]
store_ln26              (store              ) [ 0000]
br_ln26                 (br                 ) [ 0000]
store_ln26              (store              ) [ 0000]
br_ln26                 (br                 ) [ 0000]
store_ln26              (store              ) [ 0000]
br_ln26                 (br                 ) [ 0000]
store_ln26              (store              ) [ 0000]
br_ln26                 (br                 ) [ 0000]
store_ln26              (store              ) [ 0000]
br_ln26                 (br                 ) [ 0000]
store_ln26              (store              ) [ 0000]
br_ln26                 (br                 ) [ 0000]
store_ln26              (store              ) [ 0000]
br_ln26                 (br                 ) [ 0000]
store_ln26              (store              ) [ 0000]
br_ln26                 (br                 ) [ 0000]
store_ln26              (store              ) [ 0000]
br_ln26                 (br                 ) [ 0000]
store_ln26              (store              ) [ 0000]
br_ln26                 (br                 ) [ 0000]
store_ln26              (store              ) [ 0000]
br_ln26                 (br                 ) [ 0000]
store_ln26              (store              ) [ 0000]
br_ln26                 (br                 ) [ 0000]
store_ln26              (store              ) [ 0000]
br_ln26                 (br                 ) [ 0000]
store_ln23              (store              ) [ 0000]
br_ln24                 (br                 ) [ 0000]
ret_ln0                 (ret                ) [ 0000]
</LifeTime>

<model>

<comp_list>
<comp id="0" class="1000" name="A">
<pin_list>
<pin id="1" dir="1" index="0" bw="1" slack="0"/>
</pin_list>
<bind>
<StgValue><ssdm name="A"/><MemPortTyVec>0 3 </MemPortTyVec>
</StgValue>
</bind>
</comp>

<comp id="2" class="1000" name="A_1">
<pin_list>
<pin id="3" dir="1" index="0" bw="1" slack="0"/>
</pin_list>
<bind>
<StgValue><ssdm name="A_1"/><MemPortTyVec>0 3 </MemPortTyVec>
</StgValue>
</bind>
</comp>

<comp id="4" class="1000" name="A_2">
<pin_list>
<pin id="5" dir="1" index="0" bw="1" slack="0"/>
</pin_list>
<bind>
<StgValue><ssdm name="A_2"/><MemPortTyVec>0 3 </MemPortTyVec>
</StgValue>
</bind>
</comp>

<comp id="6" class="1000" name="A_3">
<pin_list>
<pin id="7" dir="1" index="0" bw="1" slack="0"/>
</pin_list>
<bind>
<StgValue><ssdm name="A_3"/><MemPortTyVec>0 3 </MemPortTyVec>
</StgValue>
</bind>
</comp>

<comp id="8" class="1000" name="A_4">
<pin_list>
<pin id="9" dir="1" index="0" bw="1" slack="0"/>
</pin_list>
<bind>
<StgValue><ssdm name="A_4"/><MemPortTyVec>0 3 </MemPortTyVec>
</StgValue>
</bind>
</comp>

<comp id="10" class="1000" name="A_5">
<pin_list>
<pin id="11" dir="1" index="0" bw="1" slack="0"/>
</pin_list>
<bind>
<StgValue><ssdm name="A_5"/><MemPortTyVec>0 3 </MemPortTyVec>
</StgValue>
</bind>
</comp>

<comp id="12" class="1000" name="A_6">
<pin_list>
<pin id="13" dir="1" index="0" bw="1" slack="0"/>
</pin_list>
<bind>
<StgValue><ssdm name="A_6"/><MemPortTyVec>0 3 </MemPortTyVec>
</StgValue>
</bind>
</comp>

<comp id="14" class="1000" name="A_7">
<pin_list>
<pin id="15" dir="1" index="0" bw="1" slack="0"/>
</pin_list>
<bind>
<StgValue><ssdm name="A_7"/><MemPortTyVec>0 3 </MemPortTyVec>
</StgValue>
</bind>
</comp>

<comp id="16" class="1000" name="A_8">
<pin_list>
<pin id="17" dir="1" index="0" bw="1" slack="0"/>
</pin_list>
<bind>
<StgValue><ssdm name="A_8"/><MemPortTyVec>0 3 </MemPortTyVec>
</StgValue>
</bind>
</comp>

<comp id="18" class="1000" name="A_9">
<pin_list>
<pin id="19" dir="1" index="0" bw="1" slack="0"/>
</pin_list>
<bind>
<StgValue><ssdm name="A_9"/><MemPortTyVec>0 3 </MemPortTyVec>
</StgValue>
</bind>
</comp>

<comp id="20" class="1000" name="A_10">
<pin_list>
<pin id="21" dir="1" index="0" bw="1" slack="0"/>
</pin_list>
<bind>
<StgValue><ssdm name="A_10"/><MemPortTyVec>0 3 </MemPortTyVec>
</StgValue>
</bind>
</comp>

<comp id="22" class="1000" name="A_11">
<pin_list>
<pin id="23" dir="1" index="0" bw="1" slack="0"/>
</pin_list>
<bind>
<StgValue><ssdm name="A_11"/><MemPortTyVec>0 3 </MemPortTyVec>
</StgValue>
</bind>
</comp>

<comp id="24" class="1000" name="A_12">
<pin_list>
<pin id="25" dir="1" index="0" bw="1" slack="0"/>
</pin_list>
<bind>
<StgValue><ssdm name="A_12"/><MemPortTyVec>0 3 </MemPortTyVec>
</StgValue>
</bind>
</comp>

<comp id="26" class="1000" name="A_13">
<pin_list>
<pin id="27" dir="1" index="0" bw="1" slack="0"/>
</pin_list>
<bind>
<StgValue><ssdm name="A_13"/><MemPortTyVec>0 3 </MemPortTyVec>
</StgValue>
</bind>
</comp>

<comp id="28" class="1000" name="A_14">
<pin_list>
<pin id="29" dir="1" index="0" bw="1" slack="0"/>
</pin_list>
<bind>
<StgValue><ssdm name="A_14"/><MemPortTyVec>0 3 </MemPortTyVec>
</StgValue>
</bind>
</comp>

<comp id="30" class="1000" name="A_15">
<pin_list>
<pin id="31" dir="1" index="0" bw="1" slack="0"/>
</pin_list>
<bind>
<StgValue><ssdm name="A_15"/><MemPortTyVec>0 3 </MemPortTyVec>
</StgValue>
</bind>
</comp>

<comp id="32" class="1000" name="A_16">
<pin_list>
<pin id="33" dir="1" index="0" bw="1" slack="0"/>
</pin_list>
<bind>
<StgValue><ssdm name="A_16"/><MemPortTyVec>0 3 </MemPortTyVec>
</StgValue>
</bind>
</comp>

<comp id="34" class="1000" name="A_17">
<pin_list>
<pin id="35" dir="1" index="0" bw="1" slack="0"/>
</pin_list>
<bind>
<StgValue><ssdm name="A_17"/><MemPortTyVec>0 3 </MemPortTyVec>
</StgValue>
</bind>
</comp>

<comp id="36" class="1000" name="A_18">
<pin_list>
<pin id="37" dir="1" index="0" bw="1" slack="0"/>
</pin_list>
<bind>
<StgValue><ssdm name="A_18"/><MemPortTyVec>0 3 </MemPortTyVec>
</StgValue>
</bind>
</comp>

<comp id="38" class="1000" name="A_19">
<pin_list>
<pin id="39" dir="1" index="0" bw="1" slack="0"/>
</pin_list>
<bind>
<StgValue><ssdm name="A_19"/><MemPortTyVec>0 3 </MemPortTyVec>
</StgValue>
</bind>
</comp>

<comp id="40" class="1000" name="A_20">
<pin_list>
<pin id="41" dir="1" index="0" bw="1" slack="0"/>
</pin_list>
<bind>
<StgValue><ssdm name="A_20"/><MemPortTyVec>0 3 </MemPortTyVec>
</StgValue>
</bind>
</comp>

<comp id="42" class="1000" name="A_21">
<pin_list>
<pin id="43" dir="1" index="0" bw="1" slack="0"/>
</pin_list>
<bind>
<StgValue><ssdm name="A_21"/><MemPortTyVec>0 3 </MemPortTyVec>
</StgValue>
</bind>
</comp>

<comp id="44" class="1000" name="A_22">
<pin_list>
<pin id="45" dir="1" index="0" bw="1" slack="0"/>
</pin_list>
<bind>
<StgValue><ssdm name="A_22"/><MemPortTyVec>0 3 </MemPortTyVec>
</StgValue>
</bind>
</comp>

<comp id="46" class="1000" name="A_23">
<pin_list>
<pin id="47" dir="1" index="0" bw="1" slack="0"/>
</pin_list>
<bind>
<StgValue><ssdm name="A_23"/><MemPortTyVec>0 3 </MemPortTyVec>
</StgValue>
</bind>
</comp>

<comp id="48" class="1000" name="A_24">
<pin_list>
<pin id="49" dir="1" index="0" bw="1" slack="0"/>
</pin_list>
<bind>
<StgValue><ssdm name="A_24"/><MemPortTyVec>0 3 </MemPortTyVec>
</StgValue>
</bind>
</comp>

<comp id="50" class="1000" name="A_25">
<pin_list>
<pin id="51" dir="1" index="0" bw="1" slack="0"/>
</pin_list>
<bind>
<StgValue><ssdm name="A_25"/><MemPortTyVec>0 3 </MemPortTyVec>
</StgValue>
</bind>
</comp>

<comp id="52" class="1000" name="A_26">
<pin_list>
<pin id="53" dir="1" index="0" bw="1" slack="0"/>
</pin_list>
<bind>
<StgValue><ssdm name="A_26"/><MemPortTyVec>0 3 </MemPortTyVec>
</StgValue>
</bind>
</comp>

<comp id="54" class="1000" name="A_27">
<pin_list>
<pin id="55" dir="1" index="0" bw="1" slack="0"/>
</pin_list>
<bind>
<StgValue><ssdm name="A_27"/><MemPortTyVec>0 3 </MemPortTyVec>
</StgValue>
</bind>
</comp>

<comp id="56" class="1000" name="A_28">
<pin_list>
<pin id="57" dir="1" index="0" bw="1" slack="0"/>
</pin_list>
<bind>
<StgValue><ssdm name="A_28"/><MemPortTyVec>0 3 </MemPortTyVec>
</StgValue>
</bind>
</comp>

<comp id="58" class="1000" name="A_29">
<pin_list>
<pin id="59" dir="1" index="0" bw="1" slack="0"/>
</pin_list>
<bind>
<StgValue><ssdm name="A_29"/><MemPortTyVec>0 3 </MemPortTyVec>
</StgValue>
</bind>
</comp>

<comp id="60" class="1000" name="A_30">
<pin_list>
<pin id="61" dir="1" index="0" bw="1" slack="0"/>
</pin_list>
<bind>
<StgValue><ssdm name="A_30"/><MemPortTyVec>0 3 </MemPortTyVec>
</StgValue>
</bind>
</comp>

<comp id="62" class="1000" name="A_31">
<pin_list>
<pin id="63" dir="1" index="0" bw="1" slack="0"/>
</pin_list>
<bind>
<StgValue><ssdm name="A_31"/><MemPortTyVec>0 3 </MemPortTyVec>
</StgValue>
</bind>
</comp>

<comp id="64" class="1000" name="in_stream_V_data_V">
<pin_list>
<pin id="65" dir="1" index="0" bw="1" slack="0"/>
</pin_list>
<bind>
<StgValue><ssdm name="in_stream_V_data_V"/></StgValue>
</bind>
</comp>

<comp id="66" class="1000" name="in_stream_V_keep_V">
<pin_list>
<pin id="67" dir="1" index="0" bw="1" slack="0"/>
</pin_list>
<bind>
<StgValue><ssdm name="in_stream_V_keep_V"/></StgValue>
</bind>
</comp>

<comp id="68" class="1000" name="in_stream_V_strb_V">
<pin_list>
<pin id="69" dir="1" index="0" bw="1" slack="0"/>
</pin_list>
<bind>
<StgValue><ssdm name="in_stream_V_strb_V"/></StgValue>
</bind>
</comp>

<comp id="70" class="1000" name="in_stream_V_user_V">
<pin_list>
<pin id="71" dir="1" index="0" bw="1" slack="0"/>
</pin_list>
<bind>
<StgValue><ssdm name="in_stream_V_user_V"/></StgValue>
</bind>
</comp>

<comp id="72" class="1000" name="in_stream_V_last_V">
<pin_list>
<pin id="73" dir="1" index="0" bw="1" slack="0"/>
</pin_list>
<bind>
<StgValue><ssdm name="in_stream_V_last_V"/></StgValue>
</bind>
</comp>

<comp id="74" class="1000" name="in_stream_V_id_V">
<pin_list>
<pin id="75" dir="1" index="0" bw="1" slack="0"/>
</pin_list>
<bind>
<StgValue><ssdm name="in_stream_V_id_V"/></StgValue>
</bind>
</comp>

<comp id="76" class="1000" name="in_stream_V_dest_V">
<pin_list>
<pin id="77" dir="1" index="0" bw="1" slack="0"/>
</pin_list>
<bind>
<StgValue><ssdm name="in_stream_V_dest_V"/></StgValue>
</bind>
</comp>

<comp id="78" class="1001" name="const_78">
<pin_list>
<pin id="79" dir="1" index="0" bw="1" slack="0"/>
</pin_list>
<bind>
<StgValue><ssdm name=""/></StgValue>
</bind>
</comp>

<comp id="80" class="1001" name="const_80">
<pin_list>
<pin id="81" dir="1" index="0" bw="1" slack="2147483647"/>
</pin_list>
<bind>
<StgValue><ssdm name="_ssdm_op_SpecAXISSideChannel"/></StgValue>
</bind>
</comp>

<comp id="82" class="1001" name="const_82">
<pin_list>
<pin id="83" dir="1" index="0" bw="1" slack="2147483647"/>
</pin_list>
<bind>
<StgValue><ssdm name="empty_5"/></StgValue>
</bind>
</comp>

<comp id="84" class="1001" name="const_84">
<pin_list>
<pin id="85" dir="1" index="0" bw="1" slack="2147483647"/>
</pin_list>
<bind>
<StgValue><ssdm name="_ssdm_op_SpecInterface"/></StgValue>
</bind>
</comp>

<comp id="86" class="1001" name="const_86">
<pin_list>
<pin id="87" dir="1" index="0" bw="1" slack="2147483647"/>
</pin_list>
<bind>
<StgValue><ssdm name="empty"/></StgValue>
</bind>
</comp>

<comp id="88" class="1001" name="const_88">
<pin_list>
<pin id="89" dir="1" index="0" bw="1" slack="2147483647"/>
</pin_list>
<bind>
<StgValue><ssdm name=""/></StgValue>
</bind>
</comp>

<comp id="90" class="1001" name="const_90">
<pin_list>
<pin id="91" dir="1" index="0" bw="1" slack="2147483647"/>
</pin_list>
<bind>
<StgValue><ssdm name="empty_0"/></StgValue>
</bind>
</comp>

<comp id="92" class="1001" name="const_92">
<pin_list>
<pin id="93" dir="1" index="0" bw="1" slack="2147483647"/>
</pin_list>
<bind>
<StgValue><ssdm name="empty_1"/></StgValue>
</bind>
</comp>

<comp id="94" class="1001" name="const_94">
<pin_list>
<pin id="95" dir="1" index="0" bw="1" slack="2147483647"/>
</pin_list>
<bind>
<StgValue><ssdm name=""/></StgValue>
</bind>
</comp>

<comp id="96" class="1001" name="const_96">
<pin_list>
<pin id="97" dir="1" index="0" bw="1" slack="0"/>
</pin_list>
<bind>
<StgValue><ssdm name=""/></StgValue>
</bind>
</comp>

<comp id="98" class="1001" name="const_98">
<pin_list>
<pin id="99" dir="1" index="0" bw="1" slack="0"/>
</pin_list>
<bind>
<StgValue><ssdm name=""/></StgValue>
</bind>
</comp>

<comp id="100" class="1001" name="const_100">
<pin_list>
<pin id="101" dir="1" index="0" bw="1" slack="0"/>
</pin_list>
<bind>
<StgValue><ssdm name=""/></StgValue>
</bind>
</comp>

<comp id="102" class="1001" name="const_102">
<pin_list>
<pin id="103" dir="1" index="0" bw="1" slack="0"/>
</pin_list>
<bind>
<StgValue><ssdm name=""/></StgValue>
</bind>
</comp>

<comp id="104" class="1001" name="const_104">
<pin_list>
<pin id="105" dir="1" index="0" bw="1" slack="0"/>
</pin_list>
<bind>
<StgValue><ssdm name=""/></StgValue>
</bind>
</comp>

<comp id="106" class="1001" name="const_106">
<pin_list>
<pin id="107" dir="1" index="0" bw="1" slack="0"/>
</pin_list>
<bind>
<StgValue><ssdm name=""/></StgValue>
</bind>
</comp>

<comp id="108" class="1001" name="const_108">
<pin_list>
<pin id="109" dir="1" index="0" bw="1" slack="0"/>
</pin_list>
<bind>
<StgValue><ssdm name=""/></StgValue>
</bind>
</comp>

<comp id="110" class="1001" name="const_110">
<pin_list>
<pin id="111" dir="1" index="0" bw="1" slack="0"/>
</pin_list>
<bind>
<StgValue><ssdm name=""/></StgValue>
</bind>
</comp>

<comp id="112" class="1001" name="const_112">
<pin_list>
<pin id="113" dir="1" index="0" bw="1" slack="0"/>
</pin_list>
<bind>
<StgValue><ssdm name=""/></StgValue>
</bind>
</comp>

<comp id="114" class="1001" name="const_114">
<pin_list>
<pin id="115" dir="1" index="0" bw="1" slack="0"/>
</pin_list>
<bind>
<StgValue><ssdm name=""/></StgValue>
</bind>
</comp>

<comp id="116" class="1001" name="const_116">
<pin_list>
<pin id="117" dir="1" index="0" bw="1" slack="0"/>
</pin_list>
<bind>
<StgValue><ssdm name=""/></StgValue>
</bind>
</comp>

<comp id="118" class="1001" name="const_118">
<pin_list>
<pin id="119" dir="1" index="0" bw="1" slack="0"/>
</pin_list>
<bind>
<StgValue><ssdm name=""/></StgValue>
</bind>
</comp>

<comp id="120" class="1001" name="const_120">
<pin_list>
<pin id="121" dir="1" index="0" bw="1" slack="0"/>
</pin_list>
<bind>
<StgValue><ssdm name=""/></StgValue>
</bind>
</comp>

<comp id="122" class="1001" name="const_122">
<pin_list>
<pin id="123" dir="1" index="0" bw="1" slack="0"/>
</pin_list>
<bind>
<StgValue><ssdm name=""/></StgValue>
</bind>
</comp>

<comp id="124" class="1001" name="const_124">
<pin_list>
<pin id="125" dir="1" index="0" bw="1" slack="0"/>
</pin_list>
<bind>
<StgValue><ssdm name=""/></StgValue>
</bind>
</comp>

<comp id="126" class="1001" name="const_126">
<pin_list>
<pin id="127" dir="1" index="0" bw="1" slack="0"/>
</pin_list>
<bind>
<StgValue><ssdm name=""/></StgValue>
</bind>
</comp>

<comp id="128" class="1001" name="const_128">
<pin_list>
<pin id="129" dir="1" index="0" bw="1" slack="0"/>
</pin_list>
<bind>
<StgValue><ssdm name=""/></StgValue>
</bind>
</comp>

<comp id="130" class="1001" name="const_130">
<pin_list>
<pin id="131" dir="1" index="0" bw="1" slack="0"/>
</pin_list>
<bind>
<StgValue><ssdm name=""/></StgValue>
</bind>
</comp>

<comp id="132" class="1001" name="const_132">
<pin_list>
<pin id="133" dir="1" index="0" bw="1" slack="0"/>
</pin_list>
<bind>
<StgValue><ssdm name=""/></StgValue>
</bind>
</comp>

<comp id="134" class="1001" name="const_134">
<pin_list>
<pin id="135" dir="1" index="0" bw="1" slack="0"/>
</pin_list>
<bind>
<StgValue><ssdm name=""/></StgValue>
</bind>
</comp>

<comp id="136" class="1001" name="const_136">
<pin_list>
<pin id="137" dir="1" index="0" bw="1" slack="0"/>
</pin_list>
<bind>
<StgValue><ssdm name=""/></StgValue>
</bind>
</comp>

<comp id="138" class="1001" name="const_138">
<pin_list>
<pin id="139" dir="1" index="0" bw="1" slack="0"/>
</pin_list>
<bind>
<StgValue><ssdm name=""/></StgValue>
</bind>
</comp>

<comp id="140" class="1001" name="const_140">
<pin_list>
<pin id="141" dir="1" index="0" bw="1" slack="0"/>
</pin_list>
<bind>
<StgValue><ssdm name=""/></StgValue>
</bind>
</comp>

<comp id="142" class="1001" name="const_142">
<pin_list>
<pin id="143" dir="1" index="0" bw="1" slack="0"/>
</pin_list>
<bind>
<StgValue><ssdm name=""/></StgValue>
</bind>
</comp>

<comp id="144" class="1001" name="const_144">
<pin_list>
<pin id="145" dir="1" index="0" bw="1" slack="0"/>
</pin_list>
<bind>
<StgValue><ssdm name=""/></StgValue>
</bind>
</comp>

<comp id="146" class="1001" name="const_146">
<pin_list>
<pin id="147" dir="1" index="0" bw="1" slack="0"/>
</pin_list>
<bind>
<StgValue><ssdm name=""/></StgValue>
</bind>
</comp>

<comp id="148" class="1001" name="const_148">
<pin_list>
<pin id="149" dir="1" index="0" bw="1" slack="0"/>
</pin_list>
<bind>
<StgValue><ssdm name=""/></StgValue>
</bind>
</comp>

<comp id="150" class="1001" name="const_150">
<pin_list>
<pin id="151" dir="1" index="0" bw="1" slack="0"/>
</pin_list>
<bind>
<StgValue><ssdm name=""/></StgValue>
</bind>
</comp>

<comp id="152" class="1001" name="const_152">
<pin_list>
<pin id="153" dir="1" index="0" bw="1" slack="0"/>
</pin_list>
<bind>
<StgValue><ssdm name=""/></StgValue>
</bind>
</comp>

<comp id="154" class="1001" name="const_154">
<pin_list>
<pin id="155" dir="1" index="0" bw="1" slack="0"/>
</pin_list>
<bind>
<StgValue><ssdm name=""/></StgValue>
</bind>
</comp>

<comp id="156" class="1001" name="const_156">
<pin_list>
<pin id="157" dir="1" index="0" bw="1" slack="0"/>
</pin_list>
<bind>
<StgValue><ssdm name=""/></StgValue>
</bind>
</comp>

<comp id="158" class="1001" name="const_158">
<pin_list>
<pin id="159" dir="1" index="0" bw="1" slack="0"/>
</pin_list>
<bind>
<StgValue><ssdm name=""/></StgValue>
</bind>
</comp>

<comp id="160" class="1001" name="const_160">
<pin_list>
<pin id="161" dir="1" index="0" bw="1" slack="0"/>
</pin_list>
<bind>
<StgValue><ssdm name=""/></StgValue>
</bind>
</comp>

<comp id="162" class="1001" name="const_162">
<pin_list>
<pin id="163" dir="1" index="0" bw="1" slack="0"/>
</pin_list>
<bind>
<StgValue><ssdm name=""/></StgValue>
</bind>
</comp>

<comp id="164" class="1001" name="const_164">
<pin_list>
<pin id="165" dir="1" index="0" bw="1" slack="0"/>
</pin_list>
<bind>
<StgValue><ssdm name=""/></StgValue>
</bind>
</comp>

<comp id="166" class="1001" name="const_166">
<pin_list>
<pin id="167" dir="1" index="0" bw="1" slack="0"/>
</pin_list>
<bind>
<StgValue><ssdm name=""/></StgValue>
</bind>
</comp>

<comp id="168" class="1001" name="const_168">
<pin_list>
<pin id="169" dir="1" index="0" bw="1" slack="0"/>
</pin_list>
<bind>
<StgValue><ssdm name=""/></StgValue>
</bind>
</comp>

<comp id="170" class="1001" name="const_170">
<pin_list>
<pin id="171" dir="1" index="0" bw="1" slack="2147483647"/>
</pin_list>
<bind>
<StgValue><ssdm name="_ssdm_op_SpecLoopName"/></StgValue>
</bind>
</comp>

<comp id="172" class="1001" name="const_172">
<pin_list>
<pin id="173" dir="1" index="0" bw="1" slack="2147483647"/>
</pin_list>
<bind>
<StgValue><ssdm name="VITIS_LOOP_23_1_VITIS_LOOP_24_2_str"/></StgValue>
</bind>
</comp>

<comp id="174" class="1001" name="const_174">
<pin_list>
<pin id="175" dir="1" index="0" bw="1" slack="2147483647"/>
</pin_list>
<bind>
<StgValue><ssdm name="_ssdm_op_SpecLoopTripCount"/></StgValue>
</bind>
</comp>

<comp id="176" class="1001" name="const_176">
<pin_list>
<pin id="177" dir="1" index="0" bw="1" slack="2147483647"/>
</pin_list>
<bind>
<StgValue><ssdm name=""/></StgValue>
</bind>
</comp>

<comp id="178" class="1001" name="const_178">
<pin_list>
<pin id="179" dir="1" index="0" bw="1" slack="0"/>
</pin_list>
<bind>
<StgValue><ssdm name=""/></StgValue>
</bind>
</comp>

<comp id="180" class="1001" name="const_180">
<pin_list>
<pin id="181" dir="1" index="0" bw="1" slack="2147483647"/>
</pin_list>
<bind>
<StgValue><ssdm name="_ssdm_op_SpecPipeline"/></StgValue>
</bind>
</comp>

<comp id="182" class="1001" name="const_182">
<pin_list>
<pin id="183" dir="1" index="0" bw="1" slack="0"/>
</pin_list>
<bind>
<StgValue><ssdm name="_ssdm_op_Read.axis.volatile.i32P0A.i4P0A.i4P0A.i1P0A.i1P0A.i1P0A.i1P0A"/></StgValue>
</bind>
</comp>

<comp id="184" class="1004" name="j_fu_184">
<pin_list>
<pin id="185" dir="0" index="0" bw="1" slack="0"/>
<pin id="186" dir="1" index="1" bw="6" slack="0"/>
</pin_list>
<bind>
<opcode="alloca(26) " fcode="alloca"/>
<opset="j/1 "/>
</bind>
</comp>

<comp id="188" class="1004" name="i_fu_188">
<pin_list>
<pin id="189" dir="0" index="0" bw="1" slack="0"/>
<pin id="190" dir="1" index="1" bw="6" slack="0"/>
</pin_list>
<bind>
<opcode="alloca(26) " fcode="alloca"/>
<opset="i/1 "/>
</bind>
</comp>

<comp id="192" class="1004" name="indvar_flatten_fu_192">
<pin_list>
<pin id="193" dir="0" index="0" bw="1" slack="0"/>
<pin id="194" dir="1" index="1" bw="11" slack="0"/>
</pin_list>
<bind>
<opcode="alloca(26) " fcode="alloca"/>
<opset="indvar_flatten/1 "/>
</bind>
</comp>

<comp id="196" class="1004" name="empty_read_fu_196">
<pin_list>
<pin id="197" dir="0" index="0" bw="44" slack="0"/>
<pin id="198" dir="0" index="1" bw="32" slack="0"/>
<pin id="199" dir="0" index="2" bw="4" slack="0"/>
<pin id="200" dir="0" index="3" bw="4" slack="0"/>
<pin id="201" dir="0" index="4" bw="1" slack="0"/>
<pin id="202" dir="0" index="5" bw="1" slack="0"/>
<pin id="203" dir="0" index="6" bw="1" slack="0"/>
<pin id="204" dir="0" index="7" bw="1" slack="0"/>
<pin id="205" dir="1" index="8" bw="44" slack="0"/>
</pin_list>
<bind>
<opcode="read(1150) " fcode="read"/>
<opset="empty/3 "/>
</bind>
</comp>

<comp id="214" class="1004" name="A_addr_gep_fu_214">
<pin_list>
<pin id="215" dir="0" index="0" bw="32" slack="0"/>
<pin id="216" dir="0" index="1" bw="1" slack="0"/>
<pin id="217" dir="0" index="2" bw="6" slack="0"/>
<pin id="218" dir="1" index="3" bw="5" slack="0"/>
</pin_list>
<bind>
<opcode="getelementptr(29) " fcode="getelementptr"/>
<opset="A_addr/3 "/>
</bind>
</comp>

<comp id="221" class="1004" name="A_1_addr_gep_fu_221">
<pin_list>
<pin id="222" dir="0" index="0" bw="32" slack="0"/>
<pin id="223" dir="0" index="1" bw="1" slack="0"/>
<pin id="224" dir="0" index="2" bw="6" slack="0"/>
<pin id="225" dir="1" index="3" bw="5" slack="0"/>
</pin_list>
<bind>
<opcode="getelementptr(29) " fcode="getelementptr"/>
<opset="A_1_addr/3 "/>
</bind>
</comp>

<comp id="228" class="1004" name="A_2_addr_gep_fu_228">
<pin_list>
<pin id="229" dir="0" index="0" bw="32" slack="0"/>
<pin id="230" dir="0" index="1" bw="1" slack="0"/>
<pin id="231" dir="0" index="2" bw="6" slack="0"/>
<pin id="232" dir="1" index="3" bw="5" slack="0"/>
</pin_list>
<bind>
<opcode="getelementptr(29) " fcode="getelementptr"/>
<opset="A_2_addr/3 "/>
</bind>
</comp>

<comp id="235" class="1004" name="A_3_addr_gep_fu_235">
<pin_list>
<pin id="236" dir="0" index="0" bw="32" slack="0"/>
<pin id="237" dir="0" index="1" bw="1" slack="0"/>
<pin id="238" dir="0" index="2" bw="6" slack="0"/>
<pin id="239" dir="1" index="3" bw="5" slack="0"/>
</pin_list>
<bind>
<opcode="getelementptr(29) " fcode="getelementptr"/>
<opset="A_3_addr/3 "/>
</bind>
</comp>

<comp id="242" class="1004" name="A_4_addr_gep_fu_242">
<pin_list>
<pin id="243" dir="0" index="0" bw="32" slack="0"/>
<pin id="244" dir="0" index="1" bw="1" slack="0"/>
<pin id="245" dir="0" index="2" bw="6" slack="0"/>
<pin id="246" dir="1" index="3" bw="5" slack="0"/>
</pin_list>
<bind>
<opcode="getelementptr(29) " fcode="getelementptr"/>
<opset="A_4_addr/3 "/>
</bind>
</comp>

<comp id="249" class="1004" name="A_5_addr_gep_fu_249">
<pin_list>
<pin id="250" dir="0" index="0" bw="32" slack="0"/>
<pin id="251" dir="0" index="1" bw="1" slack="0"/>
<pin id="252" dir="0" index="2" bw="6" slack="0"/>
<pin id="253" dir="1" index="3" bw="5" slack="0"/>
</pin_list>
<bind>
<opcode="getelementptr(29) " fcode="getelementptr"/>
<opset="A_5_addr/3 "/>
</bind>
</comp>

<comp id="256" class="1004" name="A_6_addr_gep_fu_256">
<pin_list>
<pin id="257" dir="0" index="0" bw="32" slack="0"/>
<pin id="258" dir="0" index="1" bw="1" slack="0"/>
<pin id="259" dir="0" index="2" bw="6" slack="0"/>
<pin id="260" dir="1" index="3" bw="5" slack="0"/>
</pin_list>
<bind>
<opcode="getelementptr(29) " fcode="getelementptr"/>
<opset="A_6_addr/3 "/>
</bind>
</comp>

<comp id="263" class="1004" name="A_7_addr_gep_fu_263">
<pin_list>
<pin id="264" dir="0" index="0" bw="32" slack="0"/>
<pin id="265" dir="0" index="1" bw="1" slack="0"/>
<pin id="266" dir="0" index="2" bw="6" slack="0"/>
<pin id="267" dir="1" index="3" bw="5" slack="0"/>
</pin_list>
<bind>
<opcode="getelementptr(29) " fcode="getelementptr"/>
<opset="A_7_addr/3 "/>
</bind>
</comp>

<comp id="270" class="1004" name="A_8_addr_gep_fu_270">
<pin_list>
<pin id="271" dir="0" index="0" bw="32" slack="0"/>
<pin id="272" dir="0" index="1" bw="1" slack="0"/>
<pin id="273" dir="0" index="2" bw="6" slack="0"/>
<pin id="274" dir="1" index="3" bw="5" slack="0"/>
</pin_list>
<bind>
<opcode="getelementptr(29) " fcode="getelementptr"/>
<opset="A_8_addr/3 "/>
</bind>
</comp>

<comp id="277" class="1004" name="A_9_addr_gep_fu_277">
<pin_list>
<pin id="278" dir="0" index="0" bw="32" slack="0"/>
<pin id="279" dir="0" index="1" bw="1" slack="0"/>
<pin id="280" dir="0" index="2" bw="6" slack="0"/>
<pin id="281" dir="1" index="3" bw="5" slack="0"/>
</pin_list>
<bind>
<opcode="getelementptr(29) " fcode="getelementptr"/>
<opset="A_9_addr/3 "/>
</bind>
</comp>

<comp id="284" class="1004" name="A_10_addr_gep_fu_284">
<pin_list>
<pin id="285" dir="0" index="0" bw="32" slack="0"/>
<pin id="286" dir="0" index="1" bw="1" slack="0"/>
<pin id="287" dir="0" index="2" bw="6" slack="0"/>
<pin id="288" dir="1" index="3" bw="5" slack="0"/>
</pin_list>
<bind>
<opcode="getelementptr(29) " fcode="getelementptr"/>
<opset="A_10_addr/3 "/>
</bind>
</comp>

<comp id="291" class="1004" name="A_11_addr_gep_fu_291">
<pin_list>
<pin id="292" dir="0" index="0" bw="32" slack="0"/>
<pin id="293" dir="0" index="1" bw="1" slack="0"/>
<pin id="294" dir="0" index="2" bw="6" slack="0"/>
<pin id="295" dir="1" index="3" bw="5" slack="0"/>
</pin_list>
<bind>
<opcode="getelementptr(29) " fcode="getelementptr"/>
<opset="A_11_addr/3 "/>
</bind>
</comp>

<comp id="298" class="1004" name="A_12_addr_gep_fu_298">
<pin_list>
<pin id="299" dir="0" index="0" bw="32" slack="0"/>
<pin id="300" dir="0" index="1" bw="1" slack="0"/>
<pin id="301" dir="0" index="2" bw="6" slack="0"/>
<pin id="302" dir="1" index="3" bw="5" slack="0"/>
</pin_list>
<bind>
<opcode="getelementptr(29) " fcode="getelementptr"/>
<opset="A_12_addr/3 "/>
</bind>
</comp>

<comp id="305" class="1004" name="A_13_addr_gep_fu_305">
<pin_list>
<pin id="306" dir="0" index="0" bw="32" slack="0"/>
<pin id="307" dir="0" index="1" bw="1" slack="0"/>
<pin id="308" dir="0" index="2" bw="6" slack="0"/>
<pin id="309" dir="1" index="3" bw="5" slack="0"/>
</pin_list>
<bind>
<opcode="getelementptr(29) " fcode="getelementptr"/>
<opset="A_13_addr/3 "/>
</bind>
</comp>

<comp id="312" class="1004" name="A_14_addr_gep_fu_312">
<pin_list>
<pin id="313" dir="0" index="0" bw="32" slack="0"/>
<pin id="314" dir="0" index="1" bw="1" slack="0"/>
<pin id="315" dir="0" index="2" bw="6" slack="0"/>
<pin id="316" dir="1" index="3" bw="5" slack="0"/>
</pin_list>
<bind>
<opcode="getelementptr(29) " fcode="getelementptr"/>
<opset="A_14_addr/3 "/>
</bind>
</comp>

<comp id="319" class="1004" name="A_15_addr_gep_fu_319">
<pin_list>
<pin id="320" dir="0" index="0" bw="32" slack="0"/>
<pin id="321" dir="0" index="1" bw="1" slack="0"/>
<pin id="322" dir="0" index="2" bw="6" slack="0"/>
<pin id="323" dir="1" index="3" bw="5" slack="0"/>
</pin_list>
<bind>
<opcode="getelementptr(29) " fcode="getelementptr"/>
<opset="A_15_addr/3 "/>
</bind>
</comp>

<comp id="326" class="1004" name="A_16_addr_gep_fu_326">
<pin_list>
<pin id="327" dir="0" index="0" bw="32" slack="0"/>
<pin id="328" dir="0" index="1" bw="1" slack="0"/>
<pin id="329" dir="0" index="2" bw="6" slack="0"/>
<pin id="330" dir="1" index="3" bw="5" slack="0"/>
</pin_list>
<bind>
<opcode="getelementptr(29) " fcode="getelementptr"/>
<opset="A_16_addr/3 "/>
</bind>
</comp>

<comp id="333" class="1004" name="A_17_addr_gep_fu_333">
<pin_list>
<pin id="334" dir="0" index="0" bw="32" slack="0"/>
<pin id="335" dir="0" index="1" bw="1" slack="0"/>
<pin id="336" dir="0" index="2" bw="6" slack="0"/>
<pin id="337" dir="1" index="3" bw="5" slack="0"/>
</pin_list>
<bind>
<opcode="getelementptr(29) " fcode="getelementptr"/>
<opset="A_17_addr/3 "/>
</bind>
</comp>

<comp id="340" class="1004" name="A_18_addr_gep_fu_340">
<pin_list>
<pin id="341" dir="0" index="0" bw="32" slack="0"/>
<pin id="342" dir="0" index="1" bw="1" slack="0"/>
<pin id="343" dir="0" index="2" bw="6" slack="0"/>
<pin id="344" dir="1" index="3" bw="5" slack="0"/>
</pin_list>
<bind>
<opcode="getelementptr(29) " fcode="getelementptr"/>
<opset="A_18_addr/3 "/>
</bind>
</comp>

<comp id="347" class="1004" name="A_19_addr_gep_fu_347">
<pin_list>
<pin id="348" dir="0" index="0" bw="32" slack="0"/>
<pin id="349" dir="0" index="1" bw="1" slack="0"/>
<pin id="350" dir="0" index="2" bw="6" slack="0"/>
<pin id="351" dir="1" index="3" bw="5" slack="0"/>
</pin_list>
<bind>
<opcode="getelementptr(29) " fcode="getelementptr"/>
<opset="A_19_addr/3 "/>
</bind>
</comp>

<comp id="354" class="1004" name="A_20_addr_gep_fu_354">
<pin_list>
<pin id="355" dir="0" index="0" bw="32" slack="0"/>
<pin id="356" dir="0" index="1" bw="1" slack="0"/>
<pin id="357" dir="0" index="2" bw="6" slack="0"/>
<pin id="358" dir="1" index="3" bw="5" slack="0"/>
</pin_list>
<bind>
<opcode="getelementptr(29) " fcode="getelementptr"/>
<opset="A_20_addr/3 "/>
</bind>
</comp>

<comp id="361" class="1004" name="A_21_addr_gep_fu_361">
<pin_list>
<pin id="362" dir="0" index="0" bw="32" slack="0"/>
<pin id="363" dir="0" index="1" bw="1" slack="0"/>
<pin id="364" dir="0" index="2" bw="6" slack="0"/>
<pin id="365" dir="1" index="3" bw="5" slack="0"/>
</pin_list>
<bind>
<opcode="getelementptr(29) " fcode="getelementptr"/>
<opset="A_21_addr/3 "/>
</bind>
</comp>

<comp id="368" class="1004" name="A_22_addr_gep_fu_368">
<pin_list>
<pin id="369" dir="0" index="0" bw="32" slack="0"/>
<pin id="370" dir="0" index="1" bw="1" slack="0"/>
<pin id="371" dir="0" index="2" bw="6" slack="0"/>
<pin id="372" dir="1" index="3" bw="5" slack="0"/>
</pin_list>
<bind>
<opcode="getelementptr(29) " fcode="getelementptr"/>
<opset="A_22_addr/3 "/>
</bind>
</comp>

<comp id="375" class="1004" name="A_23_addr_gep_fu_375">
<pin_list>
<pin id="376" dir="0" index="0" bw="32" slack="0"/>
<pin id="377" dir="0" index="1" bw="1" slack="0"/>
<pin id="378" dir="0" index="2" bw="6" slack="0"/>
<pin id="379" dir="1" index="3" bw="5" slack="0"/>
</pin_list>
<bind>
<opcode="getelementptr(29) " fcode="getelementptr"/>
<opset="A_23_addr/3 "/>
</bind>
</comp>

<comp id="382" class="1004" name="A_24_addr_gep_fu_382">
<pin_list>
<pin id="383" dir="0" index="0" bw="32" slack="0"/>
<pin id="384" dir="0" index="1" bw="1" slack="0"/>
<pin id="385" dir="0" index="2" bw="6" slack="0"/>
<pin id="386" dir="1" index="3" bw="5" slack="0"/>
</pin_list>
<bind>
<opcode="getelementptr(29) " fcode="getelementptr"/>
<opset="A_24_addr/3 "/>
</bind>
</comp>

<comp id="389" class="1004" name="A_25_addr_gep_fu_389">
<pin_list>
<pin id="390" dir="0" index="0" bw="32" slack="0"/>
<pin id="391" dir="0" index="1" bw="1" slack="0"/>
<pin id="392" dir="0" index="2" bw="6" slack="0"/>
<pin id="393" dir="1" index="3" bw="5" slack="0"/>
</pin_list>
<bind>
<opcode="getelementptr(29) " fcode="getelementptr"/>
<opset="A_25_addr/3 "/>
</bind>
</comp>

<comp id="396" class="1004" name="A_26_addr_gep_fu_396">
<pin_list>
<pin id="397" dir="0" index="0" bw="32" slack="0"/>
<pin id="398" dir="0" index="1" bw="1" slack="0"/>
<pin id="399" dir="0" index="2" bw="6" slack="0"/>
<pin id="400" dir="1" index="3" bw="5" slack="0"/>
</pin_list>
<bind>
<opcode="getelementptr(29) " fcode="getelementptr"/>
<opset="A_26_addr/3 "/>
</bind>
</comp>

<comp id="403" class="1004" name="A_27_addr_gep_fu_403">
<pin_list>
<pin id="404" dir="0" index="0" bw="32" slack="0"/>
<pin id="405" dir="0" index="1" bw="1" slack="0"/>
<pin id="406" dir="0" index="2" bw="6" slack="0"/>
<pin id="407" dir="1" index="3" bw="5" slack="0"/>
</pin_list>
<bind>
<opcode="getelementptr(29) " fcode="getelementptr"/>
<opset="A_27_addr/3 "/>
</bind>
</comp>

<comp id="410" class="1004" name="A_28_addr_gep_fu_410">
<pin_list>
<pin id="411" dir="0" index="0" bw="32" slack="0"/>
<pin id="412" dir="0" index="1" bw="1" slack="0"/>
<pin id="413" dir="0" index="2" bw="6" slack="0"/>
<pin id="414" dir="1" index="3" bw="5" slack="0"/>
</pin_list>
<bind>
<opcode="getelementptr(29) " fcode="getelementptr"/>
<opset="A_28_addr/3 "/>
</bind>
</comp>

<comp id="417" class="1004" name="A_29_addr_gep_fu_417">
<pin_list>
<pin id="418" dir="0" index="0" bw="32" slack="0"/>
<pin id="419" dir="0" index="1" bw="1" slack="0"/>
<pin id="420" dir="0" index="2" bw="6" slack="0"/>
<pin id="421" dir="1" index="3" bw="5" slack="0"/>
</pin_list>
<bind>
<opcode="getelementptr(29) " fcode="getelementptr"/>
<opset="A_29_addr/3 "/>
</bind>
</comp>

<comp id="424" class="1004" name="A_30_addr_gep_fu_424">
<pin_list>
<pin id="425" dir="0" index="0" bw="32" slack="0"/>
<pin id="426" dir="0" index="1" bw="1" slack="0"/>
<pin id="427" dir="0" index="2" bw="6" slack="0"/>
<pin id="428" dir="1" index="3" bw="5" slack="0"/>
</pin_list>
<bind>
<opcode="getelementptr(29) " fcode="getelementptr"/>
<opset="A_30_addr/3 "/>
</bind>
</comp>

<comp id="431" class="1004" name="A_31_addr_gep_fu_431">
<pin_list>
<pin id="432" dir="0" index="0" bw="32" slack="0"/>
<pin id="433" dir="0" index="1" bw="1" slack="0"/>
<pin id="434" dir="0" index="2" bw="6" slack="0"/>
<pin id="435" dir="1" index="3" bw="5" slack="0"/>
</pin_list>
<bind>
<opcode="getelementptr(29) " fcode="getelementptr"/>
<opset="A_31_addr/3 "/>
</bind>
</comp>

<comp id="438" class="1004" name="store_ln26_access_fu_438">
<pin_list>
<pin id="439" dir="0" index="0" bw="5" slack="0"/>
<pin id="440" dir="0" index="1" bw="32" slack="0"/>
<pin id="441" dir="0" index="2" bw="0" slack="2147483647"/>
<pin id="442" dir="1" index="3" bw="32" slack="2147483647"/>
</pin_list>
<bind>
<opcode="store(28) " fcode="store"/>
<opset="store_ln26/3 "/>
</bind>
</comp>

<comp id="444" class="1004" name="store_ln26_access_fu_444">
<pin_list>
<pin id="445" dir="0" index="0" bw="5" slack="0"/>
<pin id="446" dir="0" index="1" bw="32" slack="0"/>
<pin id="447" dir="0" index="2" bw="0" slack="2147483647"/>
<pin id="448" dir="1" index="3" bw="32" slack="2147483647"/>
</pin_list>
<bind>
<opcode="store(28) " fcode="store"/>
<opset="store_ln26/3 "/>
</bind>
</comp>

<comp id="450" class="1004" name="store_ln26_access_fu_450">
<pin_list>
<pin id="451" dir="0" index="0" bw="5" slack="0"/>
<pin id="452" dir="0" index="1" bw="32" slack="0"/>
<pin id="453" dir="0" index="2" bw="0" slack="2147483647"/>
<pin id="454" dir="1" index="3" bw="32" slack="2147483647"/>
</pin_list>
<bind>
<opcode="store(28) " fcode="store"/>
<opset="store_ln26/3 "/>
</bind>
</comp>

<comp id="456" class="1004" name="store_ln26_access_fu_456">
<pin_list>
<pin id="457" dir="0" index="0" bw="5" slack="0"/>
<pin id="458" dir="0" index="1" bw="32" slack="0"/>
<pin id="459" dir="0" index="2" bw="0" slack="2147483647"/>
<pin id="460" dir="1" index="3" bw="32" slack="2147483647"/>
</pin_list>
<bind>
<opcode="store(28) " fcode="store"/>
<opset="store_ln26/3 "/>
</bind>
</comp>

<comp id="462" class="1004" name="store_ln26_access_fu_462">
<pin_list>
<pin id="463" dir="0" index="0" bw="5" slack="0"/>
<pin id="464" dir="0" index="1" bw="32" slack="0"/>
<pin id="465" dir="0" index="2" bw="0" slack="2147483647"/>
<pin id="466" dir="1" index="3" bw="32" slack="2147483647"/>
</pin_list>
<bind>
<opcode="store(28) " fcode="store"/>
<opset="store_ln26/3 "/>
</bind>
</comp>

<comp id="468" class="1004" name="store_ln26_access_fu_468">
<pin_list>
<pin id="469" dir="0" index="0" bw="5" slack="0"/>
<pin id="470" dir="0" index="1" bw="32" slack="0"/>
<pin id="471" dir="0" index="2" bw="0" slack="2147483647"/>
<pin id="472" dir="1" index="3" bw="32" slack="2147483647"/>
</pin_list>
<bind>
<opcode="store(28) " fcode="store"/>
<opset="store_ln26/3 "/>
</bind>
</comp>

<comp id="474" class="1004" name="store_ln26_access_fu_474">
<pin_list>
<pin id="475" dir="0" index="0" bw="5" slack="0"/>
<pin id="476" dir="0" index="1" bw="32" slack="0"/>
<pin id="477" dir="0" index="2" bw="0" slack="2147483647"/>
<pin id="478" dir="1" index="3" bw="32" slack="2147483647"/>
</pin_list>
<bind>
<opcode="store(28) " fcode="store"/>
<opset="store_ln26/3 "/>
</bind>
</comp>

<comp id="480" class="1004" name="store_ln26_access_fu_480">
<pin_list>
<pin id="481" dir="0" index="0" bw="5" slack="0"/>
<pin id="482" dir="0" index="1" bw="32" slack="0"/>
<pin id="483" dir="0" index="2" bw="0" slack="2147483647"/>
<pin id="484" dir="1" index="3" bw="32" slack="2147483647"/>
</pin_list>
<bind>
<opcode="store(28) " fcode="store"/>
<opset="store_ln26/3 "/>
</bind>
</comp>

<comp id="486" class="1004" name="store_ln26_access_fu_486">
<pin_list>
<pin id="487" dir="0" index="0" bw="5" slack="0"/>
<pin id="488" dir="0" index="1" bw="32" slack="0"/>
<pin id="489" dir="0" index="2" bw="0" slack="2147483647"/>
<pin id="490" dir="1" index="3" bw="32" slack="2147483647"/>
</pin_list>
<bind>
<opcode="store(28) " fcode="store"/>
<opset="store_ln26/3 "/>
</bind>
</comp>

<comp id="492" class="1004" name="store_ln26_access_fu_492">
<pin_list>
<pin id="493" dir="0" index="0" bw="5" slack="0"/>
<pin id="494" dir="0" index="1" bw="32" slack="0"/>
<pin id="495" dir="0" index="2" bw="0" slack="2147483647"/>
<pin id="496" dir="1" index="3" bw="32" slack="2147483647"/>
</pin_list>
<bind>
<opcode="store(28) " fcode="store"/>
<opset="store_ln26/3 "/>
</bind>
</comp>

<comp id="498" class="1004" name="store_ln26_access_fu_498">
<pin_list>
<pin id="499" dir="0" index="0" bw="5" slack="0"/>
<pin id="500" dir="0" index="1" bw="32" slack="0"/>
<pin id="501" dir="0" index="2" bw="0" slack="2147483647"/>
<pin id="502" dir="1" index="3" bw="32" slack="2147483647"/>
</pin_list>
<bind>
<opcode="store(28) " fcode="store"/>
<opset="store_ln26/3 "/>
</bind>
</comp>

<comp id="504" class="1004" name="store_ln26_access_fu_504">
<pin_list>
<pin id="505" dir="0" index="0" bw="5" slack="0"/>
<pin id="506" dir="0" index="1" bw="32" slack="0"/>
<pin id="507" dir="0" index="2" bw="0" slack="2147483647"/>
<pin id="508" dir="1" index="3" bw="32" slack="2147483647"/>
</pin_list>
<bind>
<opcode="store(28) " fcode="store"/>
<opset="store_ln26/3 "/>
</bind>
</comp>

<comp id="510" class="1004" name="store_ln26_access_fu_510">
<pin_list>
<pin id="511" dir="0" index="0" bw="5" slack="0"/>
<pin id="512" dir="0" index="1" bw="32" slack="0"/>
<pin id="513" dir="0" index="2" bw="0" slack="2147483647"/>
<pin id="514" dir="1" index="3" bw="32" slack="2147483647"/>
</pin_list>
<bind>
<opcode="store(28) " fcode="store"/>
<opset="store_ln26/3 "/>
</bind>
</comp>

<comp id="516" class="1004" name="store_ln26_access_fu_516">
<pin_list>
<pin id="517" dir="0" index="0" bw="5" slack="0"/>
<pin id="518" dir="0" index="1" bw="32" slack="0"/>
<pin id="519" dir="0" index="2" bw="0" slack="2147483647"/>
<pin id="520" dir="1" index="3" bw="32" slack="2147483647"/>
</pin_list>
<bind>
<opcode="store(28) " fcode="store"/>
<opset="store_ln26/3 "/>
</bind>
</comp>

<comp id="522" class="1004" name="store_ln26_access_fu_522">
<pin_list>
<pin id="523" dir="0" index="0" bw="5" slack="0"/>
<pin id="524" dir="0" index="1" bw="32" slack="0"/>
<pin id="525" dir="0" index="2" bw="0" slack="2147483647"/>
<pin id="526" dir="1" index="3" bw="32" slack="2147483647"/>
</pin_list>
<bind>
<opcode="store(28) " fcode="store"/>
<opset="store_ln26/3 "/>
</bind>
</comp>

<comp id="528" class="1004" name="store_ln26_access_fu_528">
<pin_list>
<pin id="529" dir="0" index="0" bw="5" slack="0"/>
<pin id="530" dir="0" index="1" bw="32" slack="0"/>
<pin id="531" dir="0" index="2" bw="0" slack="2147483647"/>
<pin id="532" dir="1" index="3" bw="32" slack="2147483647"/>
</pin_list>
<bind>
<opcode="store(28) " fcode="store"/>
<opset="store_ln26/3 "/>
</bind>
</comp>

<comp id="534" class="1004" name="store_ln26_access_fu_534">
<pin_list>
<pin id="535" dir="0" index="0" bw="5" slack="0"/>
<pin id="536" dir="0" index="1" bw="32" slack="0"/>
<pin id="537" dir="0" index="2" bw="0" slack="2147483647"/>
<pin id="538" dir="1" index="3" bw="32" slack="2147483647"/>
</pin_list>
<bind>
<opcode="store(28) " fcode="store"/>
<opset="store_ln26/3 "/>
</bind>
</comp>

<comp id="540" class="1004" name="store_ln26_access_fu_540">
<pin_list>
<pin id="541" dir="0" index="0" bw="5" slack="0"/>
<pin id="542" dir="0" index="1" bw="32" slack="0"/>
<pin id="543" dir="0" index="2" bw="0" slack="2147483647"/>
<pin id="544" dir="1" index="3" bw="32" slack="2147483647"/>
</pin_list>
<bind>
<opcode="store(28) " fcode="store"/>
<opset="store_ln26/3 "/>
</bind>
</comp>

<comp id="546" class="1004" name="store_ln26_access_fu_546">
<pin_list>
<pin id="547" dir="0" index="0" bw="5" slack="0"/>
<pin id="548" dir="0" index="1" bw="32" slack="0"/>
<pin id="549" dir="0" index="2" bw="0" slack="2147483647"/>
<pin id="550" dir="1" index="3" bw="32" slack="2147483647"/>
</pin_list>
<bind>
<opcode="store(28) " fcode="store"/>
<opset="store_ln26/3 "/>
</bind>
</comp>

<comp id="552" class="1004" name="store_ln26_access_fu_552">
<pin_list>
<pin id="553" dir="0" index="0" bw="5" slack="0"/>
<pin id="554" dir="0" index="1" bw="32" slack="0"/>
<pin id="555" dir="0" index="2" bw="0" slack="2147483647"/>
<pin id="556" dir="1" index="3" bw="32" slack="2147483647"/>
</pin_list>
<bind>
<opcode="store(28) " fcode="store"/>
<opset="store_ln26/3 "/>
</bind>
</comp>

<comp id="558" class="1004" name="store_ln26_access_fu_558">
<pin_list>
<pin id="559" dir="0" index="0" bw="5" slack="0"/>
<pin id="560" dir="0" index="1" bw="32" slack="0"/>
<pin id="561" dir="0" index="2" bw="0" slack="2147483647"/>
<pin id="562" dir="1" index="3" bw="32" slack="2147483647"/>
</pin_list>
<bind>
<opcode="store(28) " fcode="store"/>
<opset="store_ln26/3 "/>
</bind>
</comp>

<comp id="564" class="1004" name="store_ln26_access_fu_564">
<pin_list>
<pin id="565" dir="0" index="0" bw="5" slack="0"/>
<pin id="566" dir="0" index="1" bw="32" slack="0"/>
<pin id="567" dir="0" index="2" bw="0" slack="2147483647"/>
<pin id="568" dir="1" index="3" bw="32" slack="2147483647"/>
</pin_list>
<bind>
<opcode="store(28) " fcode="store"/>
<opset="store_ln26/3 "/>
</bind>
</comp>

<comp id="570" class="1004" name="store_ln26_access_fu_570">
<pin_list>
<pin id="571" dir="0" index="0" bw="5" slack="0"/>
<pin id="572" dir="0" index="1" bw="32" slack="0"/>
<pin id="573" dir="0" index="2" bw="0" slack="2147483647"/>
<pin id="574" dir="1" index="3" bw="32" slack="2147483647"/>
</pin_list>
<bind>
<opcode="store(28) " fcode="store"/>
<opset="store_ln26/3 "/>
</bind>
</comp>

<comp id="576" class="1004" name="store_ln26_access_fu_576">
<pin_list>
<pin id="577" dir="0" index="0" bw="5" slack="0"/>
<pin id="578" dir="0" index="1" bw="32" slack="0"/>
<pin id="579" dir="0" index="2" bw="0" slack="2147483647"/>
<pin id="580" dir="1" index="3" bw="32" slack="2147483647"/>
</pin_list>
<bind>
<opcode="store(28) " fcode="store"/>
<opset="store_ln26/3 "/>
</bind>
</comp>

<comp id="582" class="1004" name="store_ln26_access_fu_582">
<pin_list>
<pin id="583" dir="0" index="0" bw="5" slack="0"/>
<pin id="584" dir="0" index="1" bw="32" slack="0"/>
<pin id="585" dir="0" index="2" bw="0" slack="2147483647"/>
<pin id="586" dir="1" index="3" bw="32" slack="2147483647"/>
</pin_list>
<bind>
<opcode="store(28) " fcode="store"/>
<opset="store_ln26/3 "/>
</bind>
</comp>

<comp id="588" class="1004" name="store_ln26_access_fu_588">
<pin_list>
<pin id="589" dir="0" index="0" bw="5" slack="0"/>
<pin id="590" dir="0" index="1" bw="32" slack="0"/>
<pin id="591" dir="0" index="2" bw="0" slack="2147483647"/>
<pin id="592" dir="1" index="3" bw="32" slack="2147483647"/>
</pin_list>
<bind>
<opcode="store(28) " fcode="store"/>
<opset="store_ln26/3 "/>
</bind>
</comp>

<comp id="594" class="1004" name="store_ln26_access_fu_594">
<pin_list>
<pin id="595" dir="0" index="0" bw="5" slack="0"/>
<pin id="596" dir="0" index="1" bw="32" slack="0"/>
<pin id="597" dir="0" index="2" bw="0" slack="2147483647"/>
<pin id="598" dir="1" index="3" bw="32" slack="2147483647"/>
</pin_list>
<bind>
<opcode="store(28) " fcode="store"/>
<opset="store_ln26/3 "/>
</bind>
</comp>

<comp id="600" class="1004" name="store_ln26_access_fu_600">
<pin_list>
<pin id="601" dir="0" index="0" bw="5" slack="0"/>
<pin id="602" dir="0" index="1" bw="32" slack="0"/>
<pin id="603" dir="0" index="2" bw="0" slack="2147483647"/>
<pin id="604" dir="1" index="3" bw="32" slack="2147483647"/>
</pin_list>
<bind>
<opcode="store(28) " fcode="store"/>
<opset="store_ln26/3 "/>
</bind>
</comp>

<comp id="606" class="1004" name="store_ln26_access_fu_606">
<pin_list>
<pin id="607" dir="0" index="0" bw="5" slack="0"/>
<pin id="608" dir="0" index="1" bw="32" slack="0"/>
<pin id="609" dir="0" index="2" bw="0" slack="2147483647"/>
<pin id="610" dir="1" index="3" bw="32" slack="2147483647"/>
</pin_list>
<bind>
<opcode="store(28) " fcode="store"/>
<opset="store_ln26/3 "/>
</bind>
</comp>

<comp id="612" class="1004" name="store_ln26_access_fu_612">
<pin_list>
<pin id="613" dir="0" index="0" bw="5" slack="0"/>
<pin id="614" dir="0" index="1" bw="32" slack="0"/>
<pin id="615" dir="0" index="2" bw="0" slack="2147483647"/>
<pin id="616" dir="1" index="3" bw="32" slack="2147483647"/>
</pin_list>
<bind>
<opcode="store(28) " fcode="store"/>
<opset="store_ln26/3 "/>
</bind>
</comp>

<comp id="618" class="1004" name="store_ln26_access_fu_618">
<pin_list>
<pin id="619" dir="0" index="0" bw="5" slack="0"/>
<pin id="620" dir="0" index="1" bw="32" slack="0"/>
<pin id="621" dir="0" index="2" bw="0" slack="2147483647"/>
<pin id="622" dir="1" index="3" bw="32" slack="2147483647"/>
</pin_list>
<bind>
<opcode="store(28) " fcode="store"/>
<opset="store_ln26/3 "/>
</bind>
</comp>

<comp id="624" class="1004" name="store_ln26_access_fu_624">
<pin_list>
<pin id="625" dir="0" index="0" bw="5" slack="0"/>
<pin id="626" dir="0" index="1" bw="32" slack="0"/>
<pin id="627" dir="0" index="2" bw="0" slack="2147483647"/>
<pin id="628" dir="1" index="3" bw="32" slack="2147483647"/>
</pin_list>
<bind>
<opcode="store(28) " fcode="store"/>
<opset="store_ln26/3 "/>
</bind>
</comp>

<comp id="630" class="1004" name="store_ln0_store_fu_630">
<pin_list>
<pin id="631" dir="0" index="0" bw="1" slack="0"/>
<pin id="632" dir="0" index="1" bw="11" slack="0"/>
<pin id="633" dir="1" index="2" bw="0" slack="2147483647"/>
</pin_list>
<bind>
<opcode="store(28) " fcode="store"/>
<opset="store_ln0/1 "/>
</bind>
</comp>

<comp id="635" class="1004" name="store_ln23_store_fu_635">
<pin_list>
<pin id="636" dir="0" index="0" bw="1" slack="0"/>
<pin id="637" dir="0" index="1" bw="6" slack="0"/>
<pin id="638" dir="1" index="2" bw="0" slack="2147483647"/>
</pin_list>
<bind>
<opcode="store(28) " fcode="store"/>
<opset="store_ln23/1 "/>
</bind>
</comp>

<comp id="640" class="1004" name="store_ln24_store_fu_640">
<pin_list>
<pin id="641" dir="0" index="0" bw="1" slack="0"/>
<pin id="642" dir="0" index="1" bw="6" slack="0"/>
<pin id="643" dir="1" index="2" bw="0" slack="2147483647"/>
</pin_list>
<bind>
<opcode="store(28) " fcode="store"/>
<opset="store_ln24/1 "/>
</bind>
</comp>

<comp id="645" class="1004" name="indvar_flatten_load_load_fu_645">
<pin_list>
<pin id="646" dir="0" index="0" bw="11" slack="0"/>
<pin id="647" dir="1" index="1" bw="11" slack="0"/>
</pin_list>
<bind>
<opcode="load(27) " fcode="load"/>
<opset="indvar_flatten_load/1 "/>
</bind>
</comp>

<comp id="648" class="1004" name="icmp_ln23_fu_648">
<pin_list>
<pin id="649" dir="0" index="0" bw="11" slack="0"/>
<pin id="650" dir="0" index="1" bw="11" slack="0"/>
<pin id="651" dir="1" index="2" bw="1" slack="1"/>
</pin_list>
<bind>
<opcode="icmp(45) " fcode="icmp"/>
<opset="icmp_ln23/1 "/>
</bind>
</comp>

<comp id="654" class="1004" name="add_ln23_1_fu_654">
<pin_list>
<pin id="655" dir="0" index="0" bw="11" slack="0"/>
<pin id="656" dir="0" index="1" bw="1" slack="0"/>
<pin id="657" dir="1" index="2" bw="11" slack="0"/>
</pin_list>
<bind>
<opcode="add(8) " fcode="add"/>
<opset="add_ln23_1/1 "/>
</bind>
</comp>

<comp id="660" class="1004" name="store_ln23_store_fu_660">
<pin_list>
<pin id="661" dir="0" index="0" bw="11" slack="0"/>
<pin id="662" dir="0" index="1" bw="11" slack="0"/>
<pin id="663" dir="1" index="2" bw="0" slack="2147483647"/>
</pin_list>
<bind>
<opcode="store(28) " fcode="store"/>
<opset="store_ln23/1 "/>
</bind>
</comp>

<comp id="665" class="1004" name="j_load_load_fu_665">
<pin_list>
<pin id="666" dir="0" index="0" bw="6" slack="1"/>
<pin id="667" dir="1" index="1" bw="6" slack="0"/>
</pin_list>
<bind>
<opcode="load(27) " fcode="load"/>
<opset="j_load/2 "/>
</bind>
</comp>

<comp id="668" class="1004" name="icmp_ln24_fu_668">
<pin_list>
<pin id="669" dir="0" index="0" bw="6" slack="0"/>
<pin id="670" dir="0" index="1" bw="6" slack="0"/>
<pin id="671" dir="1" index="2" bw="1" slack="0"/>
</pin_list>
<bind>
<opcode="icmp(45) " fcode="icmp"/>
<opset="icmp_ln24/2 "/>
</bind>
</comp>

<comp id="674" class="1004" name="select_ln23_fu_674">
<pin_list>
<pin id="675" dir="0" index="0" bw="1" slack="0"/>
<pin id="676" dir="0" index="1" bw="1" slack="0"/>
<pin id="677" dir="0" index="2" bw="6" slack="0"/>
<pin id="678" dir="1" index="3" bw="6" slack="0"/>
</pin_list>
<bind>
<opcode="select(49) " fcode="select"/>
<opset="select_ln23/2 "/>
</bind>
</comp>

<comp id="682" class="1004" name="trunc_ln24_fu_682">
<pin_list>
<pin id="683" dir="0" index="0" bw="6" slack="0"/>
<pin id="684" dir="1" index="1" bw="5" slack="0"/>
</pin_list>
<bind>
<opcode="trunc(33) " fcode="trunc"/>
<opset="trunc_ln24/2 "/>
</bind>
</comp>

<comp id="686" class="1004" name="switch_ln26_fu_686">
<pin_list>
<pin id="687" dir="0" index="0" bw="5" slack="0"/>
<pin id="688" dir="0" index="1" bw="1" slack="0"/>
<pin id="689" dir="0" index="2" bw="1" slack="0"/>
<pin id="690" dir="0" index="3" bw="3" slack="0"/>
<pin id="691" dir="0" index="4" bw="3" slack="0"/>
<pin id="692" dir="0" index="5" bw="4" slack="0"/>
<pin id="693" dir="0" index="6" bw="4" slack="0"/>
<pin id="694" dir="0" index="7" bw="4" slack="0"/>
<pin id="695" dir="0" index="8" bw="4" slack="0"/>
<pin id="696" dir="0" index="9" bw="5" slack="0"/>
<pin id="697" dir="0" index="10" bw="5" slack="0"/>
<pin id="698" dir="0" index="11" bw="5" slack="0"/>
<pin id="699" dir="0" index="12" bw="5" slack="0"/>
<pin id="700" dir="0" index="13" bw="5" slack="0"/>
<pin id="701" dir="0" index="14" bw="5" slack="0"/>
<pin id="702" dir="0" index="15" bw="5" slack="0"/>
<pin id="703" dir="0" index="16" bw="5" slack="0"/>
<pin id="704" dir="0" index="17" bw="5" slack="0"/>
<pin id="705" dir="0" index="18" bw="5" slack="0"/>
<pin id="706" dir="0" index="19" bw="5" slack="0"/>
<pin id="707" dir="0" index="20" bw="5" slack="0"/>
<pin id="708" dir="0" index="21" bw="5" slack="0"/>
<pin id="709" dir="0" index="22" bw="5" slack="0"/>
<pin id="710" dir="0" index="23" bw="5" slack="0"/>
<pin id="711" dir="0" index="24" bw="5" slack="0"/>
<pin id="712" dir="0" index="25" bw="4" slack="0"/>
<pin id="713" dir="0" index="26" bw="4" slack="0"/>
<pin id="714" dir="0" index="27" bw="4" slack="0"/>
<pin id="715" dir="0" index="28" bw="4" slack="0"/>
<pin id="716" dir="0" index="29" bw="3" slack="0"/>
<pin id="717" dir="0" index="30" bw="3" slack="0"/>
<pin id="718" dir="0" index="31" bw="2" slack="0"/>
<pin id="719" dir="1" index="32" bw="0" slack="2147483647"/>
</pin_list>
<bind>
<opcode="switch(3) " fcode="switch"/>
<opset="switch_ln26/2 "/>
</bind>
</comp>

<comp id="752" class="1004" name="add_ln24_fu_752">
<pin_list>
<pin id="753" dir="0" index="0" bw="6" slack="0"/>
<pin id="754" dir="0" index="1" bw="1" slack="0"/>
<pin id="755" dir="1" index="2" bw="6" slack="0"/>
</pin_list>
<bind>
<opcode="add(8) " fcode="add"/>
<opset="add_ln24/2 "/>
</bind>
</comp>

<comp id="758" class="1004" name="store_ln24_store_fu_758">
<pin_list>
<pin id="759" dir="0" index="0" bw="6" slack="0"/>
<pin id="760" dir="0" index="1" bw="6" slack="1"/>
<pin id="761" dir="1" index="2" bw="0" slack="2147483647"/>
</pin_list>
<bind>
<opcode="store(28) " fcode="store"/>
<opset="store_ln24/2 "/>
</bind>
</comp>

<comp id="763" class="1004" name="i_load_load_fu_763">
<pin_list>
<pin id="764" dir="0" index="0" bw="6" slack="2"/>
<pin id="765" dir="1" index="1" bw="6" slack="0"/>
</pin_list>
<bind>
<opcode="load(27) " fcode="load"/>
<opset="i_load/3 "/>
</bind>
</comp>

<comp id="766" class="1004" name="add_ln23_fu_766">
<pin_list>
<pin id="767" dir="0" index="0" bw="6" slack="0"/>
<pin id="768" dir="0" index="1" bw="1" slack="0"/>
<pin id="769" dir="1" index="2" bw="6" slack="0"/>
</pin_list>
<bind>
<opcode="add(8) " fcode="add"/>
<opset="add_ln23/3 "/>
</bind>
</comp>

<comp id="772" class="1004" name="select_ln23_1_fu_772">
<pin_list>
<pin id="773" dir="0" index="0" bw="1" slack="1"/>
<pin id="774" dir="0" index="1" bw="6" slack="0"/>
<pin id="775" dir="0" index="2" bw="6" slack="0"/>
<pin id="776" dir="1" index="3" bw="6" slack="0"/>
</pin_list>
<bind>
<opcode="select(49) " fcode="select"/>
<opset="select_ln23_1/3 "/>
</bind>
</comp>

<comp id="779" class="1004" name="zext_ln23_fu_779">
<pin_list>
<pin id="780" dir="0" index="0" bw="6" slack="0"/>
<pin id="781" dir="1" index="1" bw="64" slack="0"/>
</pin_list>
<bind>
<opcode="zext(34) " fcode="zext"/>
<opset="zext_ln23/3 "/>
</bind>
</comp>

<comp id="815" class="1004" name="p_s_fu_815">
<pin_list>
<pin id="816" dir="0" index="0" bw="44" slack="0"/>
<pin id="817" dir="1" index="1" bw="32" slack="0"/>
</pin_list>
<bind>
<opcode="extractvalue(56) " fcode="extractvalue"/>
<opset="p_s/3 "/>
</bind>
</comp>

<comp id="851" class="1004" name="store_ln23_store_fu_851">
<pin_list>
<pin id="852" dir="0" index="0" bw="6" slack="0"/>
<pin id="853" dir="0" index="1" bw="6" slack="2"/>
<pin id="854" dir="1" index="2" bw="0" slack="2147483647"/>
</pin_list>
<bind>
<opcode="store(28) " fcode="store"/>
<opset="store_ln23/3 "/>
</bind>
</comp>

<comp id="856" class="1005" name="j_reg_856">
<pin_list>
<pin id="857" dir="0" index="0" bw="6" slack="0"/>
<pin id="858" dir="1" index="1" bw="6" slack="0"/>
</pin_list>
<bind>
<opset="j "/>
</bind>
</comp>

<comp id="863" class="1005" name="i_reg_863">
<pin_list>
<pin id="864" dir="0" index="0" bw="6" slack="0"/>
<pin id="865" dir="1" index="1" bw="6" slack="0"/>
</pin_list>
<bind>
<opset="i "/>
</bind>
</comp>

<comp id="870" class="1005" name="indvar_flatten_reg_870">
<pin_list>
<pin id="871" dir="0" index="0" bw="11" slack="0"/>
<pin id="872" dir="1" index="1" bw="11" slack="0"/>
</pin_list>
<bind>
<opset="indvar_flatten "/>
</bind>
</comp>

<comp id="877" class="1005" name="icmp_ln23_reg_877">
<pin_list>
<pin id="878" dir="0" index="0" bw="1" slack="1"/>
<pin id="879" dir="1" index="1" bw="1" slack="2147483647"/>
</pin_list>
<bind>
<opset="icmp_ln23 "/>
</bind>
</comp>

<comp id="881" class="1005" name="icmp_ln24_reg_881">
<pin_list>
<pin id="882" dir="0" index="0" bw="1" slack="1"/>
<pin id="883" dir="1" index="1" bw="1" slack="1"/>
</pin_list>
<bind>
<opset="icmp_ln24 "/>
</bind>
</comp>

<comp id="886" class="1005" name="trunc_ln24_reg_886">
<pin_list>
<pin id="887" dir="0" index="0" bw="5" slack="1"/>
<pin id="888" dir="1" index="1" bw="5" slack="2147483647"/>
</pin_list>
<bind>
<opset="trunc_ln24 "/>
</bind>
</comp>

</comp_list>

<net_list>
<net id="187"><net_src comp="78" pin="0"/><net_sink comp="184" pin=0"/></net>

<net id="191"><net_src comp="78" pin="0"/><net_sink comp="188" pin=0"/></net>

<net id="195"><net_src comp="78" pin="0"/><net_sink comp="192" pin=0"/></net>

<net id="206"><net_src comp="182" pin="0"/><net_sink comp="196" pin=0"/></net>

<net id="207"><net_src comp="64" pin="0"/><net_sink comp="196" pin=1"/></net>

<net id="208"><net_src comp="66" pin="0"/><net_sink comp="196" pin=2"/></net>

<net id="209"><net_src comp="68" pin="0"/><net_sink comp="196" pin=3"/></net>

<net id="210"><net_src comp="70" pin="0"/><net_sink comp="196" pin=4"/></net>

<net id="211"><net_src comp="72" pin="0"/><net_sink comp="196" pin=5"/></net>

<net id="212"><net_src comp="74" pin="0"/><net_sink comp="196" pin=6"/></net>

<net id="213"><net_src comp="76" pin="0"/><net_sink comp="196" pin=7"/></net>

<net id="219"><net_src comp="0" pin="0"/><net_sink comp="214" pin=0"/></net>

<net id="220"><net_src comp="178" pin="0"/><net_sink comp="214" pin=1"/></net>

<net id="226"><net_src comp="2" pin="0"/><net_sink comp="221" pin=0"/></net>

<net id="227"><net_src comp="178" pin="0"/><net_sink comp="221" pin=1"/></net>

<net id="233"><net_src comp="4" pin="0"/><net_sink comp="228" pin=0"/></net>

<net id="234"><net_src comp="178" pin="0"/><net_sink comp="228" pin=1"/></net>

<net id="240"><net_src comp="6" pin="0"/><net_sink comp="235" pin=0"/></net>

<net id="241"><net_src comp="178" pin="0"/><net_sink comp="235" pin=1"/></net>

<net id="247"><net_src comp="8" pin="0"/><net_sink comp="242" pin=0"/></net>

<net id="248"><net_src comp="178" pin="0"/><net_sink comp="242" pin=1"/></net>

<net id="254"><net_src comp="10" pin="0"/><net_sink comp="249" pin=0"/></net>

<net id="255"><net_src comp="178" pin="0"/><net_sink comp="249" pin=1"/></net>

<net id="261"><net_src comp="12" pin="0"/><net_sink comp="256" pin=0"/></net>

<net id="262"><net_src comp="178" pin="0"/><net_sink comp="256" pin=1"/></net>

<net id="268"><net_src comp="14" pin="0"/><net_sink comp="263" pin=0"/></net>

<net id="269"><net_src comp="178" pin="0"/><net_sink comp="263" pin=1"/></net>

<net id="275"><net_src comp="16" pin="0"/><net_sink comp="270" pin=0"/></net>

<net id="276"><net_src comp="178" pin="0"/><net_sink comp="270" pin=1"/></net>

<net id="282"><net_src comp="18" pin="0"/><net_sink comp="277" pin=0"/></net>

<net id="283"><net_src comp="178" pin="0"/><net_sink comp="277" pin=1"/></net>

<net id="289"><net_src comp="20" pin="0"/><net_sink comp="284" pin=0"/></net>

<net id="290"><net_src comp="178" pin="0"/><net_sink comp="284" pin=1"/></net>

<net id="296"><net_src comp="22" pin="0"/><net_sink comp="291" pin=0"/></net>

<net id="297"><net_src comp="178" pin="0"/><net_sink comp="291" pin=1"/></net>

<net id="303"><net_src comp="24" pin="0"/><net_sink comp="298" pin=0"/></net>

<net id="304"><net_src comp="178" pin="0"/><net_sink comp="298" pin=1"/></net>

<net id="310"><net_src comp="26" pin="0"/><net_sink comp="305" pin=0"/></net>

<net id="311"><net_src comp="178" pin="0"/><net_sink comp="305" pin=1"/></net>

<net id="317"><net_src comp="28" pin="0"/><net_sink comp="312" pin=0"/></net>

<net id="318"><net_src comp="178" pin="0"/><net_sink comp="312" pin=1"/></net>

<net id="324"><net_src comp="30" pin="0"/><net_sink comp="319" pin=0"/></net>

<net id="325"><net_src comp="178" pin="0"/><net_sink comp="319" pin=1"/></net>

<net id="331"><net_src comp="32" pin="0"/><net_sink comp="326" pin=0"/></net>

<net id="332"><net_src comp="178" pin="0"/><net_sink comp="326" pin=1"/></net>

<net id="338"><net_src comp="34" pin="0"/><net_sink comp="333" pin=0"/></net>

<net id="339"><net_src comp="178" pin="0"/><net_sink comp="333" pin=1"/></net>

<net id="345"><net_src comp="36" pin="0"/><net_sink comp="340" pin=0"/></net>

<net id="346"><net_src comp="178" pin="0"/><net_sink comp="340" pin=1"/></net>

<net id="352"><net_src comp="38" pin="0"/><net_sink comp="347" pin=0"/></net>

<net id="353"><net_src comp="178" pin="0"/><net_sink comp="347" pin=1"/></net>

<net id="359"><net_src comp="40" pin="0"/><net_sink comp="354" pin=0"/></net>

<net id="360"><net_src comp="178" pin="0"/><net_sink comp="354" pin=1"/></net>

<net id="366"><net_src comp="42" pin="0"/><net_sink comp="361" pin=0"/></net>

<net id="367"><net_src comp="178" pin="0"/><net_sink comp="361" pin=1"/></net>

<net id="373"><net_src comp="44" pin="0"/><net_sink comp="368" pin=0"/></net>

<net id="374"><net_src comp="178" pin="0"/><net_sink comp="368" pin=1"/></net>

<net id="380"><net_src comp="46" pin="0"/><net_sink comp="375" pin=0"/></net>

<net id="381"><net_src comp="178" pin="0"/><net_sink comp="375" pin=1"/></net>

<net id="387"><net_src comp="48" pin="0"/><net_sink comp="382" pin=0"/></net>

<net id="388"><net_src comp="178" pin="0"/><net_sink comp="382" pin=1"/></net>

<net id="394"><net_src comp="50" pin="0"/><net_sink comp="389" pin=0"/></net>

<net id="395"><net_src comp="178" pin="0"/><net_sink comp="389" pin=1"/></net>

<net id="401"><net_src comp="52" pin="0"/><net_sink comp="396" pin=0"/></net>

<net id="402"><net_src comp="178" pin="0"/><net_sink comp="396" pin=1"/></net>

<net id="408"><net_src comp="54" pin="0"/><net_sink comp="403" pin=0"/></net>

<net id="409"><net_src comp="178" pin="0"/><net_sink comp="403" pin=1"/></net>

<net id="415"><net_src comp="56" pin="0"/><net_sink comp="410" pin=0"/></net>

<net id="416"><net_src comp="178" pin="0"/><net_sink comp="410" pin=1"/></net>

<net id="422"><net_src comp="58" pin="0"/><net_sink comp="417" pin=0"/></net>

<net id="423"><net_src comp="178" pin="0"/><net_sink comp="417" pin=1"/></net>

<net id="429"><net_src comp="60" pin="0"/><net_sink comp="424" pin=0"/></net>

<net id="430"><net_src comp="178" pin="0"/><net_sink comp="424" pin=1"/></net>

<net id="436"><net_src comp="62" pin="0"/><net_sink comp="431" pin=0"/></net>

<net id="437"><net_src comp="178" pin="0"/><net_sink comp="431" pin=1"/></net>

<net id="443"><net_src comp="424" pin="3"/><net_sink comp="438" pin=0"/></net>

<net id="449"><net_src comp="417" pin="3"/><net_sink comp="444" pin=0"/></net>

<net id="455"><net_src comp="410" pin="3"/><net_sink comp="450" pin=0"/></net>

<net id="461"><net_src comp="403" pin="3"/><net_sink comp="456" pin=0"/></net>

<net id="467"><net_src comp="396" pin="3"/><net_sink comp="462" pin=0"/></net>

<net id="473"><net_src comp="389" pin="3"/><net_sink comp="468" pin=0"/></net>

<net id="479"><net_src comp="382" pin="3"/><net_sink comp="474" pin=0"/></net>

<net id="485"><net_src comp="375" pin="3"/><net_sink comp="480" pin=0"/></net>

<net id="491"><net_src comp="368" pin="3"/><net_sink comp="486" pin=0"/></net>

<net id="497"><net_src comp="361" pin="3"/><net_sink comp="492" pin=0"/></net>

<net id="503"><net_src comp="354" pin="3"/><net_sink comp="498" pin=0"/></net>

<net id="509"><net_src comp="347" pin="3"/><net_sink comp="504" pin=0"/></net>

<net id="515"><net_src comp="340" pin="3"/><net_sink comp="510" pin=0"/></net>

<net id="521"><net_src comp="333" pin="3"/><net_sink comp="516" pin=0"/></net>

<net id="527"><net_src comp="326" pin="3"/><net_sink comp="522" pin=0"/></net>

<net id="533"><net_src comp="319" pin="3"/><net_sink comp="528" pin=0"/></net>

<net id="539"><net_src comp="312" pin="3"/><net_sink comp="534" pin=0"/></net>

<net id="545"><net_src comp="305" pin="3"/><net_sink comp="540" pin=0"/></net>

<net id="551"><net_src comp="298" pin="3"/><net_sink comp="546" pin=0"/></net>

<net id="557"><net_src comp="291" pin="3"/><net_sink comp="552" pin=0"/></net>

<net id="563"><net_src comp="284" pin="3"/><net_sink comp="558" pin=0"/></net>

<net id="569"><net_src comp="277" pin="3"/><net_sink comp="564" pin=0"/></net>

<net id="575"><net_src comp="270" pin="3"/><net_sink comp="570" pin=0"/></net>

<net id="581"><net_src comp="263" pin="3"/><net_sink comp="576" pin=0"/></net>

<net id="587"><net_src comp="256" pin="3"/><net_sink comp="582" pin=0"/></net>

<net id="593"><net_src comp="249" pin="3"/><net_sink comp="588" pin=0"/></net>

<net id="599"><net_src comp="242" pin="3"/><net_sink comp="594" pin=0"/></net>

<net id="605"><net_src comp="235" pin="3"/><net_sink comp="600" pin=0"/></net>

<net id="611"><net_src comp="228" pin="3"/><net_sink comp="606" pin=0"/></net>

<net id="617"><net_src comp="221" pin="3"/><net_sink comp="612" pin=0"/></net>

<net id="623"><net_src comp="214" pin="3"/><net_sink comp="618" pin=0"/></net>

<net id="629"><net_src comp="431" pin="3"/><net_sink comp="624" pin=0"/></net>

<net id="634"><net_src comp="96" pin="0"/><net_sink comp="630" pin=0"/></net>

<net id="639"><net_src comp="98" pin="0"/><net_sink comp="635" pin=0"/></net>

<net id="644"><net_src comp="98" pin="0"/><net_sink comp="640" pin=0"/></net>

<net id="652"><net_src comp="645" pin="1"/><net_sink comp="648" pin=0"/></net>

<net id="653"><net_src comp="100" pin="0"/><net_sink comp="648" pin=1"/></net>

<net id="658"><net_src comp="645" pin="1"/><net_sink comp="654" pin=0"/></net>

<net id="659"><net_src comp="102" pin="0"/><net_sink comp="654" pin=1"/></net>

<net id="664"><net_src comp="654" pin="2"/><net_sink comp="660" pin=0"/></net>

<net id="672"><net_src comp="665" pin="1"/><net_sink comp="668" pin=0"/></net>

<net id="673"><net_src comp="104" pin="0"/><net_sink comp="668" pin=1"/></net>

<net id="679"><net_src comp="668" pin="2"/><net_sink comp="674" pin=0"/></net>

<net id="680"><net_src comp="98" pin="0"/><net_sink comp="674" pin=1"/></net>

<net id="681"><net_src comp="665" pin="1"/><net_sink comp="674" pin=2"/></net>

<net id="685"><net_src comp="674" pin="3"/><net_sink comp="682" pin=0"/></net>

<net id="720"><net_src comp="682" pin="1"/><net_sink comp="686" pin=0"/></net>

<net id="721"><net_src comp="106" pin="0"/><net_sink comp="686" pin=1"/></net>

<net id="722"><net_src comp="108" pin="0"/><net_sink comp="686" pin=2"/></net>

<net id="723"><net_src comp="110" pin="0"/><net_sink comp="686" pin=3"/></net>

<net id="724"><net_src comp="112" pin="0"/><net_sink comp="686" pin=4"/></net>

<net id="725"><net_src comp="114" pin="0"/><net_sink comp="686" pin=5"/></net>

<net id="726"><net_src comp="116" pin="0"/><net_sink comp="686" pin=6"/></net>

<net id="727"><net_src comp="118" pin="0"/><net_sink comp="686" pin=7"/></net>

<net id="728"><net_src comp="120" pin="0"/><net_sink comp="686" pin=8"/></net>

<net id="729"><net_src comp="122" pin="0"/><net_sink comp="686" pin=9"/></net>

<net id="730"><net_src comp="124" pin="0"/><net_sink comp="686" pin=10"/></net>

<net id="731"><net_src comp="126" pin="0"/><net_sink comp="686" pin=11"/></net>

<net id="732"><net_src comp="128" pin="0"/><net_sink comp="686" pin=12"/></net>

<net id="733"><net_src comp="130" pin="0"/><net_sink comp="686" pin=13"/></net>

<net id="734"><net_src comp="132" pin="0"/><net_sink comp="686" pin=14"/></net>

<net id="735"><net_src comp="134" pin="0"/><net_sink comp="686" pin=15"/></net>

<net id="736"><net_src comp="136" pin="0"/><net_sink comp="686" pin=16"/></net>

<net id="737"><net_src comp="138" pin="0"/><net_sink comp="686" pin=17"/></net>

<net id="738"><net_src comp="140" pin="0"/><net_sink comp="686" pin=18"/></net>

<net id="739"><net_src comp="142" pin="0"/><net_sink comp="686" pin=19"/></net>

<net id="740"><net_src comp="144" pin="0"/><net_sink comp="686" pin=20"/></net>

<net id="741"><net_src comp="146" pin="0"/><net_sink comp="686" pin=21"/></net>

<net id="742"><net_src comp="148" pin="0"/><net_sink comp="686" pin=22"/></net>

<net id="743"><net_src comp="150" pin="0"/><net_sink comp="686" pin=23"/></net>

<net id="744"><net_src comp="152" pin="0"/><net_sink comp="686" pin=24"/></net>

<net id="745"><net_src comp="154" pin="0"/><net_sink comp="686" pin=25"/></net>

<net id="746"><net_src comp="156" pin="0"/><net_sink comp="686" pin=26"/></net>

<net id="747"><net_src comp="158" pin="0"/><net_sink comp="686" pin=27"/></net>

<net id="748"><net_src comp="160" pin="0"/><net_sink comp="686" pin=28"/></net>

<net id="749"><net_src comp="162" pin="0"/><net_sink comp="686" pin=29"/></net>

<net id="750"><net_src comp="164" pin="0"/><net_sink comp="686" pin=30"/></net>

<net id="751"><net_src comp="166" pin="0"/><net_sink comp="686" pin=31"/></net>

<net id="756"><net_src comp="674" pin="3"/><net_sink comp="752" pin=0"/></net>

<net id="757"><net_src comp="168" pin="0"/><net_sink comp="752" pin=1"/></net>

<net id="762"><net_src comp="752" pin="2"/><net_sink comp="758" pin=0"/></net>

<net id="770"><net_src comp="763" pin="1"/><net_sink comp="766" pin=0"/></net>

<net id="771"><net_src comp="168" pin="0"/><net_sink comp="766" pin=1"/></net>

<net id="777"><net_src comp="766" pin="2"/><net_sink comp="772" pin=1"/></net>

<net id="778"><net_src comp="763" pin="1"/><net_sink comp="772" pin=2"/></net>

<net id="782"><net_src comp="772" pin="3"/><net_sink comp="779" pin=0"/></net>

<net id="783"><net_src comp="779" pin="1"/><net_sink comp="214" pin=2"/></net>

<net id="784"><net_src comp="779" pin="1"/><net_sink comp="221" pin=2"/></net>

<net id="785"><net_src comp="779" pin="1"/><net_sink comp="228" pin=2"/></net>

<net id="786"><net_src comp="779" pin="1"/><net_sink comp="235" pin=2"/></net>

<net id="787"><net_src comp="779" pin="1"/><net_sink comp="242" pin=2"/></net>

<net id="788"><net_src comp="779" pin="1"/><net_sink comp="249" pin=2"/></net>

<net id="789"><net_src comp="779" pin="1"/><net_sink comp="256" pin=2"/></net>

<net id="790"><net_src comp="779" pin="1"/><net_sink comp="263" pin=2"/></net>

<net id="791"><net_src comp="779" pin="1"/><net_sink comp="270" pin=2"/></net>

<net id="792"><net_src comp="779" pin="1"/><net_sink comp="277" pin=2"/></net>

<net id="793"><net_src comp="779" pin="1"/><net_sink comp="284" pin=2"/></net>

<net id="794"><net_src comp="779" pin="1"/><net_sink comp="291" pin=2"/></net>

<net id="795"><net_src comp="779" pin="1"/><net_sink comp="298" pin=2"/></net>

<net id="796"><net_src comp="779" pin="1"/><net_sink comp="305" pin=2"/></net>

<net id="797"><net_src comp="779" pin="1"/><net_sink comp="312" pin=2"/></net>

<net id="798"><net_src comp="779" pin="1"/><net_sink comp="319" pin=2"/></net>

<net id="799"><net_src comp="779" pin="1"/><net_sink comp="326" pin=2"/></net>

<net id="800"><net_src comp="779" pin="1"/><net_sink comp="333" pin=2"/></net>

<net id="801"><net_src comp="779" pin="1"/><net_sink comp="340" pin=2"/></net>

<net id="802"><net_src comp="779" pin="1"/><net_sink comp="347" pin=2"/></net>

<net id="803"><net_src comp="779" pin="1"/><net_sink comp="354" pin=2"/></net>

<net id="804"><net_src comp="779" pin="1"/><net_sink comp="361" pin=2"/></net>

<net id="805"><net_src comp="779" pin="1"/><net_sink comp="368" pin=2"/></net>

<net id="806"><net_src comp="779" pin="1"/><net_sink comp="375" pin=2"/></net>

<net id="807"><net_src comp="779" pin="1"/><net_sink comp="382" pin=2"/></net>

<net id="808"><net_src comp="779" pin="1"/><net_sink comp="389" pin=2"/></net>

<net id="809"><net_src comp="779" pin="1"/><net_sink comp="396" pin=2"/></net>

<net id="810"><net_src comp="779" pin="1"/><net_sink comp="403" pin=2"/></net>

<net id="811"><net_src comp="779" pin="1"/><net_sink comp="410" pin=2"/></net>

<net id="812"><net_src comp="779" pin="1"/><net_sink comp="417" pin=2"/></net>

<net id="813"><net_src comp="779" pin="1"/><net_sink comp="424" pin=2"/></net>

<net id="814"><net_src comp="779" pin="1"/><net_sink comp="431" pin=2"/></net>

<net id="818"><net_src comp="196" pin="8"/><net_sink comp="815" pin=0"/></net>

<net id="819"><net_src comp="815" pin="1"/><net_sink comp="438" pin=1"/></net>

<net id="820"><net_src comp="815" pin="1"/><net_sink comp="444" pin=1"/></net>

<net id="821"><net_src comp="815" pin="1"/><net_sink comp="450" pin=1"/></net>

<net id="822"><net_src comp="815" pin="1"/><net_sink comp="456" pin=1"/></net>

<net id="823"><net_src comp="815" pin="1"/><net_sink comp="462" pin=1"/></net>

<net id="824"><net_src comp="815" pin="1"/><net_sink comp="468" pin=1"/></net>

<net id="825"><net_src comp="815" pin="1"/><net_sink comp="474" pin=1"/></net>

<net id="826"><net_src comp="815" pin="1"/><net_sink comp="480" pin=1"/></net>

<net id="827"><net_src comp="815" pin="1"/><net_sink comp="486" pin=1"/></net>

<net id="828"><net_src comp="815" pin="1"/><net_sink comp="492" pin=1"/></net>

<net id="829"><net_src comp="815" pin="1"/><net_sink comp="498" pin=1"/></net>

<net id="830"><net_src comp="815" pin="1"/><net_sink comp="504" pin=1"/></net>

<net id="831"><net_src comp="815" pin="1"/><net_sink comp="510" pin=1"/></net>

<net id="832"><net_src comp="815" pin="1"/><net_sink comp="516" pin=1"/></net>

<net id="833"><net_src comp="815" pin="1"/><net_sink comp="522" pin=1"/></net>

<net id="834"><net_src comp="815" pin="1"/><net_sink comp="528" pin=1"/></net>

<net id="835"><net_src comp="815" pin="1"/><net_sink comp="534" pin=1"/></net>

<net id="836"><net_src comp="815" pin="1"/><net_sink comp="540" pin=1"/></net>

<net id="837"><net_src comp="815" pin="1"/><net_sink comp="546" pin=1"/></net>

<net id="838"><net_src comp="815" pin="1"/><net_sink comp="552" pin=1"/></net>

<net id="839"><net_src comp="815" pin="1"/><net_sink comp="558" pin=1"/></net>

<net id="840"><net_src comp="815" pin="1"/><net_sink comp="564" pin=1"/></net>

<net id="841"><net_src comp="815" pin="1"/><net_sink comp="570" pin=1"/></net>

<net id="842"><net_src comp="815" pin="1"/><net_sink comp="576" pin=1"/></net>

<net id="843"><net_src comp="815" pin="1"/><net_sink comp="582" pin=1"/></net>

<net id="844"><net_src comp="815" pin="1"/><net_sink comp="588" pin=1"/></net>

<net id="845"><net_src comp="815" pin="1"/><net_sink comp="594" pin=1"/></net>

<net id="846"><net_src comp="815" pin="1"/><net_sink comp="600" pin=1"/></net>

<net id="847"><net_src comp="815" pin="1"/><net_sink comp="606" pin=1"/></net>

<net id="848"><net_src comp="815" pin="1"/><net_sink comp="612" pin=1"/></net>

<net id="849"><net_src comp="815" pin="1"/><net_sink comp="618" pin=1"/></net>

<net id="850"><net_src comp="815" pin="1"/><net_sink comp="624" pin=1"/></net>

<net id="855"><net_src comp="772" pin="3"/><net_sink comp="851" pin=0"/></net>

<net id="859"><net_src comp="184" pin="1"/><net_sink comp="856" pin=0"/></net>

<net id="860"><net_src comp="856" pin="1"/><net_sink comp="640" pin=1"/></net>

<net id="861"><net_src comp="856" pin="1"/><net_sink comp="665" pin=0"/></net>

<net id="862"><net_src comp="856" pin="1"/><net_sink comp="758" pin=1"/></net>

<net id="866"><net_src comp="188" pin="1"/><net_sink comp="863" pin=0"/></net>

<net id="867"><net_src comp="863" pin="1"/><net_sink comp="635" pin=1"/></net>

<net id="868"><net_src comp="863" pin="1"/><net_sink comp="763" pin=0"/></net>

<net id="869"><net_src comp="863" pin="1"/><net_sink comp="851" pin=1"/></net>

<net id="873"><net_src comp="192" pin="1"/><net_sink comp="870" pin=0"/></net>

<net id="874"><net_src comp="870" pin="1"/><net_sink comp="630" pin=1"/></net>

<net id="875"><net_src comp="870" pin="1"/><net_sink comp="645" pin=0"/></net>

<net id="876"><net_src comp="870" pin="1"/><net_sink comp="660" pin=1"/></net>

<net id="880"><net_src comp="648" pin="2"/><net_sink comp="877" pin=0"/></net>

<net id="884"><net_src comp="668" pin="2"/><net_sink comp="881" pin=0"/></net>

<net id="885"><net_src comp="881" pin="1"/><net_sink comp="772" pin=0"/></net>

<net id="889"><net_src comp="682" pin="1"/><net_sink comp="886" pin=0"/></net>

</net_list>

</model> 
---------------- Datapath Model END ------------------

* FSMD analyzer results:
  - Output states:
	Port: A | {3 }
	Port: A_1 | {3 }
	Port: A_2 | {3 }
	Port: A_3 | {3 }
	Port: A_4 | {3 }
	Port: A_5 | {3 }
	Port: A_6 | {3 }
	Port: A_7 | {3 }
	Port: A_8 | {3 }
	Port: A_9 | {3 }
	Port: A_10 | {3 }
	Port: A_11 | {3 }
	Port: A_12 | {3 }
	Port: A_13 | {3 }
	Port: A_14 | {3 }
	Port: A_15 | {3 }
	Port: A_16 | {3 }
	Port: A_17 | {3 }
	Port: A_18 | {3 }
	Port: A_19 | {3 }
	Port: A_20 | {3 }
	Port: A_21 | {3 }
	Port: A_22 | {3 }
	Port: A_23 | {3 }
	Port: A_24 | {3 }
	Port: A_25 | {3 }
	Port: A_26 | {3 }
	Port: A_27 | {3 }
	Port: A_28 | {3 }
	Port: A_29 | {3 }
	Port: A_30 | {3 }
	Port: A_31 | {3 }
 - Input state : 
	Port: matrix_mult_Pipeline_VITIS_LOOP_23_1_VITIS_LOOP_24_2 : in_stream_V_data_V | {3 }
	Port: matrix_mult_Pipeline_VITIS_LOOP_23_1_VITIS_LOOP_24_2 : in_stream_V_keep_V | {3 }
	Port: matrix_mult_Pipeline_VITIS_LOOP_23_1_VITIS_LOOP_24_2 : in_stream_V_strb_V | {3 }
	Port: matrix_mult_Pipeline_VITIS_LOOP_23_1_VITIS_LOOP_24_2 : in_stream_V_user_V | {3 }
	Port: matrix_mult_Pipeline_VITIS_LOOP_23_1_VITIS_LOOP_24_2 : in_stream_V_last_V | {3 }
	Port: matrix_mult_Pipeline_VITIS_LOOP_23_1_VITIS_LOOP_24_2 : in_stream_V_id_V | {3 }
	Port: matrix_mult_Pipeline_VITIS_LOOP_23_1_VITIS_LOOP_24_2 : in_stream_V_dest_V | {3 }
  - Chain level:
	State 1
		store_ln0 : 1
		store_ln23 : 1
		store_ln24 : 1
		indvar_flatten_load : 1
		icmp_ln23 : 2
		add_ln23_1 : 2
		br_ln23 : 3
		store_ln23 : 3
	State 2
		icmp_ln24 : 1
		select_ln23 : 2
		trunc_ln24 : 3
		switch_ln26 : 4
		add_ln24 : 3
		store_ln24 : 4
	State 3
		add_ln23 : 1
		select_ln23_1 : 2
		zext_ln23 : 3
		A_addr : 4
		A_1_addr : 4
		A_2_addr : 4
		A_3_addr : 4
		A_4_addr : 4
		A_5_addr : 4
		A_6_addr : 4
		A_7_addr : 4
		A_8_addr : 4
		A_9_addr : 4
		A_10_addr : 4
		A_11_addr : 4
		A_12_addr : 4
		A_13_addr : 4
		A_14_addr : 4
		A_15_addr : 4
		A_16_addr : 4
		A_17_addr : 4
		A_18_addr : 4
		A_19_addr : 4
		A_20_addr : 4
		A_21_addr : 4
		A_22_addr : 4
		A_23_addr : 4
		A_24_addr : 4
		A_25_addr : 4
		A_26_addr : 4
		A_27_addr : 4
		A_28_addr : 4
		A_29_addr : 4
		A_30_addr : 4
		A_31_addr : 4
		store_ln26 : 5
		store_ln26 : 5
		store_ln26 : 5
		store_ln26 : 5
		store_ln26 : 5
		store_ln26 : 5
		store_ln26 : 5
		store_ln26 : 5
		store_ln26 : 5
		store_ln26 : 5
		store_ln26 : 5
		store_ln26 : 5
		store_ln26 : 5
		store_ln26 : 5
		store_ln26 : 5
		store_ln26 : 5
		store_ln26 : 5
		store_ln26 : 5
		store_ln26 : 5
		store_ln26 : 5
		store_ln26 : 5
		store_ln26 : 5
		store_ln26 : 5
		store_ln26 : 5
		store_ln26 : 5
		store_ln26 : 5
		store_ln26 : 5
		store_ln26 : 5
		store_ln26 : 5
		store_ln26 : 5
		store_ln26 : 5
		store_ln26 : 5
		store_ln23 : 3


============================================================
+ Verbose Summary: Datapath Resource usage 
============================================================

* Functional unit list:
|----------|----------------------|---------|---------|
| Operation|    Functional Unit   |    FF   |   LUT   |
|----------|----------------------|---------|---------|
|          |   add_ln23_1_fu_654  |    0    |    12   |
|    add   |    add_ln24_fu_752   |    0    |    14   |
|          |    add_ln23_fu_766   |    0    |    14   |
|----------|----------------------|---------|---------|
|   icmp   |   icmp_ln23_fu_648   |    0    |    12   |
|          |   icmp_ln24_fu_668   |    0    |    14   |
|----------|----------------------|---------|---------|
|  select  |  select_ln23_fu_674  |    0    |    6    |
|          | select_ln23_1_fu_772 |    0    |    6    |
|----------|----------------------|---------|---------|
|   read   |   empty_read_fu_196  |    0    |    0    |
|----------|----------------------|---------|---------|
|   trunc  |   trunc_ln24_fu_682  |    0    |    0    |
|----------|----------------------|---------|---------|
|  switch  |  switch_ln26_fu_686  |    0    |    0    |
|----------|----------------------|---------|---------|
|   zext   |   zext_ln23_fu_779   |    0    |    0    |
|----------|----------------------|---------|---------|
|extractvalue|      p_s_fu_815      |    0    |    0    |
|----------|----------------------|---------|---------|
|   Total  |                      |    0    |    78   |
|----------|----------------------|---------|---------|

Memories:
N/A

* Register list:
+----------------------+--------+
|                      |   FF   |
+----------------------+--------+
|       i_reg_863      |    6   |
|   icmp_ln23_reg_877  |    1   |
|   icmp_ln24_reg_881  |    1   |
|indvar_flatten_reg_870|   11   |
|       j_reg_856      |    6   |
|  trunc_ln24_reg_886  |    5   |
+----------------------+--------+
|         Total        |   30   |
+----------------------+--------+

* Multiplexer (MUX) list: 
|--------|------|------|------|--------|
|  Comp  |  Pin | Size |  BW  | S x BW |
|--------|------|------|------|--------|
|  Total |      |      |      |    0   |
|--------|------|------|------|--------|



* Summary:
+-----------+--------+--------+
|           |   FF   |   LUT  |
+-----------+--------+--------+
|  Function |    0   |   78   |
|   Memory  |    -   |    -   |
|Multiplexer|    -   |    -   |
|  Register |   30   |    -   |
+-----------+--------+--------+
|   Total   |   30   |   78   |
+-----------+--------+--------+
