Copyright 1986-2022 Xilinx, Inc. All Rights Reserved. Copyright 2022-2025 Advanced Micro Devices, Inc. All Rights Reserved.
------------------------------------------------------------------------------------------------------------------------------------------------------------------------------------------------------------------------------------------------------------
| Tool Version : Vivado v.2025.2 (win64) Build 6299465 Fri Nov 14 19:35:11 GMT 2025
| Date         : Sun Apr 12 22:37:28 2026
| Host         : DESKTOP-M77PRRA running 64-bit major release  (build 9200)
| Command      : report_timing_summary -max_paths 10 -routable_nets -report_unconstrained -file design_1_wrapper_timing_summary_routed.rpt -pb design_1_wrapper_timing_summary_routed.pb -rpx design_1_wrapper_timing_summary_routed.rpx -warn_on_violation
| Design       : design_1_wrapper
| Device       : 7z010-clg400
| Speed File   : -1  PRODUCTION 1.12 2019-11-22
| Design State : Routed
------------------------------------------------------------------------------------------------------------------------------------------------------------------------------------------------------------------------------------------------------------

Timing Summary Report

------------------------------------------------------------------------------------------------
| Timer Settings
| --------------
------------------------------------------------------------------------------------------------

  Enable Multi Corner Analysis               :  Yes
  Enable Pessimism Removal                   :  Yes
  Pessimism Removal Resolution               :  Nearest Common Node
  Enable Input Delay Default Clock           :  No
  Enable Preset / Clear Arcs                 :  No
  Disable Flight Delays                      :  No
  Ignore I/O Paths                           :  No
  Timing Early Launch at Borrowing Latches   :  No
  Borrow Time for Max Delay Exceptions       :  Yes
  Merge Timing Exceptions                    :  Yes
  Inter-SLR Compensation                     :  Conservative

  Corner  Analyze    Analyze    
  Name    Max Paths  Min Paths  
  ------  ---------  ---------  
  Slow    Yes        Yes        
  Fast    Yes        Yes        


------------------------------------------------------------------------------------------------
| Report Methodology
| ------------------
------------------------------------------------------------------------------------------------

No report available as report_methodology has not been run prior. Run report_methodology on the current design for the summary of methodology violations.



check_timing report

Table of Contents
-----------------
1. checking no_clock (0)
2. checking constant_clock (0)
3. checking pulse_width_clock (0)
4. checking unconstrained_internal_endpoints (0)
5. checking no_input_delay (0)
6. checking no_output_delay (0)
7. checking multiple_clock (0)
8. checking generated_clocks (0)
9. checking loops (0)
10. checking partial_input_delay (0)
11. checking partial_output_delay (0)
12. checking latch_loops (0)

1. checking no_clock (0)
------------------------
 There are 0 register/latch pins with no clock.


2. checking constant_clock (0)
------------------------------
 There are 0 register/latch pins with constant_clock.


3. checking pulse_width_clock (0)
---------------------------------
 There are 0 register/latch pins which need pulse_width check


4. checking unconstrained_internal_endpoints (0)
------------------------------------------------
 There are 0 pins that are not constrained for maximum delay.

 There are 0 pins that are not constrained for maximum delay due to constant clock.


5. checking no_input_delay (0)
------------------------------
 There are 0 input ports with no input delay specified.

 There are 0 input ports with no input delay but user has a false path constraint.


6. checking no_output_delay (0)
-------------------------------
 There are 0 ports with no output delay specified.

 There are 0 ports with no output delay but user has a false path constraint

 There are 0 ports with no output delay but with a timing clock defined on it or propagating through it


7. checking multiple_clock (0)
------------------------------
 There are 0 register/latch pins with multiple clocks.


8. checking generated_clocks (0)
--------------------------------
 There are 0 generated clocks that are not connected to a clock source.


9. checking loops (0)
---------------------
 There are 0 combinational loops in the design.


10. checking partial_input_delay (0)
------------------------------------
 There are 0 input ports with partial input delay specified.


11. checking partial_output_delay (0)
-------------------------------------
 There are 0 ports with partial output delay specified.


12. checking latch_loops (0)
----------------------------
 There are 0 combinational latch loops in the design through latch input



------------------------------------------------------------------------------------------------
| Design Timing Summary
| ---------------------
------------------------------------------------------------------------------------------------

    WNS(ns)      TNS(ns)  TNS Failing Endpoints  TNS Total Endpoints      WHS(ns)      THS(ns)  THS Failing Endpoints  THS Total Endpoints     WPWS(ns)     TPWS(ns)  TPWS Failing Endpoints  TPWS Total Endpoints  
    -------      -------  ---------------------  -------------------      -------      -------  ---------------------  -------------------     --------     --------  ----------------------  --------------------  
      0.147        0.000                      0                22618        0.017        0.000                      0                22618        3.750        0.000                       0                  7659  


All user specified timing constraints are met.


------------------------------------------------------------------------------------------------
| Clock Summary
| -------------
------------------------------------------------------------------------------------------------

Clock       Waveform(ns)       Period(ns)      Frequency(MHz)
-----       ------------       ----------      --------------
clk_fpga_0  {0.000 5.000}      10.000          100.000         


------------------------------------------------------------------------------------------------
| Intra Clock Table
| -----------------
------------------------------------------------------------------------------------------------

Clock             WNS(ns)      TNS(ns)  TNS Failing Endpoints  TNS Total Endpoints      WHS(ns)      THS(ns)  THS Failing Endpoints  THS Total Endpoints     WPWS(ns)     TPWS(ns)  TPWS Failing Endpoints  TPWS Total Endpoints  
-----             -------      -------  ---------------------  -------------------      -------      -------  ---------------------  -------------------     --------     --------  ----------------------  --------------------  
clk_fpga_0          0.147        0.000                      0                22618        0.017        0.000                      0                22618        3.750        0.000                       0                  7659  


------------------------------------------------------------------------------------------------
| Inter Clock Table
| -----------------
------------------------------------------------------------------------------------------------

From Clock    To Clock          WNS(ns)      TNS(ns)  TNS Failing Endpoints  TNS Total Endpoints      WHS(ns)      THS(ns)  THS Failing Endpoints  THS Total Endpoints  
----------    --------          -------      -------  ---------------------  -------------------      -------      -------  ---------------------  -------------------  


------------------------------------------------------------------------------------------------
| Other Path Groups Table
| -----------------------
------------------------------------------------------------------------------------------------

Path Group    From Clock    To Clock          WNS(ns)      TNS(ns)  TNS Failing Endpoints  TNS Total Endpoints      WHS(ns)      THS(ns)  THS Failing Endpoints  THS Total Endpoints  
----------    ----------    --------          -------      -------  ---------------------  -------------------      -------      -------  ---------------------  -------------------  


------------------------------------------------------------------------------------------------
| User Ignored Path Table
| -----------------------
------------------------------------------------------------------------------------------------

Path Group    From Clock    To Clock    
----------    ----------    --------    
(none)                      clk_fpga_0    
(none)        clk_fpga_0    clk_fpga_0    


------------------------------------------------------------------------------------------------
| Unconstrained Path Table
| ------------------------
------------------------------------------------------------------------------------------------

Path Group    From Clock    To Clock    
----------    ----------    --------    


------------------------------------------------------------------------------------------------
| Timing Details
| --------------
------------------------------------------------------------------------------------------------


---------------------------------------------------------------------------------------------------
From Clock:  clk_fpga_0
  To Clock:  clk_fpga_0

Setup :            0  Failing Endpoints,  Worst Slack        0.147ns,  Total Violation        0.000ns
Hold  :            0  Failing Endpoints,  Worst Slack        0.017ns,  Total Violation        0.000ns
PW    :            0  Failing Endpoints,  Worst Slack        3.750ns,  Total Violation        0.000ns
---------------------------------------------------------------------------------------------------


Max Delay Paths
--------------------------------------------------------------------------------------
Slack (MET) :             0.147ns  (required time - arrival time)
  Source:                 design_1_i/matrix_mult_0/inst/regslice_both_in_stream_V_data_V_U/data_p1_reg[1]_rep/C
                            (rising edge-triggered cell FDRE clocked by clk_fpga_0  {rise@0.000ns fall@5.000ns period=10.000ns})
  Destination:            design_1_i/matrix_mult_0/inst/A_U/ram_reg/DIADI[1]
                            (rising edge-triggered cell RAMB18E1 clocked by clk_fpga_0  {rise@0.000ns fall@5.000ns period=10.000ns})
  Path Group:             clk_fpga_0
  Path Type:              Setup (Max at Slow Process Corner)
  Requirement:            10.000ns  (clk_fpga_0 rise@10.000ns - clk_fpga_0 rise@0.000ns)
  Data Path Delay:        9.336ns  (logic 0.456ns (4.884%)  route 8.880ns (95.116%))
  Logic Levels:           0  
  Clock Path Skew:        -0.122ns (DCD - SCD + CPR)
    Destination Clock Delay (DCD):    2.735ns = ( 12.735 - 10.000 ) 
    Source Clock Delay      (SCD):    2.987ns
    Clock Pessimism Removal (CPR):    0.130ns
  Clock Uncertainty:      0.154ns  ((TSJ^2 + TIJ^2)^1/2 + DJ) / 2 + PE
    Total System Jitter     (TSJ):    0.071ns
    Total Input Jitter      (TIJ):    0.300ns
    Discrete Jitter          (DJ):    0.000ns
    Phase Error              (PE):    0.000ns

    Location             Delay type                Incr(ns)  Path(ns)    Netlist Resource(s)
  -------------------------------------------------------------------    -------------------
                         (clock clk_fpga_0 rise edge)
                                                      0.000     0.000 r  
    PS7_X0Y0             PS7                          0.000     0.000 r  design_1_i/processing_system7_0/inst/PS7_i/FCLKCLK[0]
                         net (fo=1, routed)           1.207     1.207    design_1_i/processing_system7_0/inst/FCLK_CLK_unbuffered[0]
    BUFGCTRL_X0Y15       BUFG (Prop_bufg_I_O)         0.101     1.308 r  design_1_i/processing_system7_0/inst/buffer_fclk_clk_0.FCLK_CLK_0_BUFG/O
                         net (fo=7693, routed)        1.679     2.987    design_1_i/matrix_mult_0/inst/regslice_both_in_stream_V_data_V_U/ap_clk
    SLICE_X7Y39          FDRE                                         r  design_1_i/matrix_mult_0/inst/regslice_both_in_stream_V_data_V_U/data_p1_reg[1]_rep/C
  -------------------------------------------------------------------    -------------------
    SLICE_X7Y39          FDRE (Prop_fdre_C_Q)         0.456     3.443 r  design_1_i/matrix_mult_0/inst/regslice_both_in_stream_V_data_V_U/data_p1_reg[1]_rep/Q
                         net (fo=32, routed)          8.880    12.323    design_1_i/matrix_mult_0/inst/A_U/DIADI[1]
    RAMB18_X2Y16         RAMB18E1                                     r  design_1_i/matrix_mult_0/inst/A_U/ram_reg/DIADI[1]
  -------------------------------------------------------------------    -------------------

                         (clock clk_fpga_0 rise edge)
                                                     10.000    10.000 r  
    PS7_X0Y0             PS7                          0.000    10.000 r  design_1_i/processing_system7_0/inst/PS7_i/FCLKCLK[0]
                         net (fo=1, routed)           1.101    11.101    design_1_i/processing_system7_0/inst/FCLK_CLK_unbuffered[0]
    BUFGCTRL_X0Y15       BUFG (Prop_bufg_I_O)         0.091    11.192 r  design_1_i/processing_system7_0/inst/buffer_fclk_clk_0.FCLK_CLK_0_BUFG/O
                         net (fo=7693, routed)        1.543    12.735    design_1_i/matrix_mult_0/inst/A_U/ap_clk
    RAMB18_X2Y16         RAMB18E1                                     r  design_1_i/matrix_mult_0/inst/A_U/ram_reg/CLKARDCLK
                         clock pessimism              0.130    12.865    
                         clock uncertainty           -0.154    12.711    
    RAMB18_X2Y16         RAMB18E1 (Setup_ramb18e1_CLKARDCLK_DIADI[1])
                                                     -0.241    12.470    design_1_i/matrix_mult_0/inst/A_U/ram_reg
  -------------------------------------------------------------------
                         required time                         12.470    
                         arrival time                         -12.323    
  -------------------------------------------------------------------
                         slack                                  0.147    

Slack (MET) :             0.203ns  (required time - arrival time)
  Source:                 design_1_i/matrix_mult_0/inst/regslice_both_in_stream_V_data_V_U/data_p1_reg[9]_rep/C
                            (rising edge-triggered cell FDRE clocked by clk_fpga_0  {rise@0.000ns fall@5.000ns period=10.000ns})
  Destination:            design_1_i/matrix_mult_0/inst/A_U/ram_reg/DIADI[9]
                            (rising edge-triggered cell RAMB18E1 clocked by clk_fpga_0  {rise@0.000ns fall@5.000ns period=10.000ns})
  Path Group:             clk_fpga_0
  Path Type:              Setup (Max at Slow Process Corner)
  Requirement:            10.000ns  (clk_fpga_0 rise@10.000ns - clk_fpga_0 rise@0.000ns)
  Data Path Delay:        9.233ns  (logic 0.456ns (4.939%)  route 8.777ns (95.061%))
  Logic Levels:           0  
  Clock Path Skew:        -0.169ns (DCD - SCD + CPR)
    Destination Clock Delay (DCD):    2.735ns = ( 12.735 - 10.000 ) 
    Source Clock Delay      (SCD):    3.034ns
    Clock Pessimism Removal (CPR):    0.130ns
  Clock Uncertainty:      0.154ns  ((TSJ^2 + TIJ^2)^1/2 + DJ) / 2 + PE
    Total System Jitter     (TSJ):    0.071ns
    Total Input Jitter      (TIJ):    0.300ns
    Discrete Jitter          (DJ):    0.000ns
    Phase Error              (PE):    0.000ns

    Location             Delay type                Incr(ns)  Path(ns)    Netlist Resource(s)
  -------------------------------------------------------------------    -------------------
                         (clock clk_fpga_0 rise edge)
                                                      0.000     0.000 r  
    PS7_X0Y0             PS7                          0.000     0.000 r  design_1_i/processing_system7_0/inst/PS7_i/FCLKCLK[0]
                         net (fo=1, routed)           1.207     1.207    design_1_i/processing_system7_0/inst/FCLK_CLK_unbuffered[0]
    BUFGCTRL_X0Y15       BUFG (Prop_bufg_I_O)         0.101     1.308 r  design_1_i/processing_system7_0/inst/buffer_fclk_clk_0.FCLK_CLK_0_BUFG/O
                         net (fo=7693, routed)        1.726     3.034    design_1_i/matrix_mult_0/inst/regslice_both_in_stream_V_data_V_U/ap_clk
    SLICE_X3Y40          FDRE                                         r  design_1_i/matrix_mult_0/inst/regslice_both_in_stream_V_data_V_U/data_p1_reg[9]_rep/C
  -------------------------------------------------------------------    -------------------
    SLICE_X3Y40          FDRE (Prop_fdre_C_Q)         0.456     3.490 r  design_1_i/matrix_mult_0/inst/regslice_both_in_stream_V_data_V_U/data_p1_reg[9]_rep/Q
                         net (fo=32, routed)          8.777    12.267    design_1_i/matrix_mult_0/inst/A_U/DIADI[9]
    RAMB18_X2Y16         RAMB18E1                                     r  design_1_i/matrix_mult_0/inst/A_U/ram_reg/DIADI[9]
  -------------------------------------------------------------------    -------------------

                         (clock clk_fpga_0 rise edge)
                                                     10.000    10.000 r  
    PS7_X0Y0             PS7                          0.000    10.000 r  design_1_i/processing_system7_0/inst/PS7_i/FCLKCLK[0]
                         net (fo=1, routed)           1.101    11.101    design_1_i/processing_system7_0/inst/FCLK_CLK_unbuffered[0]
    BUFGCTRL_X0Y15       BUFG (Prop_bufg_I_O)         0.091    11.192 r  design_1_i/processing_system7_0/inst/buffer_fclk_clk_0.FCLK_CLK_0_BUFG/O
                         net (fo=7693, routed)        1.543    12.735    design_1_i/matrix_mult_0/inst/A_U/ap_clk
    RAMB18_X2Y16         RAMB18E1                                     r  design_1_i/matrix_mult_0/inst/A_U/ram_reg/CLKARDCLK
                         clock pessimism              0.130    12.865    
                         clock uncertainty           -0.154    12.711    
    RAMB18_X2Y16         RAMB18E1 (Setup_ramb18e1_CLKARDCLK_DIADI[9])
                                                     -0.241    12.470    design_1_i/matrix_mult_0/inst/A_U/ram_reg
  -------------------------------------------------------------------
                         required time                         12.470    
                         arrival time                         -12.267    
  -------------------------------------------------------------------
                         slack                                  0.203    

Slack (MET) :             0.222ns  (required time - arrival time)
  Source:                 design_1_i/matrix_mult_0/inst/regslice_both_in_stream_V_data_V_U/data_p1_reg[1]_rep/C
                            (rising edge-triggered cell FDRE clocked by clk_fpga_0  {rise@0.000ns fall@5.000ns period=10.000ns})
  Destination:            design_1_i/matrix_mult_0/inst/A_15_U/ram_reg/DIADI[1]
                            (rising edge-triggered cell RAMB18E1 clocked by clk_fpga_0  {rise@0.000ns fall@5.000ns period=10.000ns})
  Path Group:             clk_fpga_0
  Path Type:              Setup (Max at Slow Process Corner)
  Requirement:            10.000ns  (clk_fpga_0 rise@10.000ns - clk_fpga_0 rise@0.000ns)
  Data Path Delay:        9.262ns  (logic 0.456ns (4.923%)  route 8.806ns (95.077%))
  Logic Levels:           0  
  Clock Path Skew:        -0.121ns (DCD - SCD + CPR)
    Destination Clock Delay (DCD):    2.736ns = ( 12.736 - 10.000 ) 
    Source Clock Delay      (SCD):    2.987ns
    Clock Pessimism Removal (CPR):    0.130ns
  Clock Uncertainty:      0.154ns  ((TSJ^2 + TIJ^2)^1/2 + DJ) / 2 + PE
    Total System Jitter     (TSJ):    0.071ns
    Total Input Jitter      (TIJ):    0.300ns
    Discrete Jitter          (DJ):    0.000ns
    Phase Error              (PE):    0.000ns

    Location             Delay type                Incr(ns)  Path(ns)    Netlist Resource(s)
  -------------------------------------------------------------------    -------------------
                         (clock clk_fpga_0 rise edge)
                                                      0.000     0.000 r  
    PS7_X0Y0             PS7                          0.000     0.000 r  design_1_i/processing_system7_0/inst/PS7_i/FCLKCLK[0]
                         net (fo=1, routed)           1.207     1.207    design_1_i/processing_system7_0/inst/FCLK_CLK_unbuffered[0]
    BUFGCTRL_X0Y15       BUFG (Prop_bufg_I_O)         0.101     1.308 r  design_1_i/processing_system7_0/inst/buffer_fclk_clk_0.FCLK_CLK_0_BUFG/O
                         net (fo=7693, routed)        1.679     2.987    design_1_i/matrix_mult_0/inst/regslice_both_in_stream_V_data_V_U/ap_clk
    SLICE_X7Y39          FDRE                                         r  design_1_i/matrix_mult_0/inst/regslice_both_in_stream_V_data_V_U/data_p1_reg[1]_rep/C
  -------------------------------------------------------------------    -------------------
    SLICE_X7Y39          FDRE (Prop_fdre_C_Q)         0.456     3.443 r  design_1_i/matrix_mult_0/inst/regslice_both_in_stream_V_data_V_U/data_p1_reg[1]_rep/Q
                         net (fo=32, routed)          8.806    12.249    design_1_i/matrix_mult_0/inst/A_15_U/DIADI[1]
    RAMB18_X2Y18         RAMB18E1                                     r  design_1_i/matrix_mult_0/inst/A_15_U/ram_reg/DIADI[1]
  -------------------------------------------------------------------    -------------------

                         (clock clk_fpga_0 rise edge)
                                                     10.000    10.000 r  
    PS7_X0Y0             PS7                          0.000    10.000 r  design_1_i/processing_system7_0/inst/PS7_i/FCLKCLK[0]
                         net (fo=1, routed)           1.101    11.101    design_1_i/processing_system7_0/inst/FCLK_CLK_unbuffered[0]
    BUFGCTRL_X0Y15       BUFG (Prop_bufg_I_O)         0.091    11.192 r  design_1_i/processing_system7_0/inst/buffer_fclk_clk_0.FCLK_CLK_0_BUFG/O
                         net (fo=7693, routed)        1.544    12.736    design_1_i/matrix_mult_0/inst/A_15_U/ap_clk
    RAMB18_X2Y18         RAMB18E1                                     r  design_1_i/matrix_mult_0/inst/A_15_U/ram_reg/CLKARDCLK
                         clock pessimism              0.130    12.866    
                         clock uncertainty           -0.154    12.712    
    RAMB18_X2Y18         RAMB18E1 (Setup_ramb18e1_CLKARDCLK_DIADI[1])
                                                     -0.241    12.471    design_1_i/matrix_mult_0/inst/A_15_U/ram_reg
  -------------------------------------------------------------------
                         required time                         12.471    
                         arrival time                         -12.249    
  -------------------------------------------------------------------
                         slack                                  0.222    

Slack (MET) :             0.224ns  (required time - arrival time)
  Source:                 design_1_i/matrix_mult_0/inst/regslice_both_in_stream_V_data_V_U/data_p1_reg[1]/C
                            (rising edge-triggered cell FDRE clocked by clk_fpga_0  {rise@0.000ns fall@5.000ns period=10.000ns})
  Destination:            design_1_i/matrix_mult_0/inst/B_25_U/ram_reg/DIADI[1]
                            (rising edge-triggered cell RAMB18E1 clocked by clk_fpga_0  {rise@0.000ns fall@5.000ns period=10.000ns})
  Path Group:             clk_fpga_0
  Path Type:              Setup (Max at Slow Process Corner)
  Requirement:            10.000ns  (clk_fpga_0 rise@10.000ns - clk_fpga_0 rise@0.000ns)
  Data Path Delay:        9.234ns  (logic 0.456ns (4.938%)  route 8.778ns (95.062%))
  Logic Levels:           0  
  Clock Path Skew:        -0.147ns (DCD - SCD + CPR)
    Destination Clock Delay (DCD):    2.724ns = ( 12.724 - 10.000 ) 
    Source Clock Delay      (SCD):    2.987ns
    Clock Pessimism Removal (CPR):    0.116ns
  Clock Uncertainty:      0.154ns  ((TSJ^2 + TIJ^2)^1/2 + DJ) / 2 + PE
    Total System Jitter     (TSJ):    0.071ns
    Total Input Jitter      (TIJ):    0.300ns
    Discrete Jitter          (DJ):    0.000ns
    Phase Error              (PE):    0.000ns

    Location             Delay type                Incr(ns)  Path(ns)    Netlist Resource(s)
  -------------------------------------------------------------------    -------------------
                         (clock clk_fpga_0 rise edge)
                                                      0.000     0.000 r  
    PS7_X0Y0             PS7                          0.000     0.000 r  design_1_i/processing_system7_0/inst/PS7_i/FCLKCLK[0]
                         net (fo=1, routed)           1.207     1.207    design_1_i/processing_system7_0/inst/FCLK_CLK_unbuffered[0]
    BUFGCTRL_X0Y15       BUFG (Prop_bufg_I_O)         0.101     1.308 r  design_1_i/processing_system7_0/inst/buffer_fclk_clk_0.FCLK_CLK_0_BUFG/O
                         net (fo=7693, routed)        1.679     2.987    design_1_i/matrix_mult_0/inst/regslice_both_in_stream_V_data_V_U/ap_clk
    SLICE_X7Y39          FDRE                                         r  design_1_i/matrix_mult_0/inst/regslice_both_in_stream_V_data_V_U/data_p1_reg[1]/C
  -------------------------------------------------------------------    -------------------
    SLICE_X7Y39          FDRE (Prop_fdre_C_Q)         0.456     3.443 r  design_1_i/matrix_mult_0/inst/regslice_both_in_stream_V_data_V_U/data_p1_reg[1]/Q
                         net (fo=32, routed)          8.778    12.221    design_1_i/matrix_mult_0/inst/B_25_U/Q[1]
    RAMB18_X2Y20         RAMB18E1                                     r  design_1_i/matrix_mult_0/inst/B_25_U/ram_reg/DIADI[1]
  -------------------------------------------------------------------    -------------------

                         (clock clk_fpga_0 rise edge)
                                                     10.000    10.000 r  
    PS7_X0Y0             PS7                          0.000    10.000 r  design_1_i/processing_system7_0/inst/PS7_i/FCLKCLK[0]
                         net (fo=1, routed)           1.101    11.101    design_1_i/processing_system7_0/inst/FCLK_CLK_unbuffered[0]
    BUFGCTRL_X0Y15       BUFG (Prop_bufg_I_O)         0.091    11.192 r  design_1_i/processing_system7_0/inst/buffer_fclk_clk_0.FCLK_CLK_0_BUFG/O
                         net (fo=7693, routed)        1.532    12.724    design_1_i/matrix_mult_0/inst/B_25_U/ap_clk
    RAMB18_X2Y20         RAMB18E1                                     r  design_1_i/matrix_mult_0/inst/B_25_U/ram_reg/CLKARDCLK
                         clock pessimism              0.116    12.840    
                         clock uncertainty           -0.154    12.686    
    RAMB18_X2Y20         RAMB18E1 (Setup_ramb18e1_CLKARDCLK_DIADI[1])
                                                     -0.241    12.445    design_1_i/matrix_mult_0/inst/B_25_U/ram_reg
  -------------------------------------------------------------------
                         required time                         12.445    
                         arrival time                         -12.221    
  -------------------------------------------------------------------
                         slack                                  0.224    

Slack (MET) :             0.235ns  (required time - arrival time)
  Source:                 design_1_i/matrix_mult_0/inst/regslice_both_in_stream_V_data_V_U/data_p1_reg[14]_rep/C
                            (rising edge-triggered cell FDRE clocked by clk_fpga_0  {rise@0.000ns fall@5.000ns period=10.000ns})
  Destination:            design_1_i/matrix_mult_0/inst/A_15_U/ram_reg/DIADI[14]
                            (rising edge-triggered cell RAMB18E1 clocked by clk_fpga_0  {rise@0.000ns fall@5.000ns period=10.000ns})
  Path Group:             clk_fpga_0
  Path Type:              Setup (Max at Slow Process Corner)
  Requirement:            10.000ns  (clk_fpga_0 rise@10.000ns - clk_fpga_0 rise@0.000ns)
  Data Path Delay:        9.251ns  (logic 0.456ns (4.929%)  route 8.795ns (95.071%))
  Logic Levels:           0  
  Clock Path Skew:        -0.119ns (DCD - SCD + CPR)
    Destination Clock Delay (DCD):    2.736ns = ( 12.736 - 10.000 ) 
    Source Clock Delay      (SCD):    2.985ns
    Clock Pessimism Removal (CPR):    0.130ns
  Clock Uncertainty:      0.154ns  ((TSJ^2 + TIJ^2)^1/2 + DJ) / 2 + PE
    Total System Jitter     (TSJ):    0.071ns
    Total Input Jitter      (TIJ):    0.300ns
    Discrete Jitter          (DJ):    0.000ns
    Phase Error              (PE):    0.000ns

    Location             Delay type                Incr(ns)  Path(ns)    Netlist Resource(s)
  -------------------------------------------------------------------    -------------------
                         (clock clk_fpga_0 rise edge)
                                                      0.000     0.000 r  
    PS7_X0Y0             PS7                          0.000     0.000 r  design_1_i/processing_system7_0/inst/PS7_i/FCLKCLK[0]
                         net (fo=1, routed)           1.207     1.207    design_1_i/processing_system7_0/inst/FCLK_CLK_unbuffered[0]
    BUFGCTRL_X0Y15       BUFG (Prop_bufg_I_O)         0.101     1.308 r  design_1_i/processing_system7_0/inst/buffer_fclk_clk_0.FCLK_CLK_0_BUFG/O
                         net (fo=7693, routed)        1.677     2.985    design_1_i/matrix_mult_0/inst/regslice_both_in_stream_V_data_V_U/ap_clk
    SLICE_X7Y37          FDRE                                         r  design_1_i/matrix_mult_0/inst/regslice_both_in_stream_V_data_V_U/data_p1_reg[14]_rep/C
  -------------------------------------------------------------------    -------------------
    SLICE_X7Y37          FDRE (Prop_fdre_C_Q)         0.456     3.441 r  design_1_i/matrix_mult_0/inst/regslice_both_in_stream_V_data_V_U/data_p1_reg[14]_rep/Q
                         net (fo=32, routed)          8.795    12.236    design_1_i/matrix_mult_0/inst/A_15_U/DIADI[14]
    RAMB18_X2Y18         RAMB18E1                                     r  design_1_i/matrix_mult_0/inst/A_15_U/ram_reg/DIADI[14]
  -------------------------------------------------------------------    -------------------

                         (clock clk_fpga_0 rise edge)
                                                     10.000    10.000 r  
    PS7_X0Y0             PS7                          0.000    10.000 r  design_1_i/processing_system7_0/inst/PS7_i/FCLKCLK[0]
                         net (fo=1, routed)           1.101    11.101    design_1_i/processing_system7_0/inst/FCLK_CLK_unbuffered[0]
    BUFGCTRL_X0Y15       BUFG (Prop_bufg_I_O)         0.091    11.192 r  design_1_i/processing_system7_0/inst/buffer_fclk_clk_0.FCLK_CLK_0_BUFG/O
                         net (fo=7693, routed)        1.544    12.736    design_1_i/matrix_mult_0/inst/A_15_U/ap_clk
    RAMB18_X2Y18         RAMB18E1                                     r  design_1_i/matrix_mult_0/inst/A_15_U/ram_reg/CLKARDCLK
                         clock pessimism              0.130    12.866    
                         clock uncertainty           -0.154    12.712    
    RAMB18_X2Y18         RAMB18E1 (Setup_ramb18e1_CLKARDCLK_DIADI[14])
                                                     -0.241    12.471    design_1_i/matrix_mult_0/inst/A_15_U/ram_reg
  -------------------------------------------------------------------
                         required time                         12.471    
                         arrival time                         -12.236    
  -------------------------------------------------------------------
                         slack                                  0.235    

Slack (MET) :             0.259ns  (required time - arrival time)
  Source:                 design_1_i/matrix_mult_0/inst/grp_matrix_mult_Pipeline_VITIS_LOOP_39_5_VITIS_LOOP_40_6_fu_428/mul_32s_32s_32_2_1_U81/buff0[11]_i_29_psbram/C
                            (rising edge-triggered cell FDRE clocked by clk_fpga_0  {rise@0.000ns fall@5.000ns period=10.000ns})
  Destination:            design_1_i/matrix_mult_0/inst/grp_matrix_mult_Pipeline_VITIS_LOOP_39_5_VITIS_LOOP_40_6_fu_428/mul_32s_32s_32_2_1_U81/buff0_reg[14]/D
                            (rising edge-triggered cell FDRE clocked by clk_fpga_0  {rise@0.000ns fall@5.000ns period=10.000ns})
  Path Group:             clk_fpga_0
  Path Type:              Setup (Max at Slow Process Corner)
  Requirement:            10.000ns  (clk_fpga_0 rise@10.000ns - clk_fpga_0 rise@0.000ns)
  Data Path Delay:        9.635ns  (logic 4.682ns (48.593%)  route 4.953ns (51.407%))
  Logic Levels:           11  (CARRY4=6 LUT2=2 LUT5=1 LUT6=2)
  Clock Path Skew:        -0.061ns (DCD - SCD + CPR)
    Destination Clock Delay (DCD):    2.688ns = ( 12.688 - 10.000 ) 
    Source Clock Delay      (SCD):    2.980ns
    Clock Pessimism Removal (CPR):    0.230ns
  Clock Uncertainty:      0.154ns  ((TSJ^2 + TIJ^2)^1/2 + DJ) / 2 + PE
    Total System Jitter     (TSJ):    0.071ns
    Total Input Jitter      (TIJ):    0.300ns
    Discrete Jitter          (DJ):    0.000ns
    Phase Error              (PE):    0.000ns

    Location             Delay type                Incr(ns)  Path(ns)    Netlist Resource(s)
  -------------------------------------------------------------------    -------------------
                         (clock clk_fpga_0 rise edge)
                                                      0.000     0.000 r  
    PS7_X0Y0             PS7                          0.000     0.000 r  design_1_i/processing_system7_0/inst/PS7_i/FCLKCLK[0]
                         net (fo=1, routed)           1.207     1.207    design_1_i/processing_system7_0/inst/FCLK_CLK_unbuffered[0]
    BUFGCTRL_X0Y15       BUFG (Prop_bufg_I_O)         0.101     1.308 r  design_1_i/processing_system7_0/inst/buffer_fclk_clk_0.FCLK_CLK_0_BUFG/O
                         net (fo=7693, routed)        1.672     2.980    design_1_i/matrix_mult_0/inst/grp_matrix_mult_Pipeline_VITIS_LOOP_39_5_VITIS_LOOP_40_6_fu_428/mul_32s_32s_32_2_1_U81/ap_clk
    SLICE_X32Y10         FDRE                                         r  design_1_i/matrix_mult_0/inst/grp_matrix_mult_Pipeline_VITIS_LOOP_39_5_VITIS_LOOP_40_6_fu_428/mul_32s_32s_32_2_1_U81/buff0[11]_i_29_psbram/C
  -------------------------------------------------------------------    -------------------
    SLICE_X32Y10         FDRE (Prop_fdre_C_Q)         0.518     3.498 r  design_1_i/matrix_mult_0/inst/grp_matrix_mult_Pipeline_VITIS_LOOP_39_5_VITIS_LOOP_40_6_fu_428/mul_32s_32s_32_2_1_U81/buff0[11]_i_29_psbram/Q
                         net (fo=27, routed)          1.123     4.621    design_1_i/matrix_mult_0/inst/grp_matrix_mult_Pipeline_VITIS_LOOP_39_5_VITIS_LOOP_40_6_fu_428/mul_32s_32s_32_2_1_U81/buff0_reg[14]_i_47_0[1]
    SLICE_X32Y10         LUT6 (Prop_lut6_I1_O)        0.124     4.745 r  design_1_i/matrix_mult_0/inst/grp_matrix_mult_Pipeline_VITIS_LOOP_39_5_VITIS_LOOP_40_6_fu_428/mul_32s_32s_32_2_1_U81/buff0[11]_i_29/O
                         net (fo=2, routed)           0.608     5.353    design_1_i/matrix_mult_0/inst/grp_matrix_mult_Pipeline_VITIS_LOOP_39_5_VITIS_LOOP_40_6_fu_428/mul_32s_32s_32_2_1_U81/tmp_product[-1111111109]_0[1]
    SLICE_X34Y10         LUT6 (Prop_lut6_I0_O)        0.124     5.477 r  design_1_i/matrix_mult_0/inst/grp_matrix_mult_Pipeline_VITIS_LOOP_39_5_VITIS_LOOP_40_6_fu_428/mul_32s_32s_32_2_1_U81/buff0[11]_i_33__19/O
                         net (fo=1, routed)           0.000     5.477    design_1_i/matrix_mult_0/inst/grp_matrix_mult_Pipeline_VITIS_LOOP_39_5_VITIS_LOOP_40_6_fu_428_n_1356
    SLICE_X34Y10         CARRY4 (Prop_carry4_S[1]_O[3])
                                                      0.643     6.120 r  design_1_i/matrix_mult_0/inst/mul_32s_32s_32_2_1_U81/buff0_reg[11]_i_19/O[3]
                         net (fo=2, routed)           0.785     6.905    design_1_i/matrix_mult_0/inst/mul_32s_32s_32_2_1_U81/buff0_reg[11]_i_19_n_4
    SLICE_X33Y10         CARRY4 (Prop_carry4_DI[3]_CO[3])
                                                      0.568     7.473 r  design_1_i/matrix_mult_0/inst/mul_32s_32s_32_2_1_U81/buff0_reg[11]_i_16/CO[3]
                         net (fo=1, routed)           0.000     7.473    design_1_i/matrix_mult_0/inst/mul_32s_32s_32_2_1_U81/buff0_reg[11]_i_16_n_0
    SLICE_X33Y11         CARRY4 (Prop_carry4_CI_O[1])
                                                      0.334     7.807 r  design_1_i/matrix_mult_0/inst/mul_32s_32s_32_2_1_U81/buff0_reg[14]_i_20/O[1]
                         net (fo=3, routed)           0.587     8.394    design_1_i/matrix_mult_0/inst/mul_32s_32s_32_2_1_U81/buff0_reg[14]_i_20_n_6
    SLICE_X31Y10         LUT2 (Prop_lut2_I1_O)        0.303     8.697 r  design_1_i/matrix_mult_0/inst/mul_32s_32s_32_2_1_U81/buff0[11]_i_12/O
                         net (fo=2, routed)           0.857     9.554    design_1_i/matrix_mult_0/inst/mul_32s_32s_32_2_1_U81/buff0[11]_i_12_n_0
    SLICE_X31Y10         LUT2 (Prop_lut2_I1_O)        0.154     9.708 r  design_1_i/matrix_mult_0/inst/mul_32s_32s_32_2_1_U81/buff0[11]_i_4/O
                         net (fo=2, routed)           0.504    10.212    design_1_i/matrix_mult_0/inst/mul_32s_32s_32_2_1_U81/buff0[11]_i_4_n_0
    SLICE_X30Y10         LUT5 (Prop_lut5_I0_O)        0.327    10.539 r  design_1_i/matrix_mult_0/inst/mul_32s_32s_32_2_1_U81/buff0[11]_i_8/O
                         net (fo=1, routed)           0.000    10.539    design_1_i/matrix_mult_0/inst/mul_32s_32s_32_2_1_U81/buff0[11]_i_8_n_0
    SLICE_X30Y10         CARRY4 (Prop_carry4_S[2]_CO[3])
                                                      0.380    10.919 r  design_1_i/matrix_mult_0/inst/mul_32s_32s_32_2_1_U81/buff0_reg[11]_i_2/CO[3]
                         net (fo=1, routed)           0.000    10.919    design_1_i/matrix_mult_0/inst/grp_matrix_mult_Pipeline_VITIS_LOOP_39_5_VITIS_LOOP_40_6_fu_428/mul_32s_32s_32_2_1_U81/buff0_reg[14]_0[0]
    SLICE_X30Y11         CARRY4 (Prop_carry4_CI_O[1])
                                                      0.323    11.242 r  design_1_i/matrix_mult_0/inst/grp_matrix_mult_Pipeline_VITIS_LOOP_39_5_VITIS_LOOP_40_6_fu_428/mul_32s_32s_32_2_1_U81/buff0_reg[14]_i_2/O[1]
                         net (fo=1, routed)           0.489    11.731    design_1_i/matrix_mult_0/inst/grp_matrix_mult_Pipeline_VITIS_LOOP_39_5_VITIS_LOOP_40_6_fu_428/mul_32s_32s_32_2_1_U81/buff0_reg[14]_i_2_n_6
    SLICE_X28Y11         CARRY4 (Prop_carry4_S[1]_O[2])
                                                      0.884    12.615 r  design_1_i/matrix_mult_0/inst/grp_matrix_mult_Pipeline_VITIS_LOOP_39_5_VITIS_LOOP_40_6_fu_428/mul_32s_32s_32_2_1_U81/buff0_reg[14]_i_1/O[2]
                         net (fo=1, routed)           0.000    12.615    design_1_i/matrix_mult_0/inst/grp_matrix_mult_Pipeline_VITIS_LOOP_39_5_VITIS_LOOP_40_6_fu_428/mul_32s_32s_32_2_1_U81/buff0_reg[14]_i_1_n_5
    SLICE_X28Y11         FDRE                                         r  design_1_i/matrix_mult_0/inst/grp_matrix_mult_Pipeline_VITIS_LOOP_39_5_VITIS_LOOP_40_6_fu_428/mul_32s_32s_32_2_1_U81/buff0_reg[14]/D
  -------------------------------------------------------------------    -------------------

                         (clock clk_fpga_0 rise edge)
                                                     10.000    10.000 r  
    PS7_X0Y0             PS7                          0.000    10.000 r  design_1_i/processing_system7_0/inst/PS7_i/FCLKCLK[0]
                         net (fo=1, routed)           1.101    11.101    design_1_i/processing_system7_0/inst/FCLK_CLK_unbuffered[0]
    BUFGCTRL_X0Y15       BUFG (Prop_bufg_I_O)         0.091    11.192 r  design_1_i/processing_system7_0/inst/buffer_fclk_clk_0.FCLK_CLK_0_BUFG/O
                         net (fo=7693, routed)        1.496    12.688    design_1_i/matrix_mult_0/inst/grp_matrix_mult_Pipeline_VITIS_LOOP_39_5_VITIS_LOOP_40_6_fu_428/mul_32s_32s_32_2_1_U81/ap_clk
    SLICE_X28Y11         FDRE                                         r  design_1_i/matrix_mult_0/inst/grp_matrix_mult_Pipeline_VITIS_LOOP_39_5_VITIS_LOOP_40_6_fu_428/mul_32s_32s_32_2_1_U81/buff0_reg[14]/C
                         clock pessimism              0.230    12.919    
                         clock uncertainty           -0.154    12.765    
    SLICE_X28Y11         FDRE (Setup_fdre_C_D)        0.109    12.874    design_1_i/matrix_mult_0/inst/grp_matrix_mult_Pipeline_VITIS_LOOP_39_5_VITIS_LOOP_40_6_fu_428/mul_32s_32s_32_2_1_U81/buff0_reg[14]
  -------------------------------------------------------------------
                         required time                         12.874    
                         arrival time                         -12.615    
  -------------------------------------------------------------------
                         slack                                  0.259    

Slack (MET) :             0.276ns  (required time - arrival time)
  Source:                 design_1_i/matrix_mult_0/inst/regslice_both_in_stream_V_data_V_U/data_p1_reg[14]_rep/C
                            (rising edge-triggered cell FDRE clocked by clk_fpga_0  {rise@0.000ns fall@5.000ns period=10.000ns})
  Destination:            design_1_i/matrix_mult_0/inst/B_U/ram_reg/DIADI[14]
                            (rising edge-triggered cell RAMB18E1 clocked by clk_fpga_0  {rise@0.000ns fall@5.000ns period=10.000ns})
  Path Group:             clk_fpga_0
  Path Type:              Setup (Max at Slow Process Corner)
  Requirement:            10.000ns  (clk_fpga_0 rise@10.000ns - clk_fpga_0 rise@0.000ns)
  Data Path Delay:        9.209ns  (logic 0.456ns (4.952%)  route 8.753ns (95.048%))
  Logic Levels:           0  
  Clock Path Skew:        -0.120ns (DCD - SCD + CPR)
    Destination Clock Delay (DCD):    2.735ns = ( 12.735 - 10.000 ) 
    Source Clock Delay      (SCD):    2.985ns
    Clock Pessimism Removal (CPR):    0.130ns
  Clock Uncertainty:      0.154ns  ((TSJ^2 + TIJ^2)^1/2 + DJ) / 2 + PE
    Total System Jitter     (TSJ):    0.071ns
    Total Input Jitter      (TIJ):    0.300ns
    Discrete Jitter          (DJ):    0.000ns
    Phase Error              (PE):    0.000ns

    Location             Delay type                Incr(ns)  Path(ns)    Netlist Resource(s)
  -------------------------------------------------------------------    -------------------
                         (clock clk_fpga_0 rise edge)
                                                      0.000     0.000 r  
    PS7_X0Y0             PS7                          0.000     0.000 r  design_1_i/processing_system7_0/inst/PS7_i/FCLKCLK[0]
                         net (fo=1, routed)           1.207     1.207    design_1_i/processing_system7_0/inst/FCLK_CLK_unbuffered[0]
    BUFGCTRL_X0Y15       BUFG (Prop_bufg_I_O)         0.101     1.308 r  design_1_i/processing_system7_0/inst/buffer_fclk_clk_0.FCLK_CLK_0_BUFG/O
                         net (fo=7693, routed)        1.677     2.985    design_1_i/matrix_mult_0/inst/regslice_both_in_stream_V_data_V_U/ap_clk
    SLICE_X7Y37          FDRE                                         r  design_1_i/matrix_mult_0/inst/regslice_both_in_stream_V_data_V_U/data_p1_reg[14]_rep/C
  -------------------------------------------------------------------    -------------------
    SLICE_X7Y37          FDRE (Prop_fdre_C_Q)         0.456     3.441 r  design_1_i/matrix_mult_0/inst/regslice_both_in_stream_V_data_V_U/data_p1_reg[14]_rep/Q
                         net (fo=32, routed)          8.753    12.194    design_1_i/matrix_mult_0/inst/B_U/DIADI[14]
    RAMB18_X2Y17         RAMB18E1                                     r  design_1_i/matrix_mult_0/inst/B_U/ram_reg/DIADI[14]
  -------------------------------------------------------------------    -------------------

                         (clock clk_fpga_0 rise edge)
                                                     10.000    10.000 r  
    PS7_X0Y0             PS7                          0.000    10.000 r  design_1_i/processing_system7_0/inst/PS7_i/FCLKCLK[0]
                         net (fo=1, routed)           1.101    11.101    design_1_i/processing_system7_0/inst/FCLK_CLK_unbuffered[0]
    BUFGCTRL_X0Y15       BUFG (Prop_bufg_I_O)         0.091    11.192 r  design_1_i/processing_system7_0/inst/buffer_fclk_clk_0.FCLK_CLK_0_BUFG/O
                         net (fo=7693, routed)        1.543    12.735    design_1_i/matrix_mult_0/inst/B_U/ap_clk
    RAMB18_X2Y17         RAMB18E1                                     r  design_1_i/matrix_mult_0/inst/B_U/ram_reg/CLKARDCLK
                         clock pessimism              0.130    12.865    
                         clock uncertainty           -0.154    12.711    
    RAMB18_X2Y17         RAMB18E1 (Setup_ramb18e1_CLKARDCLK_DIADI[14])
                                                     -0.241    12.470    design_1_i/matrix_mult_0/inst/B_U/ram_reg
  -------------------------------------------------------------------
                         required time                         12.470    
                         arrival time                         -12.194    
  -------------------------------------------------------------------
                         slack                                  0.276    

Slack (MET) :             0.292ns  (required time - arrival time)
  Source:                 design_1_i/matrix_mult_0/inst/grp_matrix_mult_Pipeline_VITIS_LOOP_39_5_VITIS_LOOP_40_6_fu_428/mul_32s_32s_32_2_1_U87/buff0[11]_i_24_psbram/C
                            (rising edge-triggered cell FDRE clocked by clk_fpga_0  {rise@0.000ns fall@5.000ns period=10.000ns})
  Destination:            design_1_i/matrix_mult_0/inst/grp_matrix_mult_Pipeline_VITIS_LOOP_39_5_VITIS_LOOP_40_6_fu_428/mul_32s_32s_32_2_1_U87/buff0_reg[14]/D
                            (rising edge-triggered cell FDRE clocked by clk_fpga_0  {rise@0.000ns fall@5.000ns period=10.000ns})
  Path Group:             clk_fpga_0
  Path Type:              Setup (Max at Slow Process Corner)
  Requirement:            10.000ns  (clk_fpga_0 rise@10.000ns - clk_fpga_0 rise@0.000ns)
  Data Path Delay:        9.602ns  (logic 4.241ns (44.168%)  route 5.361ns (55.832%))
  Logic Levels:           11  (CARRY4=6 LUT2=3 LUT6=2)
  Clock Path Skew:        -0.061ns (DCD - SCD + CPR)
    Destination Clock Delay (DCD):    2.683ns = ( 12.684 - 10.000 ) 
    Source Clock Delay      (SCD):    2.975ns
    Clock Pessimism Removal (CPR):    0.230ns
  Clock Uncertainty:      0.154ns  ((TSJ^2 + TIJ^2)^1/2 + DJ) / 2 + PE
    Total System Jitter     (TSJ):    0.071ns
    Total Input Jitter      (TIJ):    0.300ns
    Discrete Jitter          (DJ):    0.000ns
    Phase Error              (PE):    0.000ns

    Location             Delay type                Incr(ns)  Path(ns)    Netlist Resource(s)
  -------------------------------------------------------------------    -------------------
                         (clock clk_fpga_0 rise edge)
                                                      0.000     0.000 r  
    PS7_X0Y0             PS7                          0.000     0.000 r  design_1_i/processing_system7_0/inst/PS7_i/FCLKCLK[0]
                         net (fo=1, routed)           1.207     1.207    design_1_i/processing_system7_0/inst/FCLK_CLK_unbuffered[0]
    BUFGCTRL_X0Y15       BUFG (Prop_bufg_I_O)         0.101     1.308 r  design_1_i/processing_system7_0/inst/buffer_fclk_clk_0.FCLK_CLK_0_BUFG/O
                         net (fo=7693, routed)        1.667     2.975    design_1_i/matrix_mult_0/inst/grp_matrix_mult_Pipeline_VITIS_LOOP_39_5_VITIS_LOOP_40_6_fu_428/mul_32s_32s_32_2_1_U87/ap_clk
    SLICE_X34Y15         FDRE                                         r  design_1_i/matrix_mult_0/inst/grp_matrix_mult_Pipeline_VITIS_LOOP_39_5_VITIS_LOOP_40_6_fu_428/mul_32s_32s_32_2_1_U87/buff0[11]_i_24_psbram/C
  -------------------------------------------------------------------    -------------------
    SLICE_X34Y15         FDRE (Prop_fdre_C_Q)         0.518     3.493 r  design_1_i/matrix_mult_0/inst/grp_matrix_mult_Pipeline_VITIS_LOOP_39_5_VITIS_LOOP_40_6_fu_428/mul_32s_32s_32_2_1_U87/buff0[11]_i_24_psbram/Q
                         net (fo=34, routed)          1.275     4.768    design_1_i/matrix_mult_0/inst/grp_matrix_mult_Pipeline_VITIS_LOOP_39_5_VITIS_LOOP_40_6_fu_428/mul_32s_32s_32_2_1_U87/buff0_reg[14]_i_47_0[0]
    SLICE_X37Y14         LUT6 (Prop_lut6_I1_O)        0.124     4.892 r  design_1_i/matrix_mult_0/inst/grp_matrix_mult_Pipeline_VITIS_LOOP_39_5_VITIS_LOOP_40_6_fu_428/mul_32s_32s_32_2_1_U87/buff0[11]_i_40/O
                         net (fo=2, routed)           0.644     5.536    design_1_i/matrix_mult_0/inst/grp_matrix_mult_Pipeline_VITIS_LOOP_39_5_VITIS_LOOP_40_6_fu_428/mul_32s_32s_32_2_1_U87/tmp_product[-1111111106]_0[3]
    SLICE_X36Y14         LUT6 (Prop_lut6_I0_O)        0.124     5.660 r  design_1_i/matrix_mult_0/inst/grp_matrix_mult_Pipeline_VITIS_LOOP_39_5_VITIS_LOOP_40_6_fu_428/mul_32s_32s_32_2_1_U87/buff0[11]_i_44__12/O
                         net (fo=1, routed)           0.000     5.660    design_1_i/matrix_mult_0/inst/grp_matrix_mult_Pipeline_VITIS_LOOP_39_5_VITIS_LOOP_40_6_fu_428_n_943
    SLICE_X36Y14         CARRY4 (Prop_carry4_S[3]_CO[3])
                                                      0.401     6.061 r  design_1_i/matrix_mult_0/inst/mul_32s_32s_32_2_1_U87/buff0_reg[11]_i_35/CO[3]
                         net (fo=1, routed)           0.000     6.061    design_1_i/matrix_mult_0/inst/mul_32s_32s_32_2_1_U87/buff0_reg[11]_i_35_n_0
    SLICE_X36Y15         CARRY4 (Prop_carry4_CI_O[0])
                                                      0.222     6.283 r  design_1_i/matrix_mult_0/inst/mul_32s_32s_32_2_1_U87/buff0_reg[14]_i_96/O[0]
                         net (fo=1, routed)           0.890     7.173    design_1_i/matrix_mult_0/inst/mul_32s_32s_32_2_1_U87/buff0_reg[14]_i_96_n_7
    SLICE_X34Y16         LUT2 (Prop_lut2_I1_O)        0.299     7.472 r  design_1_i/matrix_mult_0/inst/mul_32s_32s_32_2_1_U87/buff0[14]_i_61/O
                         net (fo=1, routed)           0.000     7.472    design_1_i/matrix_mult_0/inst/mul_32s_32s_32_2_1_U87/buff0[14]_i_61_n_0
    SLICE_X34Y16         CARRY4 (Prop_carry4_S[0]_O[1])
                                                      0.427     7.899 r  design_1_i/matrix_mult_0/inst/mul_32s_32s_32_2_1_U87/buff0_reg[14]_i_20/O[1]
                         net (fo=3, routed)           0.603     8.502    design_1_i/matrix_mult_0/inst/mul_32s_32s_32_2_1_U87/buff0_reg[14]_i_20_n_6
    SLICE_X33Y16         LUT2 (Prop_lut2_I1_O)        0.306     8.808 r  design_1_i/matrix_mult_0/inst/mul_32s_32s_32_2_1_U87/buff0[11]_i_12/O
                         net (fo=2, routed)           0.857     9.665    design_1_i/matrix_mult_0/inst/mul_32s_32s_32_2_1_U87/buff0[11]_i_12_n_0
    SLICE_X33Y16         LUT2 (Prop_lut2_I1_O)        0.154     9.819 r  design_1_i/matrix_mult_0/inst/mul_32s_32s_32_2_1_U87/buff0[11]_i_4/O
                         net (fo=2, routed)           0.500    10.319    design_1_i/matrix_mult_0/inst/mul_32s_32s_32_2_1_U87/buff0[11]_i_4_n_0
    SLICE_X31Y16         CARRY4 (Prop_carry4_DI[2]_CO[3])
                                                      0.601    10.920 r  design_1_i/matrix_mult_0/inst/mul_32s_32s_32_2_1_U87/buff0_reg[11]_i_2/CO[3]
                         net (fo=1, routed)           0.000    10.920    design_1_i/matrix_mult_0/inst/grp_matrix_mult_Pipeline_VITIS_LOOP_39_5_VITIS_LOOP_40_6_fu_428/mul_32s_32s_32_2_1_U87/buff0_reg[14]_0[0]
    SLICE_X31Y17         CARRY4 (Prop_carry4_CI_O[0])
                                                      0.222    11.142 r  design_1_i/matrix_mult_0/inst/grp_matrix_mult_Pipeline_VITIS_LOOP_39_5_VITIS_LOOP_40_6_fu_428/mul_32s_32s_32_2_1_U87/buff0_reg[14]_i_2/O[0]
                         net (fo=1, routed)           0.592    11.734    design_1_i/matrix_mult_0/inst/grp_matrix_mult_Pipeline_VITIS_LOOP_39_5_VITIS_LOOP_40_6_fu_428/mul_32s_32s_32_2_1_U87/buff0_reg[14]_i_2_n_7
    SLICE_X30Y17         CARRY4 (Prop_carry4_S[0]_O[2])
                                                      0.843    12.577 r  design_1_i/matrix_mult_0/inst/grp_matrix_mult_Pipeline_VITIS_LOOP_39_5_VITIS_LOOP_40_6_fu_428/mul_32s_32s_32_2_1_U87/buff0_reg[14]_i_1/O[2]
                         net (fo=1, routed)           0.000    12.577    design_1_i/matrix_mult_0/inst/grp_matrix_mult_Pipeline_VITIS_LOOP_39_5_VITIS_LOOP_40_6_fu_428/mul_32s_32s_32_2_1_U87/buff0_reg[14]_i_1_n_5
    SLICE_X30Y17         FDRE                                         r  design_1_i/matrix_mult_0/inst/grp_matrix_mult_Pipeline_VITIS_LOOP_39_5_VITIS_LOOP_40_6_fu_428/mul_32s_32s_32_2_1_U87/buff0_reg[14]/D
  -------------------------------------------------------------------    -------------------

                         (clock clk_fpga_0 rise edge)
                                                     10.000    10.000 r  
    PS7_X0Y0             PS7                          0.000    10.000 r  design_1_i/processing_system7_0/inst/PS7_i/FCLKCLK[0]
                         net (fo=1, routed)           1.101    11.101    design_1_i/processing_system7_0/inst/FCLK_CLK_unbuffered[0]
    BUFGCTRL_X0Y15       BUFG (Prop_bufg_I_O)         0.091    11.192 r  design_1_i/processing_system7_0/inst/buffer_fclk_clk_0.FCLK_CLK_0_BUFG/O
                         net (fo=7693, routed)        1.491    12.683    design_1_i/matrix_mult_0/inst/grp_matrix_mult_Pipeline_VITIS_LOOP_39_5_VITIS_LOOP_40_6_fu_428/mul_32s_32s_32_2_1_U87/ap_clk
    SLICE_X30Y17         FDRE                                         r  design_1_i/matrix_mult_0/inst/grp_matrix_mult_Pipeline_VITIS_LOOP_39_5_VITIS_LOOP_40_6_fu_428/mul_32s_32s_32_2_1_U87/buff0_reg[14]/C
                         clock pessimism              0.230    12.914    
                         clock uncertainty           -0.154    12.760    
    SLICE_X30Y17         FDRE (Setup_fdre_C_D)        0.109    12.869    design_1_i/matrix_mult_0/inst/grp_matrix_mult_Pipeline_VITIS_LOOP_39_5_VITIS_LOOP_40_6_fu_428/mul_32s_32s_32_2_1_U87/buff0_reg[14]
  -------------------------------------------------------------------
                         required time                         12.869    
                         arrival time                         -12.577    
  -------------------------------------------------------------------
                         slack                                  0.292    

Slack (MET) :             0.322ns  (required time - arrival time)
  Source:                 design_1_i/matrix_mult_0/inst/regslice_both_in_stream_V_data_V_U/data_p1_reg[14]_rep/C
                            (rising edge-triggered cell FDRE clocked by clk_fpga_0  {rise@0.000ns fall@5.000ns period=10.000ns})
  Destination:            design_1_i/matrix_mult_0/inst/A_U/ram_reg/DIADI[14]
                            (rising edge-triggered cell RAMB18E1 clocked by clk_fpga_0  {rise@0.000ns fall@5.000ns period=10.000ns})
  Path Group:             clk_fpga_0
  Path Type:              Setup (Max at Slow Process Corner)
  Requirement:            10.000ns  (clk_fpga_0 rise@10.000ns - clk_fpga_0 rise@0.000ns)
  Data Path Delay:        9.162ns  (logic 0.456ns (4.977%)  route 8.706ns (95.023%))
  Logic Levels:           0  
  Clock Path Skew:        -0.120ns (DCD - SCD + CPR)
    Destination Clock Delay (DCD):    2.735ns = ( 12.735 - 10.000 ) 
    Source Clock Delay      (SCD):    2.985ns
    Clock Pessimism Removal (CPR):    0.130ns
  Clock Uncertainty:      0.154ns  ((TSJ^2 + TIJ^2)^1/2 + DJ) / 2 + PE
    Total System Jitter     (TSJ):    0.071ns
    Total Input Jitter      (TIJ):    0.300ns
    Discrete Jitter          (DJ):    0.000ns
    Phase Error              (PE):    0.000ns

    Location             Delay type                Incr(ns)  Path(ns)    Netlist Resource(s)
  -------------------------------------------------------------------    -------------------
                         (clock clk_fpga_0 rise edge)
                                                      0.000     0.000 r  
    PS7_X0Y0             PS7                          0.000     0.000 r  design_1_i/processing_system7_0/inst/PS7_i/FCLKCLK[0]
                         net (fo=1, routed)           1.207     1.207    design_1_i/processing_system7_0/inst/FCLK_CLK_unbuffered[0]
    BUFGCTRL_X0Y15       BUFG (Prop_bufg_I_O)         0.101     1.308 r  design_1_i/processing_system7_0/inst/buffer_fclk_clk_0.FCLK_CLK_0_BUFG/O
                         net (fo=7693, routed)        1.677     2.985    design_1_i/matrix_mult_0/inst/regslice_both_in_stream_V_data_V_U/ap_clk
    SLICE_X7Y37          FDRE                                         r  design_1_i/matrix_mult_0/inst/regslice_both_in_stream_V_data_V_U/data_p1_reg[14]_rep/C
  -------------------------------------------------------------------    -------------------
    SLICE_X7Y37          FDRE (Prop_fdre_C_Q)         0.456     3.441 r  design_1_i/matrix_mult_0/inst/regslice_both_in_stream_V_data_V_U/data_p1_reg[14]_rep/Q
                         net (fo=32, routed)          8.706    12.147    design_1_i/matrix_mult_0/inst/A_U/DIADI[14]
    RAMB18_X2Y16         RAMB18E1                                     r  design_1_i/matrix_mult_0/inst/A_U/ram_reg/DIADI[14]
  -------------------------------------------------------------------    -------------------

                         (clock clk_fpga_0 rise edge)
                                                     10.000    10.000 r  
    PS7_X0Y0             PS7                          0.000    10.000 r  design_1_i/processing_system7_0/inst/PS7_i/FCLKCLK[0]
                         net (fo=1, routed)           1.101    11.101    design_1_i/processing_system7_0/inst/FCLK_CLK_unbuffered[0]
    BUFGCTRL_X0Y15       BUFG (Prop_bufg_I_O)         0.091    11.192 r  design_1_i/processing_system7_0/inst/buffer_fclk_clk_0.FCLK_CLK_0_BUFG/O
                         net (fo=7693, routed)        1.543    12.735    design_1_i/matrix_mult_0/inst/A_U/ap_clk
    RAMB18_X2Y16         RAMB18E1                                     r  design_1_i/matrix_mult_0/inst/A_U/ram_reg/CLKARDCLK
                         clock pessimism              0.130    12.865    
                         clock uncertainty           -0.154    12.711    
    RAMB18_X2Y16         RAMB18E1 (Setup_ramb18e1_CLKARDCLK_DIADI[14])
                                                     -0.241    12.470    design_1_i/matrix_mult_0/inst/A_U/ram_reg
  -------------------------------------------------------------------
                         required time                         12.470    
                         arrival time                         -12.147    
  -------------------------------------------------------------------
                         slack                                  0.322    

Slack (MET) :             0.336ns  (required time - arrival time)
  Source:                 design_1_i/matrix_mult_0/inst/grp_matrix_mult_Pipeline_VITIS_LOOP_39_5_VITIS_LOOP_40_6_fu_428/mul_32s_32s_32_2_1_U79/buff0[11]_i_29_psbram/C
                            (rising edge-triggered cell FDRE clocked by clk_fpga_0  {rise@0.000ns fall@5.000ns period=10.000ns})
  Destination:            design_1_i/matrix_mult_0/inst/grp_matrix_mult_Pipeline_VITIS_LOOP_39_5_VITIS_LOOP_40_6_fu_428/mul_32s_32s_32_2_1_U79/buff0_reg[14]/D
                            (rising edge-triggered cell FDRE clocked by clk_fpga_0  {rise@0.000ns fall@5.000ns period=10.000ns})
  Path Group:             clk_fpga_0
  Path Type:              Setup (Max at Slow Process Corner)
  Requirement:            10.000ns  (clk_fpga_0 rise@10.000ns - clk_fpga_0 rise@0.000ns)
  Data Path Delay:        9.487ns  (logic 4.463ns (47.043%)  route 5.024ns (52.957%))
  Logic Levels:           10  (CARRY4=5 LUT2=2 LUT4=1 LUT5=1 LUT6=1)
  Clock Path Skew:        -0.132ns (DCD - SCD + CPR)
    Destination Clock Delay (DCD):    2.680ns = ( 12.681 - 10.000 ) 
    Source Clock Delay      (SCD):    3.043ns
    Clock Pessimism Removal (CPR):    0.230ns
  Clock Uncertainty:      0.154ns  ((TSJ^2 + TIJ^2)^1/2 + DJ) / 2 + PE
    Total System Jitter     (TSJ):    0.071ns
    Total Input Jitter      (TIJ):    0.300ns
    Discrete Jitter          (DJ):    0.000ns
    Phase Error              (PE):    0.000ns

    Location             Delay type                Incr(ns)  Path(ns)    Netlist Resource(s)
  -------------------------------------------------------------------    -------------------
                         (clock clk_fpga_0 rise edge)
                                                      0.000     0.000 r  
    PS7_X0Y0             PS7                          0.000     0.000 r  design_1_i/processing_system7_0/inst/PS7_i/FCLKCLK[0]
                         net (fo=1, routed)           1.207     1.207    design_1_i/processing_system7_0/inst/FCLK_CLK_unbuffered[0]
    BUFGCTRL_X0Y15       BUFG (Prop_bufg_I_O)         0.101     1.308 r  design_1_i/processing_system7_0/inst/buffer_fclk_clk_0.FCLK_CLK_0_BUFG/O
                         net (fo=7693, routed)        1.735     3.043    design_1_i/matrix_mult_0/inst/grp_matrix_mult_Pipeline_VITIS_LOOP_39_5_VITIS_LOOP_40_6_fu_428/mul_32s_32s_32_2_1_U79/ap_clk
    SLICE_X36Y27         FDRE                                         r  design_1_i/matrix_mult_0/inst/grp_matrix_mult_Pipeline_VITIS_LOOP_39_5_VITIS_LOOP_40_6_fu_428/mul_32s_32s_32_2_1_U79/buff0[11]_i_29_psbram/C
  -------------------------------------------------------------------    -------------------
    SLICE_X36Y27         FDRE (Prop_fdre_C_Q)         0.456     3.499 r  design_1_i/matrix_mult_0/inst/grp_matrix_mult_Pipeline_VITIS_LOOP_39_5_VITIS_LOOP_40_6_fu_428/mul_32s_32s_32_2_1_U79/buff0[11]_i_29_psbram/Q
                         net (fo=27, routed)          1.143     4.642    design_1_i/matrix_mult_0/inst/grp_matrix_mult_Pipeline_VITIS_LOOP_39_5_VITIS_LOOP_40_6_fu_428/mul_32s_32s_32_2_1_U79/buff0_reg[14]_i_47_0[1]
    SLICE_X35Y27         LUT6 (Prop_lut6_I1_O)        0.124     4.766 r  design_1_i/matrix_mult_0/inst/grp_matrix_mult_Pipeline_VITIS_LOOP_39_5_VITIS_LOOP_40_6_fu_428/mul_32s_32s_32_2_1_U79/buff0[11]_i_29/O
                         net (fo=2, routed)           0.862     5.627    design_1_i/matrix_mult_0/inst/grp_matrix_mult_Pipeline_VITIS_LOOP_39_5_VITIS_LOOP_40_6_fu_428_n_1421
    SLICE_X36Y28         CARRY4 (Prop_carry4_DI[1]_CO[3])
                                                      0.507     6.134 r  design_1_i/matrix_mult_0/inst/mul_32s_32s_32_2_1_U79/buff0_reg[11]_i_19/CO[3]
                         net (fo=1, routed)           0.000     6.134    design_1_i/matrix_mult_0/inst/mul_32s_32s_32_2_1_U79/buff0_reg[11]_i_19_n_0
    SLICE_X36Y29         CARRY4 (Prop_carry4_CI_O[1])
                                                      0.334     6.468 r  design_1_i/matrix_mult_0/inst/mul_32s_32s_32_2_1_U79/buff0_reg[14]_i_57/O[1]
                         net (fo=2, routed)           0.578     7.047    design_1_i/matrix_mult_0/inst/mul_32s_32s_32_2_1_U79/buff0_reg[14]_i_57_n_6
    SLICE_X38Y29         LUT2 (Prop_lut2_I0_O)        0.303     7.350 r  design_1_i/matrix_mult_0/inst/mul_32s_32s_32_2_1_U79/buff0[14]_i_60/O
                         net (fo=1, routed)           0.000     7.350    design_1_i/matrix_mult_0/inst/mul_32s_32s_32_2_1_U79/buff0[14]_i_60_n_0
    SLICE_X38Y29         CARRY4 (Prop_carry4_S[1]_O[3])
                                                      0.643     7.993 r  design_1_i/matrix_mult_0/inst/mul_32s_32s_32_2_1_U79/buff0_reg[14]_i_20/O[3]
                         net (fo=3, routed)           0.776     8.768    design_1_i/matrix_mult_0/inst/mul_32s_32s_32_2_1_U79/buff0_reg[14]_i_20_n_4
    SLICE_X38Y26         LUT2 (Prop_lut2_I1_O)        0.336     9.104 r  design_1_i/matrix_mult_0/inst/mul_32s_32s_32_2_1_U79/buff0[14]_i_22/O
                         net (fo=2, routed)           0.294     9.398    design_1_i/matrix_mult_0/inst/grp_matrix_mult_Pipeline_VITIS_LOOP_39_5_VITIS_LOOP_40_6_fu_428/mul_32s_32s_32_2_1_U79/buff0_reg[14]_i_2_1
    SLICE_X38Y26         LUT4 (Prop_lut4_I1_O)        0.331     9.729 r  design_1_i/matrix_mult_0/inst/grp_matrix_mult_Pipeline_VITIS_LOOP_39_5_VITIS_LOOP_40_6_fu_428/mul_32s_32s_32_2_1_U79/buff0[14]_i_6/O
                         net (fo=2, routed)           0.842    10.571    design_1_i/matrix_mult_0/inst/grp_matrix_mult_Pipeline_VITIS_LOOP_39_5_VITIS_LOOP_40_6_fu_428/mul_32s_32s_32_2_1_U79/buff0[14]_i_6_n_0
    SLICE_X37Y28         LUT5 (Prop_lut5_I0_O)        0.124    10.695 r  design_1_i/matrix_mult_0/inst/grp_matrix_mult_Pipeline_VITIS_LOOP_39_5_VITIS_LOOP_40_6_fu_428/mul_32s_32s_32_2_1_U79/buff0[14]_i_10/O
                         net (fo=1, routed)           0.000    10.695    design_1_i/matrix_mult_0/inst/grp_matrix_mult_Pipeline_VITIS_LOOP_39_5_VITIS_LOOP_40_6_fu_428/mul_32s_32s_32_2_1_U79/buff0[14]_i_10_n_0
    SLICE_X37Y28         CARRY4 (Prop_carry4_S[0]_O[1])
                                                      0.424    11.119 r  design_1_i/matrix_mult_0/inst/grp_matrix_mult_Pipeline_VITIS_LOOP_39_5_VITIS_LOOP_40_6_fu_428/mul_32s_32s_32_2_1_U79/buff0_reg[14]_i_2/O[1]
                         net (fo=1, routed)           0.530    11.649    design_1_i/matrix_mult_0/inst/grp_matrix_mult_Pipeline_VITIS_LOOP_39_5_VITIS_LOOP_40_6_fu_428/mul_32s_32s_32_2_1_U79/buff0_reg[14]_i_2_n_6
    SLICE_X34Y28         CARRY4 (Prop_carry4_S[1]_O[2])
                                                      0.881    12.530 r  design_1_i/matrix_mult_0/inst/grp_matrix_mult_Pipeline_VITIS_LOOP_39_5_VITIS_LOOP_40_6_fu_428/mul_32s_32s_32_2_1_U79/buff0_reg[14]_i_1/O[2]
                         net (fo=1, routed)           0.000    12.530    design_1_i/matrix_mult_0/inst/grp_matrix_mult_Pipeline_VITIS_LOOP_39_5_VITIS_LOOP_40_6_fu_428/mul_32s_32s_32_2_1_U79/buff0_reg[14]_i_1_n_5
    SLICE_X34Y28         FDRE                                         r  design_1_i/matrix_mult_0/inst/grp_matrix_mult_Pipeline_VITIS_LOOP_39_5_VITIS_LOOP_40_6_fu_428/mul_32s_32s_32_2_1_U79/buff0_reg[14]/D
  -------------------------------------------------------------------    -------------------

                         (clock clk_fpga_0 rise edge)
                                                     10.000    10.000 r  
    PS7_X0Y0             PS7                          0.000    10.000 r  design_1_i/processing_system7_0/inst/PS7_i/FCLKCLK[0]
                         net (fo=1, routed)           1.101    11.101    design_1_i/processing_system7_0/inst/FCLK_CLK_unbuffered[0]
    BUFGCTRL_X0Y15       BUFG (Prop_bufg_I_O)         0.091    11.192 r  design_1_i/processing_system7_0/inst/buffer_fclk_clk_0.FCLK_CLK_0_BUFG/O
                         net (fo=7693, routed)        1.488    12.680    design_1_i/matrix_mult_0/inst/grp_matrix_mult_Pipeline_VITIS_LOOP_39_5_VITIS_LOOP_40_6_fu_428/mul_32s_32s_32_2_1_U79/ap_clk
    SLICE_X34Y28         FDRE                                         r  design_1_i/matrix_mult_0/inst/grp_matrix_mult_Pipeline_VITIS_LOOP_39_5_VITIS_LOOP_40_6_fu_428/mul_32s_32s_32_2_1_U79/buff0_reg[14]/C
                         clock pessimism              0.230    12.911    
                         clock uncertainty           -0.154    12.757    
    SLICE_X34Y28         FDRE (Setup_fdre_C_D)        0.109    12.866    design_1_i/matrix_mult_0/inst/grp_matrix_mult_Pipeline_VITIS_LOOP_39_5_VITIS_LOOP_40_6_fu_428/mul_32s_32s_32_2_1_U79/buff0_reg[14]
  -------------------------------------------------------------------
                         required time                         12.866    
                         arrival time                         -12.530    
  -------------------------------------------------------------------
                         slack                                  0.336    





Min Delay Paths
--------------------------------------------------------------------------------------
Slack (MET) :             0.017ns  (arrival time - required time)
  Source:                 design_1_i/axi_smc/inst/s00_entry_pipeline/s00_si_converter/inst/gen_axilite_conv.axilite_conv_inst/r_cnt_words_reg[0]/C
                            (rising edge-triggered cell FDRE clocked by clk_fpga_0  {rise@0.000ns fall@5.000ns period=10.000ns})
  Destination:            design_1_i/axi_smc/inst/s00_entry_pipeline/s00_si_converter/inst/gen_axilite_conv.axilite_conv_inst/ar_cnt_reg[0]/D
                            (rising edge-triggered cell FDRE clocked by clk_fpga_0  {rise@0.000ns fall@5.000ns period=10.000ns})
  Path Group:             clk_fpga_0
  Path Type:              Hold (Min at Fast Process Corner)
  Requirement:            0.000ns  (clk_fpga_0 rise@0.000ns - clk_fpga_0 rise@0.000ns)
  Data Path Delay:        0.375ns  (logic 0.186ns (49.561%)  route 0.189ns (50.439%))
  Logic Levels:           1  (LUT6=1)
  Clock Path Skew:        0.267ns (DCD - SCD - CPR)
    Destination Clock Delay (DCD):    1.201ns
    Source Clock Delay      (SCD):    0.905ns
    Clock Pessimism Removal (CPR):    0.029ns

    Location             Delay type                Incr(ns)  Path(ns)    Netlist Resource(s)
  -------------------------------------------------------------------    -------------------
                         (clock clk_fpga_0 rise edge)
                                                      0.000     0.000 r  
    PS7_X0Y0             PS7                          0.000     0.000 r  design_1_i/processing_system7_0/inst/PS7_i/FCLKCLK[0]
                         net (fo=1, routed)           0.315     0.315    design_1_i/processing_system7_0/inst/FCLK_CLK_unbuffered[0]
    BUFGCTRL_X0Y15       BUFG (Prop_bufg_I_O)         0.026     0.341 r  design_1_i/processing_system7_0/inst/buffer_fclk_clk_0.FCLK_CLK_0_BUFG/O
                         net (fo=7693, routed)        0.564     0.905    design_1_i/axi_smc/inst/s00_entry_pipeline/s00_si_converter/inst/gen_axilite_conv.axilite_conv_inst/aclk
    SLICE_X18Y49         FDRE                                         r  design_1_i/axi_smc/inst/s00_entry_pipeline/s00_si_converter/inst/gen_axilite_conv.axilite_conv_inst/r_cnt_words_reg[0]/C
  -------------------------------------------------------------------    -------------------
    SLICE_X18Y49         FDRE (Prop_fdre_C_Q)         0.141     1.046 r  design_1_i/axi_smc/inst/s00_entry_pipeline/s00_si_converter/inst/gen_axilite_conv.axilite_conv_inst/r_cnt_words_reg[0]/Q
                         net (fo=1, routed)           0.189     1.235    design_1_i/axi_smc/inst/s00_entry_pipeline/s00_si_converter/inst/gen_axilite_conv.axilite_conv_inst/r_cnt_words[0]
    SLICE_X18Y50         LUT6 (Prop_lut6_I3_O)        0.045     1.280 r  design_1_i/axi_smc/inst/s00_entry_pipeline/s00_si_converter/inst/gen_axilite_conv.axilite_conv_inst/ar_cnt[0]_i_1/O
                         net (fo=1, routed)           0.000     1.280    design_1_i/axi_smc/inst/s00_entry_pipeline/s00_si_converter/inst/gen_axilite_conv.axilite_conv_inst/ar_cnt[0]_i_1_n_0
    SLICE_X18Y50         FDRE                                         r  design_1_i/axi_smc/inst/s00_entry_pipeline/s00_si_converter/inst/gen_axilite_conv.axilite_conv_inst/ar_cnt_reg[0]/D
  -------------------------------------------------------------------    -------------------

                         (clock clk_fpga_0 rise edge)
                                                      0.000     0.000 r  
    PS7_X0Y0             PS7                          0.000     0.000 r  design_1_i/processing_system7_0/inst/PS7_i/FCLKCLK[0]
                         net (fo=1, routed)           0.341     0.341    design_1_i/processing_system7_0/inst/FCLK_CLK_unbuffered[0]
    BUFGCTRL_X0Y15       BUFG (Prop_bufg_I_O)         0.029     0.370 r  design_1_i/processing_system7_0/inst/buffer_fclk_clk_0.FCLK_CLK_0_BUFG/O
                         net (fo=7693, routed)        0.831     1.201    design_1_i/axi_smc/inst/s00_entry_pipeline/s00_si_converter/inst/gen_axilite_conv.axilite_conv_inst/aclk
    SLICE_X18Y50         FDRE                                         r  design_1_i/axi_smc/inst/s00_entry_pipeline/s00_si_converter/inst/gen_axilite_conv.axilite_conv_inst/ar_cnt_reg[0]/C
                         clock pessimism             -0.029     1.172    
    SLICE_X18Y50         FDRE (Hold_fdre_C_D)         0.091     1.263    design_1_i/axi_smc/inst/s00_entry_pipeline/s00_si_converter/inst/gen_axilite_conv.axilite_conv_inst/ar_cnt_reg[0]
  -------------------------------------------------------------------
                         required time                         -1.263    
                         arrival time                           1.280    
  -------------------------------------------------------------------
                         slack                                  0.017    

Slack (MET) :             0.037ns  (arrival time - required time)
  Source:                 design_1_i/smartconnect_1/inst/s00_nodes/s00_w_node/inst/inst_mi_handler/gen_normal_area.gen_upsizer.inst_upsizer/gen_w_ch.accum_reg[bytes][2][userdata][7]/C
                            (rising edge-triggered cell FDRE clocked by clk_fpga_0  {rise@0.000ns fall@5.000ns period=10.000ns})
  Destination:            design_1_i/smartconnect_1/inst/s00_nodes/s00_w_node/inst/inst_mi_handler/gen_normal_area.inst_fifo_node_payld/gen_xpm_memory_fifo.inst_fifo/gen_mem_rep[0].inst_xpm_memory/xpm_memory_base_inst/gen_wr_a.gen_word_narrow.mem_reg_0_31_42_47/RAMA/I
                            (rising edge-triggered cell RAMD32 clocked by clk_fpga_0  {rise@0.000ns fall@5.000ns period=10.000ns})
  Path Group:             clk_fpga_0
  Path Type:              Hold (Min at Fast Process Corner)
  Requirement:            0.000ns  (clk_fpga_0 rise@0.000ns - clk_fpga_0 rise@0.000ns)
  Data Path Delay:        0.197ns  (logic 0.141ns (71.611%)  route 0.056ns (28.389%))
  Logic Levels:           0  
  Clock Path Skew:        0.013ns (DCD - SCD - CPR)
    Destination Clock Delay (DCD):    1.199ns
    Source Clock Delay      (SCD):    0.903ns
    Clock Pessimism Removal (CPR):    0.283ns

    Location             Delay type                Incr(ns)  Path(ns)    Netlist Resource(s)
  -------------------------------------------------------------------    -------------------
                         (clock clk_fpga_0 rise edge)
                                                      0.000     0.000 r  
    PS7_X0Y0             PS7                          0.000     0.000 r  design_1_i/processing_system7_0/inst/PS7_i/FCLKCLK[0]
                         net (fo=1, routed)           0.315     0.315    design_1_i/processing_system7_0/inst/FCLK_CLK_unbuffered[0]
    BUFGCTRL_X0Y15       BUFG (Prop_bufg_I_O)         0.026     0.341 r  design_1_i/processing_system7_0/inst/buffer_fclk_clk_0.FCLK_CLK_0_BUFG/O
                         net (fo=7693, routed)        0.562     0.903    design_1_i/smartconnect_1/inst/s00_nodes/s00_w_node/inst/inst_mi_handler/gen_normal_area.gen_upsizer.inst_upsizer/s_sc_aclk
    SLICE_X9Y14          FDRE                                         r  design_1_i/smartconnect_1/inst/s00_nodes/s00_w_node/inst/inst_mi_handler/gen_normal_area.gen_upsizer.inst_upsizer/gen_w_ch.accum_reg[bytes][2][userdata][7]/C
  -------------------------------------------------------------------    -------------------
    SLICE_X9Y14          FDRE (Prop_fdre_C_Q)         0.141     1.044 r  design_1_i/smartconnect_1/inst/s00_nodes/s00_w_node/inst/inst_mi_handler/gen_normal_area.gen_upsizer.inst_upsizer/gen_w_ch.accum_reg[bytes][2][userdata][7]/Q
                         net (fo=1, routed)           0.056     1.099    design_1_i/smartconnect_1/inst/s00_nodes/s00_w_node/inst/inst_mi_handler/gen_normal_area.inst_fifo_node_payld/gen_xpm_memory_fifo.inst_fifo/gen_mem_rep[0].inst_xpm_memory/xpm_memory_base_inst/gen_wr_a.gen_word_narrow.mem_reg_0_31_42_47/DIA0
    SLICE_X8Y14          RAMD32                                       r  design_1_i/smartconnect_1/inst/s00_nodes/s00_w_node/inst/inst_mi_handler/gen_normal_area.inst_fifo_node_payld/gen_xpm_memory_fifo.inst_fifo/gen_mem_rep[0].inst_xpm_memory/xpm_memory_base_inst/gen_wr_a.gen_word_narrow.mem_reg_0_31_42_47/RAMA/I
  -------------------------------------------------------------------    -------------------

                         (clock clk_fpga_0 rise edge)
                                                      0.000     0.000 r  
    PS7_X0Y0             PS7                          0.000     0.000 r  design_1_i/processing_system7_0/inst/PS7_i/FCLKCLK[0]
                         net (fo=1, routed)           0.341     0.341    design_1_i/processing_system7_0/inst/FCLK_CLK_unbuffered[0]
    BUFGCTRL_X0Y15       BUFG (Prop_bufg_I_O)         0.029     0.370 r  design_1_i/processing_system7_0/inst/buffer_fclk_clk_0.FCLK_CLK_0_BUFG/O
                         net (fo=7693, routed)        0.829     1.199    design_1_i/smartconnect_1/inst/s00_nodes/s00_w_node/inst/inst_mi_handler/gen_normal_area.inst_fifo_node_payld/gen_xpm_memory_fifo.inst_fifo/gen_mem_rep[0].inst_xpm_memory/xpm_memory_base_inst/gen_wr_a.gen_word_narrow.mem_reg_0_31_42_47/WCLK
    SLICE_X8Y14          RAMD32                                       r  design_1_i/smartconnect_1/inst/s00_nodes/s00_w_node/inst/inst_mi_handler/gen_normal_area.inst_fifo_node_payld/gen_xpm_memory_fifo.inst_fifo/gen_mem_rep[0].inst_xpm_memory/xpm_memory_base_inst/gen_wr_a.gen_word_narrow.mem_reg_0_31_42_47/RAMA/CLK
                         clock pessimism             -0.283     0.916    
    SLICE_X8Y14          RAMD32 (Hold_ramd32_CLK_I)
                                                      0.147     1.062    design_1_i/smartconnect_1/inst/s00_nodes/s00_w_node/inst/inst_mi_handler/gen_normal_area.inst_fifo_node_payld/gen_xpm_memory_fifo.inst_fifo/gen_mem_rep[0].inst_xpm_memory/xpm_memory_base_inst/gen_wr_a.gen_word_narrow.mem_reg_0_31_42_47/RAMA
  -------------------------------------------------------------------
                         required time                         -1.063    
                         arrival time                           1.099    
  -------------------------------------------------------------------
                         slack                                  0.037    

Slack (MET) :             0.037ns  (arrival time - required time)
  Source:                 design_1_i/smartconnect_1/inst/s00_nodes/s00_w_node/inst/inst_mi_handler/gen_normal_area.gen_upsizer.inst_upsizer/gen_w_ch.accum_reg[bytes][3][userdata][4]/C
                            (rising edge-triggered cell FDRE clocked by clk_fpga_0  {rise@0.000ns fall@5.000ns period=10.000ns})
  Destination:            design_1_i/smartconnect_1/inst/s00_nodes/s00_w_node/inst/inst_mi_handler/gen_normal_area.inst_fifo_node_payld/gen_xpm_memory_fifo.inst_fifo/gen_mem_rep[0].inst_xpm_memory/xpm_memory_base_inst/gen_wr_a.gen_word_narrow.mem_reg_0_31_48_53/RAMA/I
                            (rising edge-triggered cell RAMD32 clocked by clk_fpga_0  {rise@0.000ns fall@5.000ns period=10.000ns})
  Path Group:             clk_fpga_0
  Path Type:              Hold (Min at Fast Process Corner)
  Requirement:            0.000ns  (clk_fpga_0 rise@0.000ns - clk_fpga_0 rise@0.000ns)
  Data Path Delay:        0.197ns  (logic 0.141ns (71.611%)  route 0.056ns (28.389%))
  Logic Levels:           0  
  Clock Path Skew:        0.013ns (DCD - SCD - CPR)
    Destination Clock Delay (DCD):    1.216ns
    Source Clock Delay      (SCD):    0.920ns
    Clock Pessimism Removal (CPR):    0.283ns

    Location             Delay type                Incr(ns)  Path(ns)    Netlist Resource(s)
  -------------------------------------------------------------------    -------------------
                         (clock clk_fpga_0 rise edge)
                                                      0.000     0.000 r  
    PS7_X0Y0             PS7                          0.000     0.000 r  design_1_i/processing_system7_0/inst/PS7_i/FCLKCLK[0]
                         net (fo=1, routed)           0.315     0.315    design_1_i/processing_system7_0/inst/FCLK_CLK_unbuffered[0]
    BUFGCTRL_X0Y15       BUFG (Prop_bufg_I_O)         0.026     0.341 r  design_1_i/processing_system7_0/inst/buffer_fclk_clk_0.FCLK_CLK_0_BUFG/O
                         net (fo=7693, routed)        0.579     0.920    design_1_i/smartconnect_1/inst/s00_nodes/s00_w_node/inst/inst_mi_handler/gen_normal_area.gen_upsizer.inst_upsizer/s_sc_aclk
    SLICE_X1Y14          FDRE                                         r  design_1_i/smartconnect_1/inst/s00_nodes/s00_w_node/inst/inst_mi_handler/gen_normal_area.gen_upsizer.inst_upsizer/gen_w_ch.accum_reg[bytes][3][userdata][4]/C
  -------------------------------------------------------------------    -------------------
    SLICE_X1Y14          FDRE (Prop_fdre_C_Q)         0.141     1.061 r  design_1_i/smartconnect_1/inst/s00_nodes/s00_w_node/inst/inst_mi_handler/gen_normal_area.gen_upsizer.inst_upsizer/gen_w_ch.accum_reg[bytes][3][userdata][4]/Q
                         net (fo=1, routed)           0.056     1.116    design_1_i/smartconnect_1/inst/s00_nodes/s00_w_node/inst/inst_mi_handler/gen_normal_area.inst_fifo_node_payld/gen_xpm_memory_fifo.inst_fifo/gen_mem_rep[0].inst_xpm_memory/xpm_memory_base_inst/gen_wr_a.gen_word_narrow.mem_reg_0_31_48_53/DIA0
    SLICE_X0Y14          RAMD32                                       r  design_1_i/smartconnect_1/inst/s00_nodes/s00_w_node/inst/inst_mi_handler/gen_normal_area.inst_fifo_node_payld/gen_xpm_memory_fifo.inst_fifo/gen_mem_rep[0].inst_xpm_memory/xpm_memory_base_inst/gen_wr_a.gen_word_narrow.mem_reg_0_31_48_53/RAMA/I
  -------------------------------------------------------------------    -------------------

                         (clock clk_fpga_0 rise edge)
                                                      0.000     0.000 r  
    PS7_X0Y0             PS7                          0.000     0.000 r  design_1_i/processing_system7_0/inst/PS7_i/FCLKCLK[0]
                         net (fo=1, routed)           0.341     0.341    design_1_i/processing_system7_0/inst/FCLK_CLK_unbuffered[0]
    BUFGCTRL_X0Y15       BUFG (Prop_bufg_I_O)         0.029     0.370 r  design_1_i/processing_system7_0/inst/buffer_fclk_clk_0.FCLK_CLK_0_BUFG/O
                         net (fo=7693, routed)        0.846     1.216    design_1_i/smartconnect_1/inst/s00_nodes/s00_w_node/inst/inst_mi_handler/gen_normal_area.inst_fifo_node_payld/gen_xpm_memory_fifo.inst_fifo/gen_mem_rep[0].inst_xpm_memory/xpm_memory_base_inst/gen_wr_a.gen_word_narrow.mem_reg_0_31_48_53/WCLK
    SLICE_X0Y14          RAMD32                                       r  design_1_i/smartconnect_1/inst/s00_nodes/s00_w_node/inst/inst_mi_handler/gen_normal_area.inst_fifo_node_payld/gen_xpm_memory_fifo.inst_fifo/gen_mem_rep[0].inst_xpm_memory/xpm_memory_base_inst/gen_wr_a.gen_word_narrow.mem_reg_0_31_48_53/RAMA/CLK
                         clock pessimism             -0.283     0.933    
    SLICE_X0Y14          RAMD32 (Hold_ramd32_CLK_I)
                                                      0.147     1.080    design_1_i/smartconnect_1/inst/s00_nodes/s00_w_node/inst/inst_mi_handler/gen_normal_area.inst_fifo_node_payld/gen_xpm_memory_fifo.inst_fifo/gen_mem_rep[0].inst_xpm_memory/xpm_memory_base_inst/gen_wr_a.gen_word_narrow.mem_reg_0_31_48_53/RAMA
  -------------------------------------------------------------------
                         required time                         -1.080    
                         arrival time                           1.116    
  -------------------------------------------------------------------
                         slack                                  0.037    

Slack (MET) :             0.038ns  (arrival time - required time)
  Source:                 design_1_i/matrix_mult_0/inst/grp_matrix_mult_Pipeline_VITIS_LOOP_39_5_VITIS_LOOP_40_6_fu_428/mul_32s_32s_32_2_1_U104/buff0_reg[15]__0/C
                            (rising edge-triggered cell FDRE clocked by clk_fpga_0  {rise@0.000ns fall@5.000ns period=10.000ns})
  Destination:            design_1_i/matrix_mult_0/inst/grp_matrix_mult_Pipeline_VITIS_LOOP_39_5_VITIS_LOOP_40_6_fu_428/mul_ln45_21_reg_2287_reg[15]/D
                            (rising edge-triggered cell FDRE clocked by clk_fpga_0  {rise@0.000ns fall@5.000ns period=10.000ns})
  Path Group:             clk_fpga_0
  Path Type:              Hold (Min at Fast Process Corner)
  Requirement:            0.000ns  (clk_fpga_0 rise@0.000ns - clk_fpga_0 rise@0.000ns)
  Data Path Delay:        0.372ns  (logic 0.164ns (44.066%)  route 0.208ns (55.934%))
  Logic Levels:           0  
  Clock Path Skew:        0.264ns (DCD - SCD - CPR)
    Destination Clock Delay (DCD):    1.187ns
    Source Clock Delay      (SCD):    0.889ns
    Clock Pessimism Removal (CPR):    0.034ns

    Location             Delay type                Incr(ns)  Path(ns)    Netlist Resource(s)
  -------------------------------------------------------------------    -------------------
                         (clock clk_fpga_0 rise edge)
                                                      0.000     0.000 r  
    PS7_X0Y0             PS7                          0.000     0.000 r  design_1_i/processing_system7_0/inst/PS7_i/FCLKCLK[0]
                         net (fo=1, routed)           0.315     0.315    design_1_i/processing_system7_0/inst/FCLK_CLK_unbuffered[0]
    BUFGCTRL_X0Y15       BUFG (Prop_bufg_I_O)         0.026     0.341 r  design_1_i/processing_system7_0/inst/buffer_fclk_clk_0.FCLK_CLK_0_BUFG/O
                         net (fo=7693, routed)        0.548     0.889    design_1_i/matrix_mult_0/inst/grp_matrix_mult_Pipeline_VITIS_LOOP_39_5_VITIS_LOOP_40_6_fu_428/mul_32s_32s_32_2_1_U104/ap_clk
    SLICE_X20Y71         FDRE                                         r  design_1_i/matrix_mult_0/inst/grp_matrix_mult_Pipeline_VITIS_LOOP_39_5_VITIS_LOOP_40_6_fu_428/mul_32s_32s_32_2_1_U104/buff0_reg[15]__0/C
  -------------------------------------------------------------------    -------------------
    SLICE_X20Y71         FDRE (Prop_fdre_C_Q)         0.164     1.053 r  design_1_i/matrix_mult_0/inst/grp_matrix_mult_Pipeline_VITIS_LOOP_39_5_VITIS_LOOP_40_6_fu_428/mul_32s_32s_32_2_1_U104/buff0_reg[15]__0/Q
                         net (fo=1, routed)           0.208     1.261    design_1_i/matrix_mult_0/inst/grp_matrix_mult_Pipeline_VITIS_LOOP_39_5_VITIS_LOOP_40_6_fu_428/mul_32s_32s_32_2_1_U104_n_16
    SLICE_X22Y69         FDRE                                         r  design_1_i/matrix_mult_0/inst/grp_matrix_mult_Pipeline_VITIS_LOOP_39_5_VITIS_LOOP_40_6_fu_428/mul_ln45_21_reg_2287_reg[15]/D
  -------------------------------------------------------------------    -------------------

                         (clock clk_fpga_0 rise edge)
                                                      0.000     0.000 r  
    PS7_X0Y0             PS7                          0.000     0.000 r  design_1_i/processing_system7_0/inst/PS7_i/FCLKCLK[0]
                         net (fo=1, routed)           0.341     0.341    design_1_i/processing_system7_0/inst/FCLK_CLK_unbuffered[0]
    BUFGCTRL_X0Y15       BUFG (Prop_bufg_I_O)         0.029     0.370 r  design_1_i/processing_system7_0/inst/buffer_fclk_clk_0.FCLK_CLK_0_BUFG/O
                         net (fo=7693, routed)        0.817     1.187    design_1_i/matrix_mult_0/inst/grp_matrix_mult_Pipeline_VITIS_LOOP_39_5_VITIS_LOOP_40_6_fu_428/ap_clk
    SLICE_X22Y69         FDRE                                         r  design_1_i/matrix_mult_0/inst/grp_matrix_mult_Pipeline_VITIS_LOOP_39_5_VITIS_LOOP_40_6_fu_428/mul_ln45_21_reg_2287_reg[15]/C
                         clock pessimism             -0.034     1.153    
    SLICE_X22Y69         FDRE (Hold_fdre_C_D)         0.070     1.223    design_1_i/matrix_mult_0/inst/grp_matrix_mult_Pipeline_VITIS_LOOP_39_5_VITIS_LOOP_40_6_fu_428/mul_ln45_21_reg_2287_reg[15]
  -------------------------------------------------------------------
                         required time                         -1.223    
                         arrival time                           1.261    
  -------------------------------------------------------------------
                         slack                                  0.038    

Slack (MET) :             0.039ns  (arrival time - required time)
  Source:                 design_1_i/axi_dma_0/U0/I_PRMRY_DATAMOVER/GEN_S2MM_FULL.I_S2MM_FULL_WRAPPER/I_CMD_STATUS/I_CMD_FIFO/USE_SINGLE_REG.sig_regfifo_dout_reg_reg[33]/C
                            (rising edge-triggered cell FDRE clocked by clk_fpga_0  {rise@0.000ns fall@5.000ns period=10.000ns})
  Destination:            design_1_i/axi_dma_0/U0/I_PRMRY_DATAMOVER/GEN_S2MM_FULL.I_S2MM_FULL_WRAPPER/GEN_INCLUDE_IBTTCC.I_S2MM_MSTR_IBTTCC/sig_input_eof_reg_reg/D
                            (rising edge-triggered cell FDRE clocked by clk_fpga_0  {rise@0.000ns fall@5.000ns period=10.000ns})
  Path Group:             clk_fpga_0
  Path Type:              Hold (Min at Fast Process Corner)
  Requirement:            0.000ns  (clk_fpga_0 rise@0.000ns - clk_fpga_0 rise@0.000ns)
  Data Path Delay:        0.367ns  (logic 0.141ns (38.425%)  route 0.226ns (61.575%))
  Logic Levels:           0  
  Clock Path Skew:        0.258ns (DCD - SCD - CPR)
    Destination Clock Delay (DCD):    1.192ns
    Source Clock Delay      (SCD):    0.900ns
    Clock Pessimism Removal (CPR):    0.034ns

    Location             Delay type                Incr(ns)  Path(ns)    Netlist Resource(s)
  -------------------------------------------------------------------    -------------------
                         (clock clk_fpga_0 rise edge)
                                                      0.000     0.000 r  
    PS7_X0Y0             PS7                          0.000     0.000 r  design_1_i/processing_system7_0/inst/PS7_i/FCLKCLK[0]
                         net (fo=1, routed)           0.315     0.315    design_1_i/processing_system7_0/inst/FCLK_CLK_unbuffered[0]
    BUFGCTRL_X0Y15       BUFG (Prop_bufg_I_O)         0.026     0.341 r  design_1_i/processing_system7_0/inst/buffer_fclk_clk_0.FCLK_CLK_0_BUFG/O
                         net (fo=7693, routed)        0.559     0.900    design_1_i/axi_dma_0/U0/I_PRMRY_DATAMOVER/GEN_S2MM_FULL.I_S2MM_FULL_WRAPPER/I_CMD_STATUS/I_CMD_FIFO/m_axi_s2mm_aclk
    SLICE_X19Y34         FDRE                                         r  design_1_i/axi_dma_0/U0/I_PRMRY_DATAMOVER/GEN_S2MM_FULL.I_S2MM_FULL_WRAPPER/I_CMD_STATUS/I_CMD_FIFO/USE_SINGLE_REG.sig_regfifo_dout_reg_reg[33]/C
  -------------------------------------------------------------------    -------------------
    SLICE_X19Y34         FDRE (Prop_fdre_C_Q)         0.141     1.041 r  design_1_i/axi_dma_0/U0/I_PRMRY_DATAMOVER/GEN_S2MM_FULL.I_S2MM_FULL_WRAPPER/I_CMD_STATUS/I_CMD_FIFO/USE_SINGLE_REG.sig_regfifo_dout_reg_reg[33]/Q
                         net (fo=1, routed)           0.226     1.266    design_1_i/axi_dma_0/U0/I_PRMRY_DATAMOVER/GEN_S2MM_FULL.I_S2MM_FULL_WRAPPER/GEN_INCLUDE_IBTTCC.I_S2MM_MSTR_IBTTCC/Q[15]
    SLICE_X23Y34         FDRE                                         r  design_1_i/axi_dma_0/U0/I_PRMRY_DATAMOVER/GEN_S2MM_FULL.I_S2MM_FULL_WRAPPER/GEN_INCLUDE_IBTTCC.I_S2MM_MSTR_IBTTCC/sig_input_eof_reg_reg/D
  -------------------------------------------------------------------    -------------------

                         (clock clk_fpga_0 rise edge)
                                                      0.000     0.000 r  
    PS7_X0Y0             PS7                          0.000     0.000 r  design_1_i/processing_system7_0/inst/PS7_i/FCLKCLK[0]
                         net (fo=1, routed)           0.341     0.341    design_1_i/processing_system7_0/inst/FCLK_CLK_unbuffered[0]
    BUFGCTRL_X0Y15       BUFG (Prop_bufg_I_O)         0.029     0.370 r  design_1_i/processing_system7_0/inst/buffer_fclk_clk_0.FCLK_CLK_0_BUFG/O
                         net (fo=7693, routed)        0.822     1.192    design_1_i/axi_dma_0/U0/I_PRMRY_DATAMOVER/GEN_S2MM_FULL.I_S2MM_FULL_WRAPPER/GEN_INCLUDE_IBTTCC.I_S2MM_MSTR_IBTTCC/m_axi_s2mm_aclk
    SLICE_X23Y34         FDRE                                         r  design_1_i/axi_dma_0/U0/I_PRMRY_DATAMOVER/GEN_S2MM_FULL.I_S2MM_FULL_WRAPPER/GEN_INCLUDE_IBTTCC.I_S2MM_MSTR_IBTTCC/sig_input_eof_reg_reg/C
                         clock pessimism             -0.034     1.158    
    SLICE_X23Y34         FDRE (Hold_fdre_C_D)         0.070     1.228    design_1_i/axi_dma_0/U0/I_PRMRY_DATAMOVER/GEN_S2MM_FULL.I_S2MM_FULL_WRAPPER/GEN_INCLUDE_IBTTCC.I_S2MM_MSTR_IBTTCC/sig_input_eof_reg_reg
  -------------------------------------------------------------------
                         required time                         -1.228    
                         arrival time                           1.266    
  -------------------------------------------------------------------
                         slack                                  0.039    

Slack (MET) :             0.040ns  (arrival time - required time)
  Source:                 design_1_i/matrix_mult_0/inst/grp_matrix_mult_Pipeline_VITIS_LOOP_39_5_VITIS_LOOP_40_6_fu_428/mul_32s_32s_32_2_1_U104/buff0_reg[3]__0/C
                            (rising edge-triggered cell FDRE clocked by clk_fpga_0  {rise@0.000ns fall@5.000ns period=10.000ns})
  Destination:            design_1_i/matrix_mult_0/inst/grp_matrix_mult_Pipeline_VITIS_LOOP_39_5_VITIS_LOOP_40_6_fu_428/mul_ln45_21_reg_2287_reg[3]/D
                            (rising edge-triggered cell FDRE clocked by clk_fpga_0  {rise@0.000ns fall@5.000ns period=10.000ns})
  Path Group:             clk_fpga_0
  Path Type:              Hold (Min at Fast Process Corner)
  Requirement:            0.000ns  (clk_fpga_0 rise@0.000ns - clk_fpga_0 rise@0.000ns)
  Data Path Delay:        0.376ns  (logic 0.164ns (43.598%)  route 0.212ns (56.402%))
  Logic Levels:           0  
  Clock Path Skew:        0.264ns (DCD - SCD - CPR)
    Destination Clock Delay (DCD):    1.187ns
    Source Clock Delay      (SCD):    0.889ns
    Clock Pessimism Removal (CPR):    0.034ns

    Location             Delay type                Incr(ns)  Path(ns)    Netlist Resource(s)
  -------------------------------------------------------------------    -------------------
                         (clock clk_fpga_0 rise edge)
                                                      0.000     0.000 r  
    PS7_X0Y0             PS7                          0.000     0.000 r  design_1_i/processing_system7_0/inst/PS7_i/FCLKCLK[0]
                         net (fo=1, routed)           0.315     0.315    design_1_i/processing_system7_0/inst/FCLK_CLK_unbuffered[0]
    BUFGCTRL_X0Y15       BUFG (Prop_bufg_I_O)         0.026     0.341 r  design_1_i/processing_system7_0/inst/buffer_fclk_clk_0.FCLK_CLK_0_BUFG/O
                         net (fo=7693, routed)        0.548     0.889    design_1_i/matrix_mult_0/inst/grp_matrix_mult_Pipeline_VITIS_LOOP_39_5_VITIS_LOOP_40_6_fu_428/mul_32s_32s_32_2_1_U104/ap_clk
    SLICE_X20Y71         FDRE                                         r  design_1_i/matrix_mult_0/inst/grp_matrix_mult_Pipeline_VITIS_LOOP_39_5_VITIS_LOOP_40_6_fu_428/mul_32s_32s_32_2_1_U104/buff0_reg[3]__0/C
  -------------------------------------------------------------------    -------------------
    SLICE_X20Y71         FDRE (Prop_fdre_C_Q)         0.164     1.053 r  design_1_i/matrix_mult_0/inst/grp_matrix_mult_Pipeline_VITIS_LOOP_39_5_VITIS_LOOP_40_6_fu_428/mul_32s_32s_32_2_1_U104/buff0_reg[3]__0/Q
                         net (fo=1, routed)           0.212     1.265    design_1_i/matrix_mult_0/inst/grp_matrix_mult_Pipeline_VITIS_LOOP_39_5_VITIS_LOOP_40_6_fu_428/mul_32s_32s_32_2_1_U104_n_28
    SLICE_X22Y69         FDRE                                         r  design_1_i/matrix_mult_0/inst/grp_matrix_mult_Pipeline_VITIS_LOOP_39_5_VITIS_LOOP_40_6_fu_428/mul_ln45_21_reg_2287_reg[3]/D
  -------------------------------------------------------------------    -------------------

                         (clock clk_fpga_0 rise edge)
                                                      0.000     0.000 r  
    PS7_X0Y0             PS7                          0.000     0.000 r  design_1_i/processing_system7_0/inst/PS7_i/FCLKCLK[0]
                         net (fo=1, routed)           0.341     0.341    design_1_i/processing_system7_0/inst/FCLK_CLK_unbuffered[0]
    BUFGCTRL_X0Y15       BUFG (Prop_bufg_I_O)         0.029     0.370 r  design_1_i/processing_system7_0/inst/buffer_fclk_clk_0.FCLK_CLK_0_BUFG/O
                         net (fo=7693, routed)        0.817     1.187    design_1_i/matrix_mult_0/inst/grp_matrix_mult_Pipeline_VITIS_LOOP_39_5_VITIS_LOOP_40_6_fu_428/ap_clk
    SLICE_X22Y69         FDRE                                         r  design_1_i/matrix_mult_0/inst/grp_matrix_mult_Pipeline_VITIS_LOOP_39_5_VITIS_LOOP_40_6_fu_428/mul_ln45_21_reg_2287_reg[3]/C
                         clock pessimism             -0.034     1.153    
    SLICE_X22Y69         FDRE (Hold_fdre_C_D)         0.072     1.225    design_1_i/matrix_mult_0/inst/grp_matrix_mult_Pipeline_VITIS_LOOP_39_5_VITIS_LOOP_40_6_fu_428/mul_ln45_21_reg_2287_reg[3]
  -------------------------------------------------------------------
                         required time                         -1.225    
                         arrival time                           1.265    
  -------------------------------------------------------------------
                         slack                                  0.040    

Slack (MET) :             0.041ns  (arrival time - required time)
  Source:                 design_1_i/axi_dma_0/U0/I_PRMRY_DATAMOVER/GEN_S2MM_FULL.I_S2MM_FULL_WRAPPER/GEN_ENABLE_INDET_BTT_SF.I_INDET_BTT/ENABLE_AXIS_SKID.I_INDET_BTT_SKID_BUF/sig_data_reg_out_reg[8]/C
                            (rising edge-triggered cell FDRE clocked by clk_fpga_0  {rise@0.000ns fall@5.000ns period=10.000ns})
  Destination:            design_1_i/axi_dma_0/U0/I_PRMRY_DATAMOVER/GEN_S2MM_FULL.I_S2MM_FULL_WRAPPER/I_S2MM_MMAP_SKID_BUF/sig_data_skid_reg_reg[8]/D
                            (rising edge-triggered cell FDRE clocked by clk_fpga_0  {rise@0.000ns fall@5.000ns period=10.000ns})
  Path Group:             clk_fpga_0
  Path Type:              Hold (Min at Fast Process Corner)
  Requirement:            0.000ns  (clk_fpga_0 rise@0.000ns - clk_fpga_0 rise@0.000ns)
  Data Path Delay:        0.379ns  (logic 0.141ns (37.218%)  route 0.238ns (62.782%))
  Logic Levels:           0  
  Clock Path Skew:        0.265ns (DCD - SCD - CPR)
    Destination Clock Delay (DCD):    1.200ns
    Source Clock Delay      (SCD):    0.901ns
    Clock Pessimism Removal (CPR):    0.034ns

    Location             Delay type                Incr(ns)  Path(ns)    Netlist Resource(s)
  -------------------------------------------------------------------    -------------------
                         (clock clk_fpga_0 rise edge)
                                                      0.000     0.000 r  
    PS7_X0Y0             PS7                          0.000     0.000 r  design_1_i/processing_system7_0/inst/PS7_i/FCLKCLK[0]
                         net (fo=1, routed)           0.315     0.315    design_1_i/processing_system7_0/inst/FCLK_CLK_unbuffered[0]
    BUFGCTRL_X0Y15       BUFG (Prop_bufg_I_O)         0.026     0.341 r  design_1_i/processing_system7_0/inst/buffer_fclk_clk_0.FCLK_CLK_0_BUFG/O
                         net (fo=7693, routed)        0.560     0.901    design_1_i/axi_dma_0/U0/I_PRMRY_DATAMOVER/GEN_S2MM_FULL.I_S2MM_FULL_WRAPPER/GEN_ENABLE_INDET_BTT_SF.I_INDET_BTT/ENABLE_AXIS_SKID.I_INDET_BTT_SKID_BUF/m_axi_s2mm_aclk
    SLICE_X25Y4          FDRE                                         r  design_1_i/axi_dma_0/U0/I_PRMRY_DATAMOVER/GEN_S2MM_FULL.I_S2MM_FULL_WRAPPER/GEN_ENABLE_INDET_BTT_SF.I_INDET_BTT/ENABLE_AXIS_SKID.I_INDET_BTT_SKID_BUF/sig_data_reg_out_reg[8]/C
  -------------------------------------------------------------------    -------------------
    SLICE_X25Y4          FDRE (Prop_fdre_C_Q)         0.141     1.042 r  design_1_i/axi_dma_0/U0/I_PRMRY_DATAMOVER/GEN_S2MM_FULL.I_S2MM_FULL_WRAPPER/GEN_ENABLE_INDET_BTT_SF.I_INDET_BTT/ENABLE_AXIS_SKID.I_INDET_BTT_SKID_BUF/sig_data_reg_out_reg[8]/Q
                         net (fo=2, routed)           0.238     1.279    design_1_i/axi_dma_0/U0/I_PRMRY_DATAMOVER/GEN_S2MM_FULL.I_S2MM_FULL_WRAPPER/I_S2MM_MMAP_SKID_BUF/D[8]
    SLICE_X21Y5          FDRE                                         r  design_1_i/axi_dma_0/U0/I_PRMRY_DATAMOVER/GEN_S2MM_FULL.I_S2MM_FULL_WRAPPER/I_S2MM_MMAP_SKID_BUF/sig_data_skid_reg_reg[8]/D
  -------------------------------------------------------------------    -------------------

                         (clock clk_fpga_0 rise edge)
                                                      0.000     0.000 r  
    PS7_X0Y0             PS7                          0.000     0.000 r  design_1_i/processing_system7_0/inst/PS7_i/FCLKCLK[0]
                         net (fo=1, routed)           0.341     0.341    design_1_i/processing_system7_0/inst/FCLK_CLK_unbuffered[0]
    BUFGCTRL_X0Y15       BUFG (Prop_bufg_I_O)         0.029     0.370 r  design_1_i/processing_system7_0/inst/buffer_fclk_clk_0.FCLK_CLK_0_BUFG/O
                         net (fo=7693, routed)        0.830     1.200    design_1_i/axi_dma_0/U0/I_PRMRY_DATAMOVER/GEN_S2MM_FULL.I_S2MM_FULL_WRAPPER/I_S2MM_MMAP_SKID_BUF/m_axi_s2mm_aclk
    SLICE_X21Y5          FDRE                                         r  design_1_i/axi_dma_0/U0/I_PRMRY_DATAMOVER/GEN_S2MM_FULL.I_S2MM_FULL_WRAPPER/I_S2MM_MMAP_SKID_BUF/sig_data_skid_reg_reg[8]/C
                         clock pessimism             -0.034     1.166    
    SLICE_X21Y5          FDRE (Hold_fdre_C_D)         0.072     1.238    design_1_i/axi_dma_0/U0/I_PRMRY_DATAMOVER/GEN_S2MM_FULL.I_S2MM_FULL_WRAPPER/I_S2MM_MMAP_SKID_BUF/sig_data_skid_reg_reg[8]
  -------------------------------------------------------------------
                         required time                         -1.238    
                         arrival time                           1.279    
  -------------------------------------------------------------------
                         slack                                  0.041    

Slack (MET) :             0.042ns  (arrival time - required time)
  Source:                 design_1_i/axi_dma_0/U0/I_PRMRY_DATAMOVER/GEN_S2MM_FULL.I_S2MM_FULL_WRAPPER/GEN_ENABLE_INDET_BTT_SF.I_INDET_BTT/ENABLE_AXIS_SKID.I_INDET_BTT_SKID_BUF/sig_data_reg_out_reg[14]/C
                            (rising edge-triggered cell FDRE clocked by clk_fpga_0  {rise@0.000ns fall@5.000ns period=10.000ns})
  Destination:            design_1_i/axi_dma_0/U0/I_PRMRY_DATAMOVER/GEN_S2MM_FULL.I_S2MM_FULL_WRAPPER/I_S2MM_MMAP_SKID_BUF/sig_data_skid_reg_reg[14]/D
                            (rising edge-triggered cell FDRE clocked by clk_fpga_0  {rise@0.000ns fall@5.000ns period=10.000ns})
  Path Group:             clk_fpga_0
  Path Type:              Hold (Min at Fast Process Corner)
  Requirement:            0.000ns  (clk_fpga_0 rise@0.000ns - clk_fpga_0 rise@0.000ns)
  Data Path Delay:        0.374ns  (logic 0.141ns (37.697%)  route 0.233ns (62.303%))
  Logic Levels:           0  
  Clock Path Skew:        0.266ns (DCD - SCD - CPR)
    Destination Clock Delay (DCD):    1.201ns
    Source Clock Delay      (SCD):    0.901ns
    Clock Pessimism Removal (CPR):    0.034ns

    Location             Delay type                Incr(ns)  Path(ns)    Netlist Resource(s)
  -------------------------------------------------------------------    -------------------
                         (clock clk_fpga_0 rise edge)
                                                      0.000     0.000 r  
    PS7_X0Y0             PS7                          0.000     0.000 r  design_1_i/processing_system7_0/inst/PS7_i/FCLKCLK[0]
                         net (fo=1, routed)           0.315     0.315    design_1_i/processing_system7_0/inst/FCLK_CLK_unbuffered[0]
    BUFGCTRL_X0Y15       BUFG (Prop_bufg_I_O)         0.026     0.341 r  design_1_i/processing_system7_0/inst/buffer_fclk_clk_0.FCLK_CLK_0_BUFG/O
                         net (fo=7693, routed)        0.560     0.901    design_1_i/axi_dma_0/U0/I_PRMRY_DATAMOVER/GEN_S2MM_FULL.I_S2MM_FULL_WRAPPER/GEN_ENABLE_INDET_BTT_SF.I_INDET_BTT/ENABLE_AXIS_SKID.I_INDET_BTT_SKID_BUF/m_axi_s2mm_aclk
    SLICE_X22Y6          FDRE                                         r  design_1_i/axi_dma_0/U0/I_PRMRY_DATAMOVER/GEN_S2MM_FULL.I_S2MM_FULL_WRAPPER/GEN_ENABLE_INDET_BTT_SF.I_INDET_BTT/ENABLE_AXIS_SKID.I_INDET_BTT_SKID_BUF/sig_data_reg_out_reg[14]/C
  -------------------------------------------------------------------    -------------------
    SLICE_X22Y6          FDRE (Prop_fdre_C_Q)         0.141     1.042 r  design_1_i/axi_dma_0/U0/I_PRMRY_DATAMOVER/GEN_S2MM_FULL.I_S2MM_FULL_WRAPPER/GEN_ENABLE_INDET_BTT_SF.I_INDET_BTT/ENABLE_AXIS_SKID.I_INDET_BTT_SKID_BUF/sig_data_reg_out_reg[14]/Q
                         net (fo=2, routed)           0.233     1.275    design_1_i/axi_dma_0/U0/I_PRMRY_DATAMOVER/GEN_S2MM_FULL.I_S2MM_FULL_WRAPPER/I_S2MM_MMAP_SKID_BUF/D[14]
    SLICE_X17Y6          FDRE                                         r  design_1_i/axi_dma_0/U0/I_PRMRY_DATAMOVER/GEN_S2MM_FULL.I_S2MM_FULL_WRAPPER/I_S2MM_MMAP_SKID_BUF/sig_data_skid_reg_reg[14]/D
  -------------------------------------------------------------------    -------------------

                         (clock clk_fpga_0 rise edge)
                                                      0.000     0.000 r  
    PS7_X0Y0             PS7                          0.000     0.000 r  design_1_i/processing_system7_0/inst/PS7_i/FCLKCLK[0]
                         net (fo=1, routed)           0.341     0.341    design_1_i/processing_system7_0/inst/FCLK_CLK_unbuffered[0]
    BUFGCTRL_X0Y15       BUFG (Prop_bufg_I_O)         0.029     0.370 r  design_1_i/processing_system7_0/inst/buffer_fclk_clk_0.FCLK_CLK_0_BUFG/O
                         net (fo=7693, routed)        0.831     1.201    design_1_i/axi_dma_0/U0/I_PRMRY_DATAMOVER/GEN_S2MM_FULL.I_S2MM_FULL_WRAPPER/I_S2MM_MMAP_SKID_BUF/m_axi_s2mm_aclk
    SLICE_X17Y6          FDRE                                         r  design_1_i/axi_dma_0/U0/I_PRMRY_DATAMOVER/GEN_S2MM_FULL.I_S2MM_FULL_WRAPPER/I_S2MM_MMAP_SKID_BUF/sig_data_skid_reg_reg[14]/C
                         clock pessimism             -0.034     1.167    
    SLICE_X17Y6          FDRE (Hold_fdre_C_D)         0.066     1.233    design_1_i/axi_dma_0/U0/I_PRMRY_DATAMOVER/GEN_S2MM_FULL.I_S2MM_FULL_WRAPPER/I_S2MM_MMAP_SKID_BUF/sig_data_skid_reg_reg[14]
  -------------------------------------------------------------------
                         required time                         -1.233    
                         arrival time                           1.275    
  -------------------------------------------------------------------
                         slack                                  0.042    

Slack (MET) :             0.043ns  (arrival time - required time)
  Source:                 design_1_i/axi_smc/inst/switchboards/i_nodes/i_ar_node/inst/inst_mi_handler/gen_normal_area.inst_fifo_node_payld/gen_reg_fifo.inst_reg_fifo/gen_single_rank.data_reg[105]/C
                            (rising edge-triggered cell FDRE clocked by clk_fpga_0  {rise@0.000ns fall@5.000ns period=10.000ns})
  Destination:            design_1_i/axi_dma_0/U0/I_AXI_DMA_REG_MODULE/GEN_AXI_LITE_IF.AXI_LITE_IF_I/araddr_reg[8]/D
                            (rising edge-triggered cell FDRE clocked by clk_fpga_0  {rise@0.000ns fall@5.000ns period=10.000ns})
  Path Group:             clk_fpga_0
  Path Type:              Hold (Min at Fast Process Corner)
  Requirement:            0.000ns  (clk_fpga_0 rise@0.000ns - clk_fpga_0 rise@0.000ns)
  Data Path Delay:        0.363ns  (logic 0.141ns (38.841%)  route 0.222ns (61.159%))
  Logic Levels:           0  
  Clock Path Skew:        0.260ns (DCD - SCD - CPR)
    Destination Clock Delay (DCD):    1.199ns
    Source Clock Delay      (SCD):    0.905ns
    Clock Pessimism Removal (CPR):    0.034ns

    Location             Delay type                Incr(ns)  Path(ns)    Netlist Resource(s)
  -------------------------------------------------------------------    -------------------
                         (clock clk_fpga_0 rise edge)
                                                      0.000     0.000 r  
    PS7_X0Y0             PS7                          0.000     0.000 r  design_1_i/processing_system7_0/inst/PS7_i/FCLKCLK[0]
                         net (fo=1, routed)           0.315     0.315    design_1_i/processing_system7_0/inst/FCLK_CLK_unbuffered[0]
    BUFGCTRL_X0Y15       BUFG (Prop_bufg_I_O)         0.026     0.341 r  design_1_i/processing_system7_0/inst/buffer_fclk_clk_0.FCLK_CLK_0_BUFG/O
                         net (fo=7693, routed)        0.564     0.905    design_1_i/axi_smc/inst/switchboards/i_nodes/i_ar_node/inst/inst_mi_handler/gen_normal_area.inst_fifo_node_payld/gen_reg_fifo.inst_reg_fifo/s_sc_aclk
    SLICE_X19Y47         FDRE                                         r  design_1_i/axi_smc/inst/switchboards/i_nodes/i_ar_node/inst/inst_mi_handler/gen_normal_area.inst_fifo_node_payld/gen_reg_fifo.inst_reg_fifo/gen_single_rank.data_reg[105]/C
  -------------------------------------------------------------------    -------------------
    SLICE_X19Y47         FDRE (Prop_fdre_C_Q)         0.141     1.046 r  design_1_i/axi_smc/inst/switchboards/i_nodes/i_ar_node/inst/inst_mi_handler/gen_normal_area.inst_fifo_node_payld/gen_reg_fifo.inst_reg_fifo/gen_single_rank.data_reg[105]/Q
                         net (fo=1, routed)           0.222     1.268    design_1_i/axi_dma_0/U0/I_AXI_DMA_REG_MODULE/GEN_AXI_LITE_IF.AXI_LITE_IF_I/s_axi_lite_araddr[8]
    SLICE_X24Y47         FDRE                                         r  design_1_i/axi_dma_0/U0/I_AXI_DMA_REG_MODULE/GEN_AXI_LITE_IF.AXI_LITE_IF_I/araddr_reg[8]/D
  -------------------------------------------------------------------    -------------------

                         (clock clk_fpga_0 rise edge)
                                                      0.000     0.000 r  
    PS7_X0Y0             PS7                          0.000     0.000 r  design_1_i/processing_system7_0/inst/PS7_i/FCLKCLK[0]
                         net (fo=1, routed)           0.341     0.341    design_1_i/processing_system7_0/inst/FCLK_CLK_unbuffered[0]
    BUFGCTRL_X0Y15       BUFG (Prop_bufg_I_O)         0.029     0.370 r  design_1_i/processing_system7_0/inst/buffer_fclk_clk_0.FCLK_CLK_0_BUFG/O
                         net (fo=7693, routed)        0.829     1.199    design_1_i/axi_dma_0/U0/I_AXI_DMA_REG_MODULE/GEN_AXI_LITE_IF.AXI_LITE_IF_I/s_axi_lite_aclk
    SLICE_X24Y47         FDRE                                         r  design_1_i/axi_dma_0/U0/I_AXI_DMA_REG_MODULE/GEN_AXI_LITE_IF.AXI_LITE_IF_I/araddr_reg[8]/C
                         clock pessimism             -0.034     1.165    
    SLICE_X24Y47         FDRE (Hold_fdre_C_D)         0.060     1.225    design_1_i/axi_dma_0/U0/I_AXI_DMA_REG_MODULE/GEN_AXI_LITE_IF.AXI_LITE_IF_I/araddr_reg[8]
  -------------------------------------------------------------------
                         required time                         -1.225    
                         arrival time                           1.268    
  -------------------------------------------------------------------
                         slack                                  0.043    

Slack (MET) :             0.043ns  (arrival time - required time)
  Source:                 design_1_i/matrix_mult_0/inst/grp_matrix_mult_Pipeline_VITIS_LOOP_39_5_VITIS_LOOP_40_6_fu_428/mul_32s_32s_32_2_1_U83/buff0_reg[10]__0/C
                            (rising edge-triggered cell FDRE clocked by clk_fpga_0  {rise@0.000ns fall@5.000ns period=10.000ns})
  Destination:            design_1_i/matrix_mult_0/inst/grp_matrix_mult_Pipeline_VITIS_LOOP_39_5_VITIS_LOOP_40_6_fu_428/mul_ln45_4_reg_2177_reg[10]/D
                            (rising edge-triggered cell FDRE clocked by clk_fpga_0  {rise@0.000ns fall@5.000ns period=10.000ns})
  Path Group:             clk_fpga_0
  Path Type:              Hold (Min at Fast Process Corner)
  Requirement:            0.000ns  (clk_fpga_0 rise@0.000ns - clk_fpga_0 rise@0.000ns)
  Data Path Delay:        0.376ns  (logic 0.141ns (37.468%)  route 0.235ns (62.532%))
  Logic Levels:           0  
  Clock Path Skew:        0.261ns (DCD - SCD - CPR)
    Destination Clock Delay (DCD):    1.197ns
    Source Clock Delay      (SCD):    0.902ns
    Clock Pessimism Removal (CPR):    0.034ns

    Location             Delay type                Incr(ns)  Path(ns)    Netlist Resource(s)
  -------------------------------------------------------------------    -------------------
                         (clock clk_fpga_0 rise edge)
                                                      0.000     0.000 r  
    PS7_X0Y0             PS7                          0.000     0.000 r  design_1_i/processing_system7_0/inst/PS7_i/FCLKCLK[0]
                         net (fo=1, routed)           0.315     0.315    design_1_i/processing_system7_0/inst/FCLK_CLK_unbuffered[0]
    BUFGCTRL_X0Y15       BUFG (Prop_bufg_I_O)         0.026     0.341 r  design_1_i/processing_system7_0/inst/buffer_fclk_clk_0.FCLK_CLK_0_BUFG/O
                         net (fo=7693, routed)        0.561     0.902    design_1_i/matrix_mult_0/inst/grp_matrix_mult_Pipeline_VITIS_LOOP_39_5_VITIS_LOOP_40_6_fu_428/mul_32s_32s_32_2_1_U83/ap_clk
    SLICE_X18Y55         FDRE                                         r  design_1_i/matrix_mult_0/inst/grp_matrix_mult_Pipeline_VITIS_LOOP_39_5_VITIS_LOOP_40_6_fu_428/mul_32s_32s_32_2_1_U83/buff0_reg[10]__0/C
  -------------------------------------------------------------------    -------------------
    SLICE_X18Y55         FDRE (Prop_fdre_C_Q)         0.141     1.043 r  design_1_i/matrix_mult_0/inst/grp_matrix_mult_Pipeline_VITIS_LOOP_39_5_VITIS_LOOP_40_6_fu_428/mul_32s_32s_32_2_1_U83/buff0_reg[10]__0/Q
                         net (fo=1, routed)           0.235     1.278    design_1_i/matrix_mult_0/inst/grp_matrix_mult_Pipeline_VITIS_LOOP_39_5_VITIS_LOOP_40_6_fu_428/mul_32s_32s_32_2_1_U83_n_89
    SLICE_X23Y53         FDRE                                         r  design_1_i/matrix_mult_0/inst/grp_matrix_mult_Pipeline_VITIS_LOOP_39_5_VITIS_LOOP_40_6_fu_428/mul_ln45_4_reg_2177_reg[10]/D
  -------------------------------------------------------------------    -------------------

                         (clock clk_fpga_0 rise edge)
                                                      0.000     0.000 r  
    PS7_X0Y0             PS7                          0.000     0.000 r  design_1_i/processing_system7_0/inst/PS7_i/FCLKCLK[0]
                         net (fo=1, routed)           0.341     0.341    design_1_i/processing_system7_0/inst/FCLK_CLK_unbuffered[0]
    BUFGCTRL_X0Y15       BUFG (Prop_bufg_I_O)         0.029     0.370 r  design_1_i/processing_system7_0/inst/buffer_fclk_clk_0.FCLK_CLK_0_BUFG/O
                         net (fo=7693, routed)        0.827     1.197    design_1_i/matrix_mult_0/inst/grp_matrix_mult_Pipeline_VITIS_LOOP_39_5_VITIS_LOOP_40_6_fu_428/ap_clk
    SLICE_X23Y53         FDRE                                         r  design_1_i/matrix_mult_0/inst/grp_matrix_mult_Pipeline_VITIS_LOOP_39_5_VITIS_LOOP_40_6_fu_428/mul_ln45_4_reg_2177_reg[10]/C
                         clock pessimism             -0.034     1.163    
    SLICE_X23Y53         FDRE (Hold_fdre_C_D)         0.072     1.235    design_1_i/matrix_mult_0/inst/grp_matrix_mult_Pipeline_VITIS_LOOP_39_5_VITIS_LOOP_40_6_fu_428/mul_ln45_4_reg_2177_reg[10]
  -------------------------------------------------------------------
                         required time                         -1.235    
                         arrival time                           1.278    
  -------------------------------------------------------------------
                         slack                                  0.043    





Pulse Width Checks
--------------------------------------------------------------------------------------
Clock Name:         clk_fpga_0
Waveform(ns):       { 0.000 5.000 }
Period(ns):         10.000
Sources:            { design_1_i/processing_system7_0/inst/PS7_i/FCLKCLK[0] }

Check Type        Corner  Lib Pin      Reference Pin  Required(ns)  Actual(ns)  Slack(ns)  Location      Pin
Min Period        n/a     DSP48E1/CLK  n/a            3.884         10.000      6.116      DSP48_X1Y33   design_1_i/matrix_mult_0/inst/grp_matrix_mult_Pipeline_VITIS_LOOP_39_5_VITIS_LOOP_40_6_fu_428/mul_32s_32s_32_2_1_U100/buff0_reg/CLK
Min Period        n/a     DSP48E1/CLK  n/a            3.884         10.000      6.116      DSP48_X1Y31   design_1_i/matrix_mult_0/inst/grp_matrix_mult_Pipeline_VITIS_LOOP_39_5_VITIS_LOOP_40_6_fu_428/mul_32s_32s_32_2_1_U100/tmp_product/CLK
Min Period        n/a     DSP48E1/CLK  n/a            3.884         10.000      6.116      DSP48_X0Y39   design_1_i/matrix_mult_0/inst/grp_matrix_mult_Pipeline_VITIS_LOOP_39_5_VITIS_LOOP_40_6_fu_428/mul_32s_32s_32_2_1_U101/buff0_reg/CLK
Min Period        n/a     DSP48E1/CLK  n/a            3.884         10.000      6.116      DSP48_X1Y38   design_1_i/matrix_mult_0/inst/grp_matrix_mult_Pipeline_VITIS_LOOP_39_5_VITIS_LOOP_40_6_fu_428/mul_32s_32s_32_2_1_U101/tmp_product/CLK
Min Period        n/a     DSP48E1/CLK  n/a            3.884         10.000      6.116      DSP48_X0Y37   design_1_i/matrix_mult_0/inst/grp_matrix_mult_Pipeline_VITIS_LOOP_39_5_VITIS_LOOP_40_6_fu_428/mul_32s_32s_32_2_1_U102/buff0_reg/CLK
Min Period        n/a     DSP48E1/CLK  n/a            3.884         10.000      6.116      DSP48_X1Y37   design_1_i/matrix_mult_0/inst/grp_matrix_mult_Pipeline_VITIS_LOOP_39_5_VITIS_LOOP_40_6_fu_428/mul_32s_32s_32_2_1_U102/tmp_product/CLK
Min Period        n/a     DSP48E1/CLK  n/a            3.884         10.000      6.116      DSP48_X0Y27   design_1_i/matrix_mult_0/inst/grp_matrix_mult_Pipeline_VITIS_LOOP_39_5_VITIS_LOOP_40_6_fu_428/mul_32s_32s_32_2_1_U103/buff0_reg/CLK
Min Period        n/a     DSP48E1/CLK  n/a            3.884         10.000      6.116      DSP48_X0Y25   design_1_i/matrix_mult_0/inst/grp_matrix_mult_Pipeline_VITIS_LOOP_39_5_VITIS_LOOP_40_6_fu_428/mul_32s_32s_32_2_1_U103/tmp_product/CLK
Min Period        n/a     DSP48E1/CLK  n/a            3.884         10.000      6.116      DSP48_X0Y31   design_1_i/matrix_mult_0/inst/grp_matrix_mult_Pipeline_VITIS_LOOP_39_5_VITIS_LOOP_40_6_fu_428/mul_32s_32s_32_2_1_U104/buff0_reg/CLK
Min Period        n/a     DSP48E1/CLK  n/a            3.884         10.000      6.116      DSP48_X1Y30   design_1_i/matrix_mult_0/inst/grp_matrix_mult_Pipeline_VITIS_LOOP_39_5_VITIS_LOOP_40_6_fu_428/mul_32s_32s_32_2_1_U104/tmp_product/CLK
Low Pulse Width   Slow    RAMD32/CLK   n/a            1.250         5.000       3.750      SLICE_X20Y24  design_1_i/axi_dma_0/U0/I_PRMRY_DATAMOVER/GEN_S2MM_FULL.I_S2MM_FULL_WRAPPER/GEN_ENABLE_INDET_BTT_SF.I_INDET_BTT/I_XD_FIFO/NON_BLK_MEM.I_SYNC_FIFOGEN_FIFO/xpm_fifo_base_inst/gen_sdpram.xpm_memory_base_inst/gen_wr_a.gen_word_narrow.mem_reg_0_15_0_5/RAMA/CLK
Low Pulse Width   Fast    RAMD32/CLK   n/a            1.250         5.000       3.750      SLICE_X20Y24  design_1_i/axi_dma_0/U0/I_PRMRY_DATAMOVER/GEN_S2MM_FULL.I_S2MM_FULL_WRAPPER/GEN_ENABLE_INDET_BTT_SF.I_INDET_BTT/I_XD_FIFO/NON_BLK_MEM.I_SYNC_FIFOGEN_FIFO/xpm_fifo_base_inst/gen_sdpram.xpm_memory_base_inst/gen_wr_a.gen_word_narrow.mem_reg_0_15_0_5/RAMA/CLK
Low Pulse Width   Slow    RAMD32/CLK   n/a            1.250         5.000       3.750      SLICE_X20Y24  design_1_i/axi_dma_0/U0/I_PRMRY_DATAMOVER/GEN_S2MM_FULL.I_S2MM_FULL_WRAPPER/GEN_ENABLE_INDET_BTT_SF.I_INDET_BTT/I_XD_FIFO/NON_BLK_MEM.I_SYNC_FIFOGEN_FIFO/xpm_fifo_base_inst/gen_sdpram.xpm_memory_base_inst/gen_wr_a.gen_word_narrow.mem_reg_0_15_0_5/RAMA_D1/CLK
Low Pulse Width   Fast    RAMD32/CLK   n/a            1.250         5.000       3.750      SLICE_X20Y24  design_1_i/axi_dma_0/U0/I_PRMRY_DATAMOVER/GEN_S2MM_FULL.I_S2MM_FULL_WRAPPER/GEN_ENABLE_INDET_BTT_SF.I_INDET_BTT/I_XD_FIFO/NON_BLK_MEM.I_SYNC_FIFOGEN_FIFO/xpm_fifo_base_inst/gen_sdpram.xpm_memory_base_inst/gen_wr_a.gen_word_narrow.mem_reg_0_15_0_5/RAMA_D1/CLK
Low Pulse Width   Slow    RAMD32/CLK   n/a            1.250         5.000       3.750      SLICE_X20Y24  design_1_i/axi_dma_0/U0/I_PRMRY_DATAMOVER/GEN_S2MM_FULL.I_S2MM_FULL_WRAPPER/GEN_ENABLE_INDET_BTT_SF.I_INDET_BTT/I_XD_FIFO/NON_BLK_MEM.I_SYNC_FIFOGEN_FIFO/xpm_fifo_base_inst/gen_sdpram.xpm_memory_base_inst/gen_wr_a.gen_word_narrow.mem_reg_0_15_0_5/RAMB/CLK
Low Pulse Width   Fast    RAMD32/CLK   n/a            1.250         5.000       3.750      SLICE_X20Y24  design_1_i/axi_dma_0/U0/I_PRMRY_DATAMOVER/GEN_S2MM_FULL.I_S2MM_FULL_WRAPPER/GEN_ENABLE_INDET_BTT_SF.I_INDET_BTT/I_XD_FIFO/NON_BLK_MEM.I_SYNC_FIFOGEN_FIFO/xpm_fifo_base_inst/gen_sdpram.xpm_memory_base_inst/gen_wr_a.gen_word_narrow.mem_reg_0_15_0_5/RAMB/CLK
Low Pulse Width   Slow    RAMD32/CLK   n/a            1.250         5.000       3.750      SLICE_X20Y24  design_1_i/axi_dma_0/U0/I_PRMRY_DATAMOVER/GEN_S2MM_FULL.I_S2MM_FULL_WRAPPER/GEN_ENABLE_INDET_BTT_SF.I_INDET_BTT/I_XD_FIFO/NON_BLK_MEM.I_SYNC_FIFOGEN_FIFO/xpm_fifo_base_inst/gen_sdpram.xpm_memory_base_inst/gen_wr_a.gen_word_narrow.mem_reg_0_15_0_5/RAMB_D1/CLK
Low Pulse Width   Fast    RAMD32/CLK   n/a            1.250         5.000       3.750      SLICE_X20Y24  design_1_i/axi_dma_0/U0/I_PRMRY_DATAMOVER/GEN_S2MM_FULL.I_S2MM_FULL_WRAPPER/GEN_ENABLE_INDET_BTT_SF.I_INDET_BTT/I_XD_FIFO/NON_BLK_MEM.I_SYNC_FIFOGEN_FIFO/xpm_fifo_base_inst/gen_sdpram.xpm_memory_base_inst/gen_wr_a.gen_word_narrow.mem_reg_0_15_0_5/RAMB_D1/CLK
Low Pulse Width   Slow    RAMD32/CLK   n/a            1.250         5.000       3.750      SLICE_X20Y24  design_1_i/axi_dma_0/U0/I_PRMRY_DATAMOVER/GEN_S2MM_FULL.I_S2MM_FULL_WRAPPER/GEN_ENABLE_INDET_BTT_SF.I_INDET_BTT/I_XD_FIFO/NON_BLK_MEM.I_SYNC_FIFOGEN_FIFO/xpm_fifo_base_inst/gen_sdpram.xpm_memory_base_inst/gen_wr_a.gen_word_narrow.mem_reg_0_15_0_5/RAMC/CLK
Low Pulse Width   Fast    RAMD32/CLK   n/a            1.250         5.000       3.750      SLICE_X20Y24  design_1_i/axi_dma_0/U0/I_PRMRY_DATAMOVER/GEN_S2MM_FULL.I_S2MM_FULL_WRAPPER/GEN_ENABLE_INDET_BTT_SF.I_INDET_BTT/I_XD_FIFO/NON_BLK_MEM.I_SYNC_FIFOGEN_FIFO/xpm_fifo_base_inst/gen_sdpram.xpm_memory_base_inst/gen_wr_a.gen_word_narrow.mem_reg_0_15_0_5/RAMC/CLK
High Pulse Width  Slow    RAMD32/CLK   n/a            1.250         5.000       3.750      SLICE_X20Y24  design_1_i/axi_dma_0/U0/I_PRMRY_DATAMOVER/GEN_S2MM_FULL.I_S2MM_FULL_WRAPPER/GEN_ENABLE_INDET_BTT_SF.I_INDET_BTT/I_XD_FIFO/NON_BLK_MEM.I_SYNC_FIFOGEN_FIFO/xpm_fifo_base_inst/gen_sdpram.xpm_memory_base_inst/gen_wr_a.gen_word_narrow.mem_reg_0_15_0_5/RAMA/CLK
High Pulse Width  Fast    RAMD32/CLK   n/a            1.250         5.000       3.750      SLICE_X20Y24  design_1_i/axi_dma_0/U0/I_PRMRY_DATAMOVER/GEN_S2MM_FULL.I_S2MM_FULL_WRAPPER/GEN_ENABLE_INDET_BTT_SF.I_INDET_BTT/I_XD_FIFO/NON_BLK_MEM.I_SYNC_FIFOGEN_FIFO/xpm_fifo_base_inst/gen_sdpram.xpm_memory_base_inst/gen_wr_a.gen_word_narrow.mem_reg_0_15_0_5/RAMA/CLK
High Pulse Width  Slow    RAMD32/CLK   n/a            1.250         5.000       3.750      SLICE_X20Y24  design_1_i/axi_dma_0/U0/I_PRMRY_DATAMOVER/GEN_S2MM_FULL.I_S2MM_FULL_WRAPPER/GEN_ENABLE_INDET_BTT_SF.I_INDET_BTT/I_XD_FIFO/NON_BLK_MEM.I_SYNC_FIFOGEN_FIFO/xpm_fifo_base_inst/gen_sdpram.xpm_memory_base_inst/gen_wr_a.gen_word_narrow.mem_reg_0_15_0_5/RAMA_D1/CLK
High Pulse Width  Fast    RAMD32/CLK   n/a            1.250         5.000       3.750      SLICE_X20Y24  design_1_i/axi_dma_0/U0/I_PRMRY_DATAMOVER/GEN_S2MM_FULL.I_S2MM_FULL_WRAPPER/GEN_ENABLE_INDET_BTT_SF.I_INDET_BTT/I_XD_FIFO/NON_BLK_MEM.I_SYNC_FIFOGEN_FIFO/xpm_fifo_base_inst/gen_sdpram.xpm_memory_base_inst/gen_wr_a.gen_word_narrow.mem_reg_0_15_0_5/RAMA_D1/CLK
High Pulse Width  Slow    RAMD32/CLK   n/a            1.250         5.000       3.750      SLICE_X20Y24  design_1_i/axi_dma_0/U0/I_PRMRY_DATAMOVER/GEN_S2MM_FULL.I_S2MM_FULL_WRAPPER/GEN_ENABLE_INDET_BTT_SF.I_INDET_BTT/I_XD_FIFO/NON_BLK_MEM.I_SYNC_FIFOGEN_FIFO/xpm_fifo_base_inst/gen_sdpram.xpm_memory_base_inst/gen_wr_a.gen_word_narrow.mem_reg_0_15_0_5/RAMB/CLK
High Pulse Width  Fast    RAMD32/CLK   n/a            1.250         5.000       3.750      SLICE_X20Y24  design_1_i/axi_dma_0/U0/I_PRMRY_DATAMOVER/GEN_S2MM_FULL.I_S2MM_FULL_WRAPPER/GEN_ENABLE_INDET_BTT_SF.I_INDET_BTT/I_XD_FIFO/NON_BLK_MEM.I_SYNC_FIFOGEN_FIFO/xpm_fifo_base_inst/gen_sdpram.xpm_memory_base_inst/gen_wr_a.gen_word_narrow.mem_reg_0_15_0_5/RAMB/CLK
High Pulse Width  Slow    RAMD32/CLK   n/a            1.250         5.000       3.750      SLICE_X20Y24  design_1_i/axi_dma_0/U0/I_PRMRY_DATAMOVER/GEN_S2MM_FULL.I_S2MM_FULL_WRAPPER/GEN_ENABLE_INDET_BTT_SF.I_INDET_BTT/I_XD_FIFO/NON_BLK_MEM.I_SYNC_FIFOGEN_FIFO/xpm_fifo_base_inst/gen_sdpram.xpm_memory_base_inst/gen_wr_a.gen_word_narrow.mem_reg_0_15_0_5/RAMB_D1/CLK
High Pulse Width  Fast    RAMD32/CLK   n/a            1.250         5.000       3.750      SLICE_X20Y24  design_1_i/axi_dma_0/U0/I_PRMRY_DATAMOVER/GEN_S2MM_FULL.I_S2MM_FULL_WRAPPER/GEN_ENABLE_INDET_BTT_SF.I_INDET_BTT/I_XD_FIFO/NON_BLK_MEM.I_SYNC_FIFOGEN_FIFO/xpm_fifo_base_inst/gen_sdpram.xpm_memory_base_inst/gen_wr_a.gen_word_narrow.mem_reg_0_15_0_5/RAMB_D1/CLK
High Pulse Width  Slow    RAMD32/CLK   n/a            1.250         5.000       3.750      SLICE_X20Y24  design_1_i/axi_dma_0/U0/I_PRMRY_DATAMOVER/GEN_S2MM_FULL.I_S2MM_FULL_WRAPPER/GEN_ENABLE_INDET_BTT_SF.I_INDET_BTT/I_XD_FIFO/NON_BLK_MEM.I_SYNC_FIFOGEN_FIFO/xpm_fifo_base_inst/gen_sdpram.xpm_memory_base_inst/gen_wr_a.gen_word_narrow.mem_reg_0_15_0_5/RAMC/CLK
High Pulse Width  Fast    RAMD32/CLK   n/a            1.250         5.000       3.750      SLICE_X20Y24  design_1_i/axi_dma_0/U0/I_PRMRY_DATAMOVER/GEN_S2MM_FULL.I_S2MM_FULL_WRAPPER/GEN_ENABLE_INDET_BTT_SF.I_INDET_BTT/I_XD_FIFO/NON_BLK_MEM.I_SYNC_FIFOGEN_FIFO/xpm_fifo_base_inst/gen_sdpram.xpm_memory_base_inst/gen_wr_a.gen_word_narrow.mem_reg_0_15_0_5/RAMC/CLK



--------------------------------------------------------------------------------------
Path Group:  (none)
From Clock:  
  To Clock:  clk_fpga_0

Max Delay             1 Endpoint
Min Delay             1 Endpoint
--------------------------------------------------------------------------------------


Max Delay Paths
--------------------------------------------------------------------------------------
Slack:                    inf
  Source:                 design_1_i/processing_system7_0/inst/PS7_i/FCLKRESETN[0]
                            (internal pin)
  Destination:            design_1_i/rst_ps7_0_50M/U0/EXT_LPF/ACTIVE_LOW_EXT.ACT_LO_EXT/syncstages_ff_reg[0]/D
                            (rising edge-triggered cell FDRE clocked by clk_fpga_0  {rise@0.000ns fall@5.000ns period=10.000ns})
  Path Group:             (none)
  Path Type:              Setup (Max at Slow Process Corner)
  Data Path Delay:        2.547ns  (logic 0.124ns (4.869%)  route 2.423ns (95.132%))
  Logic Levels:           1  (LUT1=1)
  Clock Uncertainty:      0.152ns  ((TSJ^2 + TIJ^2)^1/2 + DJ) / 2 + PE
    Total System Jitter     (TSJ):    0.050ns
    Total Input Jitter      (TIJ):    0.300ns
    Discrete Jitter          (DJ):    0.000ns
    Phase Error              (PE):    0.000ns
  Timing Exception:       False Path

    Location             Delay type                Incr(ns)  Path(ns)    Netlist Resource(s)
  -------------------------------------------------------------------    -------------------
    PS7_X0Y0             PS7                          0.000     0.000 f  design_1_i/processing_system7_0/inst/PS7_i/FCLKRESETN[0]
                         net (fo=1, routed)           2.423     2.423    design_1_i/rst_ps7_0_50M/U0/EXT_LPF/ext_reset_in
    SLICE_X41Y42         LUT1 (Prop_lut1_I0_O)        0.124     2.547 r  design_1_i/rst_ps7_0_50M/U0/EXT_LPF/ACTIVE_LOW_EXT.ACT_LO_EXT_i_1/O
                         net (fo=1, routed)           0.000     2.547    design_1_i/rst_ps7_0_50M/U0/EXT_LPF/ACTIVE_LOW_EXT.ACT_LO_EXT/src_in
    SLICE_X41Y42         FDRE                                         r  design_1_i/rst_ps7_0_50M/U0/EXT_LPF/ACTIVE_LOW_EXT.ACT_LO_EXT/syncstages_ff_reg[0]/D
  -------------------------------------------------------------------    -------------------

                         (clock clk_fpga_0 rise edge)
                                                      0.000     0.000 r  
    PS7_X0Y0             PS7                          0.000     0.000 r  design_1_i/processing_system7_0/inst/PS7_i/FCLKCLK[0]
                         net (fo=1, routed)           1.101     1.101    design_1_i/processing_system7_0/inst/FCLK_CLK_unbuffered[0]
    BUFGCTRL_X0Y15       BUFG (Prop_bufg_I_O)         0.091     1.192 r  design_1_i/processing_system7_0/inst/buffer_fclk_clk_0.FCLK_CLK_0_BUFG/O
                         net (fo=7693, routed)        1.575     2.767    design_1_i/rst_ps7_0_50M/U0/EXT_LPF/ACTIVE_LOW_EXT.ACT_LO_EXT/dest_clk
    SLICE_X41Y42         FDRE                                         r  design_1_i/rst_ps7_0_50M/U0/EXT_LPF/ACTIVE_LOW_EXT.ACT_LO_EXT/syncstages_ff_reg[0]/C





Min Delay Paths
--------------------------------------------------------------------------------------
Slack:                    inf
  Source:                 design_1_i/processing_system7_0/inst/PS7_i/FCLKRESETN[0]
                            (internal pin)
  Destination:            design_1_i/rst_ps7_0_50M/U0/EXT_LPF/ACTIVE_LOW_EXT.ACT_LO_EXT/syncstages_ff_reg[0]/D
                            (rising edge-triggered cell FDRE clocked by clk_fpga_0  {rise@0.000ns fall@5.000ns period=10.000ns})
  Path Group:             (none)
  Path Type:              Hold (Min at Fast Process Corner)
  Data Path Delay:        1.094ns  (logic 0.045ns (4.113%)  route 1.049ns (95.887%))
  Logic Levels:           1  (LUT1=1)
  Clock Uncertainty:      0.152ns  ((TSJ^2 + TIJ^2)^1/2 + DJ) / 2 + PE
    Total System Jitter     (TSJ):    0.050ns
    Total Input Jitter      (TIJ):    0.300ns
    Discrete Jitter          (DJ):    0.000ns
    Phase Error              (PE):    0.000ns
  Timing Exception:       False Path

    Location             Delay type                Incr(ns)  Path(ns)    Netlist Resource(s)
  -------------------------------------------------------------------    -------------------
    PS7_X0Y0             PS7                          0.000     0.000 f  design_1_i/processing_system7_0/inst/PS7_i/FCLKRESETN[0]
                         net (fo=1, routed)           1.049     1.049    design_1_i/rst_ps7_0_50M/U0/EXT_LPF/ext_reset_in
    SLICE_X41Y42         LUT1 (Prop_lut1_I0_O)        0.045     1.094 r  design_1_i/rst_ps7_0_50M/U0/EXT_LPF/ACTIVE_LOW_EXT.ACT_LO_EXT_i_1/O
                         net (fo=1, routed)           0.000     1.094    design_1_i/rst_ps7_0_50M/U0/EXT_LPF/ACTIVE_LOW_EXT.ACT_LO_EXT/src_in
    SLICE_X41Y42         FDRE                                         r  design_1_i/rst_ps7_0_50M/U0/EXT_LPF/ACTIVE_LOW_EXT.ACT_LO_EXT/syncstages_ff_reg[0]/D
  -------------------------------------------------------------------    -------------------

                         (clock clk_fpga_0 rise edge)
                                                      0.000     0.000 r  
    PS7_X0Y0             PS7                          0.000     0.000 r  design_1_i/processing_system7_0/inst/PS7_i/FCLKCLK[0]
                         net (fo=1, routed)           0.341     0.341    design_1_i/processing_system7_0/inst/FCLK_CLK_unbuffered[0]
    BUFGCTRL_X0Y15       BUFG (Prop_bufg_I_O)         0.029     0.370 r  design_1_i/processing_system7_0/inst/buffer_fclk_clk_0.FCLK_CLK_0_BUFG/O
                         net (fo=7693, routed)        0.860     1.230    design_1_i/rst_ps7_0_50M/U0/EXT_LPF/ACTIVE_LOW_EXT.ACT_LO_EXT/dest_clk
    SLICE_X41Y42         FDRE                                         r  design_1_i/rst_ps7_0_50M/U0/EXT_LPF/ACTIVE_LOW_EXT.ACT_LO_EXT/syncstages_ff_reg[0]/C





--------------------------------------------------------------------------------------
Path Group:  (none)
From Clock:  clk_fpga_0
  To Clock:  clk_fpga_0

Max Delay           111 Endpoints
Min Delay           111 Endpoints
--------------------------------------------------------------------------------------


Max Delay Paths
--------------------------------------------------------------------------------------
Slack:                    inf
  Source:                 design_1_i/rst_ps7_0_50M/U0/ACTIVE_LOW_PR_OUT_DFF[0].FDRE_PER_N/C
                            (rising edge-triggered cell FDRE clocked by clk_fpga_0  {rise@0.000ns fall@5.000ns period=10.000ns})
  Destination:            design_1_i/axi_smc/inst/clk_map/psr_aclk/U0/EXT_LPF/ACTIVE_LOW_AUX.ACT_LO_AUX/syncstages_ff_reg[0]/D
                            (rising edge-triggered cell FDRE clocked by clk_fpga_0  {rise@0.000ns fall@5.000ns period=10.000ns})
  Path Group:             (none)
  Path Type:              Setup (Max at Slow Process Corner)
  Data Path Delay:        3.002ns  (logic 0.642ns (21.386%)  route 2.360ns (78.614%))
  Logic Levels:           1  (LUT1=1)
  Clock Path Skew:        -0.371ns (DCD - SCD + CPR)
    Destination Clock Delay (DCD):    2.677ns
    Source Clock Delay      (SCD):    3.048ns
    Clock Pessimism Removal (CPR):    0.000ns
  Clock Uncertainty:      0.154ns  ((TSJ^2 + TIJ^2)^1/2 + DJ) / 2 + PE
    Total System Jitter     (TSJ):    0.071ns
    Total Input Jitter      (TIJ):    0.300ns
    Discrete Jitter          (DJ):    0.000ns
    Phase Error              (PE):    0.000ns
  Timing Exception:       False Path

    Location             Delay type                Incr(ns)  Path(ns)    Netlist Resource(s)
  -------------------------------------------------------------------    -------------------
                         (clock clk_fpga_0 rise edge)
                                                      0.000     0.000 r  
    PS7_X0Y0             PS7                          0.000     0.000 r  design_1_i/processing_system7_0/inst/PS7_i/FCLKCLK[0]
                         net (fo=1, routed)           1.207     1.207    design_1_i/processing_system7_0/inst/FCLK_CLK_unbuffered[0]
    BUFGCTRL_X0Y15       BUFG (Prop_bufg_I_O)         0.101     1.308 r  design_1_i/processing_system7_0/inst/buffer_fclk_clk_0.FCLK_CLK_0_BUFG/O
                         net (fo=7693, routed)        1.740     3.048    design_1_i/rst_ps7_0_50M/U0/slowest_sync_clk
    SLICE_X38Y58         FDRE                                         r  design_1_i/rst_ps7_0_50M/U0/ACTIVE_LOW_PR_OUT_DFF[0].FDRE_PER_N/C
  -------------------------------------------------------------------    -------------------
    SLICE_X38Y58         FDRE (Prop_fdre_C_Q)         0.518     3.566 f  design_1_i/rst_ps7_0_50M/U0/ACTIVE_LOW_PR_OUT_DFF[0].FDRE_PER_N/Q
                         net (fo=12, routed)          2.360     5.926    design_1_i/axi_smc/inst/clk_map/psr_aclk/U0/EXT_LPF/aresetn
    SLICE_X23Y53         LUT1 (Prop_lut1_I0_O)        0.124     6.050 r  design_1_i/axi_smc/inst/clk_map/psr_aclk/U0/EXT_LPF/ACTIVE_LOW_AUX.ACT_LO_AUX_i_1/O
                         net (fo=1, routed)           0.000     6.050    design_1_i/axi_smc/inst/clk_map/psr_aclk/U0/EXT_LPF/ACTIVE_LOW_AUX.ACT_LO_AUX/src_in
    SLICE_X23Y53         FDRE                                         r  design_1_i/axi_smc/inst/clk_map/psr_aclk/U0/EXT_LPF/ACTIVE_LOW_AUX.ACT_LO_AUX/syncstages_ff_reg[0]/D
  -------------------------------------------------------------------    -------------------

                         (clock clk_fpga_0 rise edge)
                                                      0.000     0.000 r  
    PS7_X0Y0             PS7                          0.000     0.000 r  design_1_i/processing_system7_0/inst/PS7_i/FCLKCLK[0]
                         net (fo=1, routed)           1.101     1.101    design_1_i/processing_system7_0/inst/FCLK_CLK_unbuffered[0]
    BUFGCTRL_X0Y15       BUFG (Prop_bufg_I_O)         0.091     1.192 r  design_1_i/processing_system7_0/inst/buffer_fclk_clk_0.FCLK_CLK_0_BUFG/O
                         net (fo=7693, routed)        1.485     2.677    design_1_i/axi_smc/inst/clk_map/psr_aclk/U0/EXT_LPF/ACTIVE_LOW_AUX.ACT_LO_AUX/dest_clk
    SLICE_X23Y53         FDRE                                         r  design_1_i/axi_smc/inst/clk_map/psr_aclk/U0/EXT_LPF/ACTIVE_LOW_AUX.ACT_LO_AUX/syncstages_ff_reg[0]/C

Slack:                    inf
  Source:                 design_1_i/rst_ps7_0_50M/U0/ACTIVE_LOW_PR_OUT_DFF[0].FDRE_PER_N/C
                            (rising edge-triggered cell FDRE clocked by clk_fpga_0  {rise@0.000ns fall@5.000ns period=10.000ns})
  Destination:            design_1_i/axi_dma_0/U0/I_RST_MODULE/REG_HRD_RST/syncstages_ff_reg[0]/D
                            (rising edge-triggered cell FDRE clocked by clk_fpga_0  {rise@0.000ns fall@5.000ns period=10.000ns})
  Path Group:             (none)
  Path Type:              Setup (Max at Slow Process Corner)
  Data Path Delay:        2.934ns  (logic 0.518ns (17.654%)  route 2.416ns (82.346%))
  Logic Levels:           0  
  Clock Path Skew:        -0.358ns (DCD - SCD + CPR)
    Destination Clock Delay (DCD):    2.690ns
    Source Clock Delay      (SCD):    3.048ns
    Clock Pessimism Removal (CPR):    0.000ns
  Clock Uncertainty:      0.154ns  ((TSJ^2 + TIJ^2)^1/2 + DJ) / 2 + PE
    Total System Jitter     (TSJ):    0.071ns
    Total Input Jitter      (TIJ):    0.300ns
    Discrete Jitter          (DJ):    0.000ns
    Phase Error              (PE):    0.000ns
  Timing Exception:       False Path

    Location             Delay type                Incr(ns)  Path(ns)    Netlist Resource(s)
  -------------------------------------------------------------------    -------------------
                         (clock clk_fpga_0 rise edge)
                                                      0.000     0.000 r  
    PS7_X0Y0             PS7                          0.000     0.000 r  design_1_i/processing_system7_0/inst/PS7_i/FCLKCLK[0]
                         net (fo=1, routed)           1.207     1.207    design_1_i/processing_system7_0/inst/FCLK_CLK_unbuffered[0]
    BUFGCTRL_X0Y15       BUFG (Prop_bufg_I_O)         0.101     1.308 r  design_1_i/processing_system7_0/inst/buffer_fclk_clk_0.FCLK_CLK_0_BUFG/O
                         net (fo=7693, routed)        1.740     3.048    design_1_i/rst_ps7_0_50M/U0/slowest_sync_clk
    SLICE_X38Y58         FDRE                                         r  design_1_i/rst_ps7_0_50M/U0/ACTIVE_LOW_PR_OUT_DFF[0].FDRE_PER_N/C
  -------------------------------------------------------------------    -------------------
    SLICE_X38Y58         FDRE (Prop_fdre_C_Q)         0.518     3.566 r  design_1_i/rst_ps7_0_50M/U0/ACTIVE_LOW_PR_OUT_DFF[0].FDRE_PER_N/Q
                         net (fo=12, routed)          2.416     5.982    design_1_i/axi_dma_0/U0/I_RST_MODULE/REG_HRD_RST/src_rst
    SLICE_X27Y41         FDRE                                         r  design_1_i/axi_dma_0/U0/I_RST_MODULE/REG_HRD_RST/syncstages_ff_reg[0]/D
  -------------------------------------------------------------------    -------------------

                         (clock clk_fpga_0 rise edge)
                                                      0.000     0.000 r  
    PS7_X0Y0             PS7                          0.000     0.000 r  design_1_i/processing_system7_0/inst/PS7_i/FCLKCLK[0]
                         net (fo=1, routed)           1.101     1.101    design_1_i/processing_system7_0/inst/FCLK_CLK_unbuffered[0]
    BUFGCTRL_X0Y15       BUFG (Prop_bufg_I_O)         0.091     1.192 r  design_1_i/processing_system7_0/inst/buffer_fclk_clk_0.FCLK_CLK_0_BUFG/O
                         net (fo=7693, routed)        1.498     2.690    design_1_i/axi_dma_0/U0/I_RST_MODULE/REG_HRD_RST/dest_clk
    SLICE_X27Y41         FDRE                                         r  design_1_i/axi_dma_0/U0/I_RST_MODULE/REG_HRD_RST/syncstages_ff_reg[0]/C

Slack:                    inf
  Source:                 design_1_i/axi_smc/inst/clk_map/psr_aclk/U0/ACTIVE_LOW_BSR_OUT_DFF[0].FDRE_BSR_N/C
                            (rising edge-triggered cell FDRE clocked by clk_fpga_0  {rise@0.000ns fall@5.000ns period=10.000ns})
  Destination:            design_1_i/axi_smc/inst/s00_nodes/s00_ar_node/inst/s_sc_xpm_cdc_async_rst_inst/arststages_ff_reg[0]/CLR
                            (recovery check against rising-edge clock clk_fpga_0  {rise@0.000ns fall@5.000ns period=10.000ns})
  Path Group:             (none)
  Path Type:              Recovery (Max at Slow Process Corner)
  Data Path Delay:        2.919ns  (logic 0.580ns (19.869%)  route 2.339ns (80.131%))
  Logic Levels:           1  (LUT1=1)
  Clock Path Skew:        -0.278ns (DCD - SCD + CPR)
    Destination Clock Delay (DCD):    2.688ns
    Source Clock Delay      (SCD):    2.966ns
    Clock Pessimism Removal (CPR):    0.000ns
  Clock Uncertainty:      0.154ns  ((TSJ^2 + TIJ^2)^1/2 + DJ) / 2 + PE
    Total System Jitter     (TSJ):    0.071ns
    Total Input Jitter      (TIJ):    0.300ns
    Discrete Jitter          (DJ):    0.000ns
    Phase Error              (PE):    0.000ns
  Timing Exception:       False Path

    Location             Delay type                Incr(ns)  Path(ns)    Netlist Resource(s)
  -------------------------------------------------------------------    -------------------
                         (clock clk_fpga_0 rise edge)
                                                      0.000     0.000 r  
    PS7_X0Y0             PS7                          0.000     0.000 r  design_1_i/processing_system7_0/inst/PS7_i/FCLKCLK[0]
                         net (fo=1, routed)           1.207     1.207    design_1_i/processing_system7_0/inst/FCLK_CLK_unbuffered[0]
    BUFGCTRL_X0Y15       BUFG (Prop_bufg_I_O)         0.101     1.308 r  design_1_i/processing_system7_0/inst/buffer_fclk_clk_0.FCLK_CLK_0_BUFG/O
                         net (fo=7693, routed)        1.658     2.966    design_1_i/axi_smc/inst/clk_map/psr_aclk/U0/aclk
    SLICE_X25Y56         FDRE                                         r  design_1_i/axi_smc/inst/clk_map/psr_aclk/U0/ACTIVE_LOW_BSR_OUT_DFF[0].FDRE_BSR_N/C
  -------------------------------------------------------------------    -------------------
    SLICE_X25Y56         FDRE (Prop_fdre_C_Q)         0.456     3.422 r  design_1_i/axi_smc/inst/clk_map/psr_aclk/U0/ACTIVE_LOW_BSR_OUT_DFF[0].FDRE_BSR_N/Q
                         net (fo=25, routed)          1.254     4.676    design_1_i/axi_smc/inst/s00_nodes/s00_ar_node/inst/s_sc_xpm_cdc_async_rst_inst/src_arst
    SLICE_X24Y50         LUT1 (Prop_lut1_I0_O)        0.124     4.800 f  design_1_i/axi_smc/inst/s00_nodes/s00_ar_node/inst/s_sc_xpm_cdc_async_rst_inst/arststages_ff[2]_i_1/O
                         net (fo=3, routed)           1.085     5.885    design_1_i/axi_smc/inst/s00_nodes/s00_ar_node/inst/s_sc_xpm_cdc_async_rst_inst/reset_pol
    SLICE_X24Y49         FDCE                                         f  design_1_i/axi_smc/inst/s00_nodes/s00_ar_node/inst/s_sc_xpm_cdc_async_rst_inst/arststages_ff_reg[0]/CLR
  -------------------------------------------------------------------    -------------------

                         (clock clk_fpga_0 rise edge)
                                                      0.000     0.000 r  
    PS7_X0Y0             PS7                          0.000     0.000 r  design_1_i/processing_system7_0/inst/PS7_i/FCLKCLK[0]
                         net (fo=1, routed)           1.101     1.101    design_1_i/processing_system7_0/inst/FCLK_CLK_unbuffered[0]
    BUFGCTRL_X0Y15       BUFG (Prop_bufg_I_O)         0.091     1.192 r  design_1_i/processing_system7_0/inst/buffer_fclk_clk_0.FCLK_CLK_0_BUFG/O
                         net (fo=7693, routed)        1.496     2.688    design_1_i/axi_smc/inst/s00_nodes/s00_ar_node/inst/s_sc_xpm_cdc_async_rst_inst/dest_clk
    SLICE_X24Y49         FDCE                                         r  design_1_i/axi_smc/inst/s00_nodes/s00_ar_node/inst/s_sc_xpm_cdc_async_rst_inst/arststages_ff_reg[0]/C

Slack:                    inf
  Source:                 design_1_i/axi_smc/inst/clk_map/psr_aclk/U0/ACTIVE_LOW_BSR_OUT_DFF[0].FDRE_BSR_N/C
                            (rising edge-triggered cell FDRE clocked by clk_fpga_0  {rise@0.000ns fall@5.000ns period=10.000ns})
  Destination:            design_1_i/axi_smc/inst/s00_nodes/s00_ar_node/inst/s_sc_xpm_cdc_async_rst_inst/arststages_ff_reg[1]/CLR
                            (recovery check against rising-edge clock clk_fpga_0  {rise@0.000ns fall@5.000ns period=10.000ns})
  Path Group:             (none)
  Path Type:              Recovery (Max at Slow Process Corner)
  Data Path Delay:        2.919ns  (logic 0.580ns (19.869%)  route 2.339ns (80.131%))
  Logic Levels:           1  (LUT1=1)
  Clock Path Skew:        -0.278ns (DCD - SCD + CPR)
    Destination Clock Delay (DCD):    2.688ns
    Source Clock Delay      (SCD):    2.966ns
    Clock Pessimism Removal (CPR):    0.000ns
  Clock Uncertainty:      0.154ns  ((TSJ^2 + TIJ^2)^1/2 + DJ) / 2 + PE
    Total System Jitter     (TSJ):    0.071ns
    Total Input Jitter      (TIJ):    0.300ns
    Discrete Jitter          (DJ):    0.000ns
    Phase Error              (PE):    0.000ns
  Timing Exception:       False Path

    Location             Delay type                Incr(ns)  Path(ns)    Netlist Resource(s)
  -------------------------------------------------------------------    -------------------
                         (clock clk_fpga_0 rise edge)
                                                      0.000     0.000 r  
    PS7_X0Y0             PS7                          0.000     0.000 r  design_1_i/processing_system7_0/inst/PS7_i/FCLKCLK[0]
                         net (fo=1, routed)           1.207     1.207    design_1_i/processing_system7_0/inst/FCLK_CLK_unbuffered[0]
    BUFGCTRL_X0Y15       BUFG (Prop_bufg_I_O)         0.101     1.308 r  design_1_i/processing_system7_0/inst/buffer_fclk_clk_0.FCLK_CLK_0_BUFG/O
                         net (fo=7693, routed)        1.658     2.966    design_1_i/axi_smc/inst/clk_map/psr_aclk/U0/aclk
    SLICE_X25Y56         FDRE                                         r  design_1_i/axi_smc/inst/clk_map/psr_aclk/U0/ACTIVE_LOW_BSR_OUT_DFF[0].FDRE_BSR_N/C
  -------------------------------------------------------------------    -------------------
    SLICE_X25Y56         FDRE (Prop_fdre_C_Q)         0.456     3.422 r  design_1_i/axi_smc/inst/clk_map/psr_aclk/U0/ACTIVE_LOW_BSR_OUT_DFF[0].FDRE_BSR_N/Q
                         net (fo=25, routed)          1.254     4.676    design_1_i/axi_smc/inst/s00_nodes/s00_ar_node/inst/s_sc_xpm_cdc_async_rst_inst/src_arst
    SLICE_X24Y50         LUT1 (Prop_lut1_I0_O)        0.124     4.800 f  design_1_i/axi_smc/inst/s00_nodes/s00_ar_node/inst/s_sc_xpm_cdc_async_rst_inst/arststages_ff[2]_i_1/O
                         net (fo=3, routed)           1.085     5.885    design_1_i/axi_smc/inst/s00_nodes/s00_ar_node/inst/s_sc_xpm_cdc_async_rst_inst/reset_pol
    SLICE_X24Y49         FDCE                                         f  design_1_i/axi_smc/inst/s00_nodes/s00_ar_node/inst/s_sc_xpm_cdc_async_rst_inst/arststages_ff_reg[1]/CLR
  -------------------------------------------------------------------    -------------------

                         (clock clk_fpga_0 rise edge)
                                                      0.000     0.000 r  
    PS7_X0Y0             PS7                          0.000     0.000 r  design_1_i/processing_system7_0/inst/PS7_i/FCLKCLK[0]
                         net (fo=1, routed)           1.101     1.101    design_1_i/processing_system7_0/inst/FCLK_CLK_unbuffered[0]
    BUFGCTRL_X0Y15       BUFG (Prop_bufg_I_O)         0.091     1.192 r  design_1_i/processing_system7_0/inst/buffer_fclk_clk_0.FCLK_CLK_0_BUFG/O
                         net (fo=7693, routed)        1.496     2.688    design_1_i/axi_smc/inst/s00_nodes/s00_ar_node/inst/s_sc_xpm_cdc_async_rst_inst/dest_clk
    SLICE_X24Y49         FDCE                                         r  design_1_i/axi_smc/inst/s00_nodes/s00_ar_node/inst/s_sc_xpm_cdc_async_rst_inst/arststages_ff_reg[1]/C

Slack:                    inf
  Source:                 design_1_i/axi_smc/inst/clk_map/psr_aclk/U0/ACTIVE_LOW_BSR_OUT_DFF[0].FDRE_BSR_N/C
                            (rising edge-triggered cell FDRE clocked by clk_fpga_0  {rise@0.000ns fall@5.000ns period=10.000ns})
  Destination:            design_1_i/axi_smc/inst/s00_nodes/s00_ar_node/inst/s_sc_xpm_cdc_async_rst_inst/arststages_ff_reg[2]/CLR
                            (recovery check against rising-edge clock clk_fpga_0  {rise@0.000ns fall@5.000ns period=10.000ns})
  Path Group:             (none)
  Path Type:              Recovery (Max at Slow Process Corner)
  Data Path Delay:        2.919ns  (logic 0.580ns (19.869%)  route 2.339ns (80.131%))
  Logic Levels:           1  (LUT1=1)
  Clock Path Skew:        -0.278ns (DCD - SCD + CPR)
    Destination Clock Delay (DCD):    2.688ns
    Source Clock Delay      (SCD):    2.966ns
    Clock Pessimism Removal (CPR):    0.000ns
  Clock Uncertainty:      0.154ns  ((TSJ^2 + TIJ^2)^1/2 + DJ) / 2 + PE
    Total System Jitter     (TSJ):    0.071ns
    Total Input Jitter      (TIJ):    0.300ns
    Discrete Jitter          (DJ):    0.000ns
    Phase Error              (PE):    0.000ns
  Timing Exception:       False Path

    Location             Delay type                Incr(ns)  Path(ns)    Netlist Resource(s)
  -------------------------------------------------------------------    -------------------
                         (clock clk_fpga_0 rise edge)
                                                      0.000     0.000 r  
    PS7_X0Y0             PS7                          0.000     0.000 r  design_1_i/processing_system7_0/inst/PS7_i/FCLKCLK[0]
                         net (fo=1, routed)           1.207     1.207    design_1_i/processing_system7_0/inst/FCLK_CLK_unbuffered[0]
    BUFGCTRL_X0Y15       BUFG (Prop_bufg_I_O)         0.101     1.308 r  design_1_i/processing_system7_0/inst/buffer_fclk_clk_0.FCLK_CLK_0_BUFG/O
                         net (fo=7693, routed)        1.658     2.966    design_1_i/axi_smc/inst/clk_map/psr_aclk/U0/aclk
    SLICE_X25Y56         FDRE                                         r  design_1_i/axi_smc/inst/clk_map/psr_aclk/U0/ACTIVE_LOW_BSR_OUT_DFF[0].FDRE_BSR_N/C
  -------------------------------------------------------------------    -------------------
    SLICE_X25Y56         FDRE (Prop_fdre_C_Q)         0.456     3.422 r  design_1_i/axi_smc/inst/clk_map/psr_aclk/U0/ACTIVE_LOW_BSR_OUT_DFF[0].FDRE_BSR_N/Q
                         net (fo=25, routed)          1.254     4.676    design_1_i/axi_smc/inst/s00_nodes/s00_ar_node/inst/s_sc_xpm_cdc_async_rst_inst/src_arst
    SLICE_X24Y50         LUT1 (Prop_lut1_I0_O)        0.124     4.800 f  design_1_i/axi_smc/inst/s00_nodes/s00_ar_node/inst/s_sc_xpm_cdc_async_rst_inst/arststages_ff[2]_i_1/O
                         net (fo=3, routed)           1.085     5.885    design_1_i/axi_smc/inst/s00_nodes/s00_ar_node/inst/s_sc_xpm_cdc_async_rst_inst/reset_pol
    SLICE_X24Y49         FDCE                                         f  design_1_i/axi_smc/inst/s00_nodes/s00_ar_node/inst/s_sc_xpm_cdc_async_rst_inst/arststages_ff_reg[2]/CLR
  -------------------------------------------------------------------    -------------------

                         (clock clk_fpga_0 rise edge)
                                                      0.000     0.000 r  
    PS7_X0Y0             PS7                          0.000     0.000 r  design_1_i/processing_system7_0/inst/PS7_i/FCLKCLK[0]
                         net (fo=1, routed)           1.101     1.101    design_1_i/processing_system7_0/inst/FCLK_CLK_unbuffered[0]
    BUFGCTRL_X0Y15       BUFG (Prop_bufg_I_O)         0.091     1.192 r  design_1_i/processing_system7_0/inst/buffer_fclk_clk_0.FCLK_CLK_0_BUFG/O
                         net (fo=7693, routed)        1.496     2.688    design_1_i/axi_smc/inst/s00_nodes/s00_ar_node/inst/s_sc_xpm_cdc_async_rst_inst/dest_clk
    SLICE_X24Y49         FDCE                                         r  design_1_i/axi_smc/inst/s00_nodes/s00_ar_node/inst/s_sc_xpm_cdc_async_rst_inst/arststages_ff_reg[2]/C

Slack:                    inf
  Source:                 design_1_i/axi_smc/inst/clk_map/psr_aclk/U0/ACTIVE_LOW_BSR_OUT_DFF[0].FDRE_BSR_N/C
                            (rising edge-triggered cell FDRE clocked by clk_fpga_0  {rise@0.000ns fall@5.000ns period=10.000ns})
  Destination:            design_1_i/axi_smc/inst/switchboards/i_nodes/i_w_node/inst/s_sc_xpm_cdc_async_rst_inst/arststages_ff_reg[0]/CLR
                            (recovery check against rising-edge clock clk_fpga_0  {rise@0.000ns fall@5.000ns period=10.000ns})
  Path Group:             (none)
  Path Type:              Recovery (Max at Slow Process Corner)
  Data Path Delay:        2.821ns  (logic 0.580ns (20.560%)  route 2.241ns (79.440%))
  Logic Levels:           1  (LUT1=1)
  Clock Path Skew:        -0.284ns (DCD - SCD + CPR)
    Destination Clock Delay (DCD):    2.682ns
    Source Clock Delay      (SCD):    2.966ns
    Clock Pessimism Removal (CPR):    0.000ns
  Clock Uncertainty:      0.154ns  ((TSJ^2 + TIJ^2)^1/2 + DJ) / 2 + PE
    Total System Jitter     (TSJ):    0.071ns
    Total Input Jitter      (TIJ):    0.300ns
    Discrete Jitter          (DJ):    0.000ns
    Phase Error              (PE):    0.000ns
  Timing Exception:       False Path

    Location             Delay type                Incr(ns)  Path(ns)    Netlist Resource(s)
  -------------------------------------------------------------------    -------------------
                         (clock clk_fpga_0 rise edge)
                                                      0.000     0.000 r  
    PS7_X0Y0             PS7                          0.000     0.000 r  design_1_i/processing_system7_0/inst/PS7_i/FCLKCLK[0]
                         net (fo=1, routed)           1.207     1.207    design_1_i/processing_system7_0/inst/FCLK_CLK_unbuffered[0]
    BUFGCTRL_X0Y15       BUFG (Prop_bufg_I_O)         0.101     1.308 r  design_1_i/processing_system7_0/inst/buffer_fclk_clk_0.FCLK_CLK_0_BUFG/O
                         net (fo=7693, routed)        1.658     2.966    design_1_i/axi_smc/inst/clk_map/psr_aclk/U0/aclk
    SLICE_X25Y56         FDRE                                         r  design_1_i/axi_smc/inst/clk_map/psr_aclk/U0/ACTIVE_LOW_BSR_OUT_DFF[0].FDRE_BSR_N/C
  -------------------------------------------------------------------    -------------------
    SLICE_X25Y56         FDRE (Prop_fdre_C_Q)         0.456     3.422 r  design_1_i/axi_smc/inst/clk_map/psr_aclk/U0/ACTIVE_LOW_BSR_OUT_DFF[0].FDRE_BSR_N/Q
                         net (fo=25, routed)          1.597     5.019    design_1_i/axi_smc/inst/switchboards/i_nodes/i_w_node/inst/s_sc_xpm_cdc_async_rst_inst/src_arst
    SLICE_X16Y55         LUT1 (Prop_lut1_I0_O)        0.124     5.143 f  design_1_i/axi_smc/inst/switchboards/i_nodes/i_w_node/inst/s_sc_xpm_cdc_async_rst_inst/arststages_ff[2]_i_1/O
                         net (fo=3, routed)           0.644     5.787    design_1_i/axi_smc/inst/switchboards/i_nodes/i_w_node/inst/s_sc_xpm_cdc_async_rst_inst/reset_pol
    SLICE_X16Y55         FDCE                                         f  design_1_i/axi_smc/inst/switchboards/i_nodes/i_w_node/inst/s_sc_xpm_cdc_async_rst_inst/arststages_ff_reg[0]/CLR
  -------------------------------------------------------------------    -------------------

                         (clock clk_fpga_0 rise edge)
                                                      0.000     0.000 r  
    PS7_X0Y0             PS7                          0.000     0.000 r  design_1_i/processing_system7_0/inst/PS7_i/FCLKCLK[0]
                         net (fo=1, routed)           1.101     1.101    design_1_i/processing_system7_0/inst/FCLK_CLK_unbuffered[0]
    BUFGCTRL_X0Y15       BUFG (Prop_bufg_I_O)         0.091     1.192 r  design_1_i/processing_system7_0/inst/buffer_fclk_clk_0.FCLK_CLK_0_BUFG/O
                         net (fo=7693, routed)        1.490     2.682    design_1_i/axi_smc/inst/switchboards/i_nodes/i_w_node/inst/s_sc_xpm_cdc_async_rst_inst/dest_clk
    SLICE_X16Y55         FDCE                                         r  design_1_i/axi_smc/inst/switchboards/i_nodes/i_w_node/inst/s_sc_xpm_cdc_async_rst_inst/arststages_ff_reg[0]/C

Slack:                    inf
  Source:                 design_1_i/axi_smc/inst/clk_map/psr_aclk/U0/ACTIVE_LOW_BSR_OUT_DFF[0].FDRE_BSR_N/C
                            (rising edge-triggered cell FDRE clocked by clk_fpga_0  {rise@0.000ns fall@5.000ns period=10.000ns})
  Destination:            design_1_i/axi_smc/inst/switchboards/i_nodes/i_w_node/inst/s_sc_xpm_cdc_async_rst_inst/arststages_ff_reg[1]/CLR
                            (recovery check against rising-edge clock clk_fpga_0  {rise@0.000ns fall@5.000ns period=10.000ns})
  Path Group:             (none)
  Path Type:              Recovery (Max at Slow Process Corner)
  Data Path Delay:        2.821ns  (logic 0.580ns (20.560%)  route 2.241ns (79.440%))
  Logic Levels:           1  (LUT1=1)
  Clock Path Skew:        -0.284ns (DCD - SCD + CPR)
    Destination Clock Delay (DCD):    2.682ns
    Source Clock Delay      (SCD):    2.966ns
    Clock Pessimism Removal (CPR):    0.000ns
  Clock Uncertainty:      0.154ns  ((TSJ^2 + TIJ^2)^1/2 + DJ) / 2 + PE
    Total System Jitter     (TSJ):    0.071ns
    Total Input Jitter      (TIJ):    0.300ns
    Discrete Jitter          (DJ):    0.000ns
    Phase Error              (PE):    0.000ns
  Timing Exception:       False Path

    Location             Delay type                Incr(ns)  Path(ns)    Netlist Resource(s)
  -------------------------------------------------------------------    -------------------
                         (clock clk_fpga_0 rise edge)
                                                      0.000     0.000 r  
    PS7_X0Y0             PS7                          0.000     0.000 r  design_1_i/processing_system7_0/inst/PS7_i/FCLKCLK[0]
                         net (fo=1, routed)           1.207     1.207    design_1_i/processing_system7_0/inst/FCLK_CLK_unbuffered[0]
    BUFGCTRL_X0Y15       BUFG (Prop_bufg_I_O)         0.101     1.308 r  design_1_i/processing_system7_0/inst/buffer_fclk_clk_0.FCLK_CLK_0_BUFG/O
                         net (fo=7693, routed)        1.658     2.966    design_1_i/axi_smc/inst/clk_map/psr_aclk/U0/aclk
    SLICE_X25Y56         FDRE                                         r  design_1_i/axi_smc/inst/clk_map/psr_aclk/U0/ACTIVE_LOW_BSR_OUT_DFF[0].FDRE_BSR_N/C
  -------------------------------------------------------------------    -------------------
    SLICE_X25Y56         FDRE (Prop_fdre_C_Q)         0.456     3.422 r  design_1_i/axi_smc/inst/clk_map/psr_aclk/U0/ACTIVE_LOW_BSR_OUT_DFF[0].FDRE_BSR_N/Q
                         net (fo=25, routed)          1.597     5.019    design_1_i/axi_smc/inst/switchboards/i_nodes/i_w_node/inst/s_sc_xpm_cdc_async_rst_inst/src_arst
    SLICE_X16Y55         LUT1 (Prop_lut1_I0_O)        0.124     5.143 f  design_1_i/axi_smc/inst/switchboards/i_nodes/i_w_node/inst/s_sc_xpm_cdc_async_rst_inst/arststages_ff[2]_i_1/O
                         net (fo=3, routed)           0.644     5.787    design_1_i/axi_smc/inst/switchboards/i_nodes/i_w_node/inst/s_sc_xpm_cdc_async_rst_inst/reset_pol
    SLICE_X16Y55         FDCE                                         f  design_1_i/axi_smc/inst/switchboards/i_nodes/i_w_node/inst/s_sc_xpm_cdc_async_rst_inst/arststages_ff_reg[1]/CLR
  -------------------------------------------------------------------    -------------------

                         (clock clk_fpga_0 rise edge)
                                                      0.000     0.000 r  
    PS7_X0Y0             PS7                          0.000     0.000 r  design_1_i/processing_system7_0/inst/PS7_i/FCLKCLK[0]
                         net (fo=1, routed)           1.101     1.101    design_1_i/processing_system7_0/inst/FCLK_CLK_unbuffered[0]
    BUFGCTRL_X0Y15       BUFG (Prop_bufg_I_O)         0.091     1.192 r  design_1_i/processing_system7_0/inst/buffer_fclk_clk_0.FCLK_CLK_0_BUFG/O
                         net (fo=7693, routed)        1.490     2.682    design_1_i/axi_smc/inst/switchboards/i_nodes/i_w_node/inst/s_sc_xpm_cdc_async_rst_inst/dest_clk
    SLICE_X16Y55         FDCE                                         r  design_1_i/axi_smc/inst/switchboards/i_nodes/i_w_node/inst/s_sc_xpm_cdc_async_rst_inst/arststages_ff_reg[1]/C

Slack:                    inf
  Source:                 design_1_i/axi_smc/inst/clk_map/psr_aclk/U0/ACTIVE_LOW_BSR_OUT_DFF[0].FDRE_BSR_N/C
                            (rising edge-triggered cell FDRE clocked by clk_fpga_0  {rise@0.000ns fall@5.000ns period=10.000ns})
  Destination:            design_1_i/axi_smc/inst/switchboards/i_nodes/i_w_node/inst/s_sc_xpm_cdc_async_rst_inst/arststages_ff_reg[2]/CLR
                            (recovery check against rising-edge clock clk_fpga_0  {rise@0.000ns fall@5.000ns period=10.000ns})
  Path Group:             (none)
  Path Type:              Recovery (Max at Slow Process Corner)
  Data Path Delay:        2.821ns  (logic 0.580ns (20.560%)  route 2.241ns (79.440%))
  Logic Levels:           1  (LUT1=1)
  Clock Path Skew:        -0.284ns (DCD - SCD + CPR)
    Destination Clock Delay (DCD):    2.682ns
    Source Clock Delay      (SCD):    2.966ns
    Clock Pessimism Removal (CPR):    0.000ns
  Clock Uncertainty:      0.154ns  ((TSJ^2 + TIJ^2)^1/2 + DJ) / 2 + PE
    Total System Jitter     (TSJ):    0.071ns
    Total Input Jitter      (TIJ):    0.300ns
    Discrete Jitter          (DJ):    0.000ns
    Phase Error              (PE):    0.000ns
  Timing Exception:       False Path

    Location             Delay type                Incr(ns)  Path(ns)    Netlist Resource(s)
  -------------------------------------------------------------------    -------------------
                         (clock clk_fpga_0 rise edge)
                                                      0.000     0.000 r  
    PS7_X0Y0             PS7                          0.000     0.000 r  design_1_i/processing_system7_0/inst/PS7_i/FCLKCLK[0]
                         net (fo=1, routed)           1.207     1.207    design_1_i/processing_system7_0/inst/FCLK_CLK_unbuffered[0]
    BUFGCTRL_X0Y15       BUFG (Prop_bufg_I_O)         0.101     1.308 r  design_1_i/processing_system7_0/inst/buffer_fclk_clk_0.FCLK_CLK_0_BUFG/O
                         net (fo=7693, routed)        1.658     2.966    design_1_i/axi_smc/inst/clk_map/psr_aclk/U0/aclk
    SLICE_X25Y56         FDRE                                         r  design_1_i/axi_smc/inst/clk_map/psr_aclk/U0/ACTIVE_LOW_BSR_OUT_DFF[0].FDRE_BSR_N/C
  -------------------------------------------------------------------    -------------------
    SLICE_X25Y56         FDRE (Prop_fdre_C_Q)         0.456     3.422 r  design_1_i/axi_smc/inst/clk_map/psr_aclk/U0/ACTIVE_LOW_BSR_OUT_DFF[0].FDRE_BSR_N/Q
                         net (fo=25, routed)          1.597     5.019    design_1_i/axi_smc/inst/switchboards/i_nodes/i_w_node/inst/s_sc_xpm_cdc_async_rst_inst/src_arst
    SLICE_X16Y55         LUT1 (Prop_lut1_I0_O)        0.124     5.143 f  design_1_i/axi_smc/inst/switchboards/i_nodes/i_w_node/inst/s_sc_xpm_cdc_async_rst_inst/arststages_ff[2]_i_1/O
                         net (fo=3, routed)           0.644     5.787    design_1_i/axi_smc/inst/switchboards/i_nodes/i_w_node/inst/s_sc_xpm_cdc_async_rst_inst/reset_pol
    SLICE_X16Y55         FDCE                                         f  design_1_i/axi_smc/inst/switchboards/i_nodes/i_w_node/inst/s_sc_xpm_cdc_async_rst_inst/arststages_ff_reg[2]/CLR
  -------------------------------------------------------------------    -------------------

                         (clock clk_fpga_0 rise edge)
                                                      0.000     0.000 r  
    PS7_X0Y0             PS7                          0.000     0.000 r  design_1_i/processing_system7_0/inst/PS7_i/FCLKCLK[0]
                         net (fo=1, routed)           1.101     1.101    design_1_i/processing_system7_0/inst/FCLK_CLK_unbuffered[0]
    BUFGCTRL_X0Y15       BUFG (Prop_bufg_I_O)         0.091     1.192 r  design_1_i/processing_system7_0/inst/buffer_fclk_clk_0.FCLK_CLK_0_BUFG/O
                         net (fo=7693, routed)        1.490     2.682    design_1_i/axi_smc/inst/switchboards/i_nodes/i_w_node/inst/s_sc_xpm_cdc_async_rst_inst/dest_clk
    SLICE_X16Y55         FDCE                                         r  design_1_i/axi_smc/inst/switchboards/i_nodes/i_w_node/inst/s_sc_xpm_cdc_async_rst_inst/arststages_ff_reg[2]/C

Slack:                    inf
  Source:                 design_1_i/rst_ps7_0_50M/U0/ACTIVE_LOW_PR_OUT_DFF[0].FDRE_PER_N/C
                            (rising edge-triggered cell FDRE clocked by clk_fpga_0  {rise@0.000ns fall@5.000ns period=10.000ns})
  Destination:            design_1_i/axi_dma_0/U0/I_RST_MODULE/REG_HRD_RST_OUT/syncstages_ff_reg[0]/D
                            (rising edge-triggered cell FDRE clocked by clk_fpga_0  {rise@0.000ns fall@5.000ns period=10.000ns})
  Path Group:             (none)
  Path Type:              Setup (Max at Slow Process Corner)
  Data Path Delay:        2.736ns  (logic 0.518ns (18.935%)  route 2.218ns (81.065%))
  Logic Levels:           0  
  Clock Path Skew:        -0.370ns (DCD - SCD + CPR)
    Destination Clock Delay (DCD):    2.678ns
    Source Clock Delay      (SCD):    3.048ns
    Clock Pessimism Removal (CPR):    0.000ns
  Clock Uncertainty:      0.154ns  ((TSJ^2 + TIJ^2)^1/2 + DJ) / 2 + PE
    Total System Jitter     (TSJ):    0.071ns
    Total Input Jitter      (TIJ):    0.300ns
    Discrete Jitter          (DJ):    0.000ns
    Phase Error              (PE):    0.000ns
  Timing Exception:       False Path

    Location             Delay type                Incr(ns)  Path(ns)    Netlist Resource(s)
  -------------------------------------------------------------------    -------------------
                         (clock clk_fpga_0 rise edge)
                                                      0.000     0.000 r  
    PS7_X0Y0             PS7                          0.000     0.000 r  design_1_i/processing_system7_0/inst/PS7_i/FCLKCLK[0]
                         net (fo=1, routed)           1.207     1.207    design_1_i/processing_system7_0/inst/FCLK_CLK_unbuffered[0]
    BUFGCTRL_X0Y15       BUFG (Prop_bufg_I_O)         0.101     1.308 r  design_1_i/processing_system7_0/inst/buffer_fclk_clk_0.FCLK_CLK_0_BUFG/O
                         net (fo=7693, routed)        1.740     3.048    design_1_i/rst_ps7_0_50M/U0/slowest_sync_clk
    SLICE_X38Y58         FDRE                                         r  design_1_i/rst_ps7_0_50M/U0/ACTIVE_LOW_PR_OUT_DFF[0].FDRE_PER_N/C
  -------------------------------------------------------------------    -------------------
    SLICE_X38Y58         FDRE (Prop_fdre_C_Q)         0.518     3.566 r  design_1_i/rst_ps7_0_50M/U0/ACTIVE_LOW_PR_OUT_DFF[0].FDRE_PER_N/Q
                         net (fo=12, routed)          2.218     5.784    design_1_i/axi_dma_0/U0/I_RST_MODULE/REG_HRD_RST_OUT/src_rst
    SLICE_X23Y51         FDRE                                         r  design_1_i/axi_dma_0/U0/I_RST_MODULE/REG_HRD_RST_OUT/syncstages_ff_reg[0]/D
  -------------------------------------------------------------------    -------------------

                         (clock clk_fpga_0 rise edge)
                                                      0.000     0.000 r  
    PS7_X0Y0             PS7                          0.000     0.000 r  design_1_i/processing_system7_0/inst/PS7_i/FCLKCLK[0]
                         net (fo=1, routed)           1.101     1.101    design_1_i/processing_system7_0/inst/FCLK_CLK_unbuffered[0]
    BUFGCTRL_X0Y15       BUFG (Prop_bufg_I_O)         0.091     1.192 r  design_1_i/processing_system7_0/inst/buffer_fclk_clk_0.FCLK_CLK_0_BUFG/O
                         net (fo=7693, routed)        1.486     2.678    design_1_i/axi_dma_0/U0/I_RST_MODULE/REG_HRD_RST_OUT/dest_clk
    SLICE_X23Y51         FDRE                                         r  design_1_i/axi_dma_0/U0/I_RST_MODULE/REG_HRD_RST_OUT/syncstages_ff_reg[0]/C

Slack:                    inf
  Source:                 design_1_i/axi_smc/inst/clk_map/psr_aclk/U0/ACTIVE_LOW_BSR_OUT_DFF[0].FDRE_BSR_N/C
                            (rising edge-triggered cell FDRE clocked by clk_fpga_0  {rise@0.000ns fall@5.000ns period=10.000ns})
  Destination:            design_1_i/axi_smc/inst/m01_exit_pipeline/m01_exit/inst/xpm_cdc_async_rst_inst/arststages_ff_reg[0]/CLR
                            (recovery check against rising-edge clock clk_fpga_0  {rise@0.000ns fall@5.000ns period=10.000ns})
  Path Group:             (none)
  Path Type:              Recovery (Max at Slow Process Corner)
  Data Path Delay:        2.788ns  (logic 0.609ns (21.847%)  route 2.179ns (78.153%))
  Logic Levels:           1  (LUT1=1)
  Clock Path Skew:        -0.288ns (DCD - SCD + CPR)
    Destination Clock Delay (DCD):    2.678ns
    Source Clock Delay      (SCD):    2.966ns
    Clock Pessimism Removal (CPR):    0.000ns
  Clock Uncertainty:      0.154ns  ((TSJ^2 + TIJ^2)^1/2 + DJ) / 2 + PE
    Total System Jitter     (TSJ):    0.071ns
    Total Input Jitter      (TIJ):    0.300ns
    Discrete Jitter          (DJ):    0.000ns
    Phase Error              (PE):    0.000ns
  Timing Exception:       False Path

    Location             Delay type                Incr(ns)  Path(ns)    Netlist Resource(s)
  -------------------------------------------------------------------    -------------------
                         (clock clk_fpga_0 rise edge)
                                                      0.000     0.000 r  
    PS7_X0Y0             PS7                          0.000     0.000 r  design_1_i/processing_system7_0/inst/PS7_i/FCLKCLK[0]
                         net (fo=1, routed)           1.207     1.207    design_1_i/processing_system7_0/inst/FCLK_CLK_unbuffered[0]
    BUFGCTRL_X0Y15       BUFG (Prop_bufg_I_O)         0.101     1.308 r  design_1_i/processing_system7_0/inst/buffer_fclk_clk_0.FCLK_CLK_0_BUFG/O
                         net (fo=7693, routed)        1.658     2.966    design_1_i/axi_smc/inst/clk_map/psr_aclk/U0/aclk
    SLICE_X25Y56         FDRE                                         r  design_1_i/axi_smc/inst/clk_map/psr_aclk/U0/ACTIVE_LOW_BSR_OUT_DFF[0].FDRE_BSR_N/C
  -------------------------------------------------------------------    -------------------
    SLICE_X25Y56         FDRE (Prop_fdre_C_Q)         0.456     3.422 r  design_1_i/axi_smc/inst/clk_map/psr_aclk/U0/ACTIVE_LOW_BSR_OUT_DFF[0].FDRE_BSR_N/Q
                         net (fo=25, routed)          1.240     4.662    design_1_i/axi_smc/inst/m01_exit_pipeline/m01_exit/inst/xpm_cdc_async_rst_inst/src_arst
    SLICE_X24Y50         LUT1 (Prop_lut1_I0_O)        0.153     4.815 f  design_1_i/axi_smc/inst/m01_exit_pipeline/m01_exit/inst/xpm_cdc_async_rst_inst/arststages_ff[2]_i_1/O
                         net (fo=3, routed)           0.939     5.754    design_1_i/axi_smc/inst/m01_exit_pipeline/m01_exit/inst/xpm_cdc_async_rst_inst/reset_pol
    SLICE_X24Y52         FDCE                                         f  design_1_i/axi_smc/inst/m01_exit_pipeline/m01_exit/inst/xpm_cdc_async_rst_inst/arststages_ff_reg[0]/CLR
  -------------------------------------------------------------------    -------------------

                         (clock clk_fpga_0 rise edge)
                                                      0.000     0.000 r  
    PS7_X0Y0             PS7                          0.000     0.000 r  design_1_i/processing_system7_0/inst/PS7_i/FCLKCLK[0]
                         net (fo=1, routed)           1.101     1.101    design_1_i/processing_system7_0/inst/FCLK_CLK_unbuffered[0]
    BUFGCTRL_X0Y15       BUFG (Prop_bufg_I_O)         0.091     1.192 r  design_1_i/processing_system7_0/inst/buffer_fclk_clk_0.FCLK_CLK_0_BUFG/O
                         net (fo=7693, routed)        1.486     2.678    design_1_i/axi_smc/inst/m01_exit_pipeline/m01_exit/inst/xpm_cdc_async_rst_inst/dest_clk
    SLICE_X24Y52         FDCE                                         r  design_1_i/axi_smc/inst/m01_exit_pipeline/m01_exit/inst/xpm_cdc_async_rst_inst/arststages_ff_reg[0]/C





Min Delay Paths
--------------------------------------------------------------------------------------
Slack:                    inf
  Source:                 design_1_i/smartconnect_0/inst/clk_map/psr_aclk/U0/ACTIVE_LOW_BSR_OUT_DFF[0].FDRE_BSR_N/C
                            (rising edge-triggered cell FDRE clocked by clk_fpga_0  {rise@0.000ns fall@5.000ns period=10.000ns})
  Destination:            design_1_i/smartconnect_0/inst/s00_entry_pipeline/s00_si_converter/inst/xpm_cdc_async_rst_inst/arststages_ff_reg[0]/CLR
                            (removal check against rising-edge clock clk_fpga_0  {rise@0.000ns fall@5.000ns period=10.000ns})
  Path Group:             (none)
  Path Type:              Removal (Min at Fast Process Corner)
  Data Path Delay:        0.591ns  (logic 0.186ns (31.468%)  route 0.405ns (68.532%))
  Logic Levels:           1  (LUT1=1)
  Clock Path Skew:        0.299ns (DCD - SCD - CPR)
    Destination Clock Delay (DCD):    1.201ns
    Source Clock Delay      (SCD):    0.902ns
    Clock Pessimism Removal (CPR):    -0.000ns
  Clock Uncertainty:      0.154ns  ((TSJ^2 + TIJ^2)^1/2 + DJ) / 2 + PE
    Total System Jitter     (TSJ):    0.071ns
    Total Input Jitter      (TIJ):    0.300ns
    Discrete Jitter          (DJ):    0.000ns
    Phase Error              (PE):    0.000ns
  Timing Exception:       False Path

    Location             Delay type                Incr(ns)  Path(ns)    Netlist Resource(s)
  -------------------------------------------------------------------    -------------------
                         (clock clk_fpga_0 rise edge)
                                                      0.000     0.000 r  
    PS7_X0Y0             PS7                          0.000     0.000 r  design_1_i/processing_system7_0/inst/PS7_i/FCLKCLK[0]
                         net (fo=1, routed)           0.315     0.315    design_1_i/processing_system7_0/inst/FCLK_CLK_unbuffered[0]
    BUFGCTRL_X0Y15       BUFG (Prop_bufg_I_O)         0.026     0.341 r  design_1_i/processing_system7_0/inst/buffer_fclk_clk_0.FCLK_CLK_0_BUFG/O
                         net (fo=7693, routed)        0.561     0.902    design_1_i/smartconnect_0/inst/clk_map/psr_aclk/U0/aclk
    SLICE_X22Y1          FDRE                                         r  design_1_i/smartconnect_0/inst/clk_map/psr_aclk/U0/ACTIVE_LOW_BSR_OUT_DFF[0].FDRE_BSR_N/C
  -------------------------------------------------------------------    -------------------
    SLICE_X22Y1          FDRE (Prop_fdre_C_Q)         0.141     1.043 r  design_1_i/smartconnect_0/inst/clk_map/psr_aclk/U0/ACTIVE_LOW_BSR_OUT_DFF[0].FDRE_BSR_N/Q
                         net (fo=5, routed)           0.256     1.299    design_1_i/smartconnect_0/inst/s00_entry_pipeline/s00_si_converter/inst/xpm_cdc_async_rst_inst/src_arst
    SLICE_X21Y0          LUT1 (Prop_lut1_I0_O)        0.045     1.344 f  design_1_i/smartconnect_0/inst/s00_entry_pipeline/s00_si_converter/inst/xpm_cdc_async_rst_inst/arststages_ff[2]_i_1/O
                         net (fo=3, routed)           0.149     1.493    design_1_i/smartconnect_0/inst/s00_entry_pipeline/s00_si_converter/inst/xpm_cdc_async_rst_inst/reset_pol
    SLICE_X21Y0          FDCE                                         f  design_1_i/smartconnect_0/inst/s00_entry_pipeline/s00_si_converter/inst/xpm_cdc_async_rst_inst/arststages_ff_reg[0]/CLR
  -------------------------------------------------------------------    -------------------

                         (clock clk_fpga_0 rise edge)
                                                      0.000     0.000 r  
    PS7_X0Y0             PS7                          0.000     0.000 r  design_1_i/processing_system7_0/inst/PS7_i/FCLKCLK[0]
                         net (fo=1, routed)           0.341     0.341    design_1_i/processing_system7_0/inst/FCLK_CLK_unbuffered[0]
    BUFGCTRL_X0Y15       BUFG (Prop_bufg_I_O)         0.029     0.370 r  design_1_i/processing_system7_0/inst/buffer_fclk_clk_0.FCLK_CLK_0_BUFG/O
                         net (fo=7693, routed)        0.831     1.201    design_1_i/smartconnect_0/inst/s00_entry_pipeline/s00_si_converter/inst/xpm_cdc_async_rst_inst/dest_clk
    SLICE_X21Y0          FDCE                                         r  design_1_i/smartconnect_0/inst/s00_entry_pipeline/s00_si_converter/inst/xpm_cdc_async_rst_inst/arststages_ff_reg[0]/C

Slack:                    inf
  Source:                 design_1_i/smartconnect_0/inst/clk_map/psr_aclk/U0/ACTIVE_LOW_BSR_OUT_DFF[0].FDRE_BSR_N/C
                            (rising edge-triggered cell FDRE clocked by clk_fpga_0  {rise@0.000ns fall@5.000ns period=10.000ns})
  Destination:            design_1_i/smartconnect_0/inst/s00_entry_pipeline/s00_si_converter/inst/xpm_cdc_async_rst_inst/arststages_ff_reg[1]/CLR
                            (removal check against rising-edge clock clk_fpga_0  {rise@0.000ns fall@5.000ns period=10.000ns})
  Path Group:             (none)
  Path Type:              Removal (Min at Fast Process Corner)
  Data Path Delay:        0.591ns  (logic 0.186ns (31.468%)  route 0.405ns (68.532%))
  Logic Levels:           1  (LUT1=1)
  Clock Path Skew:        0.299ns (DCD - SCD - CPR)
    Destination Clock Delay (DCD):    1.201ns
    Source Clock Delay      (SCD):    0.902ns
    Clock Pessimism Removal (CPR):    -0.000ns
  Clock Uncertainty:      0.154ns  ((TSJ^2 + TIJ^2)^1/2 + DJ) / 2 + PE
    Total System Jitter     (TSJ):    0.071ns
    Total Input Jitter      (TIJ):    0.300ns
    Discrete Jitter          (DJ):    0.000ns
    Phase Error              (PE):    0.000ns
  Timing Exception:       False Path

    Location             Delay type                Incr(ns)  Path(ns)    Netlist Resource(s)
  -------------------------------------------------------------------    -------------------
                         (clock clk_fpga_0 rise edge)
                                                      0.000     0.000 r  
    PS7_X0Y0             PS7                          0.000     0.000 r  design_1_i/processing_system7_0/inst/PS7_i/FCLKCLK[0]
                         net (fo=1, routed)           0.315     0.315    design_1_i/processing_system7_0/inst/FCLK_CLK_unbuffered[0]
    BUFGCTRL_X0Y15       BUFG (Prop_bufg_I_O)         0.026     0.341 r  design_1_i/processing_system7_0/inst/buffer_fclk_clk_0.FCLK_CLK_0_BUFG/O
                         net (fo=7693, routed)        0.561     0.902    design_1_i/smartconnect_0/inst/clk_map/psr_aclk/U0/aclk
    SLICE_X22Y1          FDRE                                         r  design_1_i/smartconnect_0/inst/clk_map/psr_aclk/U0/ACTIVE_LOW_BSR_OUT_DFF[0].FDRE_BSR_N/C
  -------------------------------------------------------------------    -------------------
    SLICE_X22Y1          FDRE (Prop_fdre_C_Q)         0.141     1.043 r  design_1_i/smartconnect_0/inst/clk_map/psr_aclk/U0/ACTIVE_LOW_BSR_OUT_DFF[0].FDRE_BSR_N/Q
                         net (fo=5, routed)           0.256     1.299    design_1_i/smartconnect_0/inst/s00_entry_pipeline/s00_si_converter/inst/xpm_cdc_async_rst_inst/src_arst
    SLICE_X21Y0          LUT1 (Prop_lut1_I0_O)        0.045     1.344 f  design_1_i/smartconnect_0/inst/s00_entry_pipeline/s00_si_converter/inst/xpm_cdc_async_rst_inst/arststages_ff[2]_i_1/O
                         net (fo=3, routed)           0.149     1.493    design_1_i/smartconnect_0/inst/s00_entry_pipeline/s00_si_converter/inst/xpm_cdc_async_rst_inst/reset_pol
    SLICE_X21Y0          FDCE                                         f  design_1_i/smartconnect_0/inst/s00_entry_pipeline/s00_si_converter/inst/xpm_cdc_async_rst_inst/arststages_ff_reg[1]/CLR
  -------------------------------------------------------------------    -------------------

                         (clock clk_fpga_0 rise edge)
                                                      0.000     0.000 r  
    PS7_X0Y0             PS7                          0.000     0.000 r  design_1_i/processing_system7_0/inst/PS7_i/FCLKCLK[0]
                         net (fo=1, routed)           0.341     0.341    design_1_i/processing_system7_0/inst/FCLK_CLK_unbuffered[0]
    BUFGCTRL_X0Y15       BUFG (Prop_bufg_I_O)         0.029     0.370 r  design_1_i/processing_system7_0/inst/buffer_fclk_clk_0.FCLK_CLK_0_BUFG/O
                         net (fo=7693, routed)        0.831     1.201    design_1_i/smartconnect_0/inst/s00_entry_pipeline/s00_si_converter/inst/xpm_cdc_async_rst_inst/dest_clk
    SLICE_X21Y0          FDCE                                         r  design_1_i/smartconnect_0/inst/s00_entry_pipeline/s00_si_converter/inst/xpm_cdc_async_rst_inst/arststages_ff_reg[1]/C

Slack:                    inf
  Source:                 design_1_i/smartconnect_0/inst/clk_map/psr_aclk/U0/ACTIVE_LOW_BSR_OUT_DFF[0].FDRE_BSR_N/C
                            (rising edge-triggered cell FDRE clocked by clk_fpga_0  {rise@0.000ns fall@5.000ns period=10.000ns})
  Destination:            design_1_i/smartconnect_0/inst/s00_entry_pipeline/s00_si_converter/inst/xpm_cdc_async_rst_inst/arststages_ff_reg[2]/CLR
                            (removal check against rising-edge clock clk_fpga_0  {rise@0.000ns fall@5.000ns period=10.000ns})
  Path Group:             (none)
  Path Type:              Removal (Min at Fast Process Corner)
  Data Path Delay:        0.591ns  (logic 0.186ns (31.468%)  route 0.405ns (68.532%))
  Logic Levels:           1  (LUT1=1)
  Clock Path Skew:        0.299ns (DCD - SCD - CPR)
    Destination Clock Delay (DCD):    1.201ns
    Source Clock Delay      (SCD):    0.902ns
    Clock Pessimism Removal (CPR):    -0.000ns
  Clock Uncertainty:      0.154ns  ((TSJ^2 + TIJ^2)^1/2 + DJ) / 2 + PE
    Total System Jitter     (TSJ):    0.071ns
    Total Input Jitter      (TIJ):    0.300ns
    Discrete Jitter          (DJ):    0.000ns
    Phase Error              (PE):    0.000ns
  Timing Exception:       False Path

    Location             Delay type                Incr(ns)  Path(ns)    Netlist Resource(s)
  -------------------------------------------------------------------    -------------------
                         (clock clk_fpga_0 rise edge)
                                                      0.000     0.000 r  
    PS7_X0Y0             PS7                          0.000     0.000 r  design_1_i/processing_system7_0/inst/PS7_i/FCLKCLK[0]
                         net (fo=1, routed)           0.315     0.315    design_1_i/processing_system7_0/inst/FCLK_CLK_unbuffered[0]
    BUFGCTRL_X0Y15       BUFG (Prop_bufg_I_O)         0.026     0.341 r  design_1_i/processing_system7_0/inst/buffer_fclk_clk_0.FCLK_CLK_0_BUFG/O
                         net (fo=7693, routed)        0.561     0.902    design_1_i/smartconnect_0/inst/clk_map/psr_aclk/U0/aclk
    SLICE_X22Y1          FDRE                                         r  design_1_i/smartconnect_0/inst/clk_map/psr_aclk/U0/ACTIVE_LOW_BSR_OUT_DFF[0].FDRE_BSR_N/C
  -------------------------------------------------------------------    -------------------
    SLICE_X22Y1          FDRE (Prop_fdre_C_Q)         0.141     1.043 r  design_1_i/smartconnect_0/inst/clk_map/psr_aclk/U0/ACTIVE_LOW_BSR_OUT_DFF[0].FDRE_BSR_N/Q
                         net (fo=5, routed)           0.256     1.299    design_1_i/smartconnect_0/inst/s00_entry_pipeline/s00_si_converter/inst/xpm_cdc_async_rst_inst/src_arst
    SLICE_X21Y0          LUT1 (Prop_lut1_I0_O)        0.045     1.344 f  design_1_i/smartconnect_0/inst/s00_entry_pipeline/s00_si_converter/inst/xpm_cdc_async_rst_inst/arststages_ff[2]_i_1/O
                         net (fo=3, routed)           0.149     1.493    design_1_i/smartconnect_0/inst/s00_entry_pipeline/s00_si_converter/inst/xpm_cdc_async_rst_inst/reset_pol
    SLICE_X21Y0          FDCE                                         f  design_1_i/smartconnect_0/inst/s00_entry_pipeline/s00_si_converter/inst/xpm_cdc_async_rst_inst/arststages_ff_reg[2]/CLR
  -------------------------------------------------------------------    -------------------

                         (clock clk_fpga_0 rise edge)
                                                      0.000     0.000 r  
    PS7_X0Y0             PS7                          0.000     0.000 r  design_1_i/processing_system7_0/inst/PS7_i/FCLKCLK[0]
                         net (fo=1, routed)           0.341     0.341    design_1_i/processing_system7_0/inst/FCLK_CLK_unbuffered[0]
    BUFGCTRL_X0Y15       BUFG (Prop_bufg_I_O)         0.029     0.370 r  design_1_i/processing_system7_0/inst/buffer_fclk_clk_0.FCLK_CLK_0_BUFG/O
                         net (fo=7693, routed)        0.831     1.201    design_1_i/smartconnect_0/inst/s00_entry_pipeline/s00_si_converter/inst/xpm_cdc_async_rst_inst/dest_clk
    SLICE_X21Y0          FDCE                                         r  design_1_i/smartconnect_0/inst/s00_entry_pipeline/s00_si_converter/inst/xpm_cdc_async_rst_inst/arststages_ff_reg[2]/C

Slack:                    inf
  Source:                 design_1_i/smartconnect_0/inst/clk_map/psr_aclk/U0/ACTIVE_LOW_BSR_OUT_DFF[0].FDRE_BSR_N/C
                            (rising edge-triggered cell FDRE clocked by clk_fpga_0  {rise@0.000ns fall@5.000ns period=10.000ns})
  Destination:            design_1_i/smartconnect_0/inst/s00_nodes/s00_ar_node/inst/s_sc_xpm_cdc_async_rst_inst/arststages_ff_reg[0]/CLR
                            (removal check against rising-edge clock clk_fpga_0  {rise@0.000ns fall@5.000ns period=10.000ns})
  Path Group:             (none)
  Path Type:              Removal (Min at Fast Process Corner)
  Data Path Delay:        0.617ns  (logic 0.186ns (30.147%)  route 0.431ns (69.853%))
  Logic Levels:           1  (LUT1=1)
  Clock Path Skew:        0.299ns (DCD - SCD - CPR)
    Destination Clock Delay (DCD):    1.201ns
    Source Clock Delay      (SCD):    0.902ns
    Clock Pessimism Removal (CPR):    -0.000ns
  Clock Uncertainty:      0.154ns  ((TSJ^2 + TIJ^2)^1/2 + DJ) / 2 + PE
    Total System Jitter     (TSJ):    0.071ns
    Total Input Jitter      (TIJ):    0.300ns
    Discrete Jitter          (DJ):    0.000ns
    Phase Error              (PE):    0.000ns
  Timing Exception:       False Path

    Location             Delay type                Incr(ns)  Path(ns)    Netlist Resource(s)
  -------------------------------------------------------------------    -------------------
                         (clock clk_fpga_0 rise edge)
                                                      0.000     0.000 r  
    PS7_X0Y0             PS7                          0.000     0.000 r  design_1_i/processing_system7_0/inst/PS7_i/FCLKCLK[0]
                         net (fo=1, routed)           0.315     0.315    design_1_i/processing_system7_0/inst/FCLK_CLK_unbuffered[0]
    BUFGCTRL_X0Y15       BUFG (Prop_bufg_I_O)         0.026     0.341 r  design_1_i/processing_system7_0/inst/buffer_fclk_clk_0.FCLK_CLK_0_BUFG/O
                         net (fo=7693, routed)        0.561     0.902    design_1_i/smartconnect_0/inst/clk_map/psr_aclk/U0/aclk
    SLICE_X22Y1          FDRE                                         r  design_1_i/smartconnect_0/inst/clk_map/psr_aclk/U0/ACTIVE_LOW_BSR_OUT_DFF[0].FDRE_BSR_N/C
  -------------------------------------------------------------------    -------------------
    SLICE_X22Y1          FDRE (Prop_fdre_C_Q)         0.141     1.043 r  design_1_i/smartconnect_0/inst/clk_map/psr_aclk/U0/ACTIVE_LOW_BSR_OUT_DFF[0].FDRE_BSR_N/Q
                         net (fo=5, routed)           0.256     1.299    design_1_i/smartconnect_0/inst/s00_nodes/s00_ar_node/inst/s_sc_xpm_cdc_async_rst_inst/src_arst
    SLICE_X21Y0          LUT1 (Prop_lut1_I0_O)        0.045     1.344 f  design_1_i/smartconnect_0/inst/s00_nodes/s00_ar_node/inst/s_sc_xpm_cdc_async_rst_inst/arststages_ff[2]_i_1/O
                         net (fo=3, routed)           0.175     1.518    design_1_i/smartconnect_0/inst/s00_nodes/s00_ar_node/inst/s_sc_xpm_cdc_async_rst_inst/reset_pol
    SLICE_X21Y1          FDCE                                         f  design_1_i/smartconnect_0/inst/s00_nodes/s00_ar_node/inst/s_sc_xpm_cdc_async_rst_inst/arststages_ff_reg[0]/CLR
  -------------------------------------------------------------------    -------------------

                         (clock clk_fpga_0 rise edge)
                                                      0.000     0.000 r  
    PS7_X0Y0             PS7                          0.000     0.000 r  design_1_i/processing_system7_0/inst/PS7_i/FCLKCLK[0]
                         net (fo=1, routed)           0.341     0.341    design_1_i/processing_system7_0/inst/FCLK_CLK_unbuffered[0]
    BUFGCTRL_X0Y15       BUFG (Prop_bufg_I_O)         0.029     0.370 r  design_1_i/processing_system7_0/inst/buffer_fclk_clk_0.FCLK_CLK_0_BUFG/O
                         net (fo=7693, routed)        0.831     1.201    design_1_i/smartconnect_0/inst/s00_nodes/s00_ar_node/inst/s_sc_xpm_cdc_async_rst_inst/dest_clk
    SLICE_X21Y1          FDCE                                         r  design_1_i/smartconnect_0/inst/s00_nodes/s00_ar_node/inst/s_sc_xpm_cdc_async_rst_inst/arststages_ff_reg[0]/C

Slack:                    inf
  Source:                 design_1_i/smartconnect_0/inst/clk_map/psr_aclk/U0/ACTIVE_LOW_BSR_OUT_DFF[0].FDRE_BSR_N/C
                            (rising edge-triggered cell FDRE clocked by clk_fpga_0  {rise@0.000ns fall@5.000ns period=10.000ns})
  Destination:            design_1_i/smartconnect_0/inst/s00_nodes/s00_ar_node/inst/s_sc_xpm_cdc_async_rst_inst/arststages_ff_reg[1]/CLR
                            (removal check against rising-edge clock clk_fpga_0  {rise@0.000ns fall@5.000ns period=10.000ns})
  Path Group:             (none)
  Path Type:              Removal (Min at Fast Process Corner)
  Data Path Delay:        0.617ns  (logic 0.186ns (30.147%)  route 0.431ns (69.853%))
  Logic Levels:           1  (LUT1=1)
  Clock Path Skew:        0.299ns (DCD - SCD - CPR)
    Destination Clock Delay (DCD):    1.201ns
    Source Clock Delay      (SCD):    0.902ns
    Clock Pessimism Removal (CPR):    -0.000ns
  Clock Uncertainty:      0.154ns  ((TSJ^2 + TIJ^2)^1/2 + DJ) / 2 + PE
    Total System Jitter     (TSJ):    0.071ns
    Total Input Jitter      (TIJ):    0.300ns
    Discrete Jitter          (DJ):    0.000ns
    Phase Error              (PE):    0.000ns
  Timing Exception:       False Path

    Location             Delay type                Incr(ns)  Path(ns)    Netlist Resource(s)
  -------------------------------------------------------------------    -------------------
                         (clock clk_fpga_0 rise edge)
                                                      0.000     0.000 r  
    PS7_X0Y0             PS7                          0.000     0.000 r  design_1_i/processing_system7_0/inst/PS7_i/FCLKCLK[0]
                         net (fo=1, routed)           0.315     0.315    design_1_i/processing_system7_0/inst/FCLK_CLK_unbuffered[0]
    BUFGCTRL_X0Y15       BUFG (Prop_bufg_I_O)         0.026     0.341 r  design_1_i/processing_system7_0/inst/buffer_fclk_clk_0.FCLK_CLK_0_BUFG/O
                         net (fo=7693, routed)        0.561     0.902    design_1_i/smartconnect_0/inst/clk_map/psr_aclk/U0/aclk
    SLICE_X22Y1          FDRE                                         r  design_1_i/smartconnect_0/inst/clk_map/psr_aclk/U0/ACTIVE_LOW_BSR_OUT_DFF[0].FDRE_BSR_N/C
  -------------------------------------------------------------------    -------------------
    SLICE_X22Y1          FDRE (Prop_fdre_C_Q)         0.141     1.043 r  design_1_i/smartconnect_0/inst/clk_map/psr_aclk/U0/ACTIVE_LOW_BSR_OUT_DFF[0].FDRE_BSR_N/Q
                         net (fo=5, routed)           0.256     1.299    design_1_i/smartconnect_0/inst/s00_nodes/s00_ar_node/inst/s_sc_xpm_cdc_async_rst_inst/src_arst
    SLICE_X21Y0          LUT1 (Prop_lut1_I0_O)        0.045     1.344 f  design_1_i/smartconnect_0/inst/s00_nodes/s00_ar_node/inst/s_sc_xpm_cdc_async_rst_inst/arststages_ff[2]_i_1/O
                         net (fo=3, routed)           0.175     1.518    design_1_i/smartconnect_0/inst/s00_nodes/s00_ar_node/inst/s_sc_xpm_cdc_async_rst_inst/reset_pol
    SLICE_X21Y1          FDCE                                         f  design_1_i/smartconnect_0/inst/s00_nodes/s00_ar_node/inst/s_sc_xpm_cdc_async_rst_inst/arststages_ff_reg[1]/CLR
  -------------------------------------------------------------------    -------------------

                         (clock clk_fpga_0 rise edge)
                                                      0.000     0.000 r  
    PS7_X0Y0             PS7                          0.000     0.000 r  design_1_i/processing_system7_0/inst/PS7_i/FCLKCLK[0]
                         net (fo=1, routed)           0.341     0.341    design_1_i/processing_system7_0/inst/FCLK_CLK_unbuffered[0]
    BUFGCTRL_X0Y15       BUFG (Prop_bufg_I_O)         0.029     0.370 r  design_1_i/processing_system7_0/inst/buffer_fclk_clk_0.FCLK_CLK_0_BUFG/O
                         net (fo=7693, routed)        0.831     1.201    design_1_i/smartconnect_0/inst/s00_nodes/s00_ar_node/inst/s_sc_xpm_cdc_async_rst_inst/dest_clk
    SLICE_X21Y1          FDCE                                         r  design_1_i/smartconnect_0/inst/s00_nodes/s00_ar_node/inst/s_sc_xpm_cdc_async_rst_inst/arststages_ff_reg[1]/C

Slack:                    inf
  Source:                 design_1_i/smartconnect_0/inst/clk_map/psr_aclk/U0/ACTIVE_LOW_BSR_OUT_DFF[0].FDRE_BSR_N/C
                            (rising edge-triggered cell FDRE clocked by clk_fpga_0  {rise@0.000ns fall@5.000ns period=10.000ns})
  Destination:            design_1_i/smartconnect_0/inst/s00_nodes/s00_ar_node/inst/s_sc_xpm_cdc_async_rst_inst/arststages_ff_reg[2]/CLR
                            (removal check against rising-edge clock clk_fpga_0  {rise@0.000ns fall@5.000ns period=10.000ns})
  Path Group:             (none)
  Path Type:              Removal (Min at Fast Process Corner)
  Data Path Delay:        0.617ns  (logic 0.186ns (30.147%)  route 0.431ns (69.853%))
  Logic Levels:           1  (LUT1=1)
  Clock Path Skew:        0.299ns (DCD - SCD - CPR)
    Destination Clock Delay (DCD):    1.201ns
    Source Clock Delay      (SCD):    0.902ns
    Clock Pessimism Removal (CPR):    -0.000ns
  Clock Uncertainty:      0.154ns  ((TSJ^2 + TIJ^2)^1/2 + DJ) / 2 + PE
    Total System Jitter     (TSJ):    0.071ns
    Total Input Jitter      (TIJ):    0.300ns
    Discrete Jitter          (DJ):    0.000ns
    Phase Error              (PE):    0.000ns
  Timing Exception:       False Path

    Location             Delay type                Incr(ns)  Path(ns)    Netlist Resource(s)
  -------------------------------------------------------------------    -------------------
                         (clock clk_fpga_0 rise edge)
                                                      0.000     0.000 r  
    PS7_X0Y0             PS7                          0.000     0.000 r  design_1_i/processing_system7_0/inst/PS7_i/FCLKCLK[0]
                         net (fo=1, routed)           0.315     0.315    design_1_i/processing_system7_0/inst/FCLK_CLK_unbuffered[0]
    BUFGCTRL_X0Y15       BUFG (Prop_bufg_I_O)         0.026     0.341 r  design_1_i/processing_system7_0/inst/buffer_fclk_clk_0.FCLK_CLK_0_BUFG/O
                         net (fo=7693, routed)        0.561     0.902    design_1_i/smartconnect_0/inst/clk_map/psr_aclk/U0/aclk
    SLICE_X22Y1          FDRE                                         r  design_1_i/smartconnect_0/inst/clk_map/psr_aclk/U0/ACTIVE_LOW_BSR_OUT_DFF[0].FDRE_BSR_N/C
  -------------------------------------------------------------------    -------------------
    SLICE_X22Y1          FDRE (Prop_fdre_C_Q)         0.141     1.043 r  design_1_i/smartconnect_0/inst/clk_map/psr_aclk/U0/ACTIVE_LOW_BSR_OUT_DFF[0].FDRE_BSR_N/Q
                         net (fo=5, routed)           0.256     1.299    design_1_i/smartconnect_0/inst/s00_nodes/s00_ar_node/inst/s_sc_xpm_cdc_async_rst_inst/src_arst
    SLICE_X21Y0          LUT1 (Prop_lut1_I0_O)        0.045     1.344 f  design_1_i/smartconnect_0/inst/s00_nodes/s00_ar_node/inst/s_sc_xpm_cdc_async_rst_inst/arststages_ff[2]_i_1/O
                         net (fo=3, routed)           0.175     1.518    design_1_i/smartconnect_0/inst/s00_nodes/s00_ar_node/inst/s_sc_xpm_cdc_async_rst_inst/reset_pol
    SLICE_X21Y1          FDCE                                         f  design_1_i/smartconnect_0/inst/s00_nodes/s00_ar_node/inst/s_sc_xpm_cdc_async_rst_inst/arststages_ff_reg[2]/CLR
  -------------------------------------------------------------------    -------------------

                         (clock clk_fpga_0 rise edge)
                                                      0.000     0.000 r  
    PS7_X0Y0             PS7                          0.000     0.000 r  design_1_i/processing_system7_0/inst/PS7_i/FCLKCLK[0]
                         net (fo=1, routed)           0.341     0.341    design_1_i/processing_system7_0/inst/FCLK_CLK_unbuffered[0]
    BUFGCTRL_X0Y15       BUFG (Prop_bufg_I_O)         0.029     0.370 r  design_1_i/processing_system7_0/inst/buffer_fclk_clk_0.FCLK_CLK_0_BUFG/O
                         net (fo=7693, routed)        0.831     1.201    design_1_i/smartconnect_0/inst/s00_nodes/s00_ar_node/inst/s_sc_xpm_cdc_async_rst_inst/dest_clk
    SLICE_X21Y1          FDCE                                         r  design_1_i/smartconnect_0/inst/s00_nodes/s00_ar_node/inst/s_sc_xpm_cdc_async_rst_inst/arststages_ff_reg[2]/C

Slack:                    inf
  Source:                 design_1_i/axi_smc/inst/clk_map/psr_aclk/U0/ACTIVE_LOW_BSR_OUT_DFF[0].FDRE_BSR_N/C
                            (rising edge-triggered cell FDRE clocked by clk_fpga_0  {rise@0.000ns fall@5.000ns period=10.000ns})
  Destination:            design_1_i/axi_smc/inst/m01_nodes/m01_b_node/inst/s_sc_xpm_cdc_async_rst_inst/arststages_ff_reg[0]/CLR
                            (removal check against rising-edge clock clk_fpga_0  {rise@0.000ns fall@5.000ns period=10.000ns})
  Path Group:             (none)
  Path Type:              Removal (Min at Fast Process Corner)
  Data Path Delay:        0.637ns  (logic 0.186ns (29.191%)  route 0.451ns (70.809%))
  Logic Levels:           1  (LUT1=1)
  Clock Path Skew:        0.301ns (DCD - SCD - CPR)
    Destination Clock Delay (DCD):    1.200ns
    Source Clock Delay      (SCD):    0.899ns
    Clock Pessimism Removal (CPR):    -0.000ns
  Clock Uncertainty:      0.154ns  ((TSJ^2 + TIJ^2)^1/2 + DJ) / 2 + PE
    Total System Jitter     (TSJ):    0.071ns
    Total Input Jitter      (TIJ):    0.300ns
    Discrete Jitter          (DJ):    0.000ns
    Phase Error              (PE):    0.000ns
  Timing Exception:       False Path

    Location             Delay type                Incr(ns)  Path(ns)    Netlist Resource(s)
  -------------------------------------------------------------------    -------------------
                         (clock clk_fpga_0 rise edge)
                                                      0.000     0.000 r  
    PS7_X0Y0             PS7                          0.000     0.000 r  design_1_i/processing_system7_0/inst/PS7_i/FCLKCLK[0]
                         net (fo=1, routed)           0.315     0.315    design_1_i/processing_system7_0/inst/FCLK_CLK_unbuffered[0]
    BUFGCTRL_X0Y15       BUFG (Prop_bufg_I_O)         0.026     0.341 r  design_1_i/processing_system7_0/inst/buffer_fclk_clk_0.FCLK_CLK_0_BUFG/O
                         net (fo=7693, routed)        0.558     0.899    design_1_i/axi_smc/inst/clk_map/psr_aclk/U0/aclk
    SLICE_X25Y56         FDRE                                         r  design_1_i/axi_smc/inst/clk_map/psr_aclk/U0/ACTIVE_LOW_BSR_OUT_DFF[0].FDRE_BSR_N/C
  -------------------------------------------------------------------    -------------------
    SLICE_X25Y56         FDRE (Prop_fdre_C_Q)         0.141     1.040 r  design_1_i/axi_smc/inst/clk_map/psr_aclk/U0/ACTIVE_LOW_BSR_OUT_DFF[0].FDRE_BSR_N/Q
                         net (fo=25, routed)          0.272     1.311    design_1_i/axi_smc/inst/m01_nodes/m01_b_node/inst/s_sc_xpm_cdc_async_rst_inst/src_arst
    SLICE_X20Y56         LUT1 (Prop_lut1_I0_O)        0.045     1.356 f  design_1_i/axi_smc/inst/m01_nodes/m01_b_node/inst/s_sc_xpm_cdc_async_rst_inst/arststages_ff[2]_i_1/O
                         net (fo=3, routed)           0.180     1.536    design_1_i/axi_smc/inst/m01_nodes/m01_b_node/inst/s_sc_xpm_cdc_async_rst_inst/reset_pol
    SLICE_X19Y56         FDCE                                         f  design_1_i/axi_smc/inst/m01_nodes/m01_b_node/inst/s_sc_xpm_cdc_async_rst_inst/arststages_ff_reg[0]/CLR
  -------------------------------------------------------------------    -------------------

                         (clock clk_fpga_0 rise edge)
                                                      0.000     0.000 r  
    PS7_X0Y0             PS7                          0.000     0.000 r  design_1_i/processing_system7_0/inst/PS7_i/FCLKCLK[0]
                         net (fo=1, routed)           0.341     0.341    design_1_i/processing_system7_0/inst/FCLK_CLK_unbuffered[0]
    BUFGCTRL_X0Y15       BUFG (Prop_bufg_I_O)         0.029     0.370 r  design_1_i/processing_system7_0/inst/buffer_fclk_clk_0.FCLK_CLK_0_BUFG/O
                         net (fo=7693, routed)        0.830     1.200    design_1_i/axi_smc/inst/m01_nodes/m01_b_node/inst/s_sc_xpm_cdc_async_rst_inst/dest_clk
    SLICE_X19Y56         FDCE                                         r  design_1_i/axi_smc/inst/m01_nodes/m01_b_node/inst/s_sc_xpm_cdc_async_rst_inst/arststages_ff_reg[0]/C

Slack:                    inf
  Source:                 design_1_i/axi_smc/inst/clk_map/psr_aclk/U0/ACTIVE_LOW_BSR_OUT_DFF[0].FDRE_BSR_N/C
                            (rising edge-triggered cell FDRE clocked by clk_fpga_0  {rise@0.000ns fall@5.000ns period=10.000ns})
  Destination:            design_1_i/axi_smc/inst/m01_nodes/m01_b_node/inst/s_sc_xpm_cdc_async_rst_inst/arststages_ff_reg[1]/CLR
                            (removal check against rising-edge clock clk_fpga_0  {rise@0.000ns fall@5.000ns period=10.000ns})
  Path Group:             (none)
  Path Type:              Removal (Min at Fast Process Corner)
  Data Path Delay:        0.637ns  (logic 0.186ns (29.191%)  route 0.451ns (70.809%))
  Logic Levels:           1  (LUT1=1)
  Clock Path Skew:        0.301ns (DCD - SCD - CPR)
    Destination Clock Delay (DCD):    1.200ns
    Source Clock Delay      (SCD):    0.899ns
    Clock Pessimism Removal (CPR):    -0.000ns
  Clock Uncertainty:      0.154ns  ((TSJ^2 + TIJ^2)^1/2 + DJ) / 2 + PE
    Total System Jitter     (TSJ):    0.071ns
    Total Input Jitter      (TIJ):    0.300ns
    Discrete Jitter          (DJ):    0.000ns
    Phase Error              (PE):    0.000ns
  Timing Exception:       False Path

    Location             Delay type                Incr(ns)  Path(ns)    Netlist Resource(s)
  -------------------------------------------------------------------    -------------------
                         (clock clk_fpga_0 rise edge)
                                                      0.000     0.000 r  
    PS7_X0Y0             PS7                          0.000     0.000 r  design_1_i/processing_system7_0/inst/PS7_i/FCLKCLK[0]
                         net (fo=1, routed)           0.315     0.315    design_1_i/processing_system7_0/inst/FCLK_CLK_unbuffered[0]
    BUFGCTRL_X0Y15       BUFG (Prop_bufg_I_O)         0.026     0.341 r  design_1_i/processing_system7_0/inst/buffer_fclk_clk_0.FCLK_CLK_0_BUFG/O
                         net (fo=7693, routed)        0.558     0.899    design_1_i/axi_smc/inst/clk_map/psr_aclk/U0/aclk
    SLICE_X25Y56         FDRE                                         r  design_1_i/axi_smc/inst/clk_map/psr_aclk/U0/ACTIVE_LOW_BSR_OUT_DFF[0].FDRE_BSR_N/C
  -------------------------------------------------------------------    -------------------
    SLICE_X25Y56         FDRE (Prop_fdre_C_Q)         0.141     1.040 r  design_1_i/axi_smc/inst/clk_map/psr_aclk/U0/ACTIVE_LOW_BSR_OUT_DFF[0].FDRE_BSR_N/Q
                         net (fo=25, routed)          0.272     1.311    design_1_i/axi_smc/inst/m01_nodes/m01_b_node/inst/s_sc_xpm_cdc_async_rst_inst/src_arst
    SLICE_X20Y56         LUT1 (Prop_lut1_I0_O)        0.045     1.356 f  design_1_i/axi_smc/inst/m01_nodes/m01_b_node/inst/s_sc_xpm_cdc_async_rst_inst/arststages_ff[2]_i_1/O
                         net (fo=3, routed)           0.180     1.536    design_1_i/axi_smc/inst/m01_nodes/m01_b_node/inst/s_sc_xpm_cdc_async_rst_inst/reset_pol
    SLICE_X19Y56         FDCE                                         f  design_1_i/axi_smc/inst/m01_nodes/m01_b_node/inst/s_sc_xpm_cdc_async_rst_inst/arststages_ff_reg[1]/CLR
  -------------------------------------------------------------------    -------------------

                         (clock clk_fpga_0 rise edge)
                                                      0.000     0.000 r  
    PS7_X0Y0             PS7                          0.000     0.000 r  design_1_i/processing_system7_0/inst/PS7_i/FCLKCLK[0]
                         net (fo=1, routed)           0.341     0.341    design_1_i/processing_system7_0/inst/FCLK_CLK_unbuffered[0]
    BUFGCTRL_X0Y15       BUFG (Prop_bufg_I_O)         0.029     0.370 r  design_1_i/processing_system7_0/inst/buffer_fclk_clk_0.FCLK_CLK_0_BUFG/O
                         net (fo=7693, routed)        0.830     1.200    design_1_i/axi_smc/inst/m01_nodes/m01_b_node/inst/s_sc_xpm_cdc_async_rst_inst/dest_clk
    SLICE_X19Y56         FDCE                                         r  design_1_i/axi_smc/inst/m01_nodes/m01_b_node/inst/s_sc_xpm_cdc_async_rst_inst/arststages_ff_reg[1]/C

Slack:                    inf
  Source:                 design_1_i/axi_smc/inst/clk_map/psr_aclk/U0/ACTIVE_LOW_BSR_OUT_DFF[0].FDRE_BSR_N/C
                            (rising edge-triggered cell FDRE clocked by clk_fpga_0  {rise@0.000ns fall@5.000ns period=10.000ns})
  Destination:            design_1_i/axi_smc/inst/m01_nodes/m01_b_node/inst/s_sc_xpm_cdc_async_rst_inst/arststages_ff_reg[2]/CLR
                            (removal check against rising-edge clock clk_fpga_0  {rise@0.000ns fall@5.000ns period=10.000ns})
  Path Group:             (none)
  Path Type:              Removal (Min at Fast Process Corner)
  Data Path Delay:        0.637ns  (logic 0.186ns (29.191%)  route 0.451ns (70.809%))
  Logic Levels:           1  (LUT1=1)
  Clock Path Skew:        0.301ns (DCD - SCD - CPR)
    Destination Clock Delay (DCD):    1.200ns
    Source Clock Delay      (SCD):    0.899ns
    Clock Pessimism Removal (CPR):    -0.000ns
  Clock Uncertainty:      0.154ns  ((TSJ^2 + TIJ^2)^1/2 + DJ) / 2 + PE
    Total System Jitter     (TSJ):    0.071ns
    Total Input Jitter      (TIJ):    0.300ns
    Discrete Jitter          (DJ):    0.000ns
    Phase Error              (PE):    0.000ns
  Timing Exception:       False Path

    Location             Delay type                Incr(ns)  Path(ns)    Netlist Resource(s)
  -------------------------------------------------------------------    -------------------
                         (clock clk_fpga_0 rise edge)
                                                      0.000     0.000 r  
    PS7_X0Y0             PS7                          0.000     0.000 r  design_1_i/processing_system7_0/inst/PS7_i/FCLKCLK[0]
                         net (fo=1, routed)           0.315     0.315    design_1_i/processing_system7_0/inst/FCLK_CLK_unbuffered[0]
    BUFGCTRL_X0Y15       BUFG (Prop_bufg_I_O)         0.026     0.341 r  design_1_i/processing_system7_0/inst/buffer_fclk_clk_0.FCLK_CLK_0_BUFG/O
                         net (fo=7693, routed)        0.558     0.899    design_1_i/axi_smc/inst/clk_map/psr_aclk/U0/aclk
    SLICE_X25Y56         FDRE                                         r  design_1_i/axi_smc/inst/clk_map/psr_aclk/U0/ACTIVE_LOW_BSR_OUT_DFF[0].FDRE_BSR_N/C
  -------------------------------------------------------------------    -------------------
    SLICE_X25Y56         FDRE (Prop_fdre_C_Q)         0.141     1.040 r  design_1_i/axi_smc/inst/clk_map/psr_aclk/U0/ACTIVE_LOW_BSR_OUT_DFF[0].FDRE_BSR_N/Q
                         net (fo=25, routed)          0.272     1.311    design_1_i/axi_smc/inst/m01_nodes/m01_b_node/inst/s_sc_xpm_cdc_async_rst_inst/src_arst
    SLICE_X20Y56         LUT1 (Prop_lut1_I0_O)        0.045     1.356 f  design_1_i/axi_smc/inst/m01_nodes/m01_b_node/inst/s_sc_xpm_cdc_async_rst_inst/arststages_ff[2]_i_1/O
                         net (fo=3, routed)           0.180     1.536    design_1_i/axi_smc/inst/m01_nodes/m01_b_node/inst/s_sc_xpm_cdc_async_rst_inst/reset_pol
    SLICE_X19Y56         FDCE                                         f  design_1_i/axi_smc/inst/m01_nodes/m01_b_node/inst/s_sc_xpm_cdc_async_rst_inst/arststages_ff_reg[2]/CLR
  -------------------------------------------------------------------    -------------------

                         (clock clk_fpga_0 rise edge)
                                                      0.000     0.000 r  
    PS7_X0Y0             PS7                          0.000     0.000 r  design_1_i/processing_system7_0/inst/PS7_i/FCLKCLK[0]
                         net (fo=1, routed)           0.341     0.341    design_1_i/processing_system7_0/inst/FCLK_CLK_unbuffered[0]
    BUFGCTRL_X0Y15       BUFG (Prop_bufg_I_O)         0.029     0.370 r  design_1_i/processing_system7_0/inst/buffer_fclk_clk_0.FCLK_CLK_0_BUFG/O
                         net (fo=7693, routed)        0.830     1.200    design_1_i/axi_smc/inst/m01_nodes/m01_b_node/inst/s_sc_xpm_cdc_async_rst_inst/dest_clk
    SLICE_X19Y56         FDCE                                         r  design_1_i/axi_smc/inst/m01_nodes/m01_b_node/inst/s_sc_xpm_cdc_async_rst_inst/arststages_ff_reg[2]/C

Slack:                    inf
  Source:                 design_1_i/axi_smc/inst/clk_map/psr_aclk/U0/ACTIVE_LOW_BSR_OUT_DFF[0].FDRE_BSR_N/C
                            (rising edge-triggered cell FDRE clocked by clk_fpga_0  {rise@0.000ns fall@5.000ns period=10.000ns})
  Destination:            design_1_i/axi_smc/inst/m01_nodes/m01_w_node/inst/s_sc_xpm_cdc_async_rst_inst/arststages_ff_reg[0]/CLR
                            (removal check against rising-edge clock clk_fpga_0  {rise@0.000ns fall@5.000ns period=10.000ns})
  Path Group:             (none)
  Path Type:              Removal (Min at Fast Process Corner)
  Data Path Delay:        0.638ns  (logic 0.190ns (29.758%)  route 0.448ns (70.242%))
  Logic Levels:           1  (LUT1=1)
  Clock Path Skew:        0.300ns (DCD - SCD - CPR)
    Destination Clock Delay (DCD):    1.199ns
    Source Clock Delay      (SCD):    0.899ns
    Clock Pessimism Removal (CPR):    -0.000ns
  Clock Uncertainty:      0.154ns  ((TSJ^2 + TIJ^2)^1/2 + DJ) / 2 + PE
    Total System Jitter     (TSJ):    0.071ns
    Total Input Jitter      (TIJ):    0.300ns
    Discrete Jitter          (DJ):    0.000ns
    Phase Error              (PE):    0.000ns
  Timing Exception:       False Path

    Location             Delay type                Incr(ns)  Path(ns)    Netlist Resource(s)
  -------------------------------------------------------------------    -------------------
                         (clock clk_fpga_0 rise edge)
                                                      0.000     0.000 r  
    PS7_X0Y0             PS7                          0.000     0.000 r  design_1_i/processing_system7_0/inst/PS7_i/FCLKCLK[0]
                         net (fo=1, routed)           0.315     0.315    design_1_i/processing_system7_0/inst/FCLK_CLK_unbuffered[0]
    BUFGCTRL_X0Y15       BUFG (Prop_bufg_I_O)         0.026     0.341 r  design_1_i/processing_system7_0/inst/buffer_fclk_clk_0.FCLK_CLK_0_BUFG/O
                         net (fo=7693, routed)        0.558     0.899    design_1_i/axi_smc/inst/clk_map/psr_aclk/U0/aclk
    SLICE_X25Y56         FDRE                                         r  design_1_i/axi_smc/inst/clk_map/psr_aclk/U0/ACTIVE_LOW_BSR_OUT_DFF[0].FDRE_BSR_N/C
  -------------------------------------------------------------------    -------------------
    SLICE_X25Y56         FDRE (Prop_fdre_C_Q)         0.141     1.040 r  design_1_i/axi_smc/inst/clk_map/psr_aclk/U0/ACTIVE_LOW_BSR_OUT_DFF[0].FDRE_BSR_N/Q
                         net (fo=25, routed)          0.272     1.311    design_1_i/axi_smc/inst/m01_nodes/m01_w_node/inst/s_sc_xpm_cdc_async_rst_inst/src_arst
    SLICE_X20Y56         LUT1 (Prop_lut1_I0_O)        0.049     1.360 f  design_1_i/axi_smc/inst/m01_nodes/m01_w_node/inst/s_sc_xpm_cdc_async_rst_inst/arststages_ff[2]_i_1/O
                         net (fo=3, routed)           0.177     1.537    design_1_i/axi_smc/inst/m01_nodes/m01_w_node/inst/s_sc_xpm_cdc_async_rst_inst/reset_pol
    SLICE_X20Y56         FDCE                                         f  design_1_i/axi_smc/inst/m01_nodes/m01_w_node/inst/s_sc_xpm_cdc_async_rst_inst/arststages_ff_reg[0]/CLR
  -------------------------------------------------------------------    -------------------

                         (clock clk_fpga_0 rise edge)
                                                      0.000     0.000 r  
    PS7_X0Y0             PS7                          0.000     0.000 r  design_1_i/processing_system7_0/inst/PS7_i/FCLKCLK[0]
                         net (fo=1, routed)           0.341     0.341    design_1_i/processing_system7_0/inst/FCLK_CLK_unbuffered[0]
    BUFGCTRL_X0Y15       BUFG (Prop_bufg_I_O)         0.029     0.370 r  design_1_i/processing_system7_0/inst/buffer_fclk_clk_0.FCLK_CLK_0_BUFG/O
                         net (fo=7693, routed)        0.829     1.199    design_1_i/axi_smc/inst/m01_nodes/m01_w_node/inst/s_sc_xpm_cdc_async_rst_inst/dest_clk
    SLICE_X20Y56         FDCE                                         r  design_1_i/axi_smc/inst/m01_nodes/m01_w_node/inst/s_sc_xpm_cdc_async_rst_inst/arststages_ff_reg[0]/C





