

================================================================
== Synthesis Summary Report of 'cifar10_axis_wrapper'
================================================================
+ General Information: 
    * Date:           Tue May  5 04:59:16 2026
    * Version:        2025.2 (Build 6295257 on Nov 14 2025)
    * Project:        cifar10_axis_wrapper_prj
    * Solution:       solution1 (Vivado IP Flow Target)
    * Product family: zynq
    * Target device:  xc7z010-clg400-1
    

* Performance & Resource Estimates: 
+-----------------------------------------------------------------------------------+--------+---------------+----------+---------+------+----------+---------+-----------+-------+------------+--------+-------------+--------------+-----+
|                                      Modules                                      |  Issue |               | Iteration|         | Trip |          |       Latency       |       |            |        |             |              |     |
|                                      & Loops                                      |  Type  | Violation Type|  Latency | Interval| Count| Pipelined| (cycles)|    (ns)   | Slack |    BRAM    |   DSP  |      FF     |      LUT     | URAM|
+-----------------------------------------------------------------------------------+--------+---------------+----------+---------+------+----------+---------+-----------+-------+------------+--------+-------------+--------------+-----+
|+ cifar10_axis_wrapper*                                                            |  Timing|              -|         -|   229378|     -|  dataflow|   232275|  3.250e+06|  -6.69|  120 (100%)|  2 (2%)|  23661 (67%)|  36426 (206%)|    -|
| + axis_to_hls4ml_input                                                            |       -|              -|         -|     3072|     -|    rewind|     3074|  3.074e+04|   1.57|           -|       -|     48 (~0%)|     162 (~0%)|    -|
|  o VITIS_LOOP_43_1_VITIS_LOOP_46_2                                                |       -|              -|         2|        1|  3072|       yes|     3072|  3.072e+04|   7.30|           -|       -|            -|             -|    -|
| + cifar10_hls_core*                                                               |  Timing|              -|         -|   229378|     -|  dataflow|   232273|  3.250e+06|  -6.69|  120 (100%)|  2 (2%)|  23199 (65%)|  35761 (203%)|    -|
|  + conv_2d_cl_array_ap_fixed_3u_array_ap_fixed_9_3_0_3_0_8u_config2_s             |  Timing|              -|         -|   229377|     -|        no|   229377|  2.301e+06|  -2.73|     1 (~0%)|       -|    1514 (4%)|    2849 (16%)|    -|
|   o ReadInputHeight_ReadInputWidth                                                |       -|              -|       224|        -|  1024|        no|   229376|  2.301e+06|   7.30|           -|       -|            -|             -|    -|
|    + compute_output_buffer_2d_array_array_ap_fixed_9_3_0_3_0_8u_config2_s         |  Timing|              -|         -|      222|     -|        no|      222|  2.227e+03|  -2.73|     1 (~0%)|       -|    1470 (4%)|    2765 (15%)|    -|
|     + shift_line_buffer_array_ap_fixed_9_2_0_3_0_3u_config2_s                     |       -|              -|         -|        1|     -|       yes|        0|      0.000|   4.07|           -|       -|     385 (1%)|      354 (2%)|    -|
|     + dense_resource_rf_gt_nin_rem0_ap_fixed_ap_fixed_9_3_0_3_0_config2_mult_s    |  Timing|              -|         -|      216|     -|    rewind|      220|  2.207e+03|  -2.73|     1 (~0%)|       -|     708 (2%)|    1836 (10%)|    -|
|      o ReuseLoop                                                                  |       -|              -|         5|        1|   216|       yes|      219|  2.197e+03|   7.30|           -|       -|            -|             -|    -|
|  + relu_array_ap_fixed_8u_array_ap_fixed_9_3_0_3_0_8u_relu_config3_s              |       -|              -|         -|      900|     -|    rewind|      902|  9.020e+03|   0.58|           -|       -|     79 (~0%)|      277 (1%)|    -|
|   o ReLUActLoop                                                                   |       -|              -|         2|        1|   900|       yes|      900|  9.000e+03|   7.30|           -|       -|            -|             -|    -|
|  + pooling2d_cl_array_ap_fixed_8u_array_ap_fixed_9_3_0_3_0_8u_config4_s           |       -|              -|         -|      903|     -|        no|      903|  9.030e+03|   0.61|           -|       -|     850 (2%)|     1747 (9%)|    -|
|   o ReadInputHeight_ReadInputWidth                                                |       -|              -|         3|        1|   900|       yes|      901|  9.010e+03|   7.30|           -|       -|            -|             -|    -|
|  + conv_2d_cl_array_ap_fixed_8u_array_ap_fixed_10_4_0_3_0_14u_config5_s           |  Timing|              -|         -|   228601|     -|        no|   228601|  2.633e+06|  -4.22|      2 (1%)|       -|   3923 (11%)|    5556 (31%)|    -|
|   o ReadInputHeight_ReadInputWidth                                                |       -|              -|      1016|        -|   225|        no|   228600|  2.633e+06|   7.30|           -|       -|            -|             -|    -|
|    + compute_output_buffer_2d_array_array_ap_fixed_10_4_0_3_0_14u_config5_s       |  Timing|              -|         -|     1014|     -|        no|     1014|  1.168e+04|  -4.22|      2 (1%)|       -|   3837 (10%)|    5466 (31%)|    -|
|     + shift_line_buffer_array_ap_fixed_9_3_0_3_0_8u_config5_s                     |       -|              -|         -|        1|     -|       yes|        0|      0.000|   4.07|           -|       -|    1025 (2%)|      944 (5%)|    -|
|     + dense_resource_rf_gt_nin_rem0_ap_fixed_ap_fixed_10_4_0_3_0_config5_mult_s   |  Timing|              -|         -|     1008|     -|    rewind|     1011|  1.164e+04|  -4.22|      2 (1%)|       -|    1889 (5%)|    3946 (22%)|    -|
|      o ReuseLoop                                                                  |       -|              -|         4|        1|  1008|       yes|     1010|  1.163e+04|   7.30|           -|       -|            -|             -|    -|
|  + relu_array_ap_fixed_14u_array_ap_fixed_10_4_0_3_0_14u_relu_config6_s           |       -|              -|         -|      169|     -|    rewind|      171|  1.710e+03|   0.98|           -|       -|    139 (~0%)|      413 (2%)|    -|
|   o ReLUActLoop                                                                   |       -|              -|         2|        1|   169|       yes|      169|  1.690e+03|   7.30|           -|       -|            -|             -|    -|
|  + pooling2d_cl_array_array_ap_fixed_10_4_0_3_0_14u_config7_s                     |       -|              -|         -|      172|     -|        no|      172|  1.720e+03|   0.61|           -|       -|    1465 (4%)|    2644 (15%)|    -|
|   o ReadInputHeight_ReadInputWidth                                                |       -|              -|         3|        1|   169|       yes|      170|  1.700e+03|   7.30|           -|       -|            -|             -|    -|
|  + conv_2d_cl_array_ap_fixed_14u_array_ap_fixed_11_5_0_3_0_32u_config8_s          |  Timing|              -|         -|    72865|     -|        no|    72865|  8.131e+05|  -3.86|      3 (2%)|       -|   7578 (21%)|    9778 (55%)|    -|
|   o ReadInputHeight_ReadInputWidth                                                |       -|              -|      2024|        -|    36|        no|    72864|  8.131e+05|   7.30|           -|       -|            -|             -|    -|
|    + compute_output_buffer_2d_array_array_ap_fixed_11_5_0_3_0_32u_config8_s       |  Timing|              -|         -|     2022|     -|        no|     2022|  2.256e+04|  -3.86|      3 (2%)|       -|   7426 (21%)|    9690 (55%)|    -|
|     + shift_line_buffer_array_ap_fixed_10_4_0_3_0_14u_config8_s                   |       -|              -|         -|        1|     -|       yes|        0|      0.000|   4.07|           -|       -|    1793 (5%)|     1652 (9%)|    -|
|     + dense_resource_rf_gt_nin_rem0_ap_fixed_ap_fixed_11_5_0_3_0_config8_mult_s   |  Timing|              -|         -|     2016|     -|    rewind|     2019|  2.253e+04|  -3.86|      3 (2%)|       -|   3886 (11%)|    7462 (42%)|    -|
|      o ReuseLoop                                                                  |       -|              -|         4|        1|  2016|       yes|     2018|  2.252e+04|   7.30|           -|       -|            -|             -|    -|
|  + relu_array_ap_fixed_32u_array_ap_fixed_11_5_0_3_0_32u_relu_config9_s           |       -|              -|         -|       16|     -|    rewind|       18|    180.000|   1.32|           -|       -|    329 (~0%)|      805 (4%)|    -|
|   o ReLUActLoop                                                                   |       -|              -|         2|        1|    16|       yes|       16|    160.000|   7.30|           -|       -|            -|             -|    -|
|  + pointwise_conv_2d_cl_array_array_ap_fixed_11_5_0_3_0_24u_config14_s            |  Timing|              -|         -|    12393|     -|        no|    12393|  1.734e+05|  -6.69|     1 (~0%)|  1 (1%)|    3102 (8%)|    6074 (34%)|    -|
|   o ReadInputHeight                                                               |       -|              -|      3098|        -|     4|        no|    12392|  1.734e+05|   7.30|           -|       -|            -|             -|    -|
|    o ReadInputWidth                                                               |       -|              -|       774|        -|     4|        no|     3096|  4.331e+04|   7.30|           -|       -|            -|             -|    -|
|     + dense_resource_rf_gt_nin_rem0_ap_fixed_ap_fixed_11_5_0_3_0_config14_mult_s  |  Timing|              -|         -|      768|     -|    rewind|      771|  1.079e+04|  -6.69|     1 (~0%)|  1 (1%)|    2466 (7%)|    5937 (33%)|    -|
|      o ReuseLoop                                                                  |       -|              -|         4|        1|   768|       yes|      770|  1.077e+04|   7.30|           -|       -|            -|             -|    -|
|  + relu_array_ap_fixed_24u_array_ap_fixed_11_5_0_3_0_24u_relu_config11_s          |       -|              -|         -|       16|     -|    rewind|       18|    180.000|   1.32|           -|       -|    249 (~0%)|      629 (3%)|    -|
|   o ReLUActLoop                                                                   |       -|              -|         2|        1|    16|       yes|       16|    160.000|   7.30|           -|       -|            -|             -|    -|
|  + pointwise_conv_2d_cl_array_array_ap_fixed_12_6_0_3_0_10u_config15_s            |  Timing|              -|         -|     3945|     -|        no|     3945|  4.614e+04|  -4.40|           -|  1 (1%)|    1685 (4%)|    3446 (19%)|    -|
|   o ReadInputHeight                                                               |       -|              -|       986|        -|     4|        no|     3944|  4.613e+04|   7.30|           -|       -|            -|             -|    -|
|    o ReadInputWidth                                                               |       -|              -|       246|        -|     4|        no|      984|  1.151e+04|   7.30|           -|       -|            -|             -|    -|
|     + dense_resource_rf_gt_nin_rem0_ap_fixed_ap_fixed_12_6_0_3_0_config15_mult_s  |  Timing|              -|         -|      240|     -|    rewind|      243|  2.842e+03|  -4.40|           -|  1 (1%)|    1281 (3%)|    3309 (18%)|    -|
|      o ReuseLoop                                                                  |       -|              -|         4|        1|   240|       yes|      242|  2.831e+03|   7.30|           -|       -|            -|             -|    -|
|  + global_pooling2d_cl_array_array_ap_fixed_12_5_0_3_0_10u_config13_s             |       -|              -|         -|       20|     -|        no|       20|    200.000|   2.12|           -|       -|     525 (1%)|      597 (3%)|    -|
|   + global_pooling2d_cl_Pipeline_ReadInputHeight_ReadInputWidth                   |       -|              -|         -|        -|     -|       yes|       18|    180.000|   2.39|           -|       -|    330 (~0%)|      437 (2%)|    -|
|    o ReadInputHeight_ReadInputWidth                                               |       -|              -|         2|        1|    16|       yes|       16|    160.000|   7.30|           -|       -|            -|             -|    -|
| + hls4ml_output_to_axis                                                           |       -|              -|         -|       19|     -|        no|       19|    190.000|   1.34|           -|       -|    180 (~0%)|      325 (1%)|    -|
|  + hls4ml_output_to_axis_Pipeline_VITIS_LOOP_67_2                                 |       -|              -|         -|        -|     -|       yes|       12|    120.000|   2.39|           -|       -|      9 (~0%)|      75 (~0%)|    -|
|   o VITIS_LOOP_67_2                                                               |       -|              -|         2|        1|    10|       yes|       10|    100.000|   7.30|           -|       -|            -|             -|    -|
+-----------------------------------------------------------------------------------+--------+---------------+----------+---------+------+----------+---------+-----------+-------+------------+--------+-------------+--------------+-----+
    Name Prefix: '+' for module, 'o' for loop, '*' for dataflow


================================================================
== HW Interfaces
================================================================
* S_AXILITE Interfaces
+------------+------------+---------------+
| Interface  | Data Width | Address Width |
+------------+------------+---------------+
| s_axi_CTRL | 32         | 4             |
+------------+------------+---------------+

* S_AXILITE Registers
+------------+----------+--------+-------+--------+----------------------------------+----------------------------------------------------------------------+
| Interface  | Register | Offset | Width | Access | Description                      | Bit Fields                                                           |
+------------+----------+--------+-------+--------+----------------------------------+----------------------------------------------------------------------+
| s_axi_CTRL | CTRL     | 0x00   | 32    | RW     | Control signals                  | 0=AP_START 1=AP_DONE 2=AP_IDLE 3=AP_READY 7=AUTO_RESTART 9=INTERRUPT |
| s_axi_CTRL | GIER     | 0x04   | 32    | RW     | Global Interrupt Enable Register | 0=Enable                                                             |
| s_axi_CTRL | IP_IER   | 0x08   | 32    | RW     | IP Interrupt Enable Register     | 0=CHAN0_INT_EN 1=CHAN1_INT_EN                                        |
| s_axi_CTRL | IP_ISR   | 0x0c   | 32    | RW     | IP Interrupt Status Register     | 0=CHAN0_INT_ST 1=CHAN1_INT_ST                                        |
+------------+----------+--------+-------+--------+----------------------------------+----------------------------------------------------------------------+

* AXIS
+-----------+-----------+---------------+-------+-------+-------+--------+-------+--------+
| Interface | Direction | Register Mode | TDATA | TKEEP | TLAST | TREADY | TSTRB | TVALID |
+-----------+-----------+---------------+-------+-------+-------+--------+-------+--------+
| m_axis    | out       | both          | 32    | 4     | 1     | 1      | 4     | 1      |
| s_axis    | in        | both          | 32    | 4     | 1     | 1      | 4     | 1      |
+-----------+-----------+---------------+-------+-------+-------+--------+-------+--------+

* TOP LEVEL CONTROL
+-----------+------------+-----------+
| Interface | Type       | Ports     |
+-----------+------------+-----------+
| ap_clk    | clock      | ap_clk    |
| ap_rst_n  | reset      | ap_rst_n  |
| interrupt | interrupt  | interrupt |
| ap_ctrl   | ap_ctrl_hs |           |
+-----------+------------+-----------+


================================================================
== SW I/O Information
================================================================
* Top Function Arguments
+----------+-----------+------------------------------------------------------------------------------+
| Argument | Direction | Datatype                                                                     |
+----------+-----------+------------------------------------------------------------------------------+
| s_axis   | in        | stream<hls::axis<ap_uint<32>, 0UL, 0UL, 0UL, (unsigned char)'8', false>, 0>& |
| m_axis   | out       | stream<hls::axis<ap_uint<32>, 0UL, 0UL, 0UL, (unsigned char)'8', false>, 0>& |
+----------+-----------+------------------------------------------------------------------------------+

* SW-to-HW Mapping
+----------+--------------+-----------+
| Argument | HW Interface | HW Type   |
+----------+--------------+-----------+
| s_axis   | s_axis       | interface |
| m_axis   | m_axis       | interface |
+----------+--------------+-----------+


================================================================
== Bind Op Report
================================================================
+---------------------------------------------------------------------------------+-----+--------+-----------------+-----------+--------------------------+---------+
| Name                                                                            | DSP | Pragma | Variable        | Op        | Impl                     | Latency |
+---------------------------------------------------------------------------------+-----+--------+-----------------+-----------+--------------------------+---------+
| + cifar10_axis_wrapper                                                          | 2   |        |                 |           |                          |         |
|  + axis_to_hls4ml_input                                                         | 0   |        |                 |           |                          |         |
|    select_ln44_fu_137_p3                                                        |     |        | select_ln44     | select    | auto_sel                 | 0       |
|    v_fu_171_p2                                                                  |     |        | v               | add       | fabric                   | 0       |
|    add_ln43_fu_177_p2                                                           |     |        | add_ln43        | add       | fabric                   | 0       |
|    c_3_fu_206_p2                                                                |     |        | c_3             | add       | fabric                   | 0       |
|    icmp_ln46_fu_212_p2                                                          |     |        | icmp_ln46       | seteq     | auto                     | 0       |
|    icmp_ln43_fu_218_p2                                                          |     |        | icmp_ln43       | seteq     | auto                     | 0       |
|  + cifar10_hls_core                                                             | 2   |        |                 |           |                          |         |
|   + conv_2d_cl_array_ap_fixed_3u_array_ap_fixed_9_3_0_3_0_8u_config2_s          | 0   |        |                 |           |                          |         |
|     icmp_ln85_fu_227_p2                                                         |     |        | icmp_ln85       | seteq     | auto                     | 0       |
|     add_ln85_fu_233_p2                                                          |     |        | add_ln85        | add       | fabric                   | 0       |
|    + compute_output_buffer_2d_array_array_ap_fixed_9_3_0_3_0_8u_config2_s       | 0   |        |                 |           |                          |         |
|      icmp_ln284_fu_295_p2                                                       |     |        | icmp_ln284      | seteq     | auto                     | 0       |
|      icmp_ln284_1_fu_313_p2                                                     |     |        | icmp_ln284_1    | seteq     | auto                     | 0       |
|      icmp_ln284_2_fu_329_p2                                                     |     |        | icmp_ln284_2    | setgt     | auto                     | 0       |
|      icmp_ln284_3_fu_345_p2                                                     |     |        | icmp_ln284_3    | setgt     | auto                     | 0       |
|      and_ln284_fu_351_p2                                                        |     |        | and_ln284       | and       | auto                     | 0       |
|      and_ln284_1_fu_357_p2                                                      |     |        | and_ln284_1     | and       | auto                     | 0       |
|      add_ln303_fu_416_p2                                                        |     |        | add_ln303       | add       | fabric                   | 0       |
|      icmp_ln303_fu_421_p2                                                       |     |        | icmp_ln303      | seteq     | auto                     | 0       |
|      add_ln318_fu_433_p2                                                        |     |        | add_ln318       | add       | fabric                   | 0       |
|      select_ln318_fu_438_p3                                                     |     |        | select_ln318    | select    | auto_sel                 | 0       |
|      add_ln307_fu_463_p2                                                        |     |        | add_ln307       | add       | fabric                   | 0       |
|      icmp_ln307_fu_468_p2                                                       |     |        | icmp_ln307      | seteq     | auto                     | 0       |
|      icmp_ln313_fu_480_p2                                                       |     |        | icmp_ln313      | seteq     | auto                     | 0       |
|      add_ln313_fu_485_p2                                                        |     |        | add_ln313       | add       | fabric                   | 0       |
|      select_ln313_fu_490_p3                                                     |     |        | select_ln313    | select    | auto_sel                 | 0       |
|     + dense_resource_rf_gt_nin_rem0_ap_fixed_ap_fixed_9_3_0_3_0_config2_mult_s  | 0   |        |                 |           |                          |         |
|       sparsemux_55_5_9_1_1_U41                                                  |     |        | a               | sparsemux | compactencoding_dontcare | 0       |
|       mul_9s_7s_16_1_1_U42                                                      |     |        | mul_ln73        | mul       | auto                     | 0       |
|       add_ln144_fu_1427_p2                                                      |     |        | add_ln144       | add       | fabric                   | 0       |
|       sparsemux_17_3_16_1_1_U43                                                 |     |        | tmp_50_i        | sparsemux | compactencoding_dontcare | 0       |
|       add_ln144_1_fu_1480_p2                                                    |     |        | add_ln144_1     | add       | fabric                   | 0       |
|       icmp_ln144_fu_1486_p2                                                     |     |        | icmp_ln144      | seteq     | auto                     | 0       |
|       icmp_ln144_1_fu_1491_p2                                                   |     |        | icmp_ln144_1    | seteq     | auto                     | 0       |
|       icmp_ln144_2_fu_1496_p2                                                   |     |        | icmp_ln144_2    | seteq     | auto                     | 0       |
|       icmp_ln144_3_fu_1501_p2                                                   |     |        | icmp_ln144_3    | seteq     | auto                     | 0       |
|       icmp_ln144_4_fu_1506_p2                                                   |     |        | icmp_ln144_4    | seteq     | auto                     | 0       |
|       icmp_ln144_5_fu_1511_p2                                                   |     |        | icmp_ln144_5    | seteq     | auto                     | 0       |
|       icmp_ln144_6_fu_1516_p2                                                   |     |        | icmp_ln144_6    | seteq     | auto                     | 0       |
|       icmp_ln144_7_fu_1521_p2                                                   |     |        | icmp_ln144_7    | setne     | auto                     | 0       |
|       or_ln144_fu_1527_p2                                                       |     |        | or_ln144        | or        | auto                     | 0       |
|       or_ln144_1_fu_1533_p2                                                     |     |        | or_ln144_1      | or        | auto                     | 0       |
|       or_ln144_2_fu_1539_p2                                                     |     |        | or_ln144_2      | or        | auto                     | 0       |
|       or_ln144_3_fu_1545_p2                                                     |     |        | or_ln144_3      | or        | auto                     | 0       |
|       or_ln144_4_fu_1551_p2                                                     |     |        | or_ln144_4      | or        | auto                     | 0       |
|       or_ln144_5_fu_1557_p2                                                     |     |        | or_ln144_5      | or        | auto                     | 0       |
|       or_ln144_6_fu_1563_p2                                                     |     |        | or_ln144_6      | or        | auto                     | 0       |
|       acc_8_fu_1569_p3                                                          |     |        | acc_8           | select    | auto_sel                 | 0       |
|       or_ln144_7_fu_1637_p2                                                     |     |        | or_ln144_7      | or        | auto                     | 0       |
|       or_ln144_8_fu_1641_p2                                                     |     |        | or_ln144_8      | or        | auto                     | 0       |
|       acc_24_fu_1646_p3                                                         |     |        | acc_24          | select    | auto_sel                 | 0       |
|       acc_23_fu_1581_p3                                                         |     |        | acc_23          | select    | auto_sel                 | 0       |
|       acc_22_fu_1589_p3                                                         |     |        | acc_22          | select    | auto_sel                 | 0       |
|       acc_21_fu_1597_p3                                                         |     |        | acc_21          | select    | auto_sel                 | 0       |
|       acc_20_fu_1605_p3                                                         |     |        | acc_20          | select    | auto_sel                 | 0       |
|       acc_19_fu_1613_p3                                                         |     |        | acc_19          | select    | auto_sel                 | 0       |
|       acc_18_fu_1621_p3                                                         |     |        | acc_18          | select    | auto_sel                 | 0       |
|       acc_17_fu_1629_p3                                                         |     |        | acc_17          | select    | auto_sel                 | 0       |
|       in_index_3_fu_1371_p2                                                     |     |        | in_index_3      | add       | fabric                   | 0       |
|       icmp_ln154_fu_1377_p2                                                     |     |        | icmp_ln154      | setgt     | auto                     | 0       |
|       in_index_4_fu_1383_p3                                                     |     |        | in_index_4      | select    | auto_sel                 | 0       |
|       w_index_fu_1104_p2                                                        |     |        | w_index         | add       | fabric                   | 0       |
|       icmp_ln135_fu_1110_p2                                                     |     |        | icmp_ln135      | seteq     | auto                     | 0       |
|       add_ln111_fu_1672_p2                                                      |     |        | add_ln111       | add       | fabric                   | 0       |
|       add_ln111_1_fu_1698_p2                                                    |     |        | add_ln111_1     | add       | fabric                   | 0       |
|       add_ln111_2_fu_1724_p2                                                    |     |        | add_ln111_2     | add       | fabric                   | 0       |
|       add_ln111_3_fu_1750_p2                                                    |     |        | add_ln111_3     | add       | fabric                   | 0       |
|       add_ln111_4_fu_1776_p2                                                    |     |        | add_ln111_4     | add       | fabric                   | 0       |
|       add_ln111_5_fu_1802_p2                                                    |     |        | add_ln111_5     | add       | fabric                   | 0       |
|       add_ln111_6_fu_1828_p2                                                    |     |        | add_ln111_6     | add       | fabric                   | 0       |
|       add_ln111_7_fu_1856_p2                                                    |     |        | add_ln111_7     | add       | fabric                   | 0       |
|   + relu_array_ap_fixed_8u_array_ap_fixed_9_3_0_3_0_8u_relu_config3_s           | 0   |        |                 |           |                          |         |
|     icmp_ln51_fu_261_p2                                                         |     |        | icmp_ln51       | setgt     | auto                     | 0       |
|     select_ln51_fu_267_p3                                                       |     |        | select_ln51     | select    | auto_sel                 | 0       |
|     icmp_ln51_1_fu_275_p2                                                       |     |        | icmp_ln51_1     | setgt     | auto                     | 0       |
|     select_ln51_1_fu_281_p3                                                     |     |        | select_ln51_1   | select    | auto_sel                 | 0       |
|     icmp_ln51_2_fu_289_p2                                                       |     |        | icmp_ln51_2     | setgt     | auto                     | 0       |
|     select_ln51_2_fu_295_p3                                                     |     |        | select_ln51_2   | select    | auto_sel                 | 0       |
|     icmp_ln51_3_fu_303_p2                                                       |     |        | icmp_ln51_3     | setgt     | auto                     | 0       |
|     select_ln51_3_fu_309_p3                                                     |     |        | select_ln51_3   | select    | auto_sel                 | 0       |
|     icmp_ln51_4_fu_317_p2                                                       |     |        | icmp_ln51_4     | setgt     | auto                     | 0       |
|     select_ln51_4_fu_323_p3                                                     |     |        | select_ln51_4   | select    | auto_sel                 | 0       |
|     icmp_ln51_5_fu_331_p2                                                       |     |        | icmp_ln51_5     | setgt     | auto                     | 0       |
|     select_ln51_5_fu_337_p3                                                     |     |        | select_ln51_5   | select    | auto_sel                 | 0       |
|     icmp_ln51_6_fu_345_p2                                                       |     |        | icmp_ln51_6     | setgt     | auto                     | 0       |
|     select_ln51_6_fu_351_p3                                                     |     |        | select_ln51_6   | select    | auto_sel                 | 0       |
|     icmp_ln51_7_fu_359_p2                                                       |     |        | icmp_ln51_7     | setgt     | auto                     | 0       |
|     select_ln51_7_fu_365_p3                                                     |     |        | select_ln51_7   | select    | auto_sel                 | 0       |
|     i_3_fu_373_p2                                                               |     |        | i_3             | add       | fabric                   | 0       |
|     icmp_ln41_fu_379_p2                                                         |     |        | icmp_ln41       | seteq     | auto                     | 0       |
|   + pooling2d_cl_array_ap_fixed_8u_array_ap_fixed_9_3_0_3_0_8u_config4_s        | 0   |        |                 |           |                          |         |
|     select_ln241_fu_760_p3                                                      |     |        | select_ln241    | select    | auto_sel                 | 0       |
|     select_ln241_1_fu_768_p3                                                    |     |        | select_ln241_1  | select    | auto_sel                 | 0       |
|     select_ln241_2_fu_776_p3                                                    |     |        | select_ln241_2  | select    | auto_sel                 | 0       |
|     select_ln241_3_fu_784_p3                                                    |     |        | select_ln241_3  | select    | auto_sel                 | 0       |
|     select_ln241_4_fu_792_p3                                                    |     |        | select_ln241_4  | select    | auto_sel                 | 0       |
|     select_ln241_5_fu_800_p3                                                    |     |        | select_ln241_5  | select    | auto_sel                 | 0       |
|     select_ln241_6_fu_808_p3                                                    |     |        | select_ln241_6  | select    | auto_sel                 | 0       |
|     icmp_ln191_fu_597_p2                                                        |     |        | icmp_ln191      | seteq     | auto                     | 0       |
|     add_ln241_fu_607_p2                                                         |     |        | add_ln241       | add       | fabric                   | 0       |
|     icmp_ln191_1_fu_820_p2                                                      |     |        | icmp_ln191_1    | seteq     | auto                     | 0       |
|     icmp_ln191_2_fu_617_p2                                                      |     |        | icmp_ln191_2    | setgt     | auto                     | 0       |
|     icmp_ln191_3_fu_623_p2                                                      |     |        | icmp_ln191_3    | setgt     | auto                     | 0       |
|     and_ln191_fu_826_p2                                                         |     |        | and_ln191       | and       | auto                     | 0       |
|     and_ln191_1_fu_830_p2                                                       |     |        | and_ln191_1     | and       | auto                     | 0       |
|     select_ln24152_fu_879_p3                                                    |     |        | select_ln24152  | select    | auto_sel                 | 0       |
|     icmp_ln66_fu_902_p2                                                         |     |        | icmp_ln66       | setlt     | auto                     | 0       |
|     xor_ln66_fu_908_p2                                                          |     |        | xor_ln66        | xor       | auto                     | 0       |
|     select_ln0_fu_914_p3                                                        |     |        | select_ln0      | select    | auto_sel                 | 0       |
|     icmp_ln66_1_fu_922_p2                                                       |     |        | icmp_ln66_1     | setlt     | auto                     | 0       |
|     xor_ln66_1_fu_928_p2                                                        |     |        | xor_ln66_1      | xor       | auto                     | 0       |
|     select_ln0_1_fu_934_p3                                                      |     |        | select_ln0_1    | select    | auto_sel                 | 0       |
|     icmp_ln66_2_fu_942_p2                                                       |     |        | icmp_ln66_2     | setlt     | auto                     | 0       |
|     xor_ln66_2_fu_948_p2                                                        |     |        | xor_ln66_2      | xor       | auto                     | 0       |
|     select_ln66_fu_954_p3                                                       |     |        | select_ln66     | select    | auto_sel                 | 0       |
|     res_pack_fu_1905_p2                                                         |     |        | res_pack        | add       | fabric                   | 0       |
|     icmp_ln66_3_fu_1011_p2                                                      |     |        | icmp_ln66_3     | setlt     | auto                     | 0       |
|     xor_ln66_3_fu_1017_p2                                                       |     |        | xor_ln66_3      | xor       | auto                     | 0       |
|     select_ln0_2_fu_1023_p3                                                     |     |        | select_ln0_2    | select    | auto_sel                 | 0       |
|     icmp_ln66_4_fu_1031_p2                                                      |     |        | icmp_ln66_4     | setlt     | auto                     | 0       |
|     xor_ln66_4_fu_1037_p2                                                       |     |        | xor_ln66_4      | xor       | auto                     | 0       |
|     select_ln0_3_fu_1043_p3                                                     |     |        | select_ln0_3    | select    | auto_sel                 | 0       |
|     icmp_ln66_5_fu_1051_p2                                                      |     |        | icmp_ln66_5     | setlt     | auto                     | 0       |
|     xor_ln66_5_fu_1057_p2                                                       |     |        | xor_ln66_5      | xor       | auto                     | 0       |
|     select_ln66_1_fu_1063_p3                                                    |     |        | select_ln66_1   | select    | auto_sel                 | 0       |
|     res_pack_1_fu_1913_p2                                                       |     |        | res_pack_1      | add       | fabric                   | 0       |
|     icmp_ln66_6_fu_1120_p2                                                      |     |        | icmp_ln66_6     | setlt     | auto                     | 0       |
|     xor_ln66_6_fu_1126_p2                                                       |     |        | xor_ln66_6      | xor       | auto                     | 0       |
|     select_ln0_4_fu_1132_p3                                                     |     |        | select_ln0_4    | select    | auto_sel                 | 0       |
|     icmp_ln66_7_fu_1140_p2                                                      |     |        | icmp_ln66_7     | setlt     | auto                     | 0       |
|     xor_ln66_7_fu_1146_p2                                                       |     |        | xor_ln66_7      | xor       | auto                     | 0       |
|     select_ln0_5_fu_1152_p3                                                     |     |        | select_ln0_5    | select    | auto_sel                 | 0       |
|     icmp_ln66_8_fu_1160_p2                                                      |     |        | icmp_ln66_8     | setlt     | auto                     | 0       |
|     xor_ln66_8_fu_1166_p2                                                       |     |        | xor_ln66_8      | xor       | auto                     | 0       |
|     select_ln66_2_fu_1172_p3                                                    |     |        | select_ln66_2   | select    | auto_sel                 | 0       |
|     res_pack_2_fu_1921_p2                                                       |     |        | res_pack_2      | add       | fabric                   | 0       |
|     icmp_ln66_9_fu_1229_p2                                                      |     |        | icmp_ln66_9     | setlt     | auto                     | 0       |
|     xor_ln66_9_fu_1235_p2                                                       |     |        | xor_ln66_9      | xor       | auto                     | 0       |
|     select_ln0_6_fu_1241_p3                                                     |     |        | select_ln0_6    | select    | auto_sel                 | 0       |
|     icmp_ln66_10_fu_1249_p2                                                     |     |        | icmp_ln66_10    | setlt     | auto                     | 0       |
|     xor_ln66_10_fu_1255_p2                                                      |     |        | xor_ln66_10     | xor       | auto                     | 0       |
|     select_ln0_7_fu_1261_p3                                                     |     |        | select_ln0_7    | select    | auto_sel                 | 0       |
|     icmp_ln66_11_fu_1269_p2                                                     |     |        | icmp_ln66_11    | setlt     | auto                     | 0       |
|     xor_ln66_11_fu_1275_p2                                                      |     |        | xor_ln66_11     | xor       | auto                     | 0       |
|     select_ln66_3_fu_1281_p3                                                    |     |        | select_ln66_3   | select    | auto_sel                 | 0       |
|     res_pack_3_fu_1929_p2                                                       |     |        | res_pack_3      | add       | fabric                   | 0       |
|     icmp_ln66_12_fu_1338_p2                                                     |     |        | icmp_ln66_12    | setlt     | auto                     | 0       |
|     xor_ln66_12_fu_1344_p2                                                      |     |        | xor_ln66_12     | xor       | auto                     | 0       |
|     select_ln0_8_fu_1350_p3                                                     |     |        | select_ln0_8    | select    | auto_sel                 | 0       |
|     icmp_ln66_13_fu_1358_p2                                                     |     |        | icmp_ln66_13    | setlt     | auto                     | 0       |
|     xor_ln66_13_fu_1364_p2                                                      |     |        | xor_ln66_13     | xor       | auto                     | 0       |
|     select_ln0_9_fu_1370_p3                                                     |     |        | select_ln0_9    | select    | auto_sel                 | 0       |
|     icmp_ln66_14_fu_1378_p2                                                     |     |        | icmp_ln66_14    | setlt     | auto                     | 0       |
|     xor_ln66_14_fu_1384_p2                                                      |     |        | xor_ln66_14     | xor       | auto                     | 0       |
|     select_ln66_4_fu_1390_p3                                                    |     |        | select_ln66_4   | select    | auto_sel                 | 0       |
|     res_pack_4_fu_1937_p2                                                       |     |        | res_pack_4      | add       | fabric                   | 0       |
|     icmp_ln66_15_fu_1447_p2                                                     |     |        | icmp_ln66_15    | setlt     | auto                     | 0       |
|     xor_ln66_15_fu_1453_p2                                                      |     |        | xor_ln66_15     | xor       | auto                     | 0       |
|     select_ln0_10_fu_1459_p3                                                    |     |        | select_ln0_10   | select    | auto_sel                 | 0       |
|     icmp_ln66_16_fu_1467_p2                                                     |     |        | icmp_ln66_16    | setlt     | auto                     | 0       |
|     xor_ln66_16_fu_1473_p2                                                      |     |        | xor_ln66_16     | xor       | auto                     | 0       |
|     select_ln0_11_fu_1479_p3                                                    |     |        | select_ln0_11   | select    | auto_sel                 | 0       |
|     icmp_ln66_17_fu_1487_p2                                                     |     |        | icmp_ln66_17    | setlt     | auto                     | 0       |
|     xor_ln66_17_fu_1493_p2                                                      |     |        | xor_ln66_17     | xor       | auto                     | 0       |
|     select_ln66_5_fu_1499_p3                                                    |     |        | select_ln66_5   | select    | auto_sel                 | 0       |
|     res_pack_5_fu_1945_p2                                                       |     |        | res_pack_5      | add       | fabric                   | 0       |
|     icmp_ln66_18_fu_1556_p2                                                     |     |        | icmp_ln66_18    | setlt     | auto                     | 0       |
|     xor_ln66_18_fu_1562_p2                                                      |     |        | xor_ln66_18     | xor       | auto                     | 0       |
|     select_ln0_12_fu_1568_p3                                                    |     |        | select_ln0_12   | select    | auto_sel                 | 0       |
|     icmp_ln66_19_fu_1576_p2                                                     |     |        | icmp_ln66_19    | setlt     | auto                     | 0       |
|     xor_ln66_19_fu_1582_p2                                                      |     |        | xor_ln66_19     | xor       | auto                     | 0       |
|     select_ln0_13_fu_1588_p3                                                    |     |        | select_ln0_13   | select    | auto_sel                 | 0       |
|     icmp_ln66_20_fu_1596_p2                                                     |     |        | icmp_ln66_20    | setlt     | auto                     | 0       |
|     xor_ln66_20_fu_1602_p2                                                      |     |        | xor_ln66_20     | xor       | auto                     | 0       |
|     select_ln66_6_fu_1608_p3                                                    |     |        | select_ln66_6   | select    | auto_sel                 | 0       |
|     res_pack_6_fu_1953_p2                                                       |     |        | res_pack_6      | add       | fabric                   | 0       |
|     icmp_ln66_21_fu_1665_p2                                                     |     |        | icmp_ln66_21    | setlt     | auto                     | 0       |
|     xor_ln66_21_fu_1671_p2                                                      |     |        | xor_ln66_21     | xor       | auto                     | 0       |
|     select_ln0_14_fu_1677_p3                                                    |     |        | select_ln0_14   | select    | auto_sel                 | 0       |
|     icmp_ln66_22_fu_1685_p2                                                     |     |        | icmp_ln66_22    | setlt     | auto                     | 0       |
|     xor_ln66_22_fu_1691_p2                                                      |     |        | xor_ln66_22     | xor       | auto                     | 0       |
|     select_ln0_15_fu_1697_p3                                                    |     |        | select_ln0_15   | select    | auto_sel                 | 0       |
|     icmp_ln66_23_fu_1705_p2                                                     |     |        | icmp_ln66_23    | setlt     | auto                     | 0       |
|     xor_ln66_23_fu_1711_p2                                                      |     |        | xor_ln66_23     | xor       | auto                     | 0       |
|     select_ln66_7_fu_1717_p3                                                    |     |        | select_ln66_7   | select    | auto_sel                 | 0       |
|     res_pack_7_fu_1961_p2                                                       |     |        | res_pack_7      | add       | fabric                   | 0       |
|     add_ln212_fu_629_p2                                                         |     |        | add_ln212       | add       | fabric                   | 0       |
|     icmp_ln212_fu_635_p2                                                        |     |        | icmp_ln212      | seteq     | auto                     | 0       |
|     add_ln227_fu_647_p2                                                         |     |        | add_ln227       | add       | fabric                   | 0       |
|     select_ln227_fu_653_p3                                                      |     |        | select_ln227    | select    | auto_sel                 | 0       |
|     add_ln216_fu_683_p2                                                         |     |        | add_ln216       | add       | fabric                   | 0       |
|     icmp_ln216_fu_689_p2                                                        |     |        | icmp_ln216      | seteq     | auto                     | 0       |
|     icmp_ln222_fu_1747_p2                                                       |     |        | icmp_ln222      | seteq     | auto                     | 0       |
|     add_ln222_fu_1753_p2                                                        |     |        | add_ln222       | add       | fabric                   | 0       |
|     select_ln222_fu_1759_p3                                                     |     |        | select_ln222    | select    | auto_sel                 | 0       |
|     add_ln243_fu_1777_p2                                                        |     |        | add_ln243       | add       | fabric                   | 0       |
|     i_iw_2_fu_1783_p3                                                           |     |        | i_iw_2          | select    | auto_sel                 | 0       |
|     icmp_ln243_fu_1791_p2                                                       |     |        | icmp_ln243      | seteq     | auto                     | 0       |
|     icmp_ln241_fu_707_p2                                                        |     |        | icmp_ln241      | seteq     | auto                     | 0       |
|   + conv_2d_cl_array_ap_fixed_8u_array_ap_fixed_10_4_0_3_0_14u_config5_s        | 0   |        |                 |           |                          |         |
|     icmp_ln85_fu_472_p2                                                         |     |        | icmp_ln85       | seteq     | auto                     | 0       |
|     add_ln85_fu_478_p2                                                          |     |        | add_ln85        | add       | fabric                   | 0       |
|    + compute_output_buffer_2d_array_array_ap_fixed_10_4_0_3_0_14u_config5_s     | 0   |        |                 |           |                          |         |
|      icmp_ln284_fu_655_p2                                                       |     |        | icmp_ln284      | seteq     | auto                     | 0       |
|      icmp_ln284_1_fu_673_p2                                                     |     |        | icmp_ln284_1    | seteq     | auto                     | 0       |
|      icmp_ln284_7_fu_689_p2                                                     |     |        | icmp_ln284_7    | setgt     | auto                     | 0       |
|      icmp_ln284_8_fu_705_p2                                                     |     |        | icmp_ln284_8    | setgt     | auto                     | 0       |
|      and_ln284_fu_711_p2                                                        |     |        | and_ln284       | and       | auto                     | 0       |
|      and_ln284_1_fu_717_p2                                                      |     |        | and_ln284_1     | and       | auto                     | 0       |
|      add_ln303_fu_798_p2                                                        |     |        | add_ln303       | add       | fabric                   | 0       |
|      icmp_ln303_fu_803_p2                                                       |     |        | icmp_ln303      | seteq     | auto                     | 0       |
|      add_ln318_fu_815_p2                                                        |     |        | add_ln318       | add       | fabric                   | 0       |
|      select_ln318_fu_820_p3                                                     |     |        | select_ln318    | select    | auto_sel                 | 0       |
|      add_ln307_fu_845_p2                                                        |     |        | add_ln307       | add       | fabric                   | 0       |
|      icmp_ln307_fu_850_p2                                                       |     |        | icmp_ln307      | seteq     | auto                     | 0       |
|      icmp_ln313_fu_862_p2                                                       |     |        | icmp_ln313      | seteq     | auto                     | 0       |
|      add_ln313_fu_867_p2                                                        |     |        | add_ln313       | add       | fabric                   | 0       |
|      select_ln313_fu_872_p3                                                     |     |        | select_ln313    | select    | auto_sel                 | 0       |
|     + dense_resource_rf_gt_nin_rem0_ap_fixed_ap_fixed_10_4_0_3_0_config5_mult_s | 0   |        |                 |           |                          |         |
|       sparsemux_145_7_9_1_1_U167                                                |     |        | a               | sparsemux | compactencoding_dontcare | 0       |
|       mul_9s_8s_17_1_1_U168                                                     |     |        | mul_ln73        | mul       | auto                     | 0       |
|       add_ln144_fu_4678_p2                                                      |     |        | add_ln144       | add       | fabric                   | 0       |
|       sparsemux_29_4_16_1_1_U169                                                |     |        | tmp_42_i        | sparsemux | compactencoding_dontcare | 0       |
|       add_ln144_1_fu_4755_p2                                                    |     |        | add_ln144_1     | add       | fabric                   | 0       |
|       icmp_ln144_fu_4761_p2                                                     |     |        | icmp_ln144      | seteq     | auto                     | 0       |
|       w_index_fu_4609_p2                                                        |     |        | w_index         | add       | fabric                   | 0       |
|       in_index_fu_4615_p2                                                       |     |        | in_index        | add       | fabric                   | 0       |
|       icmp_ln154_fu_4621_p2                                                     |     |        | icmp_ln154      | setgt     | auto                     | 0       |
|       in_index_10_fu_4627_p3                                                    |     |        | in_index_10     | select    | auto_sel                 | 0       |
|       icmp_ln135_fu_4635_p2                                                     |     |        | icmp_ln135      | seteq     | auto                     | 0       |
|       add_ln111_fu_4878_p2                                                      |     |        | add_ln111       | add       | fabric                   | 0       |
|       add_ln111_1_fu_4906_p2                                                    |     |        | add_ln111_1     | add       | fabric                   | 0       |
|       add_ln111_2_fu_4934_p2                                                    |     |        | add_ln111_2     | add       | fabric                   | 0       |
|       add_ln111_3_fu_4962_p2                                                    |     |        | add_ln111_3     | add       | fabric                   | 0       |
|       add_ln111_4_fu_4990_p2                                                    |     |        | add_ln111_4     | add       | fabric                   | 0       |
|       add_ln111_5_fu_5018_p2                                                    |     |        | add_ln111_5     | add       | fabric                   | 0       |
|       add_ln111_6_fu_5046_p2                                                    |     |        | add_ln111_6     | add       | fabric                   | 0       |
|       add_ln111_7_fu_5074_p2                                                    |     |        | add_ln111_7     | add       | fabric                   | 0       |
|       add_ln111_8_fu_5102_p2                                                    |     |        | add_ln111_8     | add       | fabric                   | 0       |
|       add_ln111_9_fu_5130_p2                                                    |     |        | add_ln111_9     | add       | fabric                   | 0       |
|       add_ln111_10_fu_5158_p2                                                   |     |        | add_ln111_10    | add       | fabric                   | 0       |
|       add_ln111_11_fu_5186_p2                                                   |     |        | add_ln111_11    | add       | fabric                   | 0       |
|       add_ln111_12_fu_5214_p2                                                   |     |        | add_ln111_12    | add       | fabric                   | 0       |
|       add_ln111_13_fu_5242_p2                                                   |     |        | add_ln111_13    | add       | fabric                   | 0       |
|   + relu_array_ap_fixed_14u_array_ap_fixed_10_4_0_3_0_14u_relu_config6_s        | 0   |        |                 |           |                          |         |
|     icmp_ln51_fu_417_p2                                                         |     |        | icmp_ln51       | setgt     | auto                     | 0       |
|     select_ln51_fu_423_p3                                                       |     |        | select_ln51     | select    | auto_sel                 | 0       |
|     icmp_ln51_62_fu_431_p2                                                      |     |        | icmp_ln51_62    | setgt     | auto                     | 0       |
|     select_ln51_62_fu_437_p3                                                    |     |        | select_ln51_62  | select    | auto_sel                 | 0       |
|     icmp_ln51_63_fu_445_p2                                                      |     |        | icmp_ln51_63    | setgt     | auto                     | 0       |
|     select_ln51_63_fu_451_p3                                                    |     |        | select_ln51_63  | select    | auto_sel                 | 0       |
|     icmp_ln51_64_fu_459_p2                                                      |     |        | icmp_ln51_64    | setgt     | auto                     | 0       |
|     select_ln51_64_fu_465_p3                                                    |     |        | select_ln51_64  | select    | auto_sel                 | 0       |
|     icmp_ln51_65_fu_473_p2                                                      |     |        | icmp_ln51_65    | setgt     | auto                     | 0       |
|     select_ln51_65_fu_479_p3                                                    |     |        | select_ln51_65  | select    | auto_sel                 | 0       |
|     icmp_ln51_66_fu_487_p2                                                      |     |        | icmp_ln51_66    | setgt     | auto                     | 0       |
|     select_ln51_66_fu_493_p3                                                    |     |        | select_ln51_66  | select    | auto_sel                 | 0       |
|     icmp_ln51_67_fu_501_p2                                                      |     |        | icmp_ln51_67    | setgt     | auto                     | 0       |
|     select_ln51_67_fu_507_p3                                                    |     |        | select_ln51_67  | select    | auto_sel                 | 0       |
|     icmp_ln51_68_fu_515_p2                                                      |     |        | icmp_ln51_68    | setgt     | auto                     | 0       |
|     select_ln51_68_fu_521_p3                                                    |     |        | select_ln51_68  | select    | auto_sel                 | 0       |
|     icmp_ln51_69_fu_529_p2                                                      |     |        | icmp_ln51_69    | setgt     | auto                     | 0       |
|     select_ln51_69_fu_535_p3                                                    |     |        | select_ln51_69  | select    | auto_sel                 | 0       |
|     icmp_ln51_70_fu_543_p2                                                      |     |        | icmp_ln51_70    | setgt     | auto                     | 0       |
|     select_ln51_70_fu_549_p3                                                    |     |        | select_ln51_70  | select    | auto_sel                 | 0       |
|     icmp_ln51_71_fu_557_p2                                                      |     |        | icmp_ln51_71    | setgt     | auto                     | 0       |
|     select_ln51_71_fu_563_p3                                                    |     |        | select_ln51_71  | select    | auto_sel                 | 0       |
|     icmp_ln51_72_fu_571_p2                                                      |     |        | icmp_ln51_72    | setgt     | auto                     | 0       |
|     select_ln51_72_fu_577_p3                                                    |     |        | select_ln51_72  | select    | auto_sel                 | 0       |
|     icmp_ln51_73_fu_585_p2                                                      |     |        | icmp_ln51_73    | setgt     | auto                     | 0       |
|     select_ln51_73_fu_591_p3                                                    |     |        | select_ln51_73  | select    | auto_sel                 | 0       |
|     icmp_ln51_74_fu_599_p2                                                      |     |        | icmp_ln51_74    | setgt     | auto                     | 0       |
|     select_ln51_74_fu_605_p3                                                    |     |        | select_ln51_74  | select    | auto_sel                 | 0       |
|     i_9_fu_613_p2                                                               |     |        | i_9             | add       | fabric                   | 0       |
|     icmp_ln41_fu_619_p2                                                         |     |        | icmp_ln41       | seteq     | auto                     | 0       |
|   + pooling2d_cl_array_array_ap_fixed_10_4_0_3_0_14u_config7_s                  | 0   |        |                 |           |                          |         |
|     select_ln241_fu_1150_p3                                                     |     |        | select_ln241    | select    | auto_sel                 | 0       |
|     select_ln241_7_fu_1158_p3                                                   |     |        | select_ln241_7  | select    | auto_sel                 | 0       |
|     select_ln241_8_fu_1166_p3                                                   |     |        | select_ln241_8  | select    | auto_sel                 | 0       |
|     select_ln241_9_fu_1174_p3                                                   |     |        | select_ln241_9  | select    | auto_sel                 | 0       |
|     select_ln241_10_fu_1182_p3                                                  |     |        | select_ln241_10 | select    | auto_sel                 | 0       |
|     select_ln241_11_fu_1190_p3                                                  |     |        | select_ln241_11 | select    | auto_sel                 | 0       |
|     select_ln241_12_fu_1198_p3                                                  |     |        | select_ln241_12 | select    | auto_sel                 | 0       |
|     select_ln241_13_fu_1206_p3                                                  |     |        | select_ln241_13 | select    | auto_sel                 | 0       |
|     select_ln241_14_fu_1214_p3                                                  |     |        | select_ln241_14 | select    | auto_sel                 | 0       |
|     select_ln241_15_fu_1222_p3                                                  |     |        | select_ln241_15 | select    | auto_sel                 | 0       |
|     select_ln241_16_fu_1230_p3                                                  |     |        | select_ln241_16 | select    | auto_sel                 | 0       |
|     select_ln241_17_fu_1238_p3                                                  |     |        | select_ln241_17 | select    | auto_sel                 | 0       |
|     select_ln241_18_fu_1246_p3                                                  |     |        | select_ln241_18 | select    | auto_sel                 | 0       |
|     icmp_ln191_fu_951_p2                                                        |     |        | icmp_ln191      | seteq     | auto                     | 0       |
|     add_ln241_fu_961_p2                                                         |     |        | add_ln241       | add       | fabric                   | 0       |
|     icmp_ln191_4_fu_1258_p2                                                     |     |        | icmp_ln191_4    | seteq     | auto                     | 0       |
|     icmp_ln191_5_fu_971_p2                                                      |     |        | icmp_ln191_5    | setgt     | auto                     | 0       |
|     icmp_ln191_6_fu_977_p2                                                      |     |        | icmp_ln191_6    | setgt     | auto                     | 0       |
|     and_ln191_fu_1264_p2                                                        |     |        | and_ln191       | and       | auto                     | 0       |
|     and_ln191_2_fu_1268_p2                                                      |     |        | and_ln191_2     | and       | auto                     | 0       |
|     select_ln24177_fu_1335_p3                                                   |     |        | select_ln24177  | select    | auto_sel                 | 0       |
|     icmp_ln66_fu_1358_p2                                                        |     |        | icmp_ln66       | setlt     | auto                     | 0       |
|     xor_ln66_fu_1364_p2                                                         |     |        | xor_ln66        | xor       | auto                     | 0       |
|     select_ln0_fu_1370_p3                                                       |     |        | select_ln0      | select    | auto_sel                 | 0       |
|     icmp_ln66_24_fu_1378_p2                                                     |     |        | icmp_ln66_24    | setlt     | auto                     | 0       |
|     xor_ln66_24_fu_1384_p2                                                      |     |        | xor_ln66_24     | xor       | auto                     | 0       |
|     select_ln0_16_fu_1390_p3                                                    |     |        | select_ln0_16   | select    | auto_sel                 | 0       |
|     icmp_ln66_25_fu_1398_p2                                                     |     |        | icmp_ln66_25    | setlt     | auto                     | 0       |
|     xor_ln66_25_fu_1404_p2                                                      |     |        | xor_ln66_25     | xor       | auto                     | 0       |
|     select_ln66_fu_1410_p3                                                      |     |        | select_ln66     | select    | auto_sel                 | 0       |
|     res_pack_fu_3093_p2                                                         |     |        | res_pack        | add       | fabric                   | 0       |
|     icmp_ln66_26_fu_1467_p2                                                     |     |        | icmp_ln66_26    | setlt     | auto                     | 0       |
|     xor_ln66_26_fu_1473_p2                                                      |     |        | xor_ln66_26     | xor       | auto                     | 0       |
|     select_ln0_17_fu_1479_p3                                                    |     |        | select_ln0_17   | select    | auto_sel                 | 0       |
|     icmp_ln66_27_fu_1487_p2                                                     |     |        | icmp_ln66_27    | setlt     | auto                     | 0       |
|     xor_ln66_27_fu_1493_p2                                                      |     |        | xor_ln66_27     | xor       | auto                     | 0       |
|     select_ln0_18_fu_1499_p3                                                    |     |        | select_ln0_18   | select    | auto_sel                 | 0       |
|     icmp_ln66_28_fu_1507_p2                                                     |     |        | icmp_ln66_28    | setlt     | auto                     | 0       |
|     xor_ln66_28_fu_1513_p2                                                      |     |        | xor_ln66_28     | xor       | auto                     | 0       |
|     select_ln66_8_fu_1519_p3                                                    |     |        | select_ln66_8   | select    | auto_sel                 | 0       |
|     res_pack_8_fu_3101_p2                                                       |     |        | res_pack_8      | add       | fabric                   | 0       |
|     icmp_ln66_29_fu_1576_p2                                                     |     |        | icmp_ln66_29    | setlt     | auto                     | 0       |
|     xor_ln66_29_fu_1582_p2                                                      |     |        | xor_ln66_29     | xor       | auto                     | 0       |
|     select_ln0_19_fu_1588_p3                                                    |     |        | select_ln0_19   | select    | auto_sel                 | 0       |
|     icmp_ln66_30_fu_1596_p2                                                     |     |        | icmp_ln66_30    | setlt     | auto                     | 0       |
|     xor_ln66_30_fu_1602_p2                                                      |     |        | xor_ln66_30     | xor       | auto                     | 0       |
|     select_ln0_20_fu_1608_p3                                                    |     |        | select_ln0_20   | select    | auto_sel                 | 0       |
|     icmp_ln66_31_fu_1616_p2                                                     |     |        | icmp_ln66_31    | setlt     | auto                     | 0       |
|     xor_ln66_31_fu_1622_p2                                                      |     |        | xor_ln66_31     | xor       | auto                     | 0       |
|     select_ln66_9_fu_1628_p3                                                    |     |        | select_ln66_9   | select    | auto_sel                 | 0       |
|     res_pack_9_fu_3109_p2                                                       |     |        | res_pack_9      | add       | fabric                   | 0       |
|     icmp_ln66_32_fu_1685_p2                                                     |     |        | icmp_ln66_32    | setlt     | auto                     | 0       |
|     xor_ln66_32_fu_1691_p2                                                      |     |        | xor_ln66_32     | xor       | auto                     | 0       |
|     select_ln0_21_fu_1697_p3                                                    |     |        | select_ln0_21   | select    | auto_sel                 | 0       |
|     icmp_ln66_33_fu_1705_p2                                                     |     |        | icmp_ln66_33    | setlt     | auto                     | 0       |
|     xor_ln66_33_fu_1711_p2                                                      |     |        | xor_ln66_33     | xor       | auto                     | 0       |
|     select_ln0_22_fu_1717_p3                                                    |     |        | select_ln0_22   | select    | auto_sel                 | 0       |
|     icmp_ln66_34_fu_1725_p2                                                     |     |        | icmp_ln66_34    | setlt     | auto                     | 0       |
|     xor_ln66_34_fu_1731_p2                                                      |     |        | xor_ln66_34     | xor       | auto                     | 0       |
|     select_ln66_10_fu_1737_p3                                                   |     |        | select_ln66_10  | select    | auto_sel                 | 0       |
|     res_pack_10_fu_3117_p2                                                      |     |        | res_pack_10     | add       | fabric                   | 0       |
|     icmp_ln66_35_fu_1794_p2                                                     |     |        | icmp_ln66_35    | setlt     | auto                     | 0       |
|     xor_ln66_35_fu_1800_p2                                                      |     |        | xor_ln66_35     | xor       | auto                     | 0       |
|     select_ln0_23_fu_1806_p3                                                    |     |        | select_ln0_23   | select    | auto_sel                 | 0       |
|     icmp_ln66_36_fu_1814_p2                                                     |     |        | icmp_ln66_36    | setlt     | auto                     | 0       |
|     xor_ln66_36_fu_1820_p2                                                      |     |        | xor_ln66_36     | xor       | auto                     | 0       |
|     select_ln0_24_fu_1826_p3                                                    |     |        | select_ln0_24   | select    | auto_sel                 | 0       |
|     icmp_ln66_37_fu_1834_p2                                                     |     |        | icmp_ln66_37    | setlt     | auto                     | 0       |
|     xor_ln66_37_fu_1840_p2                                                      |     |        | xor_ln66_37     | xor       | auto                     | 0       |
|     select_ln66_11_fu_1846_p3                                                   |     |        | select_ln66_11  | select    | auto_sel                 | 0       |
|     res_pack_11_fu_3125_p2                                                      |     |        | res_pack_11     | add       | fabric                   | 0       |
|     icmp_ln66_38_fu_1903_p2                                                     |     |        | icmp_ln66_38    | setlt     | auto                     | 0       |
|     xor_ln66_38_fu_1909_p2                                                      |     |        | xor_ln66_38     | xor       | auto                     | 0       |
|     select_ln0_25_fu_1915_p3                                                    |     |        | select_ln0_25   | select    | auto_sel                 | 0       |
|     icmp_ln66_39_fu_1923_p2                                                     |     |        | icmp_ln66_39    | setlt     | auto                     | 0       |
|     xor_ln66_39_fu_1929_p2                                                      |     |        | xor_ln66_39     | xor       | auto                     | 0       |
|     select_ln0_26_fu_1935_p3                                                    |     |        | select_ln0_26   | select    | auto_sel                 | 0       |
|     icmp_ln66_40_fu_1943_p2                                                     |     |        | icmp_ln66_40    | setlt     | auto                     | 0       |
|     xor_ln66_40_fu_1949_p2                                                      |     |        | xor_ln66_40     | xor       | auto                     | 0       |
|     select_ln66_12_fu_1955_p3                                                   |     |        | select_ln66_12  | select    | auto_sel                 | 0       |
|     res_pack_12_fu_3133_p2                                                      |     |        | res_pack_12     | add       | fabric                   | 0       |
|     icmp_ln66_41_fu_2012_p2                                                     |     |        | icmp_ln66_41    | setlt     | auto                     | 0       |
|     xor_ln66_41_fu_2018_p2                                                      |     |        | xor_ln66_41     | xor       | auto                     | 0       |
|     select_ln0_27_fu_2024_p3                                                    |     |        | select_ln0_27   | select    | auto_sel                 | 0       |
|     icmp_ln66_42_fu_2032_p2                                                     |     |        | icmp_ln66_42    | setlt     | auto                     | 0       |
|     xor_ln66_42_fu_2038_p2                                                      |     |        | xor_ln66_42     | xor       | auto                     | 0       |
|     select_ln0_28_fu_2044_p3                                                    |     |        | select_ln0_28   | select    | auto_sel                 | 0       |
|     icmp_ln66_43_fu_2052_p2                                                     |     |        | icmp_ln66_43    | setlt     | auto                     | 0       |
|     xor_ln66_43_fu_2058_p2                                                      |     |        | xor_ln66_43     | xor       | auto                     | 0       |
|     select_ln66_13_fu_2064_p3                                                   |     |        | select_ln66_13  | select    | auto_sel                 | 0       |
|     res_pack_13_fu_3141_p2                                                      |     |        | res_pack_13     | add       | fabric                   | 0       |
|     icmp_ln66_44_fu_2121_p2                                                     |     |        | icmp_ln66_44    | setlt     | auto                     | 0       |
|     xor_ln66_44_fu_2127_p2                                                      |     |        | xor_ln66_44     | xor       | auto                     | 0       |
|     select_ln0_29_fu_2133_p3                                                    |     |        | select_ln0_29   | select    | auto_sel                 | 0       |
|     icmp_ln66_45_fu_2141_p2                                                     |     |        | icmp_ln66_45    | setlt     | auto                     | 0       |
|     xor_ln66_45_fu_2147_p2                                                      |     |        | xor_ln66_45     | xor       | auto                     | 0       |
|     select_ln0_30_fu_2153_p3                                                    |     |        | select_ln0_30   | select    | auto_sel                 | 0       |
|     icmp_ln66_46_fu_2161_p2                                                     |     |        | icmp_ln66_46    | setlt     | auto                     | 0       |
|     xor_ln66_46_fu_2167_p2                                                      |     |        | xor_ln66_46     | xor       | auto                     | 0       |
|     select_ln66_14_fu_2173_p3                                                   |     |        | select_ln66_14  | select    | auto_sel                 | 0       |
|     res_pack_14_fu_3149_p2                                                      |     |        | res_pack_14     | add       | fabric                   | 0       |
|     icmp_ln66_47_fu_2230_p2                                                     |     |        | icmp_ln66_47    | setlt     | auto                     | 0       |
|     xor_ln66_47_fu_2236_p2                                                      |     |        | xor_ln66_47     | xor       | auto                     | 0       |
|     select_ln0_31_fu_2242_p3                                                    |     |        | select_ln0_31   | select    | auto_sel                 | 0       |
|     icmp_ln66_48_fu_2250_p2                                                     |     |        | icmp_ln66_48    | setlt     | auto                     | 0       |
|     xor_ln66_48_fu_2256_p2                                                      |     |        | xor_ln66_48     | xor       | auto                     | 0       |
|     select_ln0_32_fu_2262_p3                                                    |     |        | select_ln0_32   | select    | auto_sel                 | 0       |
|     icmp_ln66_49_fu_2270_p2                                                     |     |        | icmp_ln66_49    | setlt     | auto                     | 0       |
|     xor_ln66_49_fu_2276_p2                                                      |     |        | xor_ln66_49     | xor       | auto                     | 0       |
|     select_ln66_15_fu_2282_p3                                                   |     |        | select_ln66_15  | select    | auto_sel                 | 0       |
|     res_pack_15_fu_3157_p2                                                      |     |        | res_pack_15     | add       | fabric                   | 0       |
|     icmp_ln66_50_fu_2339_p2                                                     |     |        | icmp_ln66_50    | setlt     | auto                     | 0       |
|     xor_ln66_50_fu_2345_p2                                                      |     |        | xor_ln66_50     | xor       | auto                     | 0       |
|     select_ln0_33_fu_2351_p3                                                    |     |        | select_ln0_33   | select    | auto_sel                 | 0       |
|     icmp_ln66_51_fu_2359_p2                                                     |     |        | icmp_ln66_51    | setlt     | auto                     | 0       |
|     xor_ln66_51_fu_2365_p2                                                      |     |        | xor_ln66_51     | xor       | auto                     | 0       |
|     select_ln0_34_fu_2371_p3                                                    |     |        | select_ln0_34   | select    | auto_sel                 | 0       |
|     icmp_ln66_52_fu_2379_p2                                                     |     |        | icmp_ln66_52    | setlt     | auto                     | 0       |
|     xor_ln66_52_fu_2385_p2                                                      |     |        | xor_ln66_52     | xor       | auto                     | 0       |
|     select_ln66_16_fu_2391_p3                                                   |     |        | select_ln66_16  | select    | auto_sel                 | 0       |
|     res_pack_16_fu_3165_p2                                                      |     |        | res_pack_16     | add       | fabric                   | 0       |
|     icmp_ln66_53_fu_2448_p2                                                     |     |        | icmp_ln66_53    | setlt     | auto                     | 0       |
|     xor_ln66_53_fu_2454_p2                                                      |     |        | xor_ln66_53     | xor       | auto                     | 0       |
|     select_ln0_35_fu_2460_p3                                                    |     |        | select_ln0_35   | select    | auto_sel                 | 0       |
|     icmp_ln66_54_fu_2468_p2                                                     |     |        | icmp_ln66_54    | setlt     | auto                     | 0       |
|     xor_ln66_54_fu_2474_p2                                                      |     |        | xor_ln66_54     | xor       | auto                     | 0       |
|     select_ln0_36_fu_2480_p3                                                    |     |        | select_ln0_36   | select    | auto_sel                 | 0       |
|     icmp_ln66_55_fu_2488_p2                                                     |     |        | icmp_ln66_55    | setlt     | auto                     | 0       |
|     xor_ln66_55_fu_2494_p2                                                      |     |        | xor_ln66_55     | xor       | auto                     | 0       |
|     select_ln66_17_fu_2500_p3                                                   |     |        | select_ln66_17  | select    | auto_sel                 | 0       |
|     res_pack_17_fu_3173_p2                                                      |     |        | res_pack_17     | add       | fabric                   | 0       |
|     icmp_ln66_56_fu_2557_p2                                                     |     |        | icmp_ln66_56    | setlt     | auto                     | 0       |
|     xor_ln66_56_fu_2563_p2                                                      |     |        | xor_ln66_56     | xor       | auto                     | 0       |
|     select_ln0_37_fu_2569_p3                                                    |     |        | select_ln0_37   | select    | auto_sel                 | 0       |
|     icmp_ln66_57_fu_2577_p2                                                     |     |        | icmp_ln66_57    | setlt     | auto                     | 0       |
|     xor_ln66_57_fu_2583_p2                                                      |     |        | xor_ln66_57     | xor       | auto                     | 0       |
|     select_ln0_38_fu_2589_p3                                                    |     |        | select_ln0_38   | select    | auto_sel                 | 0       |
|     icmp_ln66_58_fu_2597_p2                                                     |     |        | icmp_ln66_58    | setlt     | auto                     | 0       |
|     xor_ln66_58_fu_2603_p2                                                      |     |        | xor_ln66_58     | xor       | auto                     | 0       |
|     select_ln66_18_fu_2609_p3                                                   |     |        | select_ln66_18  | select    | auto_sel                 | 0       |
|     res_pack_18_fu_3181_p2                                                      |     |        | res_pack_18     | add       | fabric                   | 0       |
|     icmp_ln66_59_fu_2666_p2                                                     |     |        | icmp_ln66_59    | setlt     | auto                     | 0       |
|     xor_ln66_59_fu_2672_p2                                                      |     |        | xor_ln66_59     | xor       | auto                     | 0       |
|     select_ln0_39_fu_2678_p3                                                    |     |        | select_ln0_39   | select    | auto_sel                 | 0       |
|     icmp_ln66_60_fu_2686_p2                                                     |     |        | icmp_ln66_60    | setlt     | auto                     | 0       |
|     xor_ln66_60_fu_2692_p2                                                      |     |        | xor_ln66_60     | xor       | auto                     | 0       |
|     select_ln0_40_fu_2698_p3                                                    |     |        | select_ln0_40   | select    | auto_sel                 | 0       |
|     icmp_ln66_61_fu_2706_p2                                                     |     |        | icmp_ln66_61    | setlt     | auto                     | 0       |
|     xor_ln66_61_fu_2712_p2                                                      |     |        | xor_ln66_61     | xor       | auto                     | 0       |
|     select_ln66_19_fu_2718_p3                                                   |     |        | select_ln66_19  | select    | auto_sel                 | 0       |
|     res_pack_19_fu_3189_p2                                                      |     |        | res_pack_19     | add       | fabric                   | 0       |
|     icmp_ln66_62_fu_2775_p2                                                     |     |        | icmp_ln66_62    | setlt     | auto                     | 0       |
|     xor_ln66_62_fu_2781_p2                                                      |     |        | xor_ln66_62     | xor       | auto                     | 0       |
|     select_ln0_41_fu_2787_p3                                                    |     |        | select_ln0_41   | select    | auto_sel                 | 0       |
|     icmp_ln66_63_fu_2795_p2                                                     |     |        | icmp_ln66_63    | setlt     | auto                     | 0       |
|     xor_ln66_63_fu_2801_p2                                                      |     |        | xor_ln66_63     | xor       | auto                     | 0       |
|     select_ln0_42_fu_2807_p3                                                    |     |        | select_ln0_42   | select    | auto_sel                 | 0       |
|     icmp_ln66_64_fu_2815_p2                                                     |     |        | icmp_ln66_64    | setlt     | auto                     | 0       |
|     xor_ln66_64_fu_2821_p2                                                      |     |        | xor_ln66_64     | xor       | auto                     | 0       |
|     select_ln66_20_fu_2827_p3                                                   |     |        | select_ln66_20  | select    | auto_sel                 | 0       |
|     res_pack_20_fu_3197_p2                                                      |     |        | res_pack_20     | add       | fabric                   | 0       |
|     add_ln212_fu_983_p2                                                         |     |        | add_ln212       | add       | fabric                   | 0       |
|     icmp_ln212_fu_989_p2                                                        |     |        | icmp_ln212      | seteq     | auto                     | 0       |
|     add_ln227_fu_1001_p2                                                        |     |        | add_ln227       | add       | fabric                   | 0       |
|     select_ln227_fu_1007_p3                                                     |     |        | select_ln227    | select    | auto_sel                 | 0       |
|     add_ln216_fu_1037_p2                                                        |     |        | add_ln216       | add       | fabric                   | 0       |
|     icmp_ln216_fu_1043_p2                                                       |     |        | icmp_ln216      | seteq     | auto                     | 0       |
|     icmp_ln222_fu_2857_p2                                                       |     |        | icmp_ln222      | seteq     | auto                     | 0       |
|     add_ln222_fu_2863_p2                                                        |     |        | add_ln222       | add       | fabric                   | 0       |
|     select_ln222_fu_2869_p3                                                     |     |        | select_ln222    | select    | auto_sel                 | 0       |
|     add_ln243_fu_2887_p2                                                        |     |        | add_ln243       | add       | fabric                   | 0       |
|     i_iw_3_fu_2893_p3                                                           |     |        | i_iw_3          | select    | auto_sel                 | 0       |
|     icmp_ln243_fu_2901_p2                                                       |     |        | icmp_ln243      | seteq     | auto                     | 0       |
|     icmp_ln241_fu_1061_p2                                                       |     |        | icmp_ln241      | seteq     | auto                     | 0       |
|   + conv_2d_cl_array_ap_fixed_14u_array_ap_fixed_11_5_0_3_0_32u_config8_s       | 0   |        |                 |           |                          |         |
|     icmp_ln85_fu_766_p2                                                         |     |        | icmp_ln85       | seteq     | auto                     | 0       |
|     add_ln85_fu_772_p2                                                          |     |        | add_ln85        | add       | fabric                   | 0       |
|    + compute_output_buffer_2d_array_array_ap_fixed_11_5_0_3_0_32u_config8_s     | 0   |        |                 |           |                          |         |
|      icmp_ln284_fu_1087_p2                                                      |     |        | icmp_ln284      | seteq     | auto                     | 0       |
|      icmp_ln284_4_fu_1105_p2                                                    |     |        | icmp_ln284_4    | seteq     | auto                     | 0       |
|      icmp_ln284_5_fu_1121_p2                                                    |     |        | icmp_ln284_5    | setgt     | auto                     | 0       |
|      icmp_ln284_6_fu_1137_p2                                                    |     |        | icmp_ln284_6    | setgt     | auto                     | 0       |
|      and_ln284_fu_1143_p2                                                       |     |        | and_ln284       | and       | auto                     | 0       |
|      and_ln284_2_fu_1149_p2                                                     |     |        | and_ln284_2     | and       | auto                     | 0       |
|      add_ln303_fu_1320_p2                                                       |     |        | add_ln303       | add       | fabric                   | 0       |
|      icmp_ln303_fu_1325_p2                                                      |     |        | icmp_ln303      | seteq     | auto                     | 0       |
|      add_ln318_fu_1337_p2                                                       |     |        | add_ln318       | add       | fabric                   | 0       |
|      select_ln318_fu_1342_p3                                                    |     |        | select_ln318    | select    | auto_sel                 | 0       |
|      add_ln307_fu_1367_p2                                                       |     |        | add_ln307       | add       | fabric                   | 0       |
|      icmp_ln307_fu_1372_p2                                                      |     |        | icmp_ln307      | seteq     | auto                     | 0       |
|      icmp_ln313_fu_1384_p2                                                      |     |        | icmp_ln313      | seteq     | auto                     | 0       |
|      add_ln313_fu_1389_p2                                                       |     |        | add_ln313       | add       | fabric                   | 0       |
|      select_ln313_fu_1394_p3                                                    |     |        | select_ln313    | select    | auto_sel                 | 0       |
|     + dense_resource_rf_gt_nin_rem0_ap_fixed_ap_fixed_11_5_0_3_0_config8_mult_s | 0   |        |                 |           |                          |         |
|       sparsemux_253_7_10_1_1_U403                                               |     |        | a               | sparsemux | compactencoding_dontcare | 0       |
|       mul_10s_9s_19_1_1_U404                                                    |     |        | mul_ln73        | mul       | auto                     | 0       |
|       add_ln144_fu_9251_p2                                                      |     |        | add_ln144       | add       | fabric                   | 0       |
|       sparsemux_33_4_16_1_1_U405                                                |     |        | tmp_i           | sparsemux | compactencoding_dontcare | 0       |
|       acc_130_fu_9336_p2                                                        |     |        | acc_130         | add       | fabric                   | 0       |
|       sub_ln144_fu_9342_p2                                                      |     |        | sub_ln144       | sub       | fabric                   | 0       |
|       icmp_ln144_fu_9348_p2                                                     |     |        | icmp_ln144      | seteq     | auto                     | 0       |
|       w_index_fu_8022_p2                                                        |     |        | w_index         | add       | fabric                   | 0       |
|       mul_10s_8s_18_1_1_U406                                                    |     |        | mul_ln73_1      | mul       | auto                     | 0       |
|       add_ln144_6_fu_9422_p2                                                    |     |        | add_ln144_6     | add       | fabric                   | 0       |
|       sparsemux_33_4_16_1_1_U407                                                |     |        | tmp_62_i        | sparsemux | compactencoding_dontcare | 0       |
|       acc_131_fu_9507_p2                                                        |     |        | acc_131         | add       | fabric                   | 0       |
|       sub_ln144_1_fu_9513_p2                                                    |     |        | sub_ln144_1     | sub       | fabric                   | 0       |
|       icmp_ln144_10_fu_9519_p2                                                  |     |        | icmp_ln144_10   | seteq     | auto                     | 0       |
|       in_index_fu_9194_p2                                                       |     |        | in_index        | add       | fabric                   | 0       |
|       icmp_ln154_fu_9200_p2                                                     |     |        | icmp_ln154      | setgt     | auto                     | 0       |
|       in_index_7_fu_9206_p3                                                     |     |        | in_index_7      | select    | auto_sel                 | 0       |
|       icmp_ln135_fu_8028_p2                                                     |     |        | icmp_ln135      | seteq     | auto                     | 0       |
|       add_ln111_fu_9678_p2                                                      |     |        | add_ln111       | add       | fabric                   | 0       |
|       add_ln111_17_fu_9706_p2                                                   |     |        | add_ln111_17    | add       | fabric                   | 0       |
|       add_ln111_18_fu_9734_p2                                                   |     |        | add_ln111_18    | add       | fabric                   | 0       |
|       add_ln111_19_fu_9762_p2                                                   |     |        | add_ln111_19    | add       | fabric                   | 0       |
|       add_ln111_20_fu_9790_p2                                                   |     |        | add_ln111_20    | add       | fabric                   | 0       |
|       add_ln111_21_fu_9818_p2                                                   |     |        | add_ln111_21    | add       | fabric                   | 0       |
|       add_ln111_22_fu_9846_p2                                                   |     |        | add_ln111_22    | add       | fabric                   | 0       |
|       add_ln111_23_fu_9874_p2                                                   |     |        | add_ln111_23    | add       | fabric                   | 0       |
|       add_ln111_24_fu_9902_p2                                                   |     |        | add_ln111_24    | add       | fabric                   | 0       |
|       add_ln111_25_fu_9930_p2                                                   |     |        | add_ln111_25    | add       | fabric                   | 0       |
|       add_ln111_26_fu_9958_p2                                                   |     |        | add_ln111_26    | add       | fabric                   | 0       |
|       add_ln111_27_fu_9986_p2                                                   |     |        | add_ln111_27    | add       | fabric                   | 0       |
|       add_ln111_28_fu_10014_p2                                                  |     |        | add_ln111_28    | add       | fabric                   | 0       |
|       add_ln111_29_fu_10042_p2                                                  |     |        | add_ln111_29    | add       | fabric                   | 0       |
|       add_ln111_30_fu_10070_p2                                                  |     |        | add_ln111_30    | add       | fabric                   | 0       |
|       add_ln111_31_fu_10098_p2                                                  |     |        | add_ln111_31    | add       | fabric                   | 0       |
|       add_ln111_32_fu_10126_p2                                                  |     |        | add_ln111_32    | add       | fabric                   | 0       |
|       add_ln111_33_fu_10154_p2                                                  |     |        | add_ln111_33    | add       | fabric                   | 0       |
|       add_ln111_34_fu_10182_p2                                                  |     |        | add_ln111_34    | add       | fabric                   | 0       |
|       add_ln111_35_fu_10210_p2                                                  |     |        | add_ln111_35    | add       | fabric                   | 0       |
|       add_ln111_36_fu_10238_p2                                                  |     |        | add_ln111_36    | add       | fabric                   | 0       |
|       add_ln111_37_fu_10266_p2                                                  |     |        | add_ln111_37    | add       | fabric                   | 0       |
|       add_ln111_38_fu_10294_p2                                                  |     |        | add_ln111_38    | add       | fabric                   | 0       |
|       add_ln111_39_fu_10322_p2                                                  |     |        | add_ln111_39    | add       | fabric                   | 0       |
|       add_ln111_40_fu_10350_p2                                                  |     |        | add_ln111_40    | add       | fabric                   | 0       |
|       add_ln111_41_fu_10378_p2                                                  |     |        | add_ln111_41    | add       | fabric                   | 0       |
|       add_ln111_42_fu_10406_p2                                                  |     |        | add_ln111_42    | add       | fabric                   | 0       |
|       add_ln111_43_fu_10434_p2                                                  |     |        | add_ln111_43    | add       | fabric                   | 0       |
|       add_ln111_44_fu_10462_p2                                                  |     |        | add_ln111_44    | add       | fabric                   | 0       |
|       add_ln111_45_fu_10490_p2                                                  |     |        | add_ln111_45    | add       | fabric                   | 0       |
|       add_ln111_46_fu_10518_p2                                                  |     |        | add_ln111_46    | add       | fabric                   | 0       |
|       add_ln111_47_fu_10546_p2                                                  |     |        | add_ln111_47    | add       | fabric                   | 0       |
|   + relu_array_ap_fixed_32u_array_ap_fixed_11_5_0_3_0_32u_relu_config9_s        | 0   |        |                 |           |                          |         |
|     icmp_ln51_fu_885_p2                                                         |     |        | icmp_ln51       | setgt     | auto                     | 0       |
|     select_ln51_fu_891_p3                                                       |     |        | select_ln51     | select    | auto_sel                 | 0       |
|     icmp_ln51_8_fu_899_p2                                                       |     |        | icmp_ln51_8     | setgt     | auto                     | 0       |
|     select_ln51_8_fu_905_p3                                                     |     |        | select_ln51_8   | select    | auto_sel                 | 0       |
|     icmp_ln51_9_fu_913_p2                                                       |     |        | icmp_ln51_9     | setgt     | auto                     | 0       |
|     select_ln51_9_fu_919_p3                                                     |     |        | select_ln51_9   | select    | auto_sel                 | 0       |
|     icmp_ln51_10_fu_927_p2                                                      |     |        | icmp_ln51_10    | setgt     | auto                     | 0       |
|     select_ln51_10_fu_933_p3                                                    |     |        | select_ln51_10  | select    | auto_sel                 | 0       |
|     icmp_ln51_11_fu_941_p2                                                      |     |        | icmp_ln51_11    | setgt     | auto                     | 0       |
|     select_ln51_11_fu_947_p3                                                    |     |        | select_ln51_11  | select    | auto_sel                 | 0       |
|     icmp_ln51_12_fu_955_p2                                                      |     |        | icmp_ln51_12    | setgt     | auto                     | 0       |
|     select_ln51_12_fu_961_p3                                                    |     |        | select_ln51_12  | select    | auto_sel                 | 0       |
|     icmp_ln51_13_fu_969_p2                                                      |     |        | icmp_ln51_13    | setgt     | auto                     | 0       |
|     select_ln51_13_fu_975_p3                                                    |     |        | select_ln51_13  | select    | auto_sel                 | 0       |
|     icmp_ln51_14_fu_983_p2                                                      |     |        | icmp_ln51_14    | setgt     | auto                     | 0       |
|     select_ln51_14_fu_989_p3                                                    |     |        | select_ln51_14  | select    | auto_sel                 | 0       |
|     icmp_ln51_15_fu_997_p2                                                      |     |        | icmp_ln51_15    | setgt     | auto                     | 0       |
|     select_ln51_15_fu_1003_p3                                                   |     |        | select_ln51_15  | select    | auto_sel                 | 0       |
|     icmp_ln51_16_fu_1011_p2                                                     |     |        | icmp_ln51_16    | setgt     | auto                     | 0       |
|     select_ln51_16_fu_1017_p3                                                   |     |        | select_ln51_16  | select    | auto_sel                 | 0       |
|     icmp_ln51_17_fu_1025_p2                                                     |     |        | icmp_ln51_17    | setgt     | auto                     | 0       |
|     select_ln51_17_fu_1031_p3                                                   |     |        | select_ln51_17  | select    | auto_sel                 | 0       |
|     icmp_ln51_18_fu_1039_p2                                                     |     |        | icmp_ln51_18    | setgt     | auto                     | 0       |
|     select_ln51_18_fu_1045_p3                                                   |     |        | select_ln51_18  | select    | auto_sel                 | 0       |
|     icmp_ln51_19_fu_1053_p2                                                     |     |        | icmp_ln51_19    | setgt     | auto                     | 0       |
|     select_ln51_19_fu_1059_p3                                                   |     |        | select_ln51_19  | select    | auto_sel                 | 0       |
|     icmp_ln51_20_fu_1067_p2                                                     |     |        | icmp_ln51_20    | setgt     | auto                     | 0       |
|     select_ln51_20_fu_1073_p3                                                   |     |        | select_ln51_20  | select    | auto_sel                 | 0       |
|     icmp_ln51_21_fu_1081_p2                                                     |     |        | icmp_ln51_21    | setgt     | auto                     | 0       |
|     select_ln51_21_fu_1087_p3                                                   |     |        | select_ln51_21  | select    | auto_sel                 | 0       |
|     icmp_ln51_22_fu_1095_p2                                                     |     |        | icmp_ln51_22    | setgt     | auto                     | 0       |
|     select_ln51_22_fu_1101_p3                                                   |     |        | select_ln51_22  | select    | auto_sel                 | 0       |
|     icmp_ln51_23_fu_1109_p2                                                     |     |        | icmp_ln51_23    | setgt     | auto                     | 0       |
|     select_ln51_23_fu_1115_p3                                                   |     |        | select_ln51_23  | select    | auto_sel                 | 0       |
|     icmp_ln51_24_fu_1123_p2                                                     |     |        | icmp_ln51_24    | setgt     | auto                     | 0       |
|     select_ln51_24_fu_1129_p3                                                   |     |        | select_ln51_24  | select    | auto_sel                 | 0       |
|     icmp_ln51_25_fu_1137_p2                                                     |     |        | icmp_ln51_25    | setgt     | auto                     | 0       |
|     select_ln51_25_fu_1143_p3                                                   |     |        | select_ln51_25  | select    | auto_sel                 | 0       |
|     icmp_ln51_26_fu_1151_p2                                                     |     |        | icmp_ln51_26    | setgt     | auto                     | 0       |
|     select_ln51_26_fu_1157_p3                                                   |     |        | select_ln51_26  | select    | auto_sel                 | 0       |
|     icmp_ln51_27_fu_1165_p2                                                     |     |        | icmp_ln51_27    | setgt     | auto                     | 0       |
|     select_ln51_27_fu_1171_p3                                                   |     |        | select_ln51_27  | select    | auto_sel                 | 0       |
|     icmp_ln51_28_fu_1179_p2                                                     |     |        | icmp_ln51_28    | setgt     | auto                     | 0       |
|     select_ln51_28_fu_1185_p3                                                   |     |        | select_ln51_28  | select    | auto_sel                 | 0       |
|     icmp_ln51_29_fu_1193_p2                                                     |     |        | icmp_ln51_29    | setgt     | auto                     | 0       |
|     select_ln51_29_fu_1199_p3                                                   |     |        | select_ln51_29  | select    | auto_sel                 | 0       |
|     icmp_ln51_30_fu_1207_p2                                                     |     |        | icmp_ln51_30    | setgt     | auto                     | 0       |
|     select_ln51_30_fu_1213_p3                                                   |     |        | select_ln51_30  | select    | auto_sel                 | 0       |
|     icmp_ln51_31_fu_1221_p2                                                     |     |        | icmp_ln51_31    | setgt     | auto                     | 0       |
|     select_ln51_31_fu_1227_p3                                                   |     |        | select_ln51_31  | select    | auto_sel                 | 0       |
|     icmp_ln51_32_fu_1235_p2                                                     |     |        | icmp_ln51_32    | setgt     | auto                     | 0       |
|     select_ln51_32_fu_1241_p3                                                   |     |        | select_ln51_32  | select    | auto_sel                 | 0       |
|     icmp_ln51_33_fu_1249_p2                                                     |     |        | icmp_ln51_33    | setgt     | auto                     | 0       |
|     select_ln51_33_fu_1255_p3                                                   |     |        | select_ln51_33  | select    | auto_sel                 | 0       |
|     icmp_ln51_34_fu_1263_p2                                                     |     |        | icmp_ln51_34    | setgt     | auto                     | 0       |
|     select_ln51_34_fu_1269_p3                                                   |     |        | select_ln51_34  | select    | auto_sel                 | 0       |
|     icmp_ln51_35_fu_1277_p2                                                     |     |        | icmp_ln51_35    | setgt     | auto                     | 0       |
|     select_ln51_35_fu_1283_p3                                                   |     |        | select_ln51_35  | select    | auto_sel                 | 0       |
|     icmp_ln51_36_fu_1291_p2                                                     |     |        | icmp_ln51_36    | setgt     | auto                     | 0       |
|     select_ln51_36_fu_1297_p3                                                   |     |        | select_ln51_36  | select    | auto_sel                 | 0       |
|     icmp_ln51_37_fu_1305_p2                                                     |     |        | icmp_ln51_37    | setgt     | auto                     | 0       |
|     select_ln51_37_fu_1311_p3                                                   |     |        | select_ln51_37  | select    | auto_sel                 | 0       |
|     icmp_ln51_38_fu_1319_p2                                                     |     |        | icmp_ln51_38    | setgt     | auto                     | 0       |
|     select_ln51_38_fu_1325_p3                                                   |     |        | select_ln51_38  | select    | auto_sel                 | 0       |
|     i_5_fu_1333_p2                                                              |     |        | i_5             | add       | fabric                   | 0       |
|     icmp_ln41_fu_1339_p2                                                        |     |        | icmp_ln41       | seteq     | auto                     | 0       |
|   + pointwise_conv_2d_cl_array_array_ap_fixed_11_5_0_3_0_24u_config14_s         | 1   |        |                 |           |                          |         |
|     icmp_ln110_fu_242_p2                                                        |     |        | icmp_ln110      | seteq     | auto                     | 0       |
|     i_ih_4_fu_248_p2                                                            |     |        | i_ih_4          | add       | fabric                   | 0       |
|     icmp_ln112_fu_254_p2                                                        |     |        | icmp_ln112      | seteq     | auto                     | 0       |
|     i_iw_4_fu_260_p2                                                            |     |        | i_iw_4          | add       | fabric                   | 0       |
|    + dense_resource_rf_gt_nin_rem0_ap_fixed_ap_fixed_11_5_0_3_0_config14_mult_s | 1   |        |                 |           |                          |         |
|      sparsemux_65_5_11_1_1_U559                                                 |     |        | a               | sparsemux | compactencoding_dontcare | 0       |
|      sparsemux_1537_10_8_1_1_U560                                               |     |        | w               | sparsemux | compactencoding_dontcare | 0       |
|      mul_11s_8s_19_1_1_U561                                                     | 1   |        | mul_ln73        | mul       | auto                     | 0       |
|      add_ln144_fu_10568_p2                                                      |     |        | add_ln144       | add       | fabric                   | 0       |
|      sparsemux_49_5_17_1_1_U562                                                 |     |        | tmp_s           | sparsemux | compactencoding_dontcare | 0       |
|      acc_168_fu_10685_p2                                                        |     |        | acc_168         | add       | fabric                   | 0       |
|      sub_ln144_fu_10691_p2                                                      |     |        | sub_ln144       | sub       | fabric                   | 0       |
|      icmp_ln144_fu_10697_p2                                                     |     |        | icmp_ln144      | seteq     | auto                     | 0       |
|      w_index_fu_10490_p2                                                        |     |        | w_index         | add       | fabric                   | 0       |
|      in_index_fu_10496_p2                                                       |     |        | in_index        | add       | fabric                   | 0       |
|      icmp_ln154_fu_10512_p2                                                     |     |        | icmp_ln154      | setgt     | auto                     | 0       |
|      in_index_9_fu_10518_p3                                                     |     |        | in_index_9      | select    | auto_sel                 | 0       |
|      icmp_ln135_fu_10526_p2                                                     |     |        | icmp_ln135      | seteq     | auto                     | 0       |
|      add_ln111_fu_10847_p2                                                      |     |        | add_ln111       | add       | fabric                   | 0       |
|      add_ln111_30_fu_10875_p2                                                   |     |        | add_ln111_30    | add       | fabric                   | 0       |
|      add_ln111_31_fu_10903_p2                                                   |     |        | add_ln111_31    | add       | fabric                   | 0       |
|      add_ln111_32_fu_10931_p2                                                   |     |        | add_ln111_32    | add       | fabric                   | 0       |
|      add_ln111_33_fu_10959_p2                                                   |     |        | add_ln111_33    | add       | fabric                   | 0       |
|      add_ln111_34_fu_10987_p2                                                   |     |        | add_ln111_34    | add       | fabric                   | 0       |
|      add_ln111_35_fu_11015_p2                                                   |     |        | add_ln111_35    | add       | fabric                   | 0       |
|      add_ln111_36_fu_11043_p2                                                   |     |        | add_ln111_36    | add       | fabric                   | 0       |
|      add_ln111_37_fu_11071_p2                                                   |     |        | add_ln111_37    | add       | fabric                   | 0       |
|      add_ln111_38_fu_11099_p2                                                   |     |        | add_ln111_38    | add       | fabric                   | 0       |
|      add_ln111_39_fu_11127_p2                                                   |     |        | add_ln111_39    | add       | fabric                   | 0       |
|      add_ln111_40_fu_11155_p2                                                   |     |        | add_ln111_40    | add       | fabric                   | 0       |
|      add_ln111_41_fu_11183_p2                                                   |     |        | add_ln111_41    | add       | fabric                   | 0       |
|      add_ln111_42_fu_11211_p2                                                   |     |        | add_ln111_42    | add       | fabric                   | 0       |
|      add_ln111_43_fu_11239_p2                                                   |     |        | add_ln111_43    | add       | fabric                   | 0       |
|      add_ln111_44_fu_11267_p2                                                   |     |        | add_ln111_44    | add       | fabric                   | 0       |
|      add_ln111_45_fu_11295_p2                                                   |     |        | add_ln111_45    | add       | fabric                   | 0       |
|      add_ln111_46_fu_11323_p2                                                   |     |        | add_ln111_46    | add       | fabric                   | 0       |
|      add_ln111_47_fu_11351_p2                                                   |     |        | add_ln111_47    | add       | fabric                   | 0       |
|      add_ln111_48_fu_11379_p2                                                   |     |        | add_ln111_48    | add       | fabric                   | 0       |
|      add_ln111_49_fu_11407_p2                                                   |     |        | add_ln111_49    | add       | fabric                   | 0       |
|      add_ln111_50_fu_11435_p2                                                   |     |        | add_ln111_50    | add       | fabric                   | 0       |
|      add_ln111_51_fu_11463_p2                                                   |     |        | add_ln111_51    | add       | fabric                   | 0       |
|      add_ln111_52_fu_11491_p2                                                   |     |        | add_ln111_52    | add       | fabric                   | 0       |
|   + relu_array_ap_fixed_24u_array_ap_fixed_11_5_0_3_0_24u_relu_config11_s       | 0   |        |                 |           |                          |         |
|     icmp_ln51_fu_677_p2                                                         |     |        | icmp_ln51       | setgt     | auto                     | 0       |
|     select_ln51_fu_683_p3                                                       |     |        | select_ln51     | select    | auto_sel                 | 0       |
|     icmp_ln51_39_fu_691_p2                                                      |     |        | icmp_ln51_39    | setgt     | auto                     | 0       |
|     select_ln51_39_fu_697_p3                                                    |     |        | select_ln51_39  | select    | auto_sel                 | 0       |
|     icmp_ln51_40_fu_705_p2                                                      |     |        | icmp_ln51_40    | setgt     | auto                     | 0       |
|     select_ln51_40_fu_711_p3                                                    |     |        | select_ln51_40  | select    | auto_sel                 | 0       |
|     icmp_ln51_41_fu_719_p2                                                      |     |        | icmp_ln51_41    | setgt     | auto                     | 0       |
|     select_ln51_41_fu_725_p3                                                    |     |        | select_ln51_41  | select    | auto_sel                 | 0       |
|     icmp_ln51_42_fu_733_p2                                                      |     |        | icmp_ln51_42    | setgt     | auto                     | 0       |
|     select_ln51_42_fu_739_p3                                                    |     |        | select_ln51_42  | select    | auto_sel                 | 0       |
|     icmp_ln51_43_fu_747_p2                                                      |     |        | icmp_ln51_43    | setgt     | auto                     | 0       |
|     select_ln51_43_fu_753_p3                                                    |     |        | select_ln51_43  | select    | auto_sel                 | 0       |
|     icmp_ln51_44_fu_761_p2                                                      |     |        | icmp_ln51_44    | setgt     | auto                     | 0       |
|     select_ln51_44_fu_767_p3                                                    |     |        | select_ln51_44  | select    | auto_sel                 | 0       |
|     icmp_ln51_45_fu_775_p2                                                      |     |        | icmp_ln51_45    | setgt     | auto                     | 0       |
|     select_ln51_45_fu_781_p3                                                    |     |        | select_ln51_45  | select    | auto_sel                 | 0       |
|     icmp_ln51_46_fu_789_p2                                                      |     |        | icmp_ln51_46    | setgt     | auto                     | 0       |
|     select_ln51_46_fu_795_p3                                                    |     |        | select_ln51_46  | select    | auto_sel                 | 0       |
|     icmp_ln51_47_fu_803_p2                                                      |     |        | icmp_ln51_47    | setgt     | auto                     | 0       |
|     select_ln51_47_fu_809_p3                                                    |     |        | select_ln51_47  | select    | auto_sel                 | 0       |
|     icmp_ln51_48_fu_817_p2                                                      |     |        | icmp_ln51_48    | setgt     | auto                     | 0       |
|     select_ln51_48_fu_823_p3                                                    |     |        | select_ln51_48  | select    | auto_sel                 | 0       |
|     icmp_ln51_49_fu_831_p2                                                      |     |        | icmp_ln51_49    | setgt     | auto                     | 0       |
|     select_ln51_49_fu_837_p3                                                    |     |        | select_ln51_49  | select    | auto_sel                 | 0       |
|     icmp_ln51_50_fu_845_p2                                                      |     |        | icmp_ln51_50    | setgt     | auto                     | 0       |
|     select_ln51_50_fu_851_p3                                                    |     |        | select_ln51_50  | select    | auto_sel                 | 0       |
|     icmp_ln51_51_fu_859_p2                                                      |     |        | icmp_ln51_51    | setgt     | auto                     | 0       |
|     select_ln51_51_fu_865_p3                                                    |     |        | select_ln51_51  | select    | auto_sel                 | 0       |
|     icmp_ln51_52_fu_873_p2                                                      |     |        | icmp_ln51_52    | setgt     | auto                     | 0       |
|     select_ln51_52_fu_879_p3                                                    |     |        | select_ln51_52  | select    | auto_sel                 | 0       |
|     icmp_ln51_53_fu_887_p2                                                      |     |        | icmp_ln51_53    | setgt     | auto                     | 0       |
|     select_ln51_53_fu_893_p3                                                    |     |        | select_ln51_53  | select    | auto_sel                 | 0       |
|     icmp_ln51_54_fu_901_p2                                                      |     |        | icmp_ln51_54    | setgt     | auto                     | 0       |
|     select_ln51_54_fu_907_p3                                                    |     |        | select_ln51_54  | select    | auto_sel                 | 0       |
|     icmp_ln51_55_fu_915_p2                                                      |     |        | icmp_ln51_55    | setgt     | auto                     | 0       |
|     select_ln51_55_fu_921_p3                                                    |     |        | select_ln51_55  | select    | auto_sel                 | 0       |
|     icmp_ln51_56_fu_929_p2                                                      |     |        | icmp_ln51_56    | setgt     | auto                     | 0       |
|     select_ln51_56_fu_935_p3                                                    |     |        | select_ln51_56  | select    | auto_sel                 | 0       |
|     icmp_ln51_57_fu_943_p2                                                      |     |        | icmp_ln51_57    | setgt     | auto                     | 0       |
|     select_ln51_57_fu_949_p3                                                    |     |        | select_ln51_57  | select    | auto_sel                 | 0       |
|     icmp_ln51_58_fu_957_p2                                                      |     |        | icmp_ln51_58    | setgt     | auto                     | 0       |
|     select_ln51_58_fu_963_p3                                                    |     |        | select_ln51_58  | select    | auto_sel                 | 0       |
|     icmp_ln51_59_fu_971_p2                                                      |     |        | icmp_ln51_59    | setgt     | auto                     | 0       |
|     select_ln51_59_fu_977_p3                                                    |     |        | select_ln51_59  | select    | auto_sel                 | 0       |
|     icmp_ln51_60_fu_985_p2                                                      |     |        | icmp_ln51_60    | setgt     | auto                     | 0       |
|     select_ln51_60_fu_991_p3                                                    |     |        | select_ln51_60  | select    | auto_sel                 | 0       |
|     icmp_ln51_61_fu_999_p2                                                      |     |        | icmp_ln51_61    | setgt     | auto                     | 0       |
|     select_ln51_61_fu_1005_p3                                                   |     |        | select_ln51_61  | select    | auto_sel                 | 0       |
|     i_7_fu_1013_p2                                                              |     |        | i_7             | add       | fabric                   | 0       |
|     icmp_ln41_fu_1019_p2                                                        |     |        | icmp_ln41       | seteq     | auto                     | 0       |
|   + pointwise_conv_2d_cl_array_array_ap_fixed_12_6_0_3_0_10u_config15_s         | 1   |        |                 |           |                          |         |
|     icmp_ln110_fu_202_p2                                                        |     |        | icmp_ln110      | seteq     | auto                     | 0       |
|     i_ih_2_fu_208_p2                                                            |     |        | i_ih_2          | add       | fabric                   | 0       |
|     icmp_ln112_fu_214_p2                                                        |     |        | icmp_ln112      | seteq     | auto                     | 0       |
|     i_iw_fu_220_p2                                                              |     |        | i_iw            | add       | fabric                   | 0       |
|    + dense_resource_rf_gt_nin_rem0_ap_fixed_ap_fixed_12_6_0_3_0_config15_mult_s | 1   |        |                 |           |                          |         |
|      sparsemux_49_5_11_1_1_U604                                                 |     |        | a               | sparsemux | compactencoding_dontcare | 0       |
|      sparsemux_481_8_8_1_1_U605                                                 |     |        | w               | sparsemux | compactencoding_dontcare | 0       |
|      mul_11s_8s_19_1_1_U606                                                     | 1   |        | mul_ln73        | mul       | auto                     | 0       |
|      add_ln144_fu_3595_p2                                                       |     |        | add_ln144       | add       | fabric                   | 0       |
|      sparsemux_21_4_17_1_1_U607                                                 |     |        | tmp_s           | sparsemux | compactencoding_dontcare | 0       |
|      acc_54_fu_3656_p2                                                          |     |        | acc_54          | add       | fabric                   | 0       |
|      sub_ln144_fu_3662_p2                                                       |     |        | sub_ln144       | sub       | fabric                   | 0       |
|      icmp_ln144_fu_3668_p2                                                      |     |        | icmp_ln144      | seteq     | auto                     | 0       |
|      w_index_fu_3527_p2                                                         |     |        | w_index         | add       | fabric                   | 0       |
|      in_index_fu_3533_p2                                                        |     |        | in_index        | add       | fabric                   | 0       |
|      icmp_ln154_fu_3539_p2                                                      |     |        | icmp_ln154      | setgt     | auto                     | 0       |
|      in_index_6_fu_3545_p3                                                      |     |        | in_index_6      | select    | auto_sel                 | 0       |
|      icmp_ln135_fu_3553_p2                                                      |     |        | icmp_ln135      | seteq     | auto                     | 0       |
|      add_ln111_fu_3748_p2                                                       |     |        | add_ln111       | add       | fabric                   | 0       |
|      add_ln111_8_fu_3776_p2                                                     |     |        | add_ln111_8     | add       | fabric                   | 0       |
|      add_ln111_9_fu_3804_p2                                                     |     |        | add_ln111_9     | add       | fabric                   | 0       |
|      add_ln111_10_fu_3832_p2                                                    |     |        | add_ln111_10    | add       | fabric                   | 0       |
|      add_ln111_11_fu_3860_p2                                                    |     |        | add_ln111_11    | add       | fabric                   | 0       |
|      add_ln111_12_fu_3888_p2                                                    |     |        | add_ln111_12    | add       | fabric                   | 0       |
|      add_ln111_13_fu_3916_p2                                                    |     |        | add_ln111_13    | add       | fabric                   | 0       |
|      add_ln111_14_fu_3944_p2                                                    |     |        | add_ln111_14    | add       | fabric                   | 0       |
|      add_ln111_15_fu_3972_p2                                                    |     |        | add_ln111_15    | add       | fabric                   | 0       |
|      add_ln111_16_fu_4000_p2                                                    |     |        | add_ln111_16    | add       | fabric                   | 0       |
|   + global_pooling2d_cl_array_array_ap_fixed_12_5_0_3_0_10u_config13_s          | 0   |        |                 |           |                          |         |
|     add_ln544_fu_201_p2                                                         |     |        | add_ln544       | add       | fabric                   | 0       |
|     add_ln544_1_fu_229_p2                                                       |     |        | add_ln544_1     | add       | fabric                   | 0       |
|     add_ln544_2_fu_257_p2                                                       |     |        | add_ln544_2     | add       | fabric                   | 0       |
|     add_ln544_3_fu_285_p2                                                       |     |        | add_ln544_3     | add       | fabric                   | 0       |
|     add_ln544_4_fu_313_p2                                                       |     |        | add_ln544_4     | add       | fabric                   | 0       |
|     add_ln544_5_fu_341_p2                                                       |     |        | add_ln544_5     | add       | fabric                   | 0       |
|     add_ln544_6_fu_369_p2                                                       |     |        | add_ln544_6     | add       | fabric                   | 0       |
|     add_ln544_7_fu_397_p2                                                       |     |        | add_ln544_7     | add       | fabric                   | 0       |
|     add_ln544_8_fu_425_p2                                                       |     |        | add_ln544_8     | add       | fabric                   | 0       |
|     add_ln544_9_fu_453_p2                                                       |     |        | add_ln544_9     | add       | fabric                   | 0       |
|    + global_pooling2d_cl_Pipeline_ReadInputHeight_ReadInputWidth                | 0   |        |                 |           |                          |         |
|      x_29_fu_426_p2                                                             |     |        | x_29            | add       | fabric                   | 0       |
|      x_30_fu_536_p2                                                             |     |        | x_30            | add       | fabric                   | 0       |
|      x_31_fu_547_p2                                                             |     |        | x_31            | add       | fabric                   | 0       |
|      x_32_fu_558_p2                                                             |     |        | x_32            | add       | fabric                   | 0       |
|      x_33_fu_569_p2                                                             |     |        | x_33            | add       | fabric                   | 0       |
|      x_34_fu_580_p2                                                             |     |        | x_34            | add       | fabric                   | 0       |
|      x_35_fu_591_p2                                                             |     |        | x_35            | add       | fabric                   | 0       |
|      x_36_fu_602_p2                                                             |     |        | x_36            | add       | fabric                   | 0       |
|      x_37_fu_613_p2                                                             |     |        | x_37            | add       | fabric                   | 0       |
|      x_38_fu_624_p2                                                             |     |        | x_38            | add       | fabric                   | 0       |
|      add_ln512_fu_368_p2                                                        |     |        | add_ln512       | add       | fabric                   | 0       |
|      icmp_ln512_fu_374_p2                                                       |     |        | icmp_ln512      | seteq     | auto                     | 0       |
|  + hls4ml_output_to_axis                                                        | 0   |        |                 |           |                          |         |
|   + hls4ml_output_to_axis_Pipeline_VITIS_LOOP_67_2                              | 0   |        |                 |           |                          |         |
|     icmp_ln72_fu_104_p2                                                         |     |        | icmp_ln72       | seteq     | auto                     | 0       |
|     c_fu_110_p2                                                                 |     |        | c               | add       | fabric                   | 0       |
+---------------------------------------------------------------------------------+-----+--------+-----------------+-----------+--------------------------+---------+


================================================================
== Storage Report
================================================================
+----------------------------------------------------------------------------------------------+---------------+-----------+------+------+--------+--------------------------------------------------------------------------------------+--------+---------+------------------+
| Name                                                                                         | Usage         | Type      | BRAM | URAM | Pragma | Variable                                                                             | Impl   | Latency | Bitwidth, Depth, |
|                                                                                              |               |           |      |      |        |                                                                                      |        |         | Banks            |
+----------------------------------------------------------------------------------------------+---------------+-----------+------+------+--------+--------------------------------------------------------------------------------------+--------+---------+------------------+
| + cifar10_axis_wrapper                                                                       |               |           | 120  | 0    |        |                                                                                      |        |         |                  |
|   CTRL_s_axi_U                                                                               | interface     | s_axilite |      |      |        |                                                                                      |        |         |                  |
|   nn_in_U                                                                                    | fifo channel  | stream    |      |      |        | nn_in                                                                                | srl    | 0       | 27, 16, 1        |
|   nn_out_U                                                                                   | fifo channel  | stream    |      |      |        | nn_out                                                                               | srl    | 0       | 120, 2, 1        |
|  + cifar10_hls_core                                                                          |               |           | 120  | 0    |        |                                                                                      |        |         |                  |
|    layer2_out_U                                                                              | fifo channel  | stream    | 4    |      |        | layer2_out                                                                           | memory | 0       | 72, 900, 1       |
|    layer3_out_U                                                                              | fifo channel  | stream    | 4    |      |        | layer3_out                                                                           | memory | 0       | 72, 900, 1       |
|    layer4_out_U                                                                              | fifo channel  | stream    | 4    |      |        | layer4_out                                                                           | memory | 0       | 72, 225, 1       |
|    layer5_out_U                                                                              | fifo channel  | stream    | 8    |      |        | layer5_out                                                                           | memory | 0       | 140, 169, 1      |
|    layer6_out_U                                                                              | fifo channel  | stream    | 8    |      |        | layer6_out                                                                           | memory | 0       | 140, 169, 1      |
|    layer7_out_U                                                                              | fifo channel  | stream    | 8    |      |        | layer7_out                                                                           | memory | 0       | 140, 36, 1       |
|    layer8_out_U                                                                              | fifo channel  | stream    | 20   |      |        | layer8_out                                                                           | memory | 0       | 352, 16, 1       |
|    layer9_out_U                                                                              | fifo channel  | stream    | 20   |      |        | layer9_out                                                                           | memory | 0       | 352, 16, 1       |
|    layer10_out_U                                                                             | fifo channel  | stream    | 15   |      |        | layer10_out                                                                          | memory | 0       | 264, 16, 1       |
|    layer11_out_U                                                                             | fifo channel  | stream    | 15   |      |        | layer11_out                                                                          | memory | 0       | 264, 16, 1       |
|    layer12_out_U                                                                             | fifo channel  | stream    | 7    |      |        | layer12_out                                                                          | memory | 0       | 120, 16, 1       |
|   + conv_2d_cl_array_ap_fixed_3u_array_ap_fixed_9_3_0_3_0_8u_config2_s                       |               |           | 1    | 0    |        |                                                                                      |        |         |                  |
|    + compute_output_buffer_2d_array_array_ap_fixed_9_3_0_3_0_8u_config2_s                    |               |           | 1    | 0    |        |                                                                                      |        |         |                  |
|     + shift_line_buffer_array_ap_fixed_9_2_0_3_0_3u_config2_s                                |               |           | 0    | 0    |        |                                                                                      |        |         |                  |
|       p_ZZN4nnet17conv_2d_buffer_clINS_5arrayI8ap_fixedILi9ELi2EL9ap_q_mode0EL9ap_o_mod_5_U  | ram_1p        |           |      |      |        | p_ZZN4nnet17conv_2d_buffer_clINS_5arrayI8ap_fixedILi9ELi2EL9ap_q_mode0EL9ap_o_mod_5  | auto   | 0       | 9, 32, 1         |
|       p_ZZN4nnet17conv_2d_buffer_clINS_5arrayI8ap_fixedILi9ELi2EL9ap_q_mode0EL9ap_o_mod_2_U  | ram_1p        |           |      |      |        | p_ZZN4nnet17conv_2d_buffer_clINS_5arrayI8ap_fixedILi9ELi2EL9ap_q_mode0EL9ap_o_mod_2  | auto   | 0       | 9, 32, 1         |
|       p_ZZN4nnet17conv_2d_buffer_clINS_5arrayI8ap_fixedILi9ELi2EL9ap_q_mode0EL9ap_o_mod_4_U  | ram_1p        |           |      |      |        | p_ZZN4nnet17conv_2d_buffer_clINS_5arrayI8ap_fixedILi9ELi2EL9ap_q_mode0EL9ap_o_mod_4  | auto   | 0       | 9, 32, 1         |
|       p_ZZN4nnet17conv_2d_buffer_clINS_5arrayI8ap_fixedILi9ELi2EL9ap_q_mode0EL9ap_o_mod_1_U  | ram_1p        |           |      |      |        | p_ZZN4nnet17conv_2d_buffer_clINS_5arrayI8ap_fixedILi9ELi2EL9ap_q_mode0EL9ap_o_mod_1  | auto   | 0       | 9, 32, 1         |
|       p_ZZN4nnet17conv_2d_buffer_clINS_5arrayI8ap_fixedILi9ELi2EL9ap_q_mode0EL9ap_o_mod_3_U  | ram_1p        |           |      |      |        | p_ZZN4nnet17conv_2d_buffer_clINS_5arrayI8ap_fixedILi9ELi2EL9ap_q_mode0EL9ap_o_mod_3  | auto   | 0       | 9, 32, 1         |
|       p_ZZN4nnet17conv_2d_buffer_clINS_5arrayI8ap_fixedILi9ELi2EL9ap_q_mode0EL9ap_o_mod_U    | ram_1p        |           |      |      |        | p_ZZN4nnet17conv_2d_buffer_clINS_5arrayI8ap_fixedILi9ELi2EL9ap_q_mode0EL9ap_o_mod    | auto   | 0       | 9, 32, 1         |
|     + dense_resource_rf_gt_nin_rem0_ap_fixed_ap_fixed_9_3_0_3_0_config2_mult_s               |               |           | 1    | 0    |        |                                                                                      |        |         |                  |
|       outidx_U                                                                               | rom_1p        |           |      |      |        | outidx                                                                               | auto   | 1       | 3, 216, 1        |
|       w2_U                                                                                   | rom_np        |           | 1    |      | pragma | w2                                                                                   | bram   | 1       | 7, 216, 1        |
|   + conv_2d_cl_array_ap_fixed_8u_array_ap_fixed_10_4_0_3_0_14u_config5_s                     |               |           | 2    | 0    |        |                                                                                      |        |         |                  |
|    + compute_output_buffer_2d_array_array_ap_fixed_10_4_0_3_0_14u_config5_s                  |               |           | 2    | 0    |        |                                                                                      |        |         |                  |
|     + shift_line_buffer_array_ap_fixed_9_3_0_3_0_8u_config5_s                                |               |           | 0    | 0    |        |                                                                                      |        |         |                  |
|       p_ZZN4nnet17conv_2d_buffer_clINS_5arrayI8ap_fixedILi9ELi3EL9ap_q_mode0EL9ap_o_mod_15_U | ram_1p        |           |      |      |        | p_ZZN4nnet17conv_2d_buffer_clINS_5arrayI8ap_fixedILi9ELi3EL9ap_q_mode0EL9ap_o_mod_15 | auto   | 0       | 9, 15, 1         |
|       p_ZZN4nnet17conv_2d_buffer_clINS_5arrayI8ap_fixedILi9ELi3EL9ap_q_mode0EL9ap_o_mod_7_U  | ram_1p        |           |      |      |        | p_ZZN4nnet17conv_2d_buffer_clINS_5arrayI8ap_fixedILi9ELi3EL9ap_q_mode0EL9ap_o_mod_7  | auto   | 0       | 9, 15, 1         |
|       p_ZZN4nnet17conv_2d_buffer_clINS_5arrayI8ap_fixedILi9ELi3EL9ap_q_mode0EL9ap_o_mod_14_U | ram_1p        |           |      |      |        | p_ZZN4nnet17conv_2d_buffer_clINS_5arrayI8ap_fixedILi9ELi3EL9ap_q_mode0EL9ap_o_mod_14 | auto   | 0       | 9, 15, 1         |
|       p_ZZN4nnet17conv_2d_buffer_clINS_5arrayI8ap_fixedILi9ELi3EL9ap_q_mode0EL9ap_o_mod_6_U  | ram_1p        |           |      |      |        | p_ZZN4nnet17conv_2d_buffer_clINS_5arrayI8ap_fixedILi9ELi3EL9ap_q_mode0EL9ap_o_mod_6  | auto   | 0       | 9, 15, 1         |
|       p_ZZN4nnet17conv_2d_buffer_clINS_5arrayI8ap_fixedILi9ELi3EL9ap_q_mode0EL9ap_o_mod_13_U | ram_1p        |           |      |      |        | p_ZZN4nnet17conv_2d_buffer_clINS_5arrayI8ap_fixedILi9ELi3EL9ap_q_mode0EL9ap_o_mod_13 | auto   | 0       | 9, 15, 1         |
|       p_ZZN4nnet17conv_2d_buffer_clINS_5arrayI8ap_fixedILi9ELi3EL9ap_q_mode0EL9ap_o_mod_5_U  | ram_1p        |           |      |      |        | p_ZZN4nnet17conv_2d_buffer_clINS_5arrayI8ap_fixedILi9ELi3EL9ap_q_mode0EL9ap_o_mod_5  | auto   | 0       | 9, 15, 1         |
|       p_ZZN4nnet17conv_2d_buffer_clINS_5arrayI8ap_fixedILi9ELi3EL9ap_q_mode0EL9ap_o_mod_12_U | ram_1p        |           |      |      |        | p_ZZN4nnet17conv_2d_buffer_clINS_5arrayI8ap_fixedILi9ELi3EL9ap_q_mode0EL9ap_o_mod_12 | auto   | 0       | 9, 15, 1         |
|       p_ZZN4nnet17conv_2d_buffer_clINS_5arrayI8ap_fixedILi9ELi3EL9ap_q_mode0EL9ap_o_mod_4_U  | ram_1p        |           |      |      |        | p_ZZN4nnet17conv_2d_buffer_clINS_5arrayI8ap_fixedILi9ELi3EL9ap_q_mode0EL9ap_o_mod_4  | auto   | 0       | 9, 15, 1         |
|       p_ZZN4nnet17conv_2d_buffer_clINS_5arrayI8ap_fixedILi9ELi3EL9ap_q_mode0EL9ap_o_mod_11_U | ram_1p        |           |      |      |        | p_ZZN4nnet17conv_2d_buffer_clINS_5arrayI8ap_fixedILi9ELi3EL9ap_q_mode0EL9ap_o_mod_11 | auto   | 0       | 9, 15, 1         |
|       p_ZZN4nnet17conv_2d_buffer_clINS_5arrayI8ap_fixedILi9ELi3EL9ap_q_mode0EL9ap_o_mod_3_U  | ram_1p        |           |      |      |        | p_ZZN4nnet17conv_2d_buffer_clINS_5arrayI8ap_fixedILi9ELi3EL9ap_q_mode0EL9ap_o_mod_3  | auto   | 0       | 9, 15, 1         |
|       p_ZZN4nnet17conv_2d_buffer_clINS_5arrayI8ap_fixedILi9ELi3EL9ap_q_mode0EL9ap_o_mod_10_U | ram_1p        |           |      |      |        | p_ZZN4nnet17conv_2d_buffer_clINS_5arrayI8ap_fixedILi9ELi3EL9ap_q_mode0EL9ap_o_mod_10 | auto   | 0       | 9, 15, 1         |
|       p_ZZN4nnet17conv_2d_buffer_clINS_5arrayI8ap_fixedILi9ELi3EL9ap_q_mode0EL9ap_o_mod_2_U  | ram_1p        |           |      |      |        | p_ZZN4nnet17conv_2d_buffer_clINS_5arrayI8ap_fixedILi9ELi3EL9ap_q_mode0EL9ap_o_mod_2  | auto   | 0       | 9, 15, 1         |
|       p_ZZN4nnet17conv_2d_buffer_clINS_5arrayI8ap_fixedILi9ELi3EL9ap_q_mode0EL9ap_o_mod_9_U  | ram_1p        |           |      |      |        | p_ZZN4nnet17conv_2d_buffer_clINS_5arrayI8ap_fixedILi9ELi3EL9ap_q_mode0EL9ap_o_mod_9  | auto   | 0       | 9, 15, 1         |
|       p_ZZN4nnet17conv_2d_buffer_clINS_5arrayI8ap_fixedILi9ELi3EL9ap_q_mode0EL9ap_o_mod_1_U  | ram_1p        |           |      |      |        | p_ZZN4nnet17conv_2d_buffer_clINS_5arrayI8ap_fixedILi9ELi3EL9ap_q_mode0EL9ap_o_mod_1  | auto   | 0       | 9, 15, 1         |
|       p_ZZN4nnet17conv_2d_buffer_clINS_5arrayI8ap_fixedILi9ELi3EL9ap_q_mode0EL9ap_o_mod_8_U  | ram_1p        |           |      |      |        | p_ZZN4nnet17conv_2d_buffer_clINS_5arrayI8ap_fixedILi9ELi3EL9ap_q_mode0EL9ap_o_mod_8  | auto   | 0       | 9, 15, 1         |
|       p_ZZN4nnet17conv_2d_buffer_clINS_5arrayI8ap_fixedILi9ELi3EL9ap_q_mode0EL9ap_o_mod_U    | ram_1p        |           |      |      |        | p_ZZN4nnet17conv_2d_buffer_clINS_5arrayI8ap_fixedILi9ELi3EL9ap_q_mode0EL9ap_o_mod    | auto   | 0       | 9, 15, 1         |
|     + dense_resource_rf_gt_nin_rem0_ap_fixed_ap_fixed_10_4_0_3_0_config5_mult_s              |               |           | 2    | 0    |        |                                                                                      |        |         |                  |
|       outidx_68_U                                                                            | rom_1p        |           | 1    |      |        | outidx_68                                                                            | auto   | 1       | 4, 1008, 1       |
|       w5_U                                                                                   | rom_np        |           | 1    |      | pragma | w5                                                                                   | bram   | 1       | 8, 1008, 1       |
|   + conv_2d_cl_array_ap_fixed_14u_array_ap_fixed_11_5_0_3_0_32u_config8_s                    |               |           | 3    | 0    |        |                                                                                      |        |         |                  |
|    + compute_output_buffer_2d_array_array_ap_fixed_11_5_0_3_0_32u_config8_s                  |               |           | 3    | 0    |        |                                                                                      |        |         |                  |
|     + shift_line_buffer_array_ap_fixed_10_4_0_3_0_14u_config8_s                              |               |           | 0    | 0    |        |                                                                                      |        |         |                  |
|       p_ZZN4nnet17conv_2d_buffer_clINS_5arrayI8ap_fixedILi10ELi4EL9ap_q_mode0EL9ap_o_mo_27_U | ram_1p        |           |      |      |        | p_ZZN4nnet17conv_2d_buffer_clINS_5arrayI8ap_fixedILi10ELi4EL9ap_q_mode0EL9ap_o_mo_27 | auto   | 0       | 10, 6, 1         |
|       p_ZZN4nnet17conv_2d_buffer_clINS_5arrayI8ap_fixedILi10ELi4EL9ap_q_mode0EL9ap_o_mo_13_U | ram_1p        |           |      |      |        | p_ZZN4nnet17conv_2d_buffer_clINS_5arrayI8ap_fixedILi10ELi4EL9ap_q_mode0EL9ap_o_mo_13 | auto   | 0       | 10, 6, 1         |
|       p_ZZN4nnet17conv_2d_buffer_clINS_5arrayI8ap_fixedILi10ELi4EL9ap_q_mode0EL9ap_o_mo_26_U | ram_1p        |           |      |      |        | p_ZZN4nnet17conv_2d_buffer_clINS_5arrayI8ap_fixedILi10ELi4EL9ap_q_mode0EL9ap_o_mo_26 | auto   | 0       | 10, 6, 1         |
|       p_ZZN4nnet17conv_2d_buffer_clINS_5arrayI8ap_fixedILi10ELi4EL9ap_q_mode0EL9ap_o_mo_12_U | ram_1p        |           |      |      |        | p_ZZN4nnet17conv_2d_buffer_clINS_5arrayI8ap_fixedILi10ELi4EL9ap_q_mode0EL9ap_o_mo_12 | auto   | 0       | 10, 6, 1         |
|       p_ZZN4nnet17conv_2d_buffer_clINS_5arrayI8ap_fixedILi10ELi4EL9ap_q_mode0EL9ap_o_mo_21_U | ram_1p        |           |      |      |        | p_ZZN4nnet17conv_2d_buffer_clINS_5arrayI8ap_fixedILi10ELi4EL9ap_q_mode0EL9ap_o_mo_21 | auto   | 0       | 10, 6, 1         |
|       p_ZZN4nnet17conv_2d_buffer_clINS_5arrayI8ap_fixedILi10ELi4EL9ap_q_mode0EL9ap_o_mo_7_U  | ram_1p        |           |      |      |        | p_ZZN4nnet17conv_2d_buffer_clINS_5arrayI8ap_fixedILi10ELi4EL9ap_q_mode0EL9ap_o_mo_7  | auto   | 0       | 10, 6, 1         |
|       p_ZZN4nnet17conv_2d_buffer_clINS_5arrayI8ap_fixedILi10ELi4EL9ap_q_mode0EL9ap_o_mo_20_U | ram_1p        |           |      |      |        | p_ZZN4nnet17conv_2d_buffer_clINS_5arrayI8ap_fixedILi10ELi4EL9ap_q_mode0EL9ap_o_mo_20 | auto   | 0       | 10, 6, 1         |
|       p_ZZN4nnet17conv_2d_buffer_clINS_5arrayI8ap_fixedILi10ELi4EL9ap_q_mode0EL9ap_o_mo_6_U  | ram_1p        |           |      |      |        | p_ZZN4nnet17conv_2d_buffer_clINS_5arrayI8ap_fixedILi10ELi4EL9ap_q_mode0EL9ap_o_mo_6  | auto   | 0       | 10, 6, 1         |
|       p_ZZN4nnet17conv_2d_buffer_clINS_5arrayI8ap_fixedILi10ELi4EL9ap_q_mode0EL9ap_o_mo_19_U | ram_1p        |           |      |      |        | p_ZZN4nnet17conv_2d_buffer_clINS_5arrayI8ap_fixedILi10ELi4EL9ap_q_mode0EL9ap_o_mo_19 | auto   | 0       | 10, 6, 1         |
|       p_ZZN4nnet17conv_2d_buffer_clINS_5arrayI8ap_fixedILi10ELi4EL9ap_q_mode0EL9ap_o_mo_5_U  | ram_1p        |           |      |      |        | p_ZZN4nnet17conv_2d_buffer_clINS_5arrayI8ap_fixedILi10ELi4EL9ap_q_mode0EL9ap_o_mo_5  | auto   | 0       | 10, 6, 1         |
|       p_ZZN4nnet17conv_2d_buffer_clINS_5arrayI8ap_fixedILi10ELi4EL9ap_q_mode0EL9ap_o_mo_18_U | ram_1p        |           |      |      |        | p_ZZN4nnet17conv_2d_buffer_clINS_5arrayI8ap_fixedILi10ELi4EL9ap_q_mode0EL9ap_o_mo_18 | auto   | 0       | 10, 6, 1         |
|       p_ZZN4nnet17conv_2d_buffer_clINS_5arrayI8ap_fixedILi10ELi4EL9ap_q_mode0EL9ap_o_mo_4_U  | ram_1p        |           |      |      |        | p_ZZN4nnet17conv_2d_buffer_clINS_5arrayI8ap_fixedILi10ELi4EL9ap_q_mode0EL9ap_o_mo_4  | auto   | 0       | 10, 6, 1         |
|       p_ZZN4nnet17conv_2d_buffer_clINS_5arrayI8ap_fixedILi10ELi4EL9ap_q_mode0EL9ap_o_mo_17_U | ram_1p        |           |      |      |        | p_ZZN4nnet17conv_2d_buffer_clINS_5arrayI8ap_fixedILi10ELi4EL9ap_q_mode0EL9ap_o_mo_17 | auto   | 0       | 10, 6, 1         |
|       p_ZZN4nnet17conv_2d_buffer_clINS_5arrayI8ap_fixedILi10ELi4EL9ap_q_mode0EL9ap_o_mo_3_U  | ram_1p        |           |      |      |        | p_ZZN4nnet17conv_2d_buffer_clINS_5arrayI8ap_fixedILi10ELi4EL9ap_q_mode0EL9ap_o_mo_3  | auto   | 0       | 10, 6, 1         |
|       p_ZZN4nnet17conv_2d_buffer_clINS_5arrayI8ap_fixedILi10ELi4EL9ap_q_mode0EL9ap_o_mo_16_U | ram_1p        |           |      |      |        | p_ZZN4nnet17conv_2d_buffer_clINS_5arrayI8ap_fixedILi10ELi4EL9ap_q_mode0EL9ap_o_mo_16 | auto   | 0       | 10, 6, 1         |
|       p_ZZN4nnet17conv_2d_buffer_clINS_5arrayI8ap_fixedILi10ELi4EL9ap_q_mode0EL9ap_o_mo_2_U  | ram_1p        |           |      |      |        | p_ZZN4nnet17conv_2d_buffer_clINS_5arrayI8ap_fixedILi10ELi4EL9ap_q_mode0EL9ap_o_mo_2  | auto   | 0       | 10, 6, 1         |
|       p_ZZN4nnet17conv_2d_buffer_clINS_5arrayI8ap_fixedILi10ELi4EL9ap_q_mode0EL9ap_o_mo_15_U | ram_1p        |           |      |      |        | p_ZZN4nnet17conv_2d_buffer_clINS_5arrayI8ap_fixedILi10ELi4EL9ap_q_mode0EL9ap_o_mo_15 | auto   | 0       | 10, 6, 1         |
|       p_ZZN4nnet17conv_2d_buffer_clINS_5arrayI8ap_fixedILi10ELi4EL9ap_q_mode0EL9ap_o_mo_1_U  | ram_1p        |           |      |      |        | p_ZZN4nnet17conv_2d_buffer_clINS_5arrayI8ap_fixedILi10ELi4EL9ap_q_mode0EL9ap_o_mo_1  | auto   | 0       | 10, 6, 1         |
|       p_ZZN4nnet17conv_2d_buffer_clINS_5arrayI8ap_fixedILi10ELi4EL9ap_q_mode0EL9ap_o_mo_14_U | ram_1p        |           |      |      |        | p_ZZN4nnet17conv_2d_buffer_clINS_5arrayI8ap_fixedILi10ELi4EL9ap_q_mode0EL9ap_o_mo_14 | auto   | 0       | 10, 6, 1         |
|       p_ZZN4nnet17conv_2d_buffer_clINS_5arrayI8ap_fixedILi10ELi4EL9ap_q_mode0EL9ap_o_mo_U    | ram_1p        |           |      |      |        | p_ZZN4nnet17conv_2d_buffer_clINS_5arrayI8ap_fixedILi10ELi4EL9ap_q_mode0EL9ap_o_mo    | auto   | 0       | 10, 6, 1         |
|       p_ZZN4nnet17conv_2d_buffer_clINS_5arrayI8ap_fixedILi10ELi4EL9ap_q_mode0EL9ap_o_mo_25_U | ram_1p        |           |      |      |        | p_ZZN4nnet17conv_2d_buffer_clINS_5arrayI8ap_fixedILi10ELi4EL9ap_q_mode0EL9ap_o_mo_25 | auto   | 0       | 10, 6, 1         |
|       p_ZZN4nnet17conv_2d_buffer_clINS_5arrayI8ap_fixedILi10ELi4EL9ap_q_mode0EL9ap_o_mo_11_U | ram_1p        |           |      |      |        | p_ZZN4nnet17conv_2d_buffer_clINS_5arrayI8ap_fixedILi10ELi4EL9ap_q_mode0EL9ap_o_mo_11 | auto   | 0       | 10, 6, 1         |
|       p_ZZN4nnet17conv_2d_buffer_clINS_5arrayI8ap_fixedILi10ELi4EL9ap_q_mode0EL9ap_o_mo_24_U | ram_1p        |           |      |      |        | p_ZZN4nnet17conv_2d_buffer_clINS_5arrayI8ap_fixedILi10ELi4EL9ap_q_mode0EL9ap_o_mo_24 | auto   | 0       | 10, 6, 1         |
|       p_ZZN4nnet17conv_2d_buffer_clINS_5arrayI8ap_fixedILi10ELi4EL9ap_q_mode0EL9ap_o_mo_10_U | ram_1p        |           |      |      |        | p_ZZN4nnet17conv_2d_buffer_clINS_5arrayI8ap_fixedILi10ELi4EL9ap_q_mode0EL9ap_o_mo_10 | auto   | 0       | 10, 6, 1         |
|       p_ZZN4nnet17conv_2d_buffer_clINS_5arrayI8ap_fixedILi10ELi4EL9ap_q_mode0EL9ap_o_mo_23_U | ram_1p        |           |      |      |        | p_ZZN4nnet17conv_2d_buffer_clINS_5arrayI8ap_fixedILi10ELi4EL9ap_q_mode0EL9ap_o_mo_23 | auto   | 0       | 10, 6, 1         |
|       p_ZZN4nnet17conv_2d_buffer_clINS_5arrayI8ap_fixedILi10ELi4EL9ap_q_mode0EL9ap_o_mo_9_U  | ram_1p        |           |      |      |        | p_ZZN4nnet17conv_2d_buffer_clINS_5arrayI8ap_fixedILi10ELi4EL9ap_q_mode0EL9ap_o_mo_9  | auto   | 0       | 10, 6, 1         |
|       p_ZZN4nnet17conv_2d_buffer_clINS_5arrayI8ap_fixedILi10ELi4EL9ap_q_mode0EL9ap_o_mo_22_U | ram_1p        |           |      |      |        | p_ZZN4nnet17conv_2d_buffer_clINS_5arrayI8ap_fixedILi10ELi4EL9ap_q_mode0EL9ap_o_mo_22 | auto   | 0       | 10, 6, 1         |
|       p_ZZN4nnet17conv_2d_buffer_clINS_5arrayI8ap_fixedILi10ELi4EL9ap_q_mode0EL9ap_o_mo_8_U  | ram_1p        |           |      |      |        | p_ZZN4nnet17conv_2d_buffer_clINS_5arrayI8ap_fixedILi10ELi4EL9ap_q_mode0EL9ap_o_mo_8  | auto   | 0       | 10, 6, 1         |
|     + dense_resource_rf_gt_nin_rem0_ap_fixed_ap_fixed_11_5_0_3_0_config8_mult_s              |               |           | 3    | 0    |        |                                                                                      |        |         |                  |
|       outidx_75_U                                                                            | rom_1p        |           | 1    |      |        | outidx_75                                                                            | auto   | 1       | 4, 2016, 1       |
|       w8_U                                                                                   | rom_np        |           | 2    |      | pragma | w8                                                                                   | bram   | 1       | 17, 2016, 1      |
|   + pointwise_conv_2d_cl_array_array_ap_fixed_11_5_0_3_0_24u_config14_s                      |               |           | 1    | 0    |        |                                                                                      |        |         |                  |
|    + dense_resource_rf_gt_nin_rem0_ap_fixed_ap_fixed_11_5_0_3_0_config14_mult_s              |               |           | 1    | 0    |        |                                                                                      |        |         |                  |
|      outidx_82_U                                                                             | rom_1p        |           | 1    |      |        | outidx_82                                                                            | auto   | 1       | 5, 768, 1        |
|   + pointwise_conv_2d_cl_array_array_ap_fixed_12_6_0_3_0_10u_config15_s                      |               |           | 0    | 0    |        |                                                                                      |        |         |                  |
|    + dense_resource_rf_gt_nin_rem0_ap_fixed_ap_fixed_12_6_0_3_0_config15_mult_s              |               |           | 0    | 0    |        |                                                                                      |        |         |                  |
|      outidx_89_U                                                                             | rom_1p        |           |      |      |        | outidx_89                                                                            | auto   | 1       | 4, 240, 1        |
|  + hls4ml_output_to_axis                                                                     |               |           | 0    | 0    |        |                                                                                      |        |         |                  |
|    r_U                                                                                       | ram_t2p array |           |      |      |        | r                                                                                    | auto   | 1       | 12, 10, 1        |
+----------------------------------------------------------------------------------------------+---------------+-----------+------+------+--------+--------------------------------------------------------------------------------------+--------+---------+------------------+


================================================================
== Pragma Report
================================================================
* Ignored Pragmas
+------------+---------------------------------------------------------------------------------+--------------------------------------------------------------------+-----------------------------------------------------------------------------------+
| Type       | Options                                                                         | Location                                                           | Messages                                                                          |
+------------+---------------------------------------------------------------------------------+--------------------------------------------------------------------+-----------------------------------------------------------------------------------+
| ALLOCATION | instances = softmax<CONFIG_T> limit = CONFIG_T::parallelization_factor function | in softmax_multidim (firmware/nnet_utils/nnet_activation.h:402)    | unexpected pragma argument 'softmax', expects function/operation                  |
| ALLOCATION | instances=compute_output_buffer_1d limit=1 function                             | in conv_2d_buffer_cl (firmware/nnet_utils/nnet_conv2d_stream.h:80) | unexpected pragma argument 'compute_output_buffer_1d', expects function/operation |
| ALLOCATION | instances=compute_output_buffer_2d limit=1 function                             | in conv_2d_buffer_cl (firmware/nnet_utils/nnet_conv2d_stream.h:81) | unexpected pragma argument 'compute_output_buffer_2d', expects function/operation |
| ALLOCATION | instances=pool_op limit=limit function                                          | in global_pooling2d_cl (firmware/nnet_utils/nnet_pooling.h:298)    | unexpected pragma argument 'pool_op', expects function/operation                  |
+------------+---------------------------------------------------------------------------------+--------------------------------------------------------------------+-----------------------------------------------------------------------------------+

* Pragmas with Warnings
+----------+-----------------------------------+----------------------------------------------------------------------------------+---------------------------------------------------------------------------------------------------------------------------------------------------------------------------------------------------------------------------------------------------------------------------------------------------------------------------------------------------------------------------------------------------------------+
| Type     | Options                           | Location                                                                         | Messages                                                                                                                                                                                                                                                                                                                                                                                                      |
+----------+-----------------------------------+----------------------------------------------------------------------------------+---------------------------------------------------------------------------------------------------------------------------------------------------------------------------------------------------------------------------------------------------------------------------------------------------------------------------------------------------------------------------------------------------------------+
| INLINE   | region                            | in conv_2d_cl (firmware/nnet_utils/nnet_conv2d.h:48)                             | 'region' in '#pragma HLS Inline' is deprecated, use 'Inline Pragma' instead                                                                                                                                                                                                                                                                                                                                   |
| INLINE   | region                            | in pointwise_conv_2d_cl (firmware/nnet_utils/nnet_conv2d.h:66)                   | 'region' in '#pragma HLS Inline' is deprecated, use 'Inline Pragma' instead                                                                                                                                                                                                                                                                                                                                   |
| PIPELINE | ii=CONFIG_T::reuse_factor         | in conv_2d_encoded_cl (firmware/nnet_utils/nnet_conv2d_stream.h:58)              | pipeline pragma is ignored, because it can be only applied inside loop body or function body                                                                                                                                                                                                                                                                                                                  |
| PIPELINE | ii=CONFIG_T::reuse_factor         | in conv_2d_buffer_cl (firmware/nnet_utils/nnet_conv2d_stream.h:90)               | pipeline pragma is ignored, because it can be only applied inside loop body or function body                                                                                                                                                                                                                                                                                                                  |
| PIPELINE | II = 1                            | in kernel_shift_2d (firmware/nnet_utils/nnet_conv_stream.h:190)                  | Pipeline directive for loop 'KernelShiftWidth' (E:/Andy/COLEGIO/Ingenieria_de_Software/TFG/Project/h/v4_8_14_32_24_final/firmware/nnet_utils/nnet_conv_stream.h:189:5) in function 'nnet::shift_line_buffer<nnet::array<ap_fixed<10, 4, (ap_q_mode)0, (ap_o_mode)3, 0>, 14u>, config8>' has been removed because the loop is unrolled completely                                                              |
|          |                                   |                                                                                  | Pipeline directive for loop 'KernelShiftWidth' (E:/Andy/COLEGIO/Ingenieria_de_Software/TFG/Project/h/v4_8_14_32_24_final/firmware/nnet_utils/nnet_conv_stream.h:189:5) in function 'nnet::pooling2d_cl<nnet::array<ap_fixed<10, 4, (ap_q_mode)0, (ap_o_mode)3, 0>, 14u>, nnet::array<ap_fixed<10, 4, (ap_q_mode)0, (ap_o_mode)3, 0>, 14u>, config7>' has been removed because the loop is unrolled completely |
|          |                                   |                                                                                  | Pipeline directive for loop 'KernelShiftWidth' (E:/Andy/COLEGIO/Ingenieria_de_Software/TFG/Project/h/v4_8_14_32_24_final/firmware/nnet_utils/nnet_conv_stream.h:189:5) in function 'nnet::shift_line_buffer<nnet::array<ap_fixed<9, 3, (ap_q_mode)0, (ap_o_mode)3, 0>, 8u>, config5>' has been removed because the loop is unrolled completely                                                                |
|          |                                   |                                                                                  | Pipeline directive for loop 'KernelShiftWidth' (E:/Andy/COLEGIO/Ingenieria_de_Software/TFG/Project/h/v4_8_14_32_24_final/firmware/nnet_utils/nnet_conv_stream.h:189:5) in function 'nnet::pooling2d_cl<nnet::array<ap_fixed<9, 3, (ap_q_mode)0, (ap_o_mode)3, 0>, 8u>, nnet::array<ap_fixed<9, 3, (ap_q_mode)0, (ap_o_mode)3, 0>, 8u>, config4>' has been removed because the loop is unrolled completely     |
|          |                                   |                                                                                  | Pipeline directive for loop 'KernelShiftWidth' (E:/Andy/COLEGIO/Ingenieria_de_Software/TFG/Project/h/v4_8_14_32_24_final/firmware/nnet_utils/nnet_conv_stream.h:189:5) in function 'nnet::shift_line_buffer<nnet::array<ap_fixed<9, 2, (ap_q_mode)0, (ap_o_mode)3, 0>, 3u>, config2>' has been removed because the loop is unrolled completely                                                                |
| RESOURCE | variable=weights core=ROM_nP_BRAM | in dense_resource_rf_leq_nin (firmware/nnet_utils/nnet_dense_resource.h:33)      | 'Resource pragma' is deprecated, use 'bind_op/bind_storage pragma' instead                                                                                                                                                                                                                                                                                                                                    |
| RESOURCE | variable=weights core=ROM_nP_BRAM | in dense_resource_rf_gt_nin_rem0 (firmware/nnet_utils/nnet_dense_resource.h:107) | 'Resource pragma' is deprecated, use 'bind_op/bind_storage pragma' instead                                                                                                                                                                                                                                                                                                                                    |
| RESOURCE | variable=weights core=ROM_nP_BRAM | in dense_resource_rf_gt_nin (firmware/nnet_utils/nnet_dense_resource.h:189)      | 'Resource pragma' is deprecated, use 'bind_op/bind_storage pragma' instead                                                                                                                                                                                                                                                                                                                                    |
| PIPELINE | ii=pack_factor                    | in pooling2d_encoded_cl (firmware/nnet_utils/nnet_pooling_stream.h:154)          | pipeline pragma is ignored, because it can be only applied inside loop body or function body                                                                                                                                                                                                                                                                                                                  |
| PIPELINE |                                   | in compute_pool_buffer_2d (firmware/nnet_utils/nnet_pooling_stream.h:194)        | Pipeline directive for loop 'FiltLoop' (E:/Andy/COLEGIO/Ingenieria_de_Software/TFG/Project/h/v4_8_14_32_24_final/firmware/nnet_utils/nnet_pooling_stream.h:193:9) in function 'nnet::pooling2d_cl<nnet::array<ap_fixed<10, 4, (ap_q_mode)0, (ap_o_mode)3, 0>, 14u>, nnet::array<ap_fixed<10, 4, (ap_q_mode)0, (ap_o_mode)3, 0>, 14u>, config7>' has been removed because the loop is unrolled completely      |
|          |                                   |                                                                                  | Pipeline directive for loop 'FiltLoop' (E:/Andy/COLEGIO/Ingenieria_de_Software/TFG/Project/h/v4_8_14_32_24_final/firmware/nnet_utils/nnet_pooling_stream.h:193:9) in function 'nnet::pooling2d_cl<nnet::array<ap_fixed<9, 3, (ap_q_mode)0, (ap_o_mode)3, 0>, 8u>, nnet::array<ap_fixed<9, 3, (ap_q_mode)0, (ap_o_mode)3, 0>, 8u>, config4>' has been removed because the loop is unrolled completely          |
| PIPELINE | ii=CONFIG_T::reuse_factor         | in pointwise_conv_2d_cl (firmware/nnet_utils/nnet_sepconv2d_stream.h:115)        | pipeline pragma is ignored, because it can be only applied inside loop body or function body                                                                                                                                                                                                                                                                                                                  |
+----------+-----------------------------------+----------------------------------------------------------------------------------+---------------------------------------------------------------------------------------------------------------------------------------------------------------------------------------------------------------------------------------------------------------------------------------------------------------------------------------------------------------------------------------------------------------+

* Inferred Pragmas
+-----------------+--------------------------------+----------------------------------------------------------------------------------------------------------------------------------------------------------------------------------------------------------------------------------------------------------------------------------------------------------------------------------------------------------------------------+-------------------------------------------------------------------------------+
| Type            | Options                        | Location                                                                                                                                                                                                                                                                                                                                                                   | Inferred From                                                                 |
+-----------------+--------------------------------+----------------------------------------------------------------------------------------------------------------------------------------------------------------------------------------------------------------------------------------------------------------------------------------------------------------------------------------------------------------------------+-------------------------------------------------------------------------------+
| LOOP_FLATTEN    |                                | loop ReadInputHeight (E:/Andy/COLEGIO/Ingenieria_de_Software/TFG/Project/h/v4_8_14_32_24_final/firmware/nnet_utils/nnet_pooling_stream.h:512:5) in nnet::global_pooling2d_cl<nnet::array<ap_fixed<12, 6, (ap_q_mode)0, (ap_o_mode)3, 0>, 10u>, nnet::array<ap_fixed<12, 5, (ap_q_mode)0, (ap_o_mode)3, 0>, 10u>, config13> (firmware/nnet_utils/nnet_pooling_stream.h:512) | pipeline firmware/nnet_utils/nnet_pooling_stream.h:514 (Performance Budgeter) |
| ARRAY_PARTITION | dim=1 type=complete variable=v | variable v in axis_to_hls4ml_input (firmware/cifar10_axis_wrapper.cpp:44)                                                                                                                                                                                                                                                                                                  | pipeline firmware/cifar10_axis_wrapper.cpp:47                                 |
| LOOP_FLATTEN    |                                | loop VITIS_LOOP_43_1 (firmware/cifar10_axis_wrapper.cpp:43:22) in axis_to_hls4ml_input (firmware/cifar10_axis_wrapper.cpp:43)                                                                                                                                                                                                                                              | pipeline firmware/cifar10_axis_wrapper.cpp:47                                 |
| LOOP_FLATTEN    |                                | loop ReadInputHeight (E:/Andy/COLEGIO/Ingenieria_de_Software/TFG/Project/h/v4_8_14_32_24_final/firmware/nnet_utils/nnet_pooling_stream.h:241:5) in nnet::pooling2d_cl<nnet::array<ap_fixed<9, 3, (ap_q_mode)0, (ap_o_mode)3, 0>, 8u>, nnet::array<ap_fixed<9, 3, (ap_q_mode)0, (ap_o_mode)3, 0>, 8u>, config4> (firmware/nnet_utils/nnet_pooling_stream.h:241)             | pipeline firmware/nnet_utils/nnet_pooling_stream.h:245                        |
| PIPELINE        |                                | loop ReadInputWidth (E:/Andy/COLEGIO/Ingenieria_de_Software/TFG/Project/h/v4_8_14_32_24_final/firmware/nnet_utils/nnet_pooling_stream.h:514:9) in nnet::global_pooling2d_cl<nnet::array<ap_fixed<12, 6, (ap_q_mode)0, (ap_o_mode)3, 0>, 10u>, nnet::array<ap_fixed<12, 5, (ap_q_mode)0, (ap_o_mode)3, 0>, 10u>, config13> (firmware/nnet_utils/nnet_pooling_stream.h:514)  | syn.compile.pipeline_loops=64                                                 |
+-----------------+--------------------------------+----------------------------------------------------------------------------------------------------------------------------------------------------------------------------------------------------------------------------------------------------------------------------------------------------------------------------------------------------------------------------+-------------------------------------------------------------------------------+

* Valid Pragma Syntax
+----------------------+-----------------------------------------------------------------------+--------------------------------------------------------------------------------------------------+
| Type                 | Options                                                               | Location                                                                                         |
+----------------------+-----------------------------------------------------------------------+--------------------------------------------------------------------------------------------------+
| INLINE               |                                                                       | in axis_word_to_input_value (firmware/cifar10_axis_wrapper.cpp:18)                               |
| INLINE               |                                                                       | in output_value_to_axis_word (firmware/cifar10_axis_wrapper.cpp:25)                              |
| INLINE               | off                                                                   | in axis_to_hls4ml_input (firmware/cifar10_axis_wrapper.cpp:39)                                   |
| PIPELINE             | ii=1                                                                  | in axis_to_hls4ml_input (firmware/cifar10_axis_wrapper.cpp:47)                                   |
| INLINE               | off                                                                   | in hls4ml_output_to_axis (firmware/cifar10_axis_wrapper.cpp:60)                                  |
| PIPELINE             | ii=1                                                                  | in hls4ml_output_to_axis (firmware/cifar10_axis_wrapper.cpp:68)                                  |
| INTERFACE            | axis register both port=s_axis                                        | in cifar10_axis_wrapper (firmware/cifar10_axis_wrapper.cpp:84)                                   |
| INTERFACE            | axis register both port=m_axis                                        | in cifar10_axis_wrapper (firmware/cifar10_axis_wrapper.cpp:85)                                   |
| INTERFACE            | s_axilite port=return bundle=CTRL                                     | in cifar10_axis_wrapper (firmware/cifar10_axis_wrapper.cpp:86)                                   |
| DATAFLOW             |                                                                       | in cifar10_axis_wrapper (firmware/cifar10_axis_wrapper.cpp:88)                                   |
| STREAM               | variable=nn_in depth=16                                               | in cifar10_axis_wrapper (firmware/cifar10_axis_wrapper.cpp:93)                                   |
| STREAM               | variable=nn_out depth=2                                               | in cifar10_axis_wrapper (firmware/cifar10_axis_wrapper.cpp:94)                                   |
| INTERFACE            | axis port=input_layer,layer13_out                                     | in cifar10_hls_core (firmware/cifar10_hls_core.cpp:13)                                           |
| DATAFLOW             |                                                                       | in cifar10_hls_core (firmware/cifar10_hls_core.cpp:14)                                           |
| STREAM               | variable=layer2_out depth=900                                         | in cifar10_hls_core (firmware/cifar10_hls_core.cpp:39)                                           |
| STREAM               | variable=layer3_out depth=900                                         | in cifar10_hls_core (firmware/cifar10_hls_core.cpp:42)                                           |
| STREAM               | variable=layer4_out depth=225                                         | in cifar10_hls_core (firmware/cifar10_hls_core.cpp:45)                                           |
| STREAM               | variable=layer5_out depth=169                                         | in cifar10_hls_core (firmware/cifar10_hls_core.cpp:48)                                           |
| STREAM               | variable=layer6_out depth=169                                         | in cifar10_hls_core (firmware/cifar10_hls_core.cpp:51)                                           |
| STREAM               | variable=layer7_out depth=36                                          | in cifar10_hls_core (firmware/cifar10_hls_core.cpp:54)                                           |
| STREAM               | variable=layer8_out depth=16                                          | in cifar10_hls_core (firmware/cifar10_hls_core.cpp:57)                                           |
| STREAM               | variable=layer9_out depth=16                                          | in cifar10_hls_core (firmware/cifar10_hls_core.cpp:60)                                           |
| STREAM               | variable=layer10_out depth=16                                         | in cifar10_hls_core (firmware/cifar10_hls_core.cpp:63)                                           |
| STREAM               | variable=layer11_out depth=16                                         | in cifar10_hls_core (firmware/cifar10_hls_core.cpp:66)                                           |
| STREAM               | variable=layer12_out depth=16                                         | in cifar10_hls_core (firmware/cifar10_hls_core.cpp:69)                                           |
| PIPELINE             |                                                                       | in linear (firmware/nnet_utils/nnet_activation.h:29)                                             |
| PIPELINE             |                                                                       | in relu (firmware/nnet_utils/nnet_activation.h:40)                                               |
| PIPELINE             |                                                                       | in relu_max (firmware/nnet_utils/nnet_activation.h:54)                                           |
| PIPELINE             |                                                                       | in sigmoid (firmware/nnet_utils/nnet_activation.h:109)                                           |
| PIPELINE             |                                                                       | in softmax_latency (firmware/nnet_utils/nnet_activation.h:176)                                   |
| ARRAY_PARTITION      | variable=exp_res complete                                             | in softmax_latency (firmware/nnet_utils/nnet_activation.h:198)                                   |
| UNROLL               |                                                                       | in softmax_latency (firmware/nnet_utils/nnet_activation.h:201)                                   |
| UNROLL               |                                                                       | in softmax_latency (firmware/nnet_utils/nnet_activation.h:214)                                   |
| PIPELINE             |                                                                       | in softmax_stable (firmware/nnet_utils/nnet_activation.h:221)                                    |
| UNROLL               |                                                                       | in softmax_stable (firmware/nnet_utils/nnet_activation.h:247)                                    |
| ARRAY_PARTITION      | variable=exp_res complete                                             | in softmax_stable (firmware/nnet_utils/nnet_activation.h:253)                                    |
| UNROLL               |                                                                       | in softmax_stable (firmware/nnet_utils/nnet_activation.h:256)                                    |
| UNROLL               |                                                                       | in softmax_stable (firmware/nnet_utils/nnet_activation.h:269)                                    |
| PIPELINE             |                                                                       | in softmax_legacy (firmware/nnet_utils/nnet_activation.h:317)                                    |
| UNROLL               |                                                                       | in softmax_argmax (firmware/nnet_utils/nnet_activation.h:362)                                    |
| PIPELINE             |                                                                       | in softmax_argmax (firmware/nnet_utils/nnet_activation.h:370)                                    |
| INLINE               |                                                                       | in softmax (firmware/nnet_utils/nnet_activation.h:382)                                           |
| INLINE               |                                                                       | in softmax_multidim (firmware/nnet_utils/nnet_activation.h:401)                                  |
| UNROLL               |                                                                       | in softmax_multidim (firmware/nnet_utils/nnet_activation.h:406)                                  |
| UNROLL               |                                                                       | in softmax_multidim (firmware/nnet_utils/nnet_activation.h:408)                                  |
| UNROLL               |                                                                       | in softmax_multidim (firmware/nnet_utils/nnet_activation.h:410)                                  |
| UNROLL               |                                                                       | in softmax_multidim (firmware/nnet_utils/nnet_activation.h:415)                                  |
| PIPELINE             |                                                                       | in tanh (firmware/nnet_utils/nnet_activation.h:452)                                              |
| FUNCTION_INSTANTIATE | variable=table                                                        | in unary_lut (firmware/nnet_utils/nnet_activation.h:481)                                         |
| ARRAY_PARTITION      | variable=table                                                        | in unary_lut (firmware/nnet_utils/nnet_activation.h:482)                                         |
| UNROLL               |                                                                       | in unary_lut (firmware/nnet_utils/nnet_activation.h:485)                                         |
| PIPELINE             |                                                                       | in hard_sigmoid (firmware/nnet_utils/nnet_activation.h:496)                                      |
| PIPELINE             |                                                                       | in hard_tanh (firmware/nnet_utils/nnet_activation.h:511)                                         |
| PIPELINE             |                                                                       | in leaky_relu (firmware/nnet_utils/nnet_activation.h:529)                                        |
| PIPELINE             |                                                                       | in thresholded_relu (firmware/nnet_utils/nnet_activation.h:546)                                  |
| PIPELINE             |                                                                       | in softplus (firmware/nnet_utils/nnet_activation.h:591)                                          |
| PIPELINE             |                                                                       | in softsign (firmware/nnet_utils/nnet_activation.h:640)                                          |
| PIPELINE             |                                                                       | in elu (firmware/nnet_utils/nnet_activation.h:689)                                               |
| PIPELINE             |                                                                       | in selu (firmware/nnet_utils/nnet_activation.h:748)                                              |
| PIPELINE             |                                                                       | in prelu (firmware/nnet_utils/nnet_activation.h:776)                                             |
| PIPELINE             |                                                                       | in binary_tanh (firmware/nnet_utils/nnet_activation.h:804)                                       |
| PIPELINE             |                                                                       | in ternary_tanh (firmware/nnet_utils/nnet_activation.h:824)                                      |
| PIPELINE             |                                                                       | in linear (firmware/nnet_utils/nnet_activation_stream.h:20)                                      |
| UNROLL               |                                                                       | in linear (firmware/nnet_utils/nnet_activation_stream.h:28)                                      |
| PIPELINE             |                                                                       | in relu (firmware/nnet_utils/nnet_activation_stream.h:42)                                        |
| UNROLL               |                                                                       | in relu (firmware/nnet_utils/nnet_activation_stream.h:50)                                        |
| PIPELINE             |                                                                       | in sigmoid (firmware/nnet_utils/nnet_activation_stream.h:81)                                     |
| UNROLL               |                                                                       | in sigmoid (firmware/nnet_utils/nnet_activation_stream.h:89)                                     |
| ARRAY_PARTITION      | variable=exp_res complete                                             | in softmax_latency (firmware/nnet_utils/nnet_activation_stream.h:133)                            |
| PIPELINE             | ii=ii                                                                 | in softmax_latency (firmware/nnet_utils/nnet_activation_stream.h:137)                            |
| UNROLL               |                                                                       | in softmax_latency (firmware/nnet_utils/nnet_activation_stream.h:142)                            |
| UNROLL               |                                                                       | in softmax_latency (firmware/nnet_utils/nnet_activation_stream.h:160)                            |
| ALLOCATION           | operation instances=mul limit=multiplier_limit                        | in softmax_latency (firmware/nnet_utils/nnet_activation_stream.h:161)                            |
| ARRAY_PARTITION      | variable=data_array complete                                          | in softmax_stable (firmware/nnet_utils/nnet_activation_stream.h:193)                             |
| PIPELINE             | ii=ii                                                                 | in softmax_stable (firmware/nnet_utils/nnet_activation_stream.h:196)                             |
| UNROLL               |                                                                       | in softmax_stable (firmware/nnet_utils/nnet_activation_stream.h:201)                             |
| UNROLL               |                                                                       | in softmax_stable (firmware/nnet_utils/nnet_activation_stream.h:212)                             |
| ARRAY_PARTITION      | variable=exp_res complete                                             | in softmax_stable (firmware/nnet_utils/nnet_activation_stream.h:218)                             |
| UNROLL               |                                                                       | in softmax_stable (firmware/nnet_utils/nnet_activation_stream.h:221)                             |
| UNROLL               |                                                                       | in softmax_stable (firmware/nnet_utils/nnet_activation_stream.h:239)                             |
| ALLOCATION           | operation instances=mul limit=multiplier_limit                        | in softmax_stable (firmware/nnet_utils/nnet_activation_stream.h:240)                             |
| PIPELINE             |                                                                       | in softmax_legacy (firmware/nnet_utils/nnet_activation_stream.h:272)                             |
| UNROLL               |                                                                       | in softmax_legacy (firmware/nnet_utils/nnet_activation_stream.h:276)                             |
| UNROLL               |                                                                       | in softmax_legacy (firmware/nnet_utils/nnet_activation_stream.h:283)                             |
| UNROLL               |                                                                       | in softmax_legacy (firmware/nnet_utils/nnet_activation_stream.h:286)                             |
| UNROLL               |                                                                       | in softmax_legacy (firmware/nnet_utils/nnet_activation_stream.h:309)                             |
| PIPELINE             |                                                                       | in softmax_argmax (firmware/nnet_utils/nnet_activation_stream.h:326)                             |
| UNROLL               |                                                                       | in softmax_argmax (firmware/nnet_utils/nnet_activation_stream.h:331)                             |
| PIPELINE             |                                                                       | in softmax_argmax (firmware/nnet_utils/nnet_activation_stream.h:339)                             |
| PIPELINE             |                                                                       | in tanh (firmware/nnet_utils/nnet_activation_stream.h:390)                                       |
| UNROLL               |                                                                       | in tanh (firmware/nnet_utils/nnet_activation_stream.h:398)                                       |
| FUNCTION_INSTANTIATE | variable=table                                                        | in unary_lut (firmware/nnet_utils/nnet_activation_stream.h:418)                                  |
| ARRAY_PARTITION      | variable=table complete                                               | in unary_lut (firmware/nnet_utils/nnet_activation_stream.h:419)                                  |
| PIPELINE             | ii=CONFIG_T::reuse_factor rewind                                      | in unary_lut (firmware/nnet_utils/nnet_activation_stream.h:423)                                  |
| UNROLL               |                                                                       | in unary_lut (firmware/nnet_utils/nnet_activation_stream.h:431)                                  |
| PIPELINE             |                                                                       | in hard_sigmoid (firmware/nnet_utils/nnet_activation_stream.h:449)                               |
| UNROLL               |                                                                       | in hard_sigmoid (firmware/nnet_utils/nnet_activation_stream.h:457)                               |
| PIPELINE             |                                                                       | in hard_tanh (firmware/nnet_utils/nnet_activation_stream.h:474)                                  |
| UNROLL               |                                                                       | in hard_tanh (firmware/nnet_utils/nnet_activation_stream.h:482)                                  |
| PIPELINE             |                                                                       | in leaky_relu (firmware/nnet_utils/nnet_activation_stream.h:503)                                 |
| UNROLL               |                                                                       | in leaky_relu (firmware/nnet_utils/nnet_activation_stream.h:511)                                 |
| PIPELINE             |                                                                       | in thresholded_relu (firmware/nnet_utils/nnet_activation_stream.h:529)                           |
| UNROLL               |                                                                       | in thresholded_relu (firmware/nnet_utils/nnet_activation_stream.h:537)                           |
| PIPELINE             |                                                                       | in softplus (firmware/nnet_utils/nnet_activation_stream.h:568)                                   |
| UNROLL               |                                                                       | in softplus (firmware/nnet_utils/nnet_activation_stream.h:576)                                   |
| PIPELINE             |                                                                       | in softsign (firmware/nnet_utils/nnet_activation_stream.h:609)                                   |
| UNROLL               |                                                                       | in softsign (firmware/nnet_utils/nnet_activation_stream.h:617)                                   |
| PIPELINE             |                                                                       | in elu (firmware/nnet_utils/nnet_activation_stream.h:650)                                        |
| UNROLL               |                                                                       | in elu (firmware/nnet_utils/nnet_activation_stream.h:658)                                        |
| PIPELINE             |                                                                       | in selu (firmware/nnet_utils/nnet_activation_stream.h:698)                                       |
| UNROLL               |                                                                       | in selu (firmware/nnet_utils/nnet_activation_stream.h:706)                                       |
| PIPELINE             |                                                                       | in prelu (firmware/nnet_utils/nnet_activation_stream.h:730)                                      |
| UNROLL               |                                                                       | in prelu (firmware/nnet_utils/nnet_activation_stream.h:738)                                      |
| PIPELINE             |                                                                       | in binary_tanh (firmware/nnet_utils/nnet_activation_stream.h:756)                                |
| UNROLL               |                                                                       | in binary_tanh (firmware/nnet_utils/nnet_activation_stream.h:765)                                |
| PIPELINE             |                                                                       | in ternary_tanh (firmware/nnet_utils/nnet_activation_stream.h:784)                               |
| UNROLL               |                                                                       | in ternary_tanh (firmware/nnet_utils/nnet_activation_stream.h:792)                               |
| ARRAY_PARTITION      | variable=data_buf complete dim=0                                      | in conv_1d_latency_cl (firmware/nnet_utils/nnet_conv1d_latency.h:19)                             |
| ARRAY_PARTITION      | variable=mult complete                                                | in conv_1d_latency_cl (firmware/nnet_utils/nnet_conv1d_latency.h:22)                             |
| ARRAY_PARTITION      | variable=acc complete                                                 | in conv_1d_latency_cl (firmware/nnet_utils/nnet_conv1d_latency.h:25)                             |
| ARRAY_PARTITION      | variable=weights complete                                             | in conv_1d_latency_cl (firmware/nnet_utils/nnet_conv1d_latency.h:27)                             |
| ARRAY_PARTITION      | variable=biases complete                                              | in conv_1d_latency_cl (firmware/nnet_utils/nnet_conv1d_latency.h:28)                             |
| ALLOCATION           | operation instances=mul limit=CONFIG_T::mult_config::multiplier_limit | in conv_1d_latency_cl (firmware/nnet_utils/nnet_conv1d_latency.h:31)                             |
| PIPELINE             | ii=CONFIG_T::reuse_factor rewind                                      | in conv_1d_latency_cl (firmware/nnet_utils/nnet_conv1d_latency.h:35)                             |
| UNROLL               |                                                                       | in conv_1d_latency_cl (firmware/nnet_utils/nnet_conv1d_latency.h:41)                             |
| UNROLL               |                                                                       | in conv_1d_latency_cl (firmware/nnet_utils/nnet_conv1d_latency.h:48)                             |
| UNROLL               |                                                                       | in conv_1d_latency_cl (firmware/nnet_utils/nnet_conv1d_latency.h:52)                             |
| UNROLL               |                                                                       | in conv_1d_latency_cl (firmware/nnet_utils/nnet_conv1d_latency.h:62)                             |
| UNROLL               |                                                                       | in conv_1d_latency_cl (firmware/nnet_utils/nnet_conv1d_latency.h:69)                             |
| UNROLL               |                                                                       | in conv_1d_latency_cl (firmware/nnet_utils/nnet_conv1d_latency.h:72)                             |
| UNROLL               |                                                                       | in conv_1d_latency_cl (firmware/nnet_utils/nnet_conv1d_latency.h:80)                             |
| ARRAY_PARTITION      | variable=mult complete dim=0                                          | in pointwise_conv_1d_latency_cl (firmware/nnet_utils/nnet_conv1d_latency.h:97)                   |
| ARRAY_PARTITION      | variable=acc complete dim=0                                           | in pointwise_conv_1d_latency_cl (firmware/nnet_utils/nnet_conv1d_latency.h:98)                   |
| FUNCTION_INSTANTIATE | variable=weights,biases                                               | in pointwise_conv_1d_latency_cl (firmware/nnet_utils/nnet_conv1d_latency.h:101)                  |
| PIPELINE             | ii=CONFIG_T::reuse_factor                                             | in pointwise_conv_1d_latency_cl (firmware/nnet_utils/nnet_conv1d_latency.h:104)                  |
| ARRAY_PARTITION      | variable=weights complete dim=0                                       | in pointwise_conv_1d_latency_cl (firmware/nnet_utils/nnet_conv1d_latency.h:105)                  |
| ARRAY_PARTITION      | variable=biases complete dim=0                                        | in pointwise_conv_1d_latency_cl (firmware/nnet_utils/nnet_conv1d_latency.h:106)                  |
| ALLOCATION           | operation instances=mul limit=CONFIG_T::mult_config::multiplier_limit | in pointwise_conv_1d_latency_cl (firmware/nnet_utils/nnet_conv1d_latency.h:109)                  |
| UNROLL               |                                                                       | in pointwise_conv_1d_latency_cl (firmware/nnet_utils/nnet_conv1d_latency.h:118)                  |
| UNROLL               |                                                                       | in pointwise_conv_1d_latency_cl (firmware/nnet_utils/nnet_conv1d_latency.h:137)                  |
| UNROLL               |                                                                       | in pointwise_conv_1d_latency_cl (firmware/nnet_utils/nnet_conv1d_latency.h:159)                  |
| ARRAY_PARTITION      | variable=data_buf complete dim=0                                      | in conv_2d_latency_cl (firmware/nnet_utils/nnet_conv2d_latency.h:20)                             |
| ARRAY_PARTITION      | variable=mult complete                                                | in conv_2d_latency_cl (firmware/nnet_utils/nnet_conv2d_latency.h:23)                             |
| ARRAY_PARTITION      | variable=acc complete                                                 | in conv_2d_latency_cl (firmware/nnet_utils/nnet_conv2d_latency.h:26)                             |
| ARRAY_PARTITION      | variable=weights complete                                             | in conv_2d_latency_cl (firmware/nnet_utils/nnet_conv2d_latency.h:28)                             |
| ARRAY_PARTITION      | variable=biases complete                                              | in conv_2d_latency_cl (firmware/nnet_utils/nnet_conv2d_latency.h:29)                             |
| ALLOCATION           | operation instances=mul limit=CONFIG_T::mult_config::multiplier_limit | in conv_2d_latency_cl (firmware/nnet_utils/nnet_conv2d_latency.h:32)                             |
| PIPELINE             | ii=CONFIG_T::reuse_factor rewind                                      | in conv_2d_latency_cl (firmware/nnet_utils/nnet_conv2d_latency.h:36)                             |
| UNROLL               |                                                                       | in conv_2d_latency_cl (firmware/nnet_utils/nnet_conv2d_latency.h:42)                             |
| UNROLL               |                                                                       | in conv_2d_latency_cl (firmware/nnet_utils/nnet_conv2d_latency.h:49)                             |
| UNROLL               |                                                                       | in conv_2d_latency_cl (firmware/nnet_utils/nnet_conv2d_latency.h:53)                             |
| UNROLL               |                                                                       | in conv_2d_latency_cl (firmware/nnet_utils/nnet_conv2d_latency.h:63)                             |
| UNROLL               |                                                                       | in conv_2d_latency_cl (firmware/nnet_utils/nnet_conv2d_latency.h:70)                             |
| UNROLL               |                                                                       | in conv_2d_latency_cl (firmware/nnet_utils/nnet_conv2d_latency.h:73)                             |
| UNROLL               |                                                                       | in conv_2d_latency_cl (firmware/nnet_utils/nnet_conv2d_latency.h:81)                             |
| ARRAY_PARTITION      | variable=data_buf complete dim=0                                      | in conv_2d_resource_cl (firmware/nnet_utils/nnet_conv2d_resource.h:27)                           |
| ARRAY_RESHAPE        | variable=weights block factor=block_factor                            | in conv_2d_resource_cl (firmware/nnet_utils/nnet_conv2d_resource.h:29)                           |
| ARRAY_PARTITION      | variable=biases complete                                              | in conv_2d_resource_cl (firmware/nnet_utils/nnet_conv2d_resource.h:30)                           |
| ARRAY_PARTITION      | variable=acc complete dim=0                                           | in conv_2d_resource_cl (firmware/nnet_utils/nnet_conv2d_resource.h:33)                           |
| UNROLL               |                                                                       | in conv_2d_resource_cl (firmware/nnet_utils/nnet_conv2d_resource.h:43)                           |
| UNROLL               |                                                                       | in conv_2d_resource_cl (firmware/nnet_utils/nnet_conv2d_resource.h:47)                           |
| PIPELINE             | ii=1 rewind                                                           | in conv_2d_resource_cl (firmware/nnet_utils/nnet_conv2d_resource.h:54)                           |
| UNROLL               |                                                                       | in conv_2d_resource_cl (firmware/nnet_utils/nnet_conv2d_resource.h:63)                           |
| UNROLL               |                                                                       | in conv_2d_resource_cl (firmware/nnet_utils/nnet_conv2d_resource.h:67)                           |
| UNROLL               |                                                                       | in conv_2d_resource_cl (firmware/nnet_utils/nnet_conv2d_resource.h:93)                           |
| UNROLL               |                                                                       | in conv_2d_resource_cl (firmware/nnet_utils/nnet_conv2d_resource.h:97)                           |
| UNROLL               |                                                                       | in compute_scaled_indices_2d (firmware/nnet_utils/nnet_conv2d_stream.h:20)                       |
| STREAM               | variable=data_window[i_out] depth=win_depth                           | in conv_2d_encoded_cl (firmware/nnet_utils/nnet_conv2d_stream.h:39)                              |
| ARRAY_PARTITION      | variable=CONFIG_T::pixels complete                                    | in conv_2d_encoded_cl (firmware/nnet_utils/nnet_conv2d_stream.h:42)                              |
| ARRAY_PARTITION      | variable=pixel_idx complete                                           | in conv_2d_encoded_cl (firmware/nnet_utils/nnet_conv2d_stream.h:49)                              |
| LOOP_FLATTEN         |                                                                       | in conv_2d_encoded_cl (firmware/nnet_utils/nnet_conv2d_stream.h:55)                              |
| ARRAY_PARTITION      | variable = line_buffer complete dim = 2                               | in conv_2d_buffer_cl (firmware/nnet_utils/nnet_conv2d_stream.h:77)                               |
| LOOP_FLATTEN         |                                                                       | in conv_2d_buffer_cl (firmware/nnet_utils/nnet_conv2d_stream.h:88)                               |
| INLINE               | recursive                                                             | in conv_2d_cl (firmware/nnet_utils/nnet_conv2d_stream.h:106)                                     |
| INLINE               |                                                                       | in scale_index_k_gte_s (firmware/nnet_utils/nnet_conv_stream.h:17)                               |
| INLINE               |                                                                       | in scale_index_k_lt_s (firmware/nnet_utils/nnet_conv_stream.h:38)                                |
| INLINE               |                                                                       | in scale_index (firmware/nnet_utils/nnet_conv_stream.h:61)                                       |
| INLINE               |                                                                       | in scale_index (firmware/nnet_utils/nnet_conv_stream.h:74)                                       |
| INLINE               |                                                                       | in mult_buffer (firmware/nnet_utils/nnet_conv_stream.h:84)                                       |
| ARRAY_PARTITION      | variable = data complete                                              | in mult_buffer (firmware/nnet_utils/nnet_conv_stream.h:87)                                       |
| ARRAY_PARTITION      | variable = res complete                                               | in mult_buffer (firmware/nnet_utils/nnet_conv_stream.h:89)                                       |
| UNROLL               |                                                                       | in mult_buffer (firmware/nnet_utils/nnet_conv_stream.h:93)                                       |
| INLINE               | recursive                                                             | in mult_buffer (firmware/nnet_utils/nnet_conv_stream.h:97)                                       |
| UNROLL               |                                                                       | in mult_buffer (firmware/nnet_utils/nnet_conv_stream.h:103)                                      |
| INLINE               |                                                                       | in compute_output_encoded (firmware/nnet_utils/nnet_conv_stream.h:129)                           |
| PIPELINE             | II = CONFIG_T::reuse_factor                                           | in compute_output_encoded (firmware/nnet_utils/nnet_conv_stream.h:133)                           |
| UNROLL               |                                                                       | in compute_output_encoded (firmware/nnet_utils/nnet_conv_stream.h:136)                           |
| UNROLL               |                                                                       | in compute_output_encoded (firmware/nnet_utils/nnet_conv_stream.h:139)                           |
| INLINE               |                                                                       | in kernel_shift_1d (firmware/nnet_utils/nnet_conv_stream.h:156)                                  |
| PIPELINE             | II = 1                                                                | in kernel_shift_1d (firmware/nnet_utils/nnet_conv_stream.h:162)                                  |
| UNROLL               |                                                                       | in kernel_shift_1d (firmware/nnet_utils/nnet_conv_stream.h:165)                                  |
| UNROLL               |                                                                       | in kernel_shift_1d (firmware/nnet_utils/nnet_conv_stream.h:175)                                  |
| INLINE               |                                                                       | in kernel_shift_2d (firmware/nnet_utils/nnet_conv_stream.h:184)                                  |
| UNROLL               |                                                                       | in kernel_shift_2d (firmware/nnet_utils/nnet_conv_stream.h:206)                                  |
| PIPELINE             |                                                                       | in shift_line_buffer (firmware/nnet_utils/nnet_conv_stream.h:221)                                |
| ARRAY_PARTITION      | variable = shift_buffer complete dim = 0                              | in shift_line_buffer (firmware/nnet_utils/nnet_conv_stream.h:225)                                |
| UNROLL               |                                                                       | in shift_line_buffer (firmware/nnet_utils/nnet_conv_stream.h:229)                                |
| UNROLL               |                                                                       | in shift_line_buffer (firmware/nnet_utils/nnet_conv_stream.h:240)                                |
| INLINE               | OFF                                                                   | in compute_output_buffer_2d (firmware/nnet_utils/nnet_conv_stream.h:258)                         |
| ARRAY_PARTITION      | variable = kernel_data complete                                       | in compute_output_buffer_2d (firmware/nnet_utils/nnet_conv_stream.h:272)                         |
| ARRAY_PARTITION      | variable = res_out complete dim = 0                                   | in compute_output_buffer_2d (firmware/nnet_utils/nnet_conv_stream.h:275)                         |
| UNROLL               |                                                                       | in compute_output_buffer_2d (firmware/nnet_utils/nnet_conv_stream.h:294)                         |
| INLINE               | OFF                                                                   | in compute_output_buffer_1d (firmware/nnet_utils/nnet_conv_stream.h:328)                         |
| ARRAY_PARTITION      | variable = kernel_data complete                                       | in compute_output_buffer_1d (firmware/nnet_utils/nnet_conv_stream.h:338)                         |
| ARRAY_PARTITION      | variable = res_out complete dim = 0                                   | in compute_output_buffer_1d (firmware/nnet_utils/nnet_conv_stream.h:341)                         |
| UNROLL               |                                                                       | in compute_output_buffer_1d (firmware/nnet_utils/nnet_conv_stream.h:360)                         |
| INLINE               |                                                                       | in dense (firmware/nnet_utils/nnet_dense.h:44)                                                   |
| INLINE               |                                                                       | in dense (firmware/nnet_utils/nnet_dense.h:53)                                                   |
| INLINE               |                                                                       | in dense (firmware/nnet_utils/nnet_dense.h:64)                                                   |
| INLINE               |                                                                       | in dense (firmware/nnet_utils/nnet_dense.h:75)                                                   |
| FUNCTION_INSTANTIATE | variable=weights,biases                                               | in dense_latency (firmware/nnet_utils/nnet_dense_latency.h:21)                                   |
| PIPELINE             | ii=CONFIG_T::reuse_factor                                             | in dense_latency (firmware/nnet_utils/nnet_dense_latency.h:26)                                   |
| ARRAY_PARTITION      | variable=biases complete                                              | in dense_latency (firmware/nnet_utils/nnet_dense_latency.h:29)                                   |
| ARRAY_PARTITION      | variable=mult complete                                                | in dense_latency (firmware/nnet_utils/nnet_dense_latency.h:30)                                   |
| ARRAY_PARTITION      | variable=acc complete                                                 | in dense_latency (firmware/nnet_utils/nnet_dense_latency.h:31)                                   |
| ALLOCATION           | operation instances=mul limit=CONFIG_T::multiplier_limit              | in dense_latency (firmware/nnet_utils/nnet_dense_latency.h:33)                                   |
| FUNCTION_INSTANTIATE | variable=weights,biases                                               | in dense_resource_rf_leq_nin (firmware/nnet_utils/nnet_dense_resource.h:28)                      |
| ARRAY_RESHAPE        | variable=weights block factor=block_factor                            | in dense_resource_rf_leq_nin (firmware/nnet_utils/nnet_dense_resource.h:29)                      |
| ARRAY_PARTITION      | variable=biases complete                                              | in dense_resource_rf_leq_nin (firmware/nnet_utils/nnet_dense_resource.h:30)                      |
| ARRAY_PARTITION      | variable=acc complete                                                 | in dense_resource_rf_leq_nin (firmware/nnet_utils/nnet_dense_resource.h:37)                      |
| UNROLL               |                                                                       | in dense_resource_rf_leq_nin (firmware/nnet_utils/nnet_dense_resource.h:41)                      |
| PIPELINE             | ii=1 rewind                                                           | in dense_resource_rf_leq_nin (firmware/nnet_utils/nnet_dense_resource.h:47)                      |
| UNROLL               |                                                                       | in dense_resource_rf_leq_nin (firmware/nnet_utils/nnet_dense_resource.h:56)                      |
| UNROLL               |                                                                       | in dense_resource_rf_leq_nin (firmware/nnet_utils/nnet_dense_resource.h:81)                      |
| FUNCTION_INSTANTIATE | variable=weights,biases                                               | in dense_resource_rf_gt_nin_rem0 (firmware/nnet_utils/nnet_dense_resource.h:102)                 |
| ARRAY_RESHAPE        | variable=weights block factor=block_factor                            | in dense_resource_rf_gt_nin_rem0 (firmware/nnet_utils/nnet_dense_resource.h:103)                 |
| ARRAY_PARTITION      | variable=biases complete                                              | in dense_resource_rf_gt_nin_rem0 (firmware/nnet_utils/nnet_dense_resource.h:104)                 |
| ARRAY_PARTITION      | variable=acc complete                                                 | in dense_resource_rf_gt_nin_rem0 (firmware/nnet_utils/nnet_dense_resource.h:111)                 |
| UNROLL               |                                                                       | in dense_resource_rf_gt_nin_rem0 (firmware/nnet_utils/nnet_dense_resource.h:115)                 |
| PIPELINE             | ii=1 rewind                                                           | in dense_resource_rf_gt_nin_rem0 (firmware/nnet_utils/nnet_dense_resource.h:136)                 |
| UNROLL               |                                                                       | in dense_resource_rf_gt_nin_rem0 (firmware/nnet_utils/nnet_dense_resource.h:143)                 |
| UNROLL               |                                                                       | in dense_resource_rf_gt_nin_rem0 (firmware/nnet_utils/nnet_dense_resource.h:163)                 |
| FUNCTION_INSTANTIATE | variable=weights,biases                                               | in dense_resource_rf_gt_nin (firmware/nnet_utils/nnet_dense_resource.h:184)                      |
| ARRAY_RESHAPE        | variable=weights block factor=block_factor                            | in dense_resource_rf_gt_nin (firmware/nnet_utils/nnet_dense_resource.h:185)                      |
| ARRAY_PARTITION      | variable=biases complete                                              | in dense_resource_rf_gt_nin (firmware/nnet_utils/nnet_dense_resource.h:186)                      |
| ARRAY_PARTITION      | variable=acc complete                                                 | in dense_resource_rf_gt_nin (firmware/nnet_utils/nnet_dense_resource.h:193)                      |
| UNROLL               |                                                                       | in dense_resource_rf_gt_nin (firmware/nnet_utils/nnet_dense_resource.h:197)                      |
| PIPELINE             | ii=1 rewind                                                           | in dense_resource_rf_gt_nin (firmware/nnet_utils/nnet_dense_resource.h:203)                      |
| ARRAY_PARTITION      | variable=tmpmult complete                                             | in dense_resource_rf_gt_nin (firmware/nnet_utils/nnet_dense_resource.h:205)                      |
| UNROLL               |                                                                       | in dense_resource_rf_gt_nin (firmware/nnet_utils/nnet_dense_resource.h:209)                      |
| ARRAY_PARTITION      | variable=mult complete                                                | in dense_resource_rf_gt_nin (firmware/nnet_utils/nnet_dense_resource.h:219)                      |
| UNROLL               |                                                                       | in dense_resource_rf_gt_nin (firmware/nnet_utils/nnet_dense_resource.h:223)                      |
| UNROLL               |                                                                       | in dense_resource_rf_gt_nin (firmware/nnet_utils/nnet_dense_resource.h:229)                      |
| UNROLL               |                                                                       | in dense_resource_rf_gt_nin (firmware/nnet_utils/nnet_dense_resource.h:239)                      |
| UNROLL               |                                                                       | in dense_resource_rf_gt_nin (firmware/nnet_utils/nnet_dense_resource.h:249)                      |
| INLINE               | recursive                                                             | in dense_resource (firmware/nnet_utils/nnet_dense_resource.h:259)                                |
| INLINE               |                                                                       | in depthwise_product_latency (firmware/nnet_utils/nnet_depthwise_product.h:10)                   |
| FUNCTION_INSTANTIATE | variable=weights                                                      | in depthwise_product_latency (firmware/nnet_utils/nnet_depthwise_product.h:16)                   |
| PIPELINE             | ii=CONFIG_T::reuse_factor                                             | in depthwise_product_latency (firmware/nnet_utils/nnet_depthwise_product.h:18)                   |
| ARRAY_PARTITION      | variable=mult complete                                                | in depthwise_product_latency (firmware/nnet_utils/nnet_depthwise_product.h:20)                   |
| ALLOCATION           | operation instances=mul limit=CONFIG_T::multiplier_limit              | in depthwise_product_latency (firmware/nnet_utils/nnet_depthwise_product.h:22)                   |
| UNROLL               |                                                                       | in depthwise_product_latency (firmware/nnet_utils/nnet_depthwise_product.h:27)                   |
| UNROLL               |                                                                       | in depthwise_product_latency (firmware/nnet_utils/nnet_depthwise_product.h:34)                   |
| UNROLL               |                                                                       | in depthwise_product_latency (firmware/nnet_utils/nnet_depthwise_product.h:51)                   |
| FUNCTION_INSTANTIATE | variable=weights,biases                                               | in depthwise_product_resource_rf_leq_nout (firmware/nnet_utils/nnet_depthwise_product.h:70)      |
| ARRAY_RESHAPE        | variable=weights block factor=block_factor                            | in depthwise_product_resource_rf_leq_nout (firmware/nnet_utils/nnet_depthwise_product.h:71)      |
| ARRAY_RESHAPE        | variable=data block factor=block_factor                               | in depthwise_product_resource_rf_leq_nout (firmware/nnet_utils/nnet_depthwise_product.h:72)      |
| ARRAY_PARTITION      | variable=biases complete                                              | in depthwise_product_resource_rf_leq_nout (firmware/nnet_utils/nnet_depthwise_product.h:74)      |
| ARRAY_PARTITION      | variable=acc complete                                                 | in depthwise_product_resource_rf_leq_nout (firmware/nnet_utils/nnet_depthwise_product.h:77)      |
| UNROLL               |                                                                       | in depthwise_product_resource_rf_leq_nout (firmware/nnet_utils/nnet_depthwise_product.h:81)      |
| PIPELINE             | ii=1 rewind                                                           | in depthwise_product_resource_rf_leq_nout (firmware/nnet_utils/nnet_depthwise_product.h:87)      |
| UNROLL               |                                                                       | in depthwise_product_resource_rf_leq_nout (firmware/nnet_utils/nnet_depthwise_product.h:94)      |
| UNROLL               |                                                                       | in depthwise_product_resource_rf_leq_nout (firmware/nnet_utils/nnet_depthwise_product.h:111)     |
| FUNCTION_INSTANTIATE | variable=weights,biases                                               | in depthwise_product_resource_rf_gt_nout_rem0 (firmware/nnet_utils/nnet_depthwise_product.h:131) |
| ARRAY_RESHAPE        | variable=weights block factor=block_factor                            | in depthwise_product_resource_rf_gt_nout_rem0 (firmware/nnet_utils/nnet_depthwise_product.h:132) |
| ARRAY_RESHAPE        | variable=data block factor=block_factor                               | in depthwise_product_resource_rf_gt_nout_rem0 (firmware/nnet_utils/nnet_depthwise_product.h:133) |
| ARRAY_PARTITION      | variable=biases complete                                              | in depthwise_product_resource_rf_gt_nout_rem0 (firmware/nnet_utils/nnet_depthwise_product.h:135) |
| ARRAY_PARTITION      | variable=acc complete                                                 | in depthwise_product_resource_rf_gt_nout_rem0 (firmware/nnet_utils/nnet_depthwise_product.h:138) |
| UNROLL               |                                                                       | in depthwise_product_resource_rf_gt_nout_rem0 (firmware/nnet_utils/nnet_depthwise_product.h:142) |
| PIPELINE             | ii=1 rewind                                                           | in depthwise_product_resource_rf_gt_nout_rem0 (firmware/nnet_utils/nnet_depthwise_product.h:161) |
| UNROLL               |                                                                       | in depthwise_product_resource_rf_gt_nout_rem0 (firmware/nnet_utils/nnet_depthwise_product.h:168) |
| UNROLL               |                                                                       | in depthwise_product_resource_rf_gt_nout_rem0 (firmware/nnet_utils/nnet_depthwise_product.h:180) |
| FUNCTION_INSTANTIATE | variable=weights,biases                                               | in depthwise_product_resource_gt_nout (firmware/nnet_utils/nnet_depthwise_product.h:196)         |
| ARRAY_RESHAPE        | variable=weights block factor=block_factor                            | in depthwise_product_resource_gt_nout (firmware/nnet_utils/nnet_depthwise_product.h:197)         |
| ARRAY_RESHAPE        | variable=data block factor=block_factor                               | in depthwise_product_resource_gt_nout (firmware/nnet_utils/nnet_depthwise_product.h:198)         |
| ARRAY_PARTITION      | variable=biases complete                                              | in depthwise_product_resource_gt_nout (firmware/nnet_utils/nnet_depthwise_product.h:200)         |
| ARRAY_PARTITION      | variable=acc complete                                                 | in depthwise_product_resource_gt_nout (firmware/nnet_utils/nnet_depthwise_product.h:203)         |
| UNROLL               |                                                                       | in depthwise_product_resource_gt_nout (firmware/nnet_utils/nnet_depthwise_product.h:207)         |
| PIPELINE             | ii=1 rewind                                                           | in depthwise_product_resource_gt_nout (firmware/nnet_utils/nnet_depthwise_product.h:226)         |
| UNROLL               |                                                                       | in depthwise_product_resource_gt_nout (firmware/nnet_utils/nnet_depthwise_product.h:233)         |
| UNROLL               |                                                                       | in depthwise_product_resource_gt_nout (firmware/nnet_utils/nnet_depthwise_product.h:250)         |
| INLINE               |                                                                       | in dense (firmware/nnet_utils/nnet_depthwise_product.h:261)                                      |
| INLINE               |                                                                       | in dense (firmware/nnet_utils/nnet_depthwise_product.h:272)                                      |
| INLINE               |                                                                       | in dense (firmware/nnet_utils/nnet_depthwise_product.h:283)                                      |
| INLINE               |                                                                       | in dense (firmware/nnet_utils/nnet_depthwise_product.h:294)                                      |
| INLINE               |                                                                       | in bit_shift (firmware/nnet_utils/nnet_function_stubs.h:59)                                      |
| INLINE               |                                                                       | in bit_shift (firmware/nnet_utils/nnet_function_stubs.h:66)                                      |
| INLINE               |                                                                       | in bit_shift (firmware/nnet_utils/nnet_function_stubs.h:73)                                      |
| INLINE               |                                                                       | in bit_shift (firmware/nnet_utils/nnet_function_stubs.h:80)                                      |
| INLINE               |                                                                       | in product (firmware/nnet_utils/nnet_mult.h:25)                                                  |
| INLINE               |                                                                       | in product (firmware/nnet_utils/nnet_mult.h:34)                                                  |
| INLINE               |                                                                       | in product (firmware/nnet_utils/nnet_mult.h:46)                                                  |
| INLINE               |                                                                       | in product (firmware/nnet_utils/nnet_mult.h:58)                                                  |
| INLINE               |                                                                       | in product (firmware/nnet_utils/nnet_mult.h:72)                                                  |
| INLINE               |                                                                       | in product (firmware/nnet_utils/nnet_mult.h:82)                                                  |
| PIPELINE             | ii=CONFIG_T::reuse_factor                                             | in pooling1d_cl (firmware/nnet_utils/nnet_pooling.h:83)                                          |
| ALLOCATION           | function instances=CONFIG_T::pool_op limit=limit                      | in pooling1d_cl (firmware/nnet_utils/nnet_pooling.h:87)                                          |
| ARRAY_PARTITION      | variable=pool complete dim=0                                          | in pooling1d_cl (firmware/nnet_utils/nnet_pooling.h:100)                                         |
| PIPELINE             | ii=CONFIG_T::reuse_factor                                             | in global_pooling1d_cl (firmware/nnet_utils/nnet_pooling.h:120)                                  |
| ALLOCATION           | function instances=CONFIG_T::pool_op limit=limit                      | in global_pooling1d_cl (firmware/nnet_utils/nnet_pooling.h:127)                                  |
| ARRAY_PARTITION      | variable=pool complete dim=0                                          | in global_pooling1d_cl (firmware/nnet_utils/nnet_pooling.h:131)                                  |
| PIPELINE             | ii=CONFIG_T::reuse_factor                                             | in pooling2d_cl (firmware/nnet_utils/nnet_pooling.h:173)                                         |
| ALLOCATION           | function instances=CONFIG_T::pool_op limit=limit                      | in pooling2d_cl (firmware/nnet_utils/nnet_pooling.h:177)                                         |
| ARRAY_PARTITION      | variable=pool complete dim=0                                          | in pooling2d_cl (firmware/nnet_utils/nnet_pooling.h:194)                                         |
| PIPELINE             | ii=CONFIG_T::reuse_factor                                             | in pooling2d_cf (firmware/nnet_utils/nnet_pooling.h:230)                                         |
| ALLOCATION           | function instances=CONFIG_T::pool_op limit=limit                      | in pooling2d_cf (firmware/nnet_utils/nnet_pooling.h:234)                                         |
| ARRAY_PARTITION      | variable=pool complete dim=0                                          | in pooling2d_cf (firmware/nnet_utils/nnet_pooling.h:247)                                         |
| PIPELINE             | ii=CONFIG_T::reuse_factor                                             | in global_pooling2d_cl (firmware/nnet_utils/nnet_pooling.h:295)                                  |
| INLINE               |                                                                       | in reduce_pool (firmware/nnet_utils/nnet_pooling_stream.h:18)                                    |
| INLINE               |                                                                       | in compute_pool_encoded_2d (firmware/nnet_utils/nnet_pooling_stream.h:69)                        |
| ARRAY_PARTITION      | variable=pool_table_height complete                                   | in compute_pool_encoded_2d (firmware/nnet_utils/nnet_pooling_stream.h:72)                        |
| ARRAY_PARTITION      | variable=pool_table_width complete                                    | in compute_pool_encoded_2d (firmware/nnet_utils/nnet_pooling_stream.h:73)                        |
| ARRAY_PARTITION      | variable=pool_window complete                                         | in compute_pool_encoded_2d (firmware/nnet_utils/nnet_pooling_stream.h:77)                        |
| PIPELINE             |                                                                       | in compute_pool_encoded_2d (firmware/nnet_utils/nnet_pooling_stream.h:84)                        |
| STREAM               | variable=data_window[i_out] depth=win_depth                           | in pooling2d_encoded_cl (firmware/nnet_utils/nnet_pooling_stream.h:143)                          |
| LOOP_FLATTEN         |                                                                       | in pooling2d_encoded_cl (firmware/nnet_utils/nnet_pooling_stream.h:152)                          |
| INLINE               |                                                                       | in compute_pool_buffer_2d (firmware/nnet_utils/nnet_pooling_stream.h:170)                        |
| ARRAY_PARTITION      | variable=pool_window complete                                         | in compute_pool_buffer_2d (firmware/nnet_utils/nnet_pooling_stream.h:179)                        |
| ARRAY_PARTITION      | variable = kernel_data complete dim = 0                               | in compute_pool_buffer_2d (firmware/nnet_utils/nnet_pooling_stream.h:182)                        |
| ARRAY_PARTITION      | variable = line_buffer complete dim = 2                               | in pooling2d_buffer_cl (firmware/nnet_utils/nnet_pooling_stream.h:238)                           |
| LOOP_FLATTEN         |                                                                       | in pooling2d_buffer_cl (firmware/nnet_utils/nnet_pooling_stream.h:244)                           |
| PIPELINE             |                                                                       | in pooling2d_buffer_cl (firmware/nnet_utils/nnet_pooling_stream.h:245)                           |
| INLINE               | recursive                                                             | in pooling2d_cl (firmware/nnet_utils/nnet_pooling_stream.h:254)                                  |
| INLINE               |                                                                       | in compute_pool_encoded_1d (firmware/nnet_utils/nnet_pooling_stream.h:292)                       |
| ARRAY_PARTITION      | variable=pool_table_width complete                                    | in compute_pool_encoded_1d (firmware/nnet_utils/nnet_pooling_stream.h:295)                       |
| ARRAY_PARTITION      | variable=pool_window complete                                         | in compute_pool_encoded_1d (firmware/nnet_utils/nnet_pooling_stream.h:299)                       |
| PIPELINE             |                                                                       | in compute_pool_encoded_1d (firmware/nnet_utils/nnet_pooling_stream.h:305)                       |
| STREAM               | variable=data_window[i_out] depth=win_depth                           | in pooling1d_encoded_cl (firmware/nnet_utils/nnet_pooling_stream.h:360)                          |
| LOOP_FLATTEN         |                                                                       | in pooling1d_encoded_cl (firmware/nnet_utils/nnet_pooling_stream.h:367)                          |
| PIPELINE             | ii=pack_factor                                                        | in pooling1d_encoded_cl (firmware/nnet_utils/nnet_pooling_stream.h:369)                          |
| INLINE               |                                                                       | in compute_pool_buffer_1d (firmware/nnet_utils/nnet_pooling_stream.h:380)                        |
| ARRAY_PARTITION      | variable=pool_window complete                                         | in compute_pool_buffer_1d (firmware/nnet_utils/nnet_pooling_stream.h:387)                        |
| ARRAY_PARTITION      | variable = kernel_data complete dim = 0                               | in compute_pool_buffer_1d (firmware/nnet_utils/nnet_pooling_stream.h:390)                        |
| PIPELINE             |                                                                       | in compute_pool_buffer_1d (firmware/nnet_utils/nnet_pooling_stream.h:403)                        |
| LOOP_FLATTEN         |                                                                       | in pooling1d_buffer_cl (firmware/nnet_utils/nnet_pooling_stream.h:437)                           |
| PIPELINE             |                                                                       | in pooling1d_buffer_cl (firmware/nnet_utils/nnet_pooling_stream.h:438)                           |
| INLINE               | recursive                                                             | in pooling1d_cl (firmware/nnet_utils/nnet_pooling_stream.h:445)                                  |
| INLINE               |                                                                       | in reduce_global_pool (firmware/nnet_utils/nnet_pooling_stream.h:461)                            |
| UNROLL               |                                                                       | in compute_global_pool (firmware/nnet_utils/nnet_pooling_stream.h:477)                           |
| ARRAY_PARTITION      | variable=data_pack complete dim=0                                     | in compute_global_pool (firmware/nnet_utils/nnet_pooling_stream.h:480)                           |
| UNROLL               |                                                                       | in compute_global_pool (firmware/nnet_utils/nnet_pooling_stream.h:484)                           |
| ARRAY_PARTITION      | variable=data_window complete                                         | in global_pooling2d_cl (firmware/nnet_utils/nnet_pooling_stream.h:498)                           |
| UNROLL               |                                                                       | in global_pooling2d_cl (firmware/nnet_utils/nnet_pooling_stream.h:507)                           |
| LOOP_FLATTEN         |                                                                       | in global_pooling2d_cl (firmware/nnet_utils/nnet_pooling_stream.h:515)                           |
| PIPELINE             |                                                                       | in global_pooling2d_cl (firmware/nnet_utils/nnet_pooling_stream.h:523)                           |
| UNROLL               |                                                                       | in global_pooling2d_cl (firmware/nnet_utils/nnet_pooling_stream.h:529)                           |
| PIPELINE             |                                                                       | in global_pooling2d_cl (firmware/nnet_utils/nnet_pooling_stream.h:537)                           |
| UNROLL               |                                                                       | in global_pooling2d_cl (firmware/nnet_utils/nnet_pooling_stream.h:543)                           |
| ARRAY_PARTITION      | variable=data_window complete                                         | in global_pooling1d_cl (firmware/nnet_utils/nnet_pooling_stream.h:557)                           |
| UNROLL               |                                                                       | in global_pooling1d_cl (firmware/nnet_utils/nnet_pooling_stream.h:566)                           |
| LOOP_FLATTEN         |                                                                       | in global_pooling1d_cl (firmware/nnet_utils/nnet_pooling_stream.h:572)                           |
| PIPELINE             |                                                                       | in global_pooling1d_cl (firmware/nnet_utils/nnet_pooling_stream.h:579)                           |
| UNROLL               |                                                                       | in global_pooling1d_cl (firmware/nnet_utils/nnet_pooling_stream.h:585)                           |
| PIPELINE             |                                                                       | in global_pooling1d_cl (firmware/nnet_utils/nnet_pooling_stream.h:593)                           |
| UNROLL               |                                                                       | in global_pooling1d_cl (firmware/nnet_utils/nnet_pooling_stream.h:599)                           |
| STREAM               | variable=data_window[i_out] depth=win_depth                           | in depthwise_conv_2d_encoded_cl (firmware/nnet_utils/nnet_sepconv2d_stream.h:23)                 |
| ARRAY_PARTITION      | variable=CONFIG_T::pixels complete                                    | in depthwise_conv_2d_encoded_cl (firmware/nnet_utils/nnet_sepconv2d_stream.h:26)                 |
| ARRAY_PARTITION      | variable=pixel_idx complete                                           | in depthwise_conv_2d_encoded_cl (firmware/nnet_utils/nnet_sepconv2d_stream.h:33)                 |
| LOOP_FLATTEN         |                                                                       | in depthwise_conv_2d_encoded_cl (firmware/nnet_utils/nnet_sepconv2d_stream.h:39)                 |
| PIPELINE             | ii=CONFIG_T::reuse_factor                                             | in depthwise_conv_2d_encoded_cl (firmware/nnet_utils/nnet_sepconv2d_stream.h:42)                 |
| ARRAY_PARTITION      | variable = line_buffer complete dim = 2                               | in depthwise_conv_2d_buffer_cl (firmware/nnet_utils/nnet_sepconv2d_stream.h:61)                  |
| LOOP_FLATTEN         |                                                                       | in depthwise_conv_2d_buffer_cl (firmware/nnet_utils/nnet_sepconv2d_stream.h:67)                  |
| PIPELINE             | ii=CONFIG_T::reuse_factor                                             | in depthwise_conv_2d_buffer_cl (firmware/nnet_utils/nnet_sepconv2d_stream.h:69)                  |
| INLINE               | recursive                                                             | in depthwise_conv_2d_cl (firmware/nnet_utils/nnet_sepconv2d_stream.h:88)                         |
| ARRAY_PARTITION      | variable=weights complete                                             | in pointwise_conv_2d_cl (firmware/nnet_utils/nnet_sepconv2d_stream.h:106)                        |
| ARRAY_PARTITION      | variable=biases complete                                              | in pointwise_conv_2d_cl (firmware/nnet_utils/nnet_sepconv2d_stream.h:107)                        |
| DATAFLOW             |                                                                       | in separable_conv_2d_cl (firmware/nnet_utils/nnet_sepconv2d_stream.h:135)                        |
| STREAM               | variable=depthwise_res depth=res_depth                                | in separable_conv_2d_cl (firmware/nnet_utils/nnet_sepconv2d_stream.h:139)                        |
| INLINE               |                                                                       | in depthwise_mult_buffer (firmware/nnet_utils/nnet_sepconv_stream.h:16)                          |
| ARRAY_PARTITION      | variable=data complete                                                | in depthwise_mult_buffer (firmware/nnet_utils/nnet_sepconv_stream.h:19)                          |
| ARRAY_PARTITION      | variable=res complete                                                 | in depthwise_mult_buffer (firmware/nnet_utils/nnet_sepconv_stream.h:21)                          |
| UNROLL               |                                                                       | in depthwise_mult_buffer (firmware/nnet_utils/nnet_sepconv_stream.h:25)                          |
| INLINE               | recursive                                                             | in depthwise_mult_buffer (firmware/nnet_utils/nnet_sepconv_stream.h:29)                          |
| UNROLL               |                                                                       | in depthwise_mult_buffer (firmware/nnet_utils/nnet_sepconv_stream.h:35)                          |
| INLINE               |                                                                       | in compute_depthwise_output_encoded (firmware/nnet_utils/nnet_sepconv_stream.h:61)               |
| PIPELINE             | ii=CONFIG_T::reuse_factor                                             | in compute_depthwise_output_encoded (firmware/nnet_utils/nnet_sepconv_stream.h:65)               |
| UNROLL               |                                                                       | in compute_depthwise_output_encoded (firmware/nnet_utils/nnet_sepconv_stream.h:68)               |
| UNROLL               |                                                                       | in compute_depthwise_output_encoded (firmware/nnet_utils/nnet_sepconv_stream.h:71)               |
| INLINE               |                                                                       | in pointwise_mult_buffer (firmware/nnet_utils/nnet_sepconv_stream.h:86)                          |
| ARRAY_PARTITION      | variable=data complete                                                | in pointwise_mult_buffer (firmware/nnet_utils/nnet_sepconv_stream.h:89)                          |
| ARRAY_PARTITION      | variable=res complete                                                 | in pointwise_mult_buffer (firmware/nnet_utils/nnet_sepconv_stream.h:92)                          |
| UNROLL               |                                                                       | in pointwise_mult_buffer (firmware/nnet_utils/nnet_sepconv_stream.h:99)                          |
| INLINE               | recursive                                                             | in pointwise_mult_buffer (firmware/nnet_utils/nnet_sepconv_stream.h:103)                         |
| UNROLL               |                                                                       | in pointwise_mult_buffer (firmware/nnet_utils/nnet_sepconv_stream.h:109)                         |
| INLINE               |                                                                       | in compute_depthwise_output_buffer_1d (firmware/nnet_utils/nnet_sepconv_stream.h:121)            |
| ARRAY_PARTITION      | variable=kernel_data complete                                         | in compute_depthwise_output_buffer_1d (firmware/nnet_utils/nnet_sepconv_stream.h:131)            |
| ARRAY_PARTITION      | variable=res_out complete dim = 0                                     | in compute_depthwise_output_buffer_1d (firmware/nnet_utils/nnet_sepconv_stream.h:134)            |
| INLINE               | recursive                                                             | in compute_depthwise_output_buffer_1d (firmware/nnet_utils/nnet_sepconv_stream.h:145)            |
| UNROLL               |                                                                       | in compute_depthwise_output_buffer_1d (firmware/nnet_utils/nnet_sepconv_stream.h:152)            |
| INLINE               |                                                                       | in compute_depthwise_output_buffer_2d (firmware/nnet_utils/nnet_sepconv_stream.h:178)            |
| ARRAY_PARTITION      | variable=kernel_data complete                                         | in compute_depthwise_output_buffer_2d (firmware/nnet_utils/nnet_sepconv_stream.h:192)            |
| ARRAY_PARTITION      | variable=res_out complete dim = 0                                     | in compute_depthwise_output_buffer_2d (firmware/nnet_utils/nnet_sepconv_stream.h:195)            |
| INLINE               | recursive                                                             | in compute_depthwise_output_buffer_2d (firmware/nnet_utils/nnet_sepconv_stream.h:206)            |
| UNROLL               |                                                                       | in compute_depthwise_output_buffer_2d (firmware/nnet_utils/nnet_sepconv_stream.h:213)            |
| PIPELINE             |                                                                       | in clone_stream (firmware/nnet_utils/nnet_stream.h:23)                                           |
| UNROLL               |                                                                       | in clone_stream (firmware/nnet_utils/nnet_stream.h:33)                                           |
| PIPELINE             |                                                                       | in clone_stream (firmware/nnet_utils/nnet_stream.h:47)                                           |
| UNROLL               |                                                                       | in clone_stream (firmware/nnet_utils/nnet_stream.h:59)                                           |
| PIPELINE             |                                                                       | in clone_stream (firmware/nnet_utils/nnet_stream.h:76)                                           |
| UNROLL               |                                                                       | in clone_stream (firmware/nnet_utils/nnet_stream.h:90)                                           |
| PIPELINE             |                                                                       | in clone_stream (firmware/nnet_utils/nnet_stream.h:109)                                          |
| UNROLL               |                                                                       | in clone_stream (firmware/nnet_utils/nnet_stream.h:125)                                          |
| PIPELINE             |                                                                       | in clone_stream (firmware/nnet_utils/nnet_stream.h:146)                                          |
| UNROLL               |                                                                       | in clone_stream (firmware/nnet_utils/nnet_stream.h:164)                                          |
| PIPELINE             |                                                                       | in clone_stream (firmware/nnet_utils/nnet_stream.h:187)                                          |
| UNROLL               |                                                                       | in clone_stream (firmware/nnet_utils/nnet_stream.h:207)                                          |
| PIPELINE             |                                                                       | in repack_stream (firmware/nnet_utils/nnet_stream.h:230)                                         |
| UNROLL               |                                                                       | in repack_stream (firmware/nnet_utils/nnet_stream.h:237)                                         |
| PIPELINE             |                                                                       | in repack_stream (firmware/nnet_utils/nnet_stream.h:247)                                         |
| PIPELINE             |                                                                       | in repack_stream (firmware/nnet_utils/nnet_stream.h:255)                                         |
| UNROLL               |                                                                       | in repack_stream (firmware/nnet_utils/nnet_stream.h:259)                                         |
| PIPELINE             |                                                                       | in repack_stream (firmware/nnet_utils/nnet_stream.h:270)                                         |
| UNROLL               |                                                                       | in repack_stream (firmware/nnet_utils/nnet_stream.h:274)                                         |
| PIPELINE             |                                                                       | in broadcast_stream_1x1xc (firmware/nnet_utils/nnet_stream.h:295)                                |
| PIPELINE             |                                                                       | in broadcast_stream_1x1xc (firmware/nnet_utils/nnet_stream.h:298)                                |
| UNROLL               |                                                                       | in broadcast_stream_1x1xc (firmware/nnet_utils/nnet_stream.h:302)                                |
| PIPELINE             |                                                                       | in broadcast_stream_hxwx1 (firmware/nnet_utils/nnet_stream.h:316)                                |
| UNROLL               |                                                                       | in broadcast_stream_hxwx1 (firmware/nnet_utils/nnet_stream.h:321)                                |
| UNROLL               |                                                                       | in operator= (firmware/nnet_utils/nnet_types.h:28)                                               |
+----------------------+-----------------------------------------------------------------------+--------------------------------------------------------------------------------------------------+


