

================================================================
== Vitis HLS Report for 'dense_resource_rf_gt_nin_rem0_ap_fixed_ap_fixed_11_5_0_3_0_config8_mult_s'
================================================================
* Date:           Tue May  5 04:59:08 2026

* Version:        2025.2 (Build 6295257 on Nov 14 2025)
* Project:        cifar10_axis_wrapper_prj
* Solution:       solution1 (Vivado IP Flow Target)
* Product family: zynq
* Target device:  xc7z010-clg400-1


================================================================
== Performance Estimates
================================================================
+ Timing: 
    * Summary: 
    +--------+----------+-----------+------------+
    |  Clock |  Target  | Estimated | Uncertainty|
    +--------+----------+-----------+------------+
    |ap_clk  |  10.00 ns|  11.159 ns|     2.70 ns|
    +--------+----------+-----------+------------+

+ Latency: 
    * Summary: 
    +---------+---------+-----------+-----------+------+------+-------------------------------------------+
    |  Latency (cycles) |   Latency (absolute)  |   Interval  |                  Pipeline                 |
    |   min   |   max   |    min    |    max    |  min |  max |                    Type                   |
    +---------+---------+-----------+-----------+------+------+-------------------------------------------+
    |     2018|     2019|  22.518 us|  22.529 us|  2016|  2016|  loop rewind stp (delay=0 clock cycles(s))|
    +---------+---------+-----------+-----------+------+------+-------------------------------------------+

    + Detail: 
        * Instance: 
        N/A

        * Loop: 
        +-------------+---------+---------+----------+-----------+-----------+------+----------+
        |             |  Latency (cycles) | Iteration|  Initiation Interval  | Trip |          |
        |  Loop Name  |   min   |   max   |  Latency |  achieved |   target  | Count| Pipelined|
        +-------------+---------+---------+----------+-----------+-----------+------+----------+
        |- ReuseLoop  |     2018|     2018|         4|          1|          1|  2016|       yes|
        +-------------+---------+---------+----------+-----------+-----------+------+----------+



================================================================
== Utilization Estimates
================================================================
* Summary: 
+-----------------+---------+----+-------+-------+-----+
|       Name      | BRAM_18K| DSP|   FF  |  LUT  | URAM|
+-----------------+---------+----+-------+-------+-----+
|DSP              |        -|   -|      -|      -|    -|
|Expression       |        -|   -|      0|    712|    -|
|FIFO             |        -|   -|      -|      -|    -|
|Instance         |        -|   0|      0|    914|    -|
|Memory           |        3|   -|      0|      0|    -|
|Multiplexer      |        -|   -|      0|   5804|    -|
|Register         |        -|   -|   3886|     32|    -|
+-----------------+---------+----+-------+-------+-----+
|Total            |        3|   0|   3886|   7462|    0|
+-----------------+---------+----+-------+-------+-----+
|Available        |      120|  80|  35200|  17600|    0|
+-----------------+---------+----+-------+-------+-----+
|Utilization (%)  |        2|   0|     11|     42|    0|
+-----------------+---------+----+-------+-------+-----+

+ Detail: 
    * Instance: 
    +-----------------------------+------------------------+---------+----+---+-----+-----+
    |           Instance          |         Module         | BRAM_18K| DSP| FF| LUT | URAM|
    +-----------------------------+------------------------+---------+----+---+-----+-----+
    |mul_10s_8s_18_1_1_U406       |mul_10s_8s_18_1_1       |        0|   0|  0|   63|    0|
    |mul_10s_9s_19_1_1_U404       |mul_10s_9s_19_1_1       |        0|   0|  0|   63|    0|
    |sparsemux_253_7_10_1_1_U403  |sparsemux_253_7_10_1_1  |        0|   0|  0|  658|    0|
    |sparsemux_33_4_16_1_1_U405   |sparsemux_33_4_16_1_1   |        0|   0|  0|   65|    0|
    |sparsemux_33_4_16_1_1_U407   |sparsemux_33_4_16_1_1   |        0|   0|  0|   65|    0|
    +-----------------------------+------------------------+---------+----+---+-----+-----+
    |Total                        |                        |        0|   0|  0|  914|    0|
    +-----------------------------+------------------------+---------+----+---+-----+-----+

    * DSP: 
    N/A

    * Memory: 
    +-------------+----------------------------------------------------------------------------------+---------+---+----+-----+------+-----+------+-------------+
    |    Memory   |                                      Module                                      | BRAM_18K| FF| LUT| URAM| Words| Bits| Banks| W*Bits*Banks|
    +-------------+----------------------------------------------------------------------------------+---------+---+----+-----+------+-----+------+-------------+
    |outidx_75_U  |dense_resource_rf_gt_nin_rem0_ap_fixed_ap_fixed_11_5_0_3_0_config8_mult_s_out3i2  |        1|  0|   0|    0|  2016|    4|     1|         8064|
    |w8_U         |dense_resource_rf_gt_nin_rem0_ap_fixed_ap_fixed_11_5_0_3_0_config8_mult_s_w8_4jc  |        2|  0|   0|    0|  2016|   17|     1|        34272|
    +-------------+----------------------------------------------------------------------------------+---------+---+----+-----+------+-----+------+-------------+
    |Total        |                                                                                  |        3|  0|   0|    0|  4032|   21|     2|        42336|
    +-------------+----------------------------------------------------------------------------------+---------+---+----+-----+------+-----+------+-------------+

    * FIFO: 
    N/A

    * Expression: 
    +--------------------------+----------+----+---+----+------------+------------+
    |       Variable Name      | Operation| DSP| FF| LUT| Bitwidth P0| Bitwidth P1|
    +--------------------------+----------+----+---+----+------------+------------+
    |acc_130_fu_9336_p2        |         +|   0|  0|  23|          16|          16|
    |acc_131_fu_9507_p2        |         +|   0|  0|  23|          16|          16|
    |add_ln111_17_fu_9706_p2   |         +|   0|  0|  12|          11|          11|
    |add_ln111_18_fu_9734_p2   |         +|   0|  0|  12|          11|          11|
    |add_ln111_19_fu_9762_p2   |         +|   0|  0|  12|          11|          11|
    |add_ln111_20_fu_9790_p2   |         +|   0|  0|  12|          11|          11|
    |add_ln111_21_fu_9818_p2   |         +|   0|  0|  12|          11|          11|
    |add_ln111_22_fu_9846_p2   |         +|   0|  0|  12|          11|          11|
    |add_ln111_23_fu_9874_p2   |         +|   0|  0|  12|          11|          11|
    |add_ln111_24_fu_9902_p2   |         +|   0|  0|  12|          11|          11|
    |add_ln111_25_fu_9930_p2   |         +|   0|  0|  12|          11|          11|
    |add_ln111_26_fu_9958_p2   |         +|   0|  0|  12|          11|          11|
    |add_ln111_27_fu_9986_p2   |         +|   0|  0|  12|          11|          11|
    |add_ln111_28_fu_10014_p2  |         +|   0|  0|  12|          11|          11|
    |add_ln111_29_fu_10042_p2  |         +|   0|  0|  12|          11|          11|
    |add_ln111_30_fu_10070_p2  |         +|   0|  0|  12|          11|          11|
    |add_ln111_31_fu_10098_p2  |         +|   0|  0|  12|          11|          11|
    |add_ln111_32_fu_10126_p2  |         +|   0|  0|  12|          11|          11|
    |add_ln111_33_fu_10154_p2  |         +|   0|  0|  12|          11|          11|
    |add_ln111_34_fu_10182_p2  |         +|   0|  0|  12|          11|          11|
    |add_ln111_35_fu_10210_p2  |         +|   0|  0|  12|          11|          11|
    |add_ln111_36_fu_10238_p2  |         +|   0|  0|  12|          11|          11|
    |add_ln111_37_fu_10266_p2  |         +|   0|  0|  12|          11|          11|
    |add_ln111_38_fu_10294_p2  |         +|   0|  0|  12|          11|          11|
    |add_ln111_39_fu_10322_p2  |         +|   0|  0|  12|          11|          11|
    |add_ln111_40_fu_10350_p2  |         +|   0|  0|  12|          11|          11|
    |add_ln111_41_fu_10378_p2  |         +|   0|  0|  12|          11|          11|
    |add_ln111_42_fu_10406_p2  |         +|   0|  0|  12|          11|          11|
    |add_ln111_43_fu_10434_p2  |         +|   0|  0|  12|          11|          11|
    |add_ln111_44_fu_10462_p2  |         +|   0|  0|  12|          11|          11|
    |add_ln111_45_fu_10490_p2  |         +|   0|  0|  12|          11|          11|
    |add_ln111_46_fu_10518_p2  |         +|   0|  0|  12|          11|          11|
    |add_ln111_47_fu_10546_p2  |         +|   0|  0|  12|          11|          11|
    |add_ln111_fu_9678_p2      |         +|   0|  0|  12|          11|          11|
    |add_ln144_6_fu_9422_p2    |         +|   0|  0|  23|          16|          16|
    |add_ln144_fu_9251_p2      |         +|   0|  0|  23|          16|          16|
    |in_index_fu_9194_p2       |         +|   0|  0|  39|          32|           1|
    |w_index_fu_8022_p2        |         +|   0|  0|  12|          11|           1|
    |sub_ln144_1_fu_9513_p2    |         -|   0|  0|  24|           1|          17|
    |sub_ln144_fu_9342_p2      |         -|   0|  0|  24|           1|          17|
    |ap_condition_942          |       and|   0|  0|   2|           1|           1|
    |ap_condition_972          |       and|   0|  0|   2|           1|           1|
    |icmp_ln135_fu_8028_p2     |      icmp|   0|  0|  12|          11|           7|
    |icmp_ln144_10_fu_9519_p2  |      icmp|   0|  0|  24|          17|          17|
    |icmp_ln144_fu_9348_p2     |      icmp|   0|  0|  24|          17|          17|
    |icmp_ln154_fu_9200_p2     |      icmp|   0|  0|  39|          32|           7|
    |in_index_7_fu_9206_p3     |    select|   0|  0|  32|           1|           1|
    |ap_enable_pp0             |       xor|   0|  0|   2|           1|           2|
    +--------------------------+----------+----+---+----+------------+------------+
    |Total                     |          |   0|  0| 712|         542|         505|
    +--------------------------+----------+----+---+----+------------+------------+

    * Multiplexer: 
    +-----------------------------------------------------------------------------------------------------------------+----+-----------+-----+-----------+
    |                                                       Name                                                      | LUT| Input Size| Bits| Total Bits|
    +-----------------------------------------------------------------------------------------------------------------+----+-----------+-----+-----------+
    |ap_NS_fsm                                                                                                        |  14|          3|    1|          3|
    |ap_enable_reg_pp0_iter1                                                                                          |   9|          2|    1|          2|
    |ap_enable_reg_pp0_iter3                                                                                          |   9|          2|    1|          2|
    |ap_phi_mux_acc_112_phi_fu_7099_p34                                                                               |   9|          2|   16|         32|
    |ap_phi_mux_acc_113_phi_fu_7042_p34                                                                               |  14|          3|   16|         48|
    |ap_phi_mux_acc_114_phi_fu_6986_p34                                                                               |  14|          3|   16|         48|
    |ap_phi_mux_acc_115_phi_fu_6930_p34                                                                               |  14|          3|   16|         48|
    |ap_phi_mux_acc_116_phi_fu_6874_p34                                                                               |  14|          3|   16|         48|
    |ap_phi_mux_acc_117_phi_fu_6818_p34                                                                               |  14|          3|   16|         48|
    |ap_phi_mux_acc_118_phi_fu_6762_p34                                                                               |  14|          3|   16|         48|
    |ap_phi_mux_acc_119_phi_fu_6706_p34                                                                               |  14|          3|   16|         48|
    |ap_phi_mux_acc_120_phi_fu_6650_p34                                                                               |  14|          3|   16|         48|
    |ap_phi_mux_acc_121_phi_fu_6594_p34                                                                               |  14|          3|   16|         48|
    |ap_phi_mux_acc_122_phi_fu_6538_p34                                                                               |  14|          3|   16|         48|
    |ap_phi_mux_acc_123_phi_fu_6482_p34                                                                               |  14|          3|   16|         48|
    |ap_phi_mux_acc_124_phi_fu_6426_p34                                                                               |  14|          3|   16|         48|
    |ap_phi_mux_acc_125_phi_fu_6370_p34                                                                               |  14|          3|   16|         48|
    |ap_phi_mux_acc_126_phi_fu_6314_p34                                                                               |  14|          3|   16|         48|
    |ap_phi_mux_acc_127_phi_fu_6258_p34                                                                               |  14|          3|   16|         48|
    |ap_phi_mux_acc_132_phi_fu_6151_p32                                                                               |  14|          3|   16|         48|
    |ap_phi_mux_acc_133_phi_fu_6097_p32                                                                               |  14|          3|   16|         48|
    |ap_phi_mux_acc_134_phi_fu_6043_p32                                                                               |  14|          3|   16|         48|
    |ap_phi_mux_acc_135_phi_fu_5989_p32                                                                               |  14|          3|   16|         48|
    |ap_phi_mux_acc_136_phi_fu_5935_p32                                                                               |  14|          3|   16|         48|
    |ap_phi_mux_acc_137_phi_fu_5881_p32                                                                               |  14|          3|   16|         48|
    |ap_phi_mux_acc_138_phi_fu_5827_p32                                                                               |  14|          3|   16|         48|
    |ap_phi_mux_acc_139_phi_fu_5773_p32                                                                               |  14|          3|   16|         48|
    |ap_phi_mux_acc_140_phi_fu_5719_p32                                                                               |  14|          3|   16|         48|
    |ap_phi_mux_acc_141_phi_fu_5665_p32                                                                               |  14|          3|   16|         48|
    |ap_phi_mux_acc_142_phi_fu_5611_p32                                                                               |  14|          3|   16|         48|
    |ap_phi_mux_acc_143_phi_fu_5557_p32                                                                               |  14|          3|   16|         48|
    |ap_phi_mux_acc_144_phi_fu_5503_p32                                                                               |  14|          3|   16|         48|
    |ap_phi_mux_acc_145_phi_fu_5449_p32                                                                               |  14|          3|   16|         48|
    |ap_phi_mux_acc_146_phi_fu_5395_p32                                                                               |  14|          3|   16|         48|
    |ap_phi_mux_acc_147_phi_fu_7966_p32                                                                               |  14|          3|   16|         48|
    |ap_phi_mux_acc_148_phi_fu_7912_p32                                                                               |  14|          3|   16|         48|
    |ap_phi_mux_acc_149_phi_fu_7858_p32                                                                               |  14|          3|   16|         48|
    |ap_phi_mux_acc_150_phi_fu_7804_p32                                                                               |  14|          3|   16|         48|
    |ap_phi_mux_acc_151_phi_fu_7750_p32                                                                               |  14|          3|   16|         48|
    |ap_phi_mux_acc_152_phi_fu_7696_p32                                                                               |  14|          3|   16|         48|
    |ap_phi_mux_acc_153_phi_fu_7642_p32                                                                               |  14|          3|   16|         48|
    |ap_phi_mux_acc_154_phi_fu_7588_p32                                                                               |  14|          3|   16|         48|
    |ap_phi_mux_acc_155_phi_fu_7534_p32                                                                               |  14|          3|   16|         48|
    |ap_phi_mux_acc_156_phi_fu_7480_p32                                                                               |  14|          3|   16|         48|
    |ap_phi_mux_acc_157_phi_fu_7426_p32                                                                               |  14|          3|   16|         48|
    |ap_phi_mux_acc_158_phi_fu_7372_p32                                                                               |  14|          3|   16|         48|
    |ap_phi_mux_acc_159_phi_fu_7318_p32                                                                               |  14|          3|   16|         48|
    |ap_phi_mux_acc_160_phi_fu_7264_p32                                                                               |  14|          3|   16|         48|
    |ap_phi_mux_acc_161_phi_fu_7210_p32                                                                               |  14|          3|   16|         48|
    |ap_phi_mux_acc_162_phi_fu_7156_p32                                                                               |  14|          3|   16|         48|
    |ap_phi_mux_acc_79_phi_fu_5338_p34                                                                                |  14|          3|   16|         48|
    |ap_phi_mux_acc_80_phi_fu_5282_p34                                                                                |  14|          3|   16|         48|
    |ap_phi_mux_acc_81_phi_fu_5226_p34                                                                                |  14|          3|   16|         48|
    |ap_phi_mux_acc_82_phi_fu_5170_p34                                                                                |  14|          3|   16|         48|
    |ap_phi_mux_acc_83_phi_fu_5114_p34                                                                                |  14|          3|   16|         48|
    |ap_phi_mux_acc_84_phi_fu_5058_p34                                                                                |  14|          3|   16|         48|
    |ap_phi_mux_acc_85_phi_fu_5002_p34                                                                                |  14|          3|   16|         48|
    |ap_phi_mux_acc_86_phi_fu_4946_p34                                                                                |  14|          3|   16|         48|
    |ap_phi_mux_acc_87_phi_fu_4890_p34                                                                                |  14|          3|   16|         48|
    |ap_phi_mux_acc_88_phi_fu_4834_p34                                                                                |  14|          3|   16|         48|
    |ap_phi_mux_acc_89_phi_fu_4778_p34                                                                                |  14|          3|   16|         48|
    |ap_phi_mux_acc_90_phi_fu_4722_p34                                                                                |  14|          3|   16|         48|
    |ap_phi_mux_acc_91_phi_fu_4666_p34                                                                                |  14|          3|   16|         48|
    |ap_phi_mux_acc_92_phi_fu_4610_p34                                                                                |  14|          3|   16|         48|
    |ap_phi_mux_acc_93_phi_fu_4554_p34                                                                                |   9|          2|   16|         32|
    |ap_phi_mux_acc_94_phi_fu_4497_p34                                                                                |  14|          3|   16|         48|
    |ap_phi_mux_acc_phi_fu_6205_p32                                                                                   |  14|          3|   16|         48|
    |ap_phi_mux_in_index74_phi_fu_2492_p6                                                                             |  14|          3|   32|         96|
    |ap_phi_mux_ir_phi_fu_714_p6                                                                                      |  14|          3|   11|         33|
    |ap_phi_mux_p_ZZN4nnet24compute_output_buffer_2dINS_5arrayI8ap_fixedILi10ELi4EL9ap_q_mode0EL9_215_phi_fu_2506_p4  |  14|          3|   10|         30|
    |ap_phi_mux_p_ZZN4nnet24compute_output_buffer_2dINS_5arrayI8ap_fixedILi10ELi4EL9ap_q_mode0EL9_216_phi_fu_2518_p4  |  14|          3|   10|         30|
    |ap_phi_mux_p_ZZN4nnet24compute_output_buffer_2dINS_5arrayI8ap_fixedILi10ELi4EL9ap_q_mode0EL9_217_phi_fu_2530_p4  |  14|          3|   10|         30|
    |ap_phi_mux_p_ZZN4nnet24compute_output_buffer_2dINS_5arrayI8ap_fixedILi10ELi4EL9ap_q_mode0EL9_218_phi_fu_2542_p4  |  14|          3|   10|         30|
    |ap_phi_mux_p_ZZN4nnet24compute_output_buffer_2dINS_5arrayI8ap_fixedILi10ELi4EL9ap_q_mode0EL9_219_phi_fu_2554_p4  |  14|          3|   10|         30|
    |ap_phi_mux_p_ZZN4nnet24compute_output_buffer_2dINS_5arrayI8ap_fixedILi10ELi4EL9ap_q_mode0EL9_220_phi_fu_2566_p4  |  14|          3|   10|         30|
    |ap_phi_mux_p_ZZN4nnet24compute_output_buffer_2dINS_5arrayI8ap_fixedILi10ELi4EL9ap_q_mode0EL9_221_phi_fu_2578_p4  |  14|          3|   10|         30|
    |ap_phi_mux_p_ZZN4nnet24compute_output_buffer_2dINS_5arrayI8ap_fixedILi10ELi4EL9ap_q_mode0EL9_222_phi_fu_2590_p4  |  14|          3|   10|         30|
    |ap_phi_mux_p_ZZN4nnet24compute_output_buffer_2dINS_5arrayI8ap_fixedILi10ELi4EL9ap_q_mode0EL9_223_phi_fu_2602_p4  |  14|          3|   10|         30|
    |ap_phi_mux_p_ZZN4nnet24compute_output_buffer_2dINS_5arrayI8ap_fixedILi10ELi4EL9ap_q_mode0EL9_224_phi_fu_2614_p4  |  14|          3|   10|         30|
    |ap_phi_mux_p_ZZN4nnet24compute_output_buffer_2dINS_5arrayI8ap_fixedILi10ELi4EL9ap_q_mode0EL9_225_phi_fu_2626_p4  |  14|          3|   10|         30|
    |ap_phi_mux_p_ZZN4nnet24compute_output_buffer_2dINS_5arrayI8ap_fixedILi10ELi4EL9ap_q_mode0EL9_226_phi_fu_2638_p4  |  14|          3|   10|         30|
    |ap_phi_mux_p_ZZN4nnet24compute_output_buffer_2dINS_5arrayI8ap_fixedILi10ELi4EL9ap_q_mode0EL9_227_phi_fu_2650_p4  |  14|          3|   10|         30|
    |ap_phi_mux_p_ZZN4nnet24compute_output_buffer_2dINS_5arrayI8ap_fixedILi10ELi4EL9ap_q_mode0EL9_228_phi_fu_2662_p4  |  14|          3|   10|         30|
    |ap_phi_mux_p_ZZN4nnet24compute_output_buffer_2dINS_5arrayI8ap_fixedILi10ELi4EL9ap_q_mode0EL9_229_phi_fu_2674_p4  |  14|          3|   10|         30|
    |ap_phi_mux_p_ZZN4nnet24compute_output_buffer_2dINS_5arrayI8ap_fixedILi10ELi4EL9ap_q_mode0EL9_230_phi_fu_2686_p4  |  14|          3|   10|         30|
    |ap_phi_mux_p_ZZN4nnet24compute_output_buffer_2dINS_5arrayI8ap_fixedILi10ELi4EL9ap_q_mode0EL9_231_phi_fu_2698_p4  |  14|          3|   10|         30|
    |ap_phi_mux_p_ZZN4nnet24compute_output_buffer_2dINS_5arrayI8ap_fixedILi10ELi4EL9ap_q_mode0EL9_232_phi_fu_2710_p4  |  14|          3|   10|         30|
    |ap_phi_mux_p_ZZN4nnet24compute_output_buffer_2dINS_5arrayI8ap_fixedILi10ELi4EL9ap_q_mode0EL9_233_phi_fu_2722_p4  |  14|          3|   10|         30|
    |ap_phi_mux_p_ZZN4nnet24compute_output_buffer_2dINS_5arrayI8ap_fixedILi10ELi4EL9ap_q_mode0EL9_234_phi_fu_2734_p4  |  14|          3|   10|         30|
    |ap_phi_mux_p_ZZN4nnet24compute_output_buffer_2dINS_5arrayI8ap_fixedILi10ELi4EL9ap_q_mode0EL9_235_phi_fu_2746_p4  |  14|          3|   10|         30|
    |ap_phi_mux_p_ZZN4nnet24compute_output_buffer_2dINS_5arrayI8ap_fixedILi10ELi4EL9ap_q_mode0EL9_236_phi_fu_2758_p4  |  14|          3|   10|         30|
    |ap_phi_mux_p_ZZN4nnet24compute_output_buffer_2dINS_5arrayI8ap_fixedILi10ELi4EL9ap_q_mode0EL9_237_phi_fu_2770_p4  |  14|          3|   10|         30|
    |ap_phi_mux_p_ZZN4nnet24compute_output_buffer_2dINS_5arrayI8ap_fixedILi10ELi4EL9ap_q_mode0EL9_238_phi_fu_2782_p4  |  14|          3|   10|         30|
    |ap_phi_mux_p_ZZN4nnet24compute_output_buffer_2dINS_5arrayI8ap_fixedILi10ELi4EL9ap_q_mode0EL9_239_phi_fu_2794_p4  |  14|          3|   10|         30|
    |ap_phi_mux_p_ZZN4nnet24compute_output_buffer_2dINS_5arrayI8ap_fixedILi10ELi4EL9ap_q_mode0EL9_240_phi_fu_2806_p4  |  14|          3|   10|         30|
    |ap_phi_mux_p_ZZN4nnet24compute_output_buffer_2dINS_5arrayI8ap_fixedILi10ELi4EL9ap_q_mode0EL9_241_phi_fu_2818_p4  |  14|          3|   10|         30|
    |ap_phi_mux_p_ZZN4nnet24compute_output_buffer_2dINS_5arrayI8ap_fixedILi10ELi4EL9ap_q_mode0EL9_242_phi_fu_2830_p4  |  14|          3|   10|         30|
    |ap_phi_mux_p_ZZN4nnet24compute_output_buffer_2dINS_5arrayI8ap_fixedILi10ELi4EL9ap_q_mode0EL9_243_phi_fu_2842_p4  |  14|          3|   10|         30|
    |ap_phi_mux_p_ZZN4nnet24compute_output_buffer_2dINS_5arrayI8ap_fixedILi10ELi4EL9ap_q_mode0EL9_244_phi_fu_2854_p4  |  14|          3|   10|         30|
    |ap_phi_mux_p_ZZN4nnet24compute_output_buffer_2dINS_5arrayI8ap_fixedILi10ELi4EL9ap_q_mode0EL9_245_phi_fu_2866_p4  |  14|          3|   10|         30|
    |ap_phi_mux_p_ZZN4nnet24compute_output_buffer_2dINS_5arrayI8ap_fixedILi10ELi4EL9ap_q_mode0EL9_246_phi_fu_2878_p4  |  14|          3|   10|         30|
    |ap_phi_mux_p_ZZN4nnet24compute_output_buffer_2dINS_5arrayI8ap_fixedILi10ELi4EL9ap_q_mode0EL9_247_phi_fu_2890_p4  |  14|          3|   10|         30|
    |ap_phi_mux_p_ZZN4nnet24compute_output_buffer_2dINS_5arrayI8ap_fixedILi10ELi4EL9ap_q_mode0EL9_248_phi_fu_2902_p4  |  14|          3|   10|         30|
    |ap_phi_mux_p_ZZN4nnet24compute_output_buffer_2dINS_5arrayI8ap_fixedILi10ELi4EL9ap_q_mode0EL9_249_phi_fu_2914_p4  |  14|          3|   10|         30|
    |ap_phi_mux_p_ZZN4nnet24compute_output_buffer_2dINS_5arrayI8ap_fixedILi10ELi4EL9ap_q_mode0EL9_250_phi_fu_2926_p4  |  14|          3|   10|         30|
    |ap_phi_mux_p_ZZN4nnet24compute_output_buffer_2dINS_5arrayI8ap_fixedILi10ELi4EL9ap_q_mode0EL9_251_phi_fu_2938_p4  |  14|          3|   10|         30|
    |ap_phi_mux_p_ZZN4nnet24compute_output_buffer_2dINS_5arrayI8ap_fixedILi10ELi4EL9ap_q_mode0EL9_252_phi_fu_2950_p4  |  14|          3|   10|         30|
    |ap_phi_mux_p_ZZN4nnet24compute_output_buffer_2dINS_5arrayI8ap_fixedILi10ELi4EL9ap_q_mode0EL9_253_phi_fu_2962_p4  |  14|          3|   10|         30|
    |ap_phi_mux_p_ZZN4nnet24compute_output_buffer_2dINS_5arrayI8ap_fixedILi10ELi4EL9ap_q_mode0EL9_254_phi_fu_2974_p4  |  14|          3|   10|         30|
    |ap_phi_mux_p_ZZN4nnet24compute_output_buffer_2dINS_5arrayI8ap_fixedILi10ELi4EL9ap_q_mode0EL9_255_phi_fu_2986_p4  |  14|          3|   10|         30|
    |ap_phi_mux_p_ZZN4nnet24compute_output_buffer_2dINS_5arrayI8ap_fixedILi10ELi4EL9ap_q_mode0EL9_256_phi_fu_2998_p4  |  14|          3|   10|         30|
    |ap_phi_mux_p_ZZN4nnet24compute_output_buffer_2dINS_5arrayI8ap_fixedILi10ELi4EL9ap_q_mode0EL9_257_phi_fu_3010_p4  |  14|          3|   10|         30|
    |ap_phi_mux_p_ZZN4nnet24compute_output_buffer_2dINS_5arrayI8ap_fixedILi10ELi4EL9ap_q_mode0EL9_258_phi_fu_3022_p4  |  14|          3|   10|         30|
    |ap_phi_mux_p_ZZN4nnet24compute_output_buffer_2dINS_5arrayI8ap_fixedILi10ELi4EL9ap_q_mode0EL9_259_phi_fu_3034_p4  |  14|          3|   10|         30|
    |ap_phi_mux_p_ZZN4nnet24compute_output_buffer_2dINS_5arrayI8ap_fixedILi10ELi4EL9ap_q_mode0EL9_260_phi_fu_3046_p4  |  14|          3|   10|         30|
    |ap_phi_mux_p_ZZN4nnet24compute_output_buffer_2dINS_5arrayI8ap_fixedILi10ELi4EL9ap_q_mode0EL9_261_phi_fu_3058_p4  |  14|          3|   10|         30|
    |ap_phi_mux_p_ZZN4nnet24compute_output_buffer_2dINS_5arrayI8ap_fixedILi10ELi4EL9ap_q_mode0EL9_262_phi_fu_3070_p4  |  14|          3|   10|         30|
    |ap_phi_mux_p_ZZN4nnet24compute_output_buffer_2dINS_5arrayI8ap_fixedILi10ELi4EL9ap_q_mode0EL9_263_phi_fu_3082_p4  |  14|          3|   10|         30|
    |ap_phi_mux_p_ZZN4nnet24compute_output_buffer_2dINS_5arrayI8ap_fixedILi10ELi4EL9ap_q_mode0EL9_264_phi_fu_3094_p4  |  14|          3|   10|         30|
    |ap_phi_mux_p_ZZN4nnet24compute_output_buffer_2dINS_5arrayI8ap_fixedILi10ELi4EL9ap_q_mode0EL9_265_phi_fu_3106_p4  |  14|          3|   10|         30|
    |ap_phi_mux_p_ZZN4nnet24compute_output_buffer_2dINS_5arrayI8ap_fixedILi10ELi4EL9ap_q_mode0EL9_266_phi_fu_3118_p4  |  14|          3|   10|         30|
    |ap_phi_mux_p_ZZN4nnet24compute_output_buffer_2dINS_5arrayI8ap_fixedILi10ELi4EL9ap_q_mode0EL9_267_phi_fu_3130_p4  |  14|          3|   10|         30|
    |ap_phi_mux_p_ZZN4nnet24compute_output_buffer_2dINS_5arrayI8ap_fixedILi10ELi4EL9ap_q_mode0EL9_268_phi_fu_3142_p4  |  14|          3|   10|         30|
    |ap_phi_mux_p_ZZN4nnet24compute_output_buffer_2dINS_5arrayI8ap_fixedILi10ELi4EL9ap_q_mode0EL9_269_phi_fu_3154_p4  |  14|          3|   10|         30|
    |ap_phi_mux_p_ZZN4nnet24compute_output_buffer_2dINS_5arrayI8ap_fixedILi10ELi4EL9ap_q_mode0EL9_270_phi_fu_3166_p4  |  14|          3|   10|         30|
    |ap_phi_mux_p_ZZN4nnet24compute_output_buffer_2dINS_5arrayI8ap_fixedILi10ELi4EL9ap_q_mode0EL9_271_phi_fu_3178_p4  |  14|          3|   10|         30|
    |ap_phi_mux_p_ZZN4nnet24compute_output_buffer_2dINS_5arrayI8ap_fixedILi10ELi4EL9ap_q_mode0EL9_272_phi_fu_3190_p4  |  14|          3|   10|         30|
    |ap_phi_mux_p_ZZN4nnet24compute_output_buffer_2dINS_5arrayI8ap_fixedILi10ELi4EL9ap_q_mode0EL9_273_phi_fu_3202_p4  |  14|          3|   10|         30|
    |ap_phi_mux_p_ZZN4nnet24compute_output_buffer_2dINS_5arrayI8ap_fixedILi10ELi4EL9ap_q_mode0EL9_274_phi_fu_3214_p4  |  14|          3|   10|         30|
    |ap_phi_mux_p_ZZN4nnet24compute_output_buffer_2dINS_5arrayI8ap_fixedILi10ELi4EL9ap_q_mode0EL9_275_phi_fu_3226_p4  |  14|          3|   10|         30|
    |ap_phi_mux_p_ZZN4nnet24compute_output_buffer_2dINS_5arrayI8ap_fixedILi10ELi4EL9ap_q_mode0EL9_276_phi_fu_3238_p4  |  14|          3|   10|         30|
    |ap_phi_mux_p_ZZN4nnet24compute_output_buffer_2dINS_5arrayI8ap_fixedILi10ELi4EL9ap_q_mode0EL9_277_phi_fu_3250_p4  |  14|          3|   10|         30|
    |ap_phi_mux_p_ZZN4nnet24compute_output_buffer_2dINS_5arrayI8ap_fixedILi10ELi4EL9ap_q_mode0EL9_278_phi_fu_3262_p4  |  14|          3|   10|         30|
    |ap_phi_mux_p_ZZN4nnet24compute_output_buffer_2dINS_5arrayI8ap_fixedILi10ELi4EL9ap_q_mode0EL9_279_phi_fu_3274_p4  |  14|          3|   10|         30|
    |ap_phi_mux_p_ZZN4nnet24compute_output_buffer_2dINS_5arrayI8ap_fixedILi10ELi4EL9ap_q_mode0EL9_280_phi_fu_3286_p4  |  14|          3|   10|         30|
    |ap_phi_mux_p_ZZN4nnet24compute_output_buffer_2dINS_5arrayI8ap_fixedILi10ELi4EL9ap_q_mode0EL9_281_phi_fu_3298_p4  |  14|          3|   10|         30|
    |ap_phi_mux_p_ZZN4nnet24compute_output_buffer_2dINS_5arrayI8ap_fixedILi10ELi4EL9ap_q_mode0EL9_282_phi_fu_3310_p4  |  14|          3|   10|         30|
    |ap_phi_mux_p_ZZN4nnet24compute_output_buffer_2dINS_5arrayI8ap_fixedILi10ELi4EL9ap_q_mode0EL9_283_phi_fu_3322_p4  |  14|          3|   10|         30|
    |ap_phi_mux_p_ZZN4nnet24compute_output_buffer_2dINS_5arrayI8ap_fixedILi10ELi4EL9ap_q_mode0EL9_284_phi_fu_3334_p4  |  14|          3|   10|         30|
    |ap_phi_mux_p_ZZN4nnet24compute_output_buffer_2dINS_5arrayI8ap_fixedILi10ELi4EL9ap_q_mode0EL9_285_phi_fu_3346_p4  |  14|          3|   10|         30|
    |ap_phi_mux_p_ZZN4nnet24compute_output_buffer_2dINS_5arrayI8ap_fixedILi10ELi4EL9ap_q_mode0EL9_286_phi_fu_3358_p4  |  14|          3|   10|         30|
    |ap_phi_mux_p_ZZN4nnet24compute_output_buffer_2dINS_5arrayI8ap_fixedILi10ELi4EL9ap_q_mode0EL9_287_phi_fu_3370_p4  |  14|          3|   10|         30|
    |ap_phi_mux_p_ZZN4nnet24compute_output_buffer_2dINS_5arrayI8ap_fixedILi10ELi4EL9ap_q_mode0EL9_288_phi_fu_3382_p4  |  14|          3|   10|         30|
    |ap_phi_mux_p_ZZN4nnet24compute_output_buffer_2dINS_5arrayI8ap_fixedILi10ELi4EL9ap_q_mode0EL9_289_phi_fu_3394_p4  |  14|          3|   10|         30|
    |ap_phi_mux_p_ZZN4nnet24compute_output_buffer_2dINS_5arrayI8ap_fixedILi10ELi4EL9ap_q_mode0EL9_290_phi_fu_3406_p4  |  14|          3|   10|         30|
    |ap_phi_mux_p_ZZN4nnet24compute_output_buffer_2dINS_5arrayI8ap_fixedILi10ELi4EL9ap_q_mode0EL9_291_phi_fu_3418_p4  |  14|          3|   10|         30|
    |ap_phi_mux_p_ZZN4nnet24compute_output_buffer_2dINS_5arrayI8ap_fixedILi10ELi4EL9ap_q_mode0EL9_292_phi_fu_3430_p4  |  14|          3|   10|         30|
    |ap_phi_mux_p_ZZN4nnet24compute_output_buffer_2dINS_5arrayI8ap_fixedILi10ELi4EL9ap_q_mode0EL9_293_phi_fu_3442_p4  |  14|          3|   10|         30|
    |ap_phi_mux_p_ZZN4nnet24compute_output_buffer_2dINS_5arrayI8ap_fixedILi10ELi4EL9ap_q_mode0EL9_294_phi_fu_3454_p4  |  14|          3|   10|         30|
    |ap_phi_mux_p_ZZN4nnet24compute_output_buffer_2dINS_5arrayI8ap_fixedILi10ELi4EL9ap_q_mode0EL9_295_phi_fu_3466_p4  |  14|          3|   10|         30|
    |ap_phi_mux_p_ZZN4nnet24compute_output_buffer_2dINS_5arrayI8ap_fixedILi10ELi4EL9ap_q_mode0EL9_296_phi_fu_3478_p4  |  14|          3|   10|         30|
    |ap_phi_mux_p_ZZN4nnet24compute_output_buffer_2dINS_5arrayI8ap_fixedILi10ELi4EL9ap_q_mode0EL9_297_phi_fu_3490_p4  |  14|          3|   10|         30|
    |ap_phi_mux_p_ZZN4nnet24compute_output_buffer_2dINS_5arrayI8ap_fixedILi10ELi4EL9ap_q_mode0EL9_298_phi_fu_3502_p4  |  14|          3|   10|         30|
    |ap_phi_mux_p_ZZN4nnet24compute_output_buffer_2dINS_5arrayI8ap_fixedILi10ELi4EL9ap_q_mode0EL9_299_phi_fu_3514_p4  |  14|          3|   10|         30|
    |ap_phi_mux_p_ZZN4nnet24compute_output_buffer_2dINS_5arrayI8ap_fixedILi10ELi4EL9ap_q_mode0EL9_300_phi_fu_3526_p4  |  14|          3|   10|         30|
    |ap_phi_mux_p_ZZN4nnet24compute_output_buffer_2dINS_5arrayI8ap_fixedILi10ELi4EL9ap_q_mode0EL9_301_phi_fu_3538_p4  |  14|          3|   10|         30|
    |ap_phi_mux_p_ZZN4nnet24compute_output_buffer_2dINS_5arrayI8ap_fixedILi10ELi4EL9ap_q_mode0EL9_302_phi_fu_3550_p4  |  14|          3|   10|         30|
    |ap_phi_mux_p_ZZN4nnet24compute_output_buffer_2dINS_5arrayI8ap_fixedILi10ELi4EL9ap_q_mode0EL9_303_phi_fu_3562_p4  |  14|          3|   10|         30|
    |ap_phi_mux_p_ZZN4nnet24compute_output_buffer_2dINS_5arrayI8ap_fixedILi10ELi4EL9ap_q_mode0EL9_304_phi_fu_3574_p4  |  14|          3|   10|         30|
    |ap_phi_mux_p_ZZN4nnet24compute_output_buffer_2dINS_5arrayI8ap_fixedILi10ELi4EL9ap_q_mode0EL9_305_phi_fu_3586_p4  |  14|          3|   10|         30|
    |ap_phi_mux_p_ZZN4nnet24compute_output_buffer_2dINS_5arrayI8ap_fixedILi10ELi4EL9ap_q_mode0EL9_306_phi_fu_3598_p4  |  14|          3|   10|         30|
    |ap_phi_mux_p_ZZN4nnet24compute_output_buffer_2dINS_5arrayI8ap_fixedILi10ELi4EL9ap_q_mode0EL9_307_phi_fu_3610_p4  |  14|          3|   10|         30|
    |ap_phi_mux_p_ZZN4nnet24compute_output_buffer_2dINS_5arrayI8ap_fixedILi10ELi4EL9ap_q_mode0EL9_308_phi_fu_3622_p4  |  14|          3|   10|         30|
    |ap_phi_mux_p_ZZN4nnet24compute_output_buffer_2dINS_5arrayI8ap_fixedILi10ELi4EL9ap_q_mode0EL9_309_phi_fu_3634_p4  |  14|          3|   10|         30|
    |ap_phi_mux_p_ZZN4nnet24compute_output_buffer_2dINS_5arrayI8ap_fixedILi10ELi4EL9ap_q_mode0EL9_310_phi_fu_3646_p4  |  14|          3|   10|         30|
    |ap_phi_mux_p_ZZN4nnet24compute_output_buffer_2dINS_5arrayI8ap_fixedILi10ELi4EL9ap_q_mode0EL9_311_phi_fu_3658_p4  |  14|          3|   10|         30|
    |ap_phi_mux_p_ZZN4nnet24compute_output_buffer_2dINS_5arrayI8ap_fixedILi10ELi4EL9ap_q_mode0EL9_312_phi_fu_3670_p4  |  14|          3|   10|         30|
    |ap_phi_mux_p_ZZN4nnet24compute_output_buffer_2dINS_5arrayI8ap_fixedILi10ELi4EL9ap_q_mode0EL9_313_phi_fu_3682_p4  |  14|          3|   10|         30|
    |ap_phi_mux_p_ZZN4nnet24compute_output_buffer_2dINS_5arrayI8ap_fixedILi10ELi4EL9ap_q_mode0EL9_314_phi_fu_3694_p4  |  14|          3|   10|         30|
    |ap_phi_mux_p_ZZN4nnet24compute_output_buffer_2dINS_5arrayI8ap_fixedILi10ELi4EL9ap_q_mode0EL9_315_phi_fu_3706_p4  |  14|          3|   10|         30|
    |ap_phi_mux_p_ZZN4nnet24compute_output_buffer_2dINS_5arrayI8ap_fixedILi10ELi4EL9ap_q_mode0EL9_316_phi_fu_3718_p4  |  14|          3|   10|         30|
    |ap_phi_mux_p_ZZN4nnet24compute_output_buffer_2dINS_5arrayI8ap_fixedILi10ELi4EL9ap_q_mode0EL9_317_phi_fu_3730_p4  |  14|          3|   10|         30|
    |ap_phi_mux_p_ZZN4nnet24compute_output_buffer_2dINS_5arrayI8ap_fixedILi10ELi4EL9ap_q_mode0EL9_318_phi_fu_3742_p4  |  14|          3|   10|         30|
    |ap_phi_mux_p_ZZN4nnet24compute_output_buffer_2dINS_5arrayI8ap_fixedILi10ELi4EL9ap_q_mode0EL9_319_phi_fu_3754_p4  |  14|          3|   10|         30|
    |ap_phi_mux_p_ZZN4nnet24compute_output_buffer_2dINS_5arrayI8ap_fixedILi10ELi4EL9ap_q_mode0EL9_320_phi_fu_3766_p4  |  14|          3|   10|         30|
    |ap_phi_mux_p_ZZN4nnet24compute_output_buffer_2dINS_5arrayI8ap_fixedILi10ELi4EL9ap_q_mode0EL9_321_phi_fu_3778_p4  |  14|          3|   10|         30|
    |ap_phi_mux_p_ZZN4nnet24compute_output_buffer_2dINS_5arrayI8ap_fixedILi10ELi4EL9ap_q_mode0EL9_322_phi_fu_3790_p4  |  14|          3|   10|         30|
    |ap_phi_mux_p_ZZN4nnet24compute_output_buffer_2dINS_5arrayI8ap_fixedILi10ELi4EL9ap_q_mode0EL9_323_phi_fu_3802_p4  |  14|          3|   10|         30|
    |ap_phi_mux_p_ZZN4nnet24compute_output_buffer_2dINS_5arrayI8ap_fixedILi10ELi4EL9ap_q_mode0EL9_324_phi_fu_3814_p4  |  14|          3|   10|         30|
    |ap_phi_mux_p_ZZN4nnet24compute_output_buffer_2dINS_5arrayI8ap_fixedILi10ELi4EL9ap_q_mode0EL9_325_phi_fu_3826_p4  |  14|          3|   10|         30|
    |ap_phi_mux_p_ZZN4nnet24compute_output_buffer_2dINS_5arrayI8ap_fixedILi10ELi4EL9ap_q_mode0EL9_326_phi_fu_3838_p4  |  14|          3|   10|         30|
    |ap_phi_mux_p_ZZN4nnet24compute_output_buffer_2dINS_5arrayI8ap_fixedILi10ELi4EL9ap_q_mode0EL9_327_phi_fu_3850_p4  |  14|          3|   10|         30|
    |ap_phi_mux_p_ZZN4nnet24compute_output_buffer_2dINS_5arrayI8ap_fixedILi10ELi4EL9ap_q_mode0EL9_328_phi_fu_3862_p4  |  14|          3|   10|         30|
    |ap_phi_mux_p_ZZN4nnet24compute_output_buffer_2dINS_5arrayI8ap_fixedILi10ELi4EL9ap_q_mode0EL9_329_phi_fu_3874_p4  |  14|          3|   10|         30|
    |ap_phi_mux_p_ZZN4nnet24compute_output_buffer_2dINS_5arrayI8ap_fixedILi10ELi4EL9ap_q_mode0EL9_330_phi_fu_3886_p4  |  14|          3|   10|         30|
    |ap_phi_mux_void_compute_output_buffer_2d_array_const_ap_shift_reg_n_chan_stream_weig_68_phi_fu_3898_p4           |  14|          3|   10|         30|
    |ap_phi_mux_void_compute_output_buffer_2d_array_const_ap_shift_reg_n_chan_stream_weig_69_phi_fu_3910_p4           |  14|          3|   10|         30|
    |ap_phi_mux_void_compute_output_buffer_2d_array_const_ap_shift_reg_n_chan_stream_weig_70_phi_fu_3922_p4           |  14|          3|   10|         30|
    |ap_phi_mux_void_compute_output_buffer_2d_array_const_ap_shift_reg_n_chan_stream_weig_71_phi_fu_3934_p4           |  14|          3|   10|         30|
    |ap_phi_mux_void_compute_output_buffer_2d_array_const_ap_shift_reg_n_chan_stream_weig_72_phi_fu_3946_p4           |  14|          3|   10|         30|
    |ap_phi_mux_void_compute_output_buffer_2d_array_const_ap_shift_reg_n_chan_stream_weig_73_phi_fu_3958_p4           |  14|          3|   10|         30|
    |ap_phi_mux_void_compute_output_buffer_2d_array_const_ap_shift_reg_n_chan_stream_weig_74_phi_fu_3970_p4           |  14|          3|   10|         30|
    |ap_phi_mux_void_compute_output_buffer_2d_array_const_ap_shift_reg_n_chan_stream_weig_75_phi_fu_3982_p4           |  14|          3|   10|         30|
    |ap_phi_mux_void_compute_output_buffer_2d_array_const_ap_shift_reg_n_chan_stream_weig_76_phi_fu_3994_p4           |  14|          3|   10|         30|
    |ap_phi_mux_void_compute_output_buffer_2d_array_const_ap_shift_reg_n_chan_stream_weig_77_phi_fu_4006_p4           |  14|          3|   10|         30|
    |ap_phi_mux_x_53_phi_fu_4468_p6                                                                                   |  14|          3|   16|         48|
    |ap_phi_mux_x_54_phi_fu_4453_p6                                                                                   |  14|          3|   16|         48|
    |ap_phi_mux_x_55_phi_fu_4438_p6                                                                                   |  14|          3|   16|         48|
    |ap_phi_mux_x_56_phi_fu_4423_p6                                                                                   |  14|          3|   16|         48|
    |ap_phi_mux_x_57_phi_fu_4408_p6                                                                                   |  14|          3|   16|         48|
    |ap_phi_mux_x_58_phi_fu_4393_p6                                                                                   |  14|          3|   16|         48|
    |ap_phi_mux_x_59_phi_fu_4378_p6                                                                                   |  14|          3|   16|         48|
    |ap_phi_mux_x_60_phi_fu_4363_p6                                                                                   |  14|          3|   16|         48|
    |ap_phi_mux_x_61_phi_fu_4348_p6                                                                                   |  14|          3|   16|         48|
    |ap_phi_mux_x_62_phi_fu_4333_p6                                                                                   |  14|          3|   16|         48|
    |ap_phi_mux_x_63_phi_fu_4318_p6                                                                                   |  14|          3|   16|         48|
    |ap_phi_mux_x_64_phi_fu_4303_p6                                                                                   |  14|          3|   16|         48|
    |ap_phi_mux_x_65_phi_fu_4288_p6                                                                                   |  14|          3|   16|         48|
    |ap_phi_mux_x_66_phi_fu_4273_p6                                                                                   |  14|          3|   16|         48|
    |ap_phi_mux_x_67_phi_fu_4258_p6                                                                                   |  14|          3|   16|         48|
    |ap_phi_mux_x_68_phi_fu_4243_p6                                                                                   |  14|          3|   16|         48|
    |ap_phi_mux_x_69_phi_fu_4228_p6                                                                                   |  14|          3|   16|         48|
    |ap_phi_mux_x_70_phi_fu_4213_p6                                                                                   |  14|          3|   16|         48|
    |ap_phi_mux_x_71_phi_fu_4198_p6                                                                                   |  14|          3|   16|         48|
    |ap_phi_mux_x_72_phi_fu_4183_p6                                                                                   |  14|          3|   16|         48|
    |ap_phi_mux_x_73_phi_fu_4168_p6                                                                                   |  14|          3|   16|         48|
    |ap_phi_mux_x_74_phi_fu_4153_p6                                                                                   |  14|          3|   16|         48|
    |ap_phi_mux_x_75_phi_fu_4138_p6                                                                                   |  14|          3|   16|         48|
    |ap_phi_mux_x_76_phi_fu_4123_p6                                                                                   |  14|          3|   16|         48|
    |ap_phi_mux_x_77_phi_fu_4108_p6                                                                                   |  14|          3|   16|         48|
    |ap_phi_mux_x_78_phi_fu_4093_p6                                                                                   |  14|          3|   16|         48|
    |ap_phi_mux_x_79_phi_fu_4078_p6                                                                                   |  14|          3|   16|         48|
    |ap_phi_mux_x_80_phi_fu_4063_p6                                                                                   |  14|          3|   16|         48|
    |ap_phi_mux_x_81_phi_fu_4048_p6                                                                                   |  14|          3|   16|         48|
    |ap_phi_mux_x_82_phi_fu_4033_p6                                                                                   |  14|          3|   16|         48|
    |ap_phi_mux_x_83_phi_fu_4018_p6                                                                                   |  14|          3|   16|         48|
    |ap_phi_mux_x_phi_fu_4483_p6                                                                                      |  14|          3|   16|         48|
    |ap_phi_reg_pp0_iter3_acc_112_reg_7095                                                                            |   9|          2|   16|         32|
    |ap_phi_reg_pp0_iter3_acc_113_reg_7039                                                                            |   9|          2|   16|         32|
    |ap_phi_reg_pp0_iter3_acc_114_reg_6983                                                                            |   9|          2|   16|         32|
    |ap_phi_reg_pp0_iter3_acc_115_reg_6927                                                                            |   9|          2|   16|         32|
    |ap_phi_reg_pp0_iter3_acc_116_reg_6871                                                                            |   9|          2|   16|         32|
    |ap_phi_reg_pp0_iter3_acc_117_reg_6815                                                                            |   9|          2|   16|         32|
    |ap_phi_reg_pp0_iter3_acc_118_reg_6759                                                                            |   9|          2|   16|         32|
    |ap_phi_reg_pp0_iter3_acc_119_reg_6703                                                                            |   9|          2|   16|         32|
    |ap_phi_reg_pp0_iter3_acc_120_reg_6647                                                                            |   9|          2|   16|         32|
    |ap_phi_reg_pp0_iter3_acc_121_reg_6591                                                                            |   9|          2|   16|         32|
    |ap_phi_reg_pp0_iter3_acc_122_reg_6535                                                                            |   9|          2|   16|         32|
    |ap_phi_reg_pp0_iter3_acc_123_reg_6479                                                                            |   9|          2|   16|         32|
    |ap_phi_reg_pp0_iter3_acc_124_reg_6423                                                                            |   9|          2|   16|         32|
    |ap_phi_reg_pp0_iter3_acc_125_reg_6367                                                                            |   9|          2|   16|         32|
    |ap_phi_reg_pp0_iter3_acc_126_reg_6311                                                                            |   9|          2|   16|         32|
    |ap_phi_reg_pp0_iter3_acc_127_reg_6255                                                                            |   9|          2|   16|         32|
    |ap_phi_reg_pp0_iter3_acc_79_reg_5335                                                                             |   9|          2|   16|         32|
    |ap_phi_reg_pp0_iter3_acc_80_reg_5279                                                                             |   9|          2|   16|         32|
    |ap_phi_reg_pp0_iter3_acc_81_reg_5223                                                                             |   9|          2|   16|         32|
    |ap_phi_reg_pp0_iter3_acc_82_reg_5167                                                                             |   9|          2|   16|         32|
    |ap_phi_reg_pp0_iter3_acc_83_reg_5111                                                                             |   9|          2|   16|         32|
    |ap_phi_reg_pp0_iter3_acc_84_reg_5055                                                                             |   9|          2|   16|         32|
    |ap_phi_reg_pp0_iter3_acc_85_reg_4999                                                                             |   9|          2|   16|         32|
    |ap_phi_reg_pp0_iter3_acc_86_reg_4943                                                                             |   9|          2|   16|         32|
    |ap_phi_reg_pp0_iter3_acc_87_reg_4887                                                                             |   9|          2|   16|         32|
    |ap_phi_reg_pp0_iter3_acc_88_reg_4831                                                                             |   9|          2|   16|         32|
    |ap_phi_reg_pp0_iter3_acc_89_reg_4775                                                                             |   9|          2|   16|         32|
    |ap_phi_reg_pp0_iter3_acc_90_reg_4719                                                                             |   9|          2|   16|         32|
    |ap_phi_reg_pp0_iter3_acc_91_reg_4663                                                                             |   9|          2|   16|         32|
    |ap_phi_reg_pp0_iter3_acc_92_reg_4607                                                                             |   9|          2|   16|         32|
    |ap_phi_reg_pp0_iter3_acc_93_reg_4550                                                                             |   9|          2|   16|         32|
    |ap_phi_reg_pp0_iter3_acc_94_reg_4494                                                                             |   9|          2|   16|         32|
    |ap_return_0                                                                                                      |   9|          2|   11|         22|
    |ap_return_1                                                                                                      |   9|          2|   11|         22|
    |ap_return_10                                                                                                     |   9|          2|   11|         22|
    |ap_return_11                                                                                                     |   9|          2|   11|         22|
    |ap_return_12                                                                                                     |   9|          2|   11|         22|
    |ap_return_13                                                                                                     |   9|          2|   11|         22|
    |ap_return_14                                                                                                     |   9|          2|   11|         22|
    |ap_return_15                                                                                                     |   9|          2|   11|         22|
    |ap_return_16                                                                                                     |   9|          2|   11|         22|
    |ap_return_17                                                                                                     |   9|          2|   11|         22|
    |ap_return_18                                                                                                     |   9|          2|   11|         22|
    |ap_return_19                                                                                                     |   9|          2|   11|         22|
    |ap_return_2                                                                                                      |   9|          2|   11|         22|
    |ap_return_20                                                                                                     |   9|          2|   11|         22|
    |ap_return_21                                                                                                     |   9|          2|   11|         22|
    |ap_return_22                                                                                                     |   9|          2|   11|         22|
    |ap_return_23                                                                                                     |   9|          2|   11|         22|
    |ap_return_24                                                                                                     |   9|          2|   11|         22|
    |ap_return_25                                                                                                     |   9|          2|   11|         22|
    |ap_return_26                                                                                                     |   9|          2|   11|         22|
    |ap_return_27                                                                                                     |   9|          2|   11|         22|
    |ap_return_28                                                                                                     |   9|          2|   11|         22|
    |ap_return_29                                                                                                     |   9|          2|   11|         22|
    |ap_return_3                                                                                                      |   9|          2|   11|         22|
    |ap_return_30                                                                                                     |   9|          2|   11|         22|
    |ap_return_31                                                                                                     |   9|          2|   11|         22|
    |ap_return_4                                                                                                      |   9|          2|   11|         22|
    |ap_return_5                                                                                                      |   9|          2|   11|         22|
    |ap_return_6                                                                                                      |   9|          2|   11|         22|
    |ap_return_7                                                                                                      |   9|          2|   11|         22|
    |ap_return_8                                                                                                      |   9|          2|   11|         22|
    |ap_return_9                                                                                                      |   9|          2|   11|         22|
    |in_index74_reg_2488                                                                                              |   9|          2|   32|         64|
    |ir_reg_710                                                                                                       |   9|          2|   11|         22|
    |p_ZZN4nnet24compute_output_buffer_2dINS_5arrayI8ap_fixedILi10ELi4EL9ap_q_mode0EL9_215_reg_2502                   |  14|          3|   10|         30|
    |p_ZZN4nnet24compute_output_buffer_2dINS_5arrayI8ap_fixedILi10ELi4EL9ap_q_mode0EL9_216_reg_2514                   |  14|          3|   10|         30|
    |p_ZZN4nnet24compute_output_buffer_2dINS_5arrayI8ap_fixedILi10ELi4EL9ap_q_mode0EL9_217_reg_2526                   |  14|          3|   10|         30|
    |p_ZZN4nnet24compute_output_buffer_2dINS_5arrayI8ap_fixedILi10ELi4EL9ap_q_mode0EL9_218_reg_2538                   |  14|          3|   10|         30|
    |p_ZZN4nnet24compute_output_buffer_2dINS_5arrayI8ap_fixedILi10ELi4EL9ap_q_mode0EL9_219_reg_2550                   |  14|          3|   10|         30|
    |p_ZZN4nnet24compute_output_buffer_2dINS_5arrayI8ap_fixedILi10ELi4EL9ap_q_mode0EL9_220_reg_2562                   |  14|          3|   10|         30|
    |p_ZZN4nnet24compute_output_buffer_2dINS_5arrayI8ap_fixedILi10ELi4EL9ap_q_mode0EL9_221_reg_2574                   |  14|          3|   10|         30|
    |p_ZZN4nnet24compute_output_buffer_2dINS_5arrayI8ap_fixedILi10ELi4EL9ap_q_mode0EL9_222_reg_2586                   |  14|          3|   10|         30|
    |p_ZZN4nnet24compute_output_buffer_2dINS_5arrayI8ap_fixedILi10ELi4EL9ap_q_mode0EL9_223_reg_2598                   |  14|          3|   10|         30|
    |p_ZZN4nnet24compute_output_buffer_2dINS_5arrayI8ap_fixedILi10ELi4EL9ap_q_mode0EL9_224_reg_2610                   |  14|          3|   10|         30|
    |p_ZZN4nnet24compute_output_buffer_2dINS_5arrayI8ap_fixedILi10ELi4EL9ap_q_mode0EL9_225_reg_2622                   |  14|          3|   10|         30|
    |p_ZZN4nnet24compute_output_buffer_2dINS_5arrayI8ap_fixedILi10ELi4EL9ap_q_mode0EL9_226_reg_2634                   |  14|          3|   10|         30|
    |p_ZZN4nnet24compute_output_buffer_2dINS_5arrayI8ap_fixedILi10ELi4EL9ap_q_mode0EL9_227_reg_2646                   |  14|          3|   10|         30|
    |p_ZZN4nnet24compute_output_buffer_2dINS_5arrayI8ap_fixedILi10ELi4EL9ap_q_mode0EL9_228_reg_2658                   |  14|          3|   10|         30|
    |p_ZZN4nnet24compute_output_buffer_2dINS_5arrayI8ap_fixedILi10ELi4EL9ap_q_mode0EL9_229_reg_2670                   |  14|          3|   10|         30|
    |p_ZZN4nnet24compute_output_buffer_2dINS_5arrayI8ap_fixedILi10ELi4EL9ap_q_mode0EL9_230_reg_2682                   |  14|          3|   10|         30|
    |p_ZZN4nnet24compute_output_buffer_2dINS_5arrayI8ap_fixedILi10ELi4EL9ap_q_mode0EL9_231_reg_2694                   |  14|          3|   10|         30|
    |p_ZZN4nnet24compute_output_buffer_2dINS_5arrayI8ap_fixedILi10ELi4EL9ap_q_mode0EL9_232_reg_2706                   |  14|          3|   10|         30|
    |p_ZZN4nnet24compute_output_buffer_2dINS_5arrayI8ap_fixedILi10ELi4EL9ap_q_mode0EL9_233_reg_2718                   |  14|          3|   10|         30|
    |p_ZZN4nnet24compute_output_buffer_2dINS_5arrayI8ap_fixedILi10ELi4EL9ap_q_mode0EL9_234_reg_2730                   |  14|          3|   10|         30|
    |p_ZZN4nnet24compute_output_buffer_2dINS_5arrayI8ap_fixedILi10ELi4EL9ap_q_mode0EL9_235_reg_2742                   |  14|          3|   10|         30|
    |p_ZZN4nnet24compute_output_buffer_2dINS_5arrayI8ap_fixedILi10ELi4EL9ap_q_mode0EL9_236_reg_2754                   |  14|          3|   10|         30|
    |p_ZZN4nnet24compute_output_buffer_2dINS_5arrayI8ap_fixedILi10ELi4EL9ap_q_mode0EL9_237_reg_2766                   |  14|          3|   10|         30|
    |p_ZZN4nnet24compute_output_buffer_2dINS_5arrayI8ap_fixedILi10ELi4EL9ap_q_mode0EL9_238_reg_2778                   |  14|          3|   10|         30|
    |p_ZZN4nnet24compute_output_buffer_2dINS_5arrayI8ap_fixedILi10ELi4EL9ap_q_mode0EL9_239_reg_2790                   |  14|          3|   10|         30|
    |p_ZZN4nnet24compute_output_buffer_2dINS_5arrayI8ap_fixedILi10ELi4EL9ap_q_mode0EL9_240_reg_2802                   |  14|          3|   10|         30|
    |p_ZZN4nnet24compute_output_buffer_2dINS_5arrayI8ap_fixedILi10ELi4EL9ap_q_mode0EL9_241_reg_2814                   |  14|          3|   10|         30|
    |p_ZZN4nnet24compute_output_buffer_2dINS_5arrayI8ap_fixedILi10ELi4EL9ap_q_mode0EL9_242_reg_2826                   |  14|          3|   10|         30|
    |p_ZZN4nnet24compute_output_buffer_2dINS_5arrayI8ap_fixedILi10ELi4EL9ap_q_mode0EL9_243_reg_2838                   |  14|          3|   10|         30|
    |p_ZZN4nnet24compute_output_buffer_2dINS_5arrayI8ap_fixedILi10ELi4EL9ap_q_mode0EL9_244_reg_2850                   |  14|          3|   10|         30|
    |p_ZZN4nnet24compute_output_buffer_2dINS_5arrayI8ap_fixedILi10ELi4EL9ap_q_mode0EL9_245_reg_2862                   |  14|          3|   10|         30|
    |p_ZZN4nnet24compute_output_buffer_2dINS_5arrayI8ap_fixedILi10ELi4EL9ap_q_mode0EL9_246_reg_2874                   |  14|          3|   10|         30|
    |p_ZZN4nnet24compute_output_buffer_2dINS_5arrayI8ap_fixedILi10ELi4EL9ap_q_mode0EL9_247_reg_2886                   |  14|          3|   10|         30|
    |p_ZZN4nnet24compute_output_buffer_2dINS_5arrayI8ap_fixedILi10ELi4EL9ap_q_mode0EL9_248_reg_2898                   |  14|          3|   10|         30|
    |p_ZZN4nnet24compute_output_buffer_2dINS_5arrayI8ap_fixedILi10ELi4EL9ap_q_mode0EL9_249_reg_2910                   |  14|          3|   10|         30|
    |p_ZZN4nnet24compute_output_buffer_2dINS_5arrayI8ap_fixedILi10ELi4EL9ap_q_mode0EL9_250_reg_2922                   |  14|          3|   10|         30|
    |p_ZZN4nnet24compute_output_buffer_2dINS_5arrayI8ap_fixedILi10ELi4EL9ap_q_mode0EL9_251_reg_2934                   |  14|          3|   10|         30|
    |p_ZZN4nnet24compute_output_buffer_2dINS_5arrayI8ap_fixedILi10ELi4EL9ap_q_mode0EL9_252_reg_2946                   |  14|          3|   10|         30|
    |p_ZZN4nnet24compute_output_buffer_2dINS_5arrayI8ap_fixedILi10ELi4EL9ap_q_mode0EL9_253_reg_2958                   |  14|          3|   10|         30|
    |p_ZZN4nnet24compute_output_buffer_2dINS_5arrayI8ap_fixedILi10ELi4EL9ap_q_mode0EL9_254_reg_2970                   |  14|          3|   10|         30|
    |p_ZZN4nnet24compute_output_buffer_2dINS_5arrayI8ap_fixedILi10ELi4EL9ap_q_mode0EL9_255_reg_2982                   |  14|          3|   10|         30|
    |p_ZZN4nnet24compute_output_buffer_2dINS_5arrayI8ap_fixedILi10ELi4EL9ap_q_mode0EL9_256_reg_2994                   |  14|          3|   10|         30|
    |p_ZZN4nnet24compute_output_buffer_2dINS_5arrayI8ap_fixedILi10ELi4EL9ap_q_mode0EL9_257_reg_3006                   |  14|          3|   10|         30|
    |p_ZZN4nnet24compute_output_buffer_2dINS_5arrayI8ap_fixedILi10ELi4EL9ap_q_mode0EL9_258_reg_3018                   |  14|          3|   10|         30|
    |p_ZZN4nnet24compute_output_buffer_2dINS_5arrayI8ap_fixedILi10ELi4EL9ap_q_mode0EL9_259_reg_3030                   |  14|          3|   10|         30|
    |p_ZZN4nnet24compute_output_buffer_2dINS_5arrayI8ap_fixedILi10ELi4EL9ap_q_mode0EL9_260_reg_3042                   |  14|          3|   10|         30|
    |p_ZZN4nnet24compute_output_buffer_2dINS_5arrayI8ap_fixedILi10ELi4EL9ap_q_mode0EL9_261_reg_3054                   |  14|          3|   10|         30|
    |p_ZZN4nnet24compute_output_buffer_2dINS_5arrayI8ap_fixedILi10ELi4EL9ap_q_mode0EL9_262_reg_3066                   |  14|          3|   10|         30|
    |p_ZZN4nnet24compute_output_buffer_2dINS_5arrayI8ap_fixedILi10ELi4EL9ap_q_mode0EL9_263_reg_3078                   |  14|          3|   10|         30|
    |p_ZZN4nnet24compute_output_buffer_2dINS_5arrayI8ap_fixedILi10ELi4EL9ap_q_mode0EL9_264_reg_3090                   |  14|          3|   10|         30|
    |p_ZZN4nnet24compute_output_buffer_2dINS_5arrayI8ap_fixedILi10ELi4EL9ap_q_mode0EL9_265_reg_3102                   |  14|          3|   10|         30|
    |p_ZZN4nnet24compute_output_buffer_2dINS_5arrayI8ap_fixedILi10ELi4EL9ap_q_mode0EL9_266_reg_3114                   |  14|          3|   10|         30|
    |p_ZZN4nnet24compute_output_buffer_2dINS_5arrayI8ap_fixedILi10ELi4EL9ap_q_mode0EL9_267_reg_3126                   |  14|          3|   10|         30|
    |p_ZZN4nnet24compute_output_buffer_2dINS_5arrayI8ap_fixedILi10ELi4EL9ap_q_mode0EL9_268_reg_3138                   |  14|          3|   10|         30|
    |p_ZZN4nnet24compute_output_buffer_2dINS_5arrayI8ap_fixedILi10ELi4EL9ap_q_mode0EL9_269_reg_3150                   |  14|          3|   10|         30|
    |p_ZZN4nnet24compute_output_buffer_2dINS_5arrayI8ap_fixedILi10ELi4EL9ap_q_mode0EL9_270_reg_3162                   |  14|          3|   10|         30|
    |p_ZZN4nnet24compute_output_buffer_2dINS_5arrayI8ap_fixedILi10ELi4EL9ap_q_mode0EL9_271_reg_3174                   |  14|          3|   10|         30|
    |p_ZZN4nnet24compute_output_buffer_2dINS_5arrayI8ap_fixedILi10ELi4EL9ap_q_mode0EL9_272_reg_3186                   |  14|          3|   10|         30|
    |p_ZZN4nnet24compute_output_buffer_2dINS_5arrayI8ap_fixedILi10ELi4EL9ap_q_mode0EL9_273_reg_3198                   |  14|          3|   10|         30|
    |p_ZZN4nnet24compute_output_buffer_2dINS_5arrayI8ap_fixedILi10ELi4EL9ap_q_mode0EL9_274_reg_3210                   |  14|          3|   10|         30|
    |p_ZZN4nnet24compute_output_buffer_2dINS_5arrayI8ap_fixedILi10ELi4EL9ap_q_mode0EL9_275_reg_3222                   |  14|          3|   10|         30|
    |p_ZZN4nnet24compute_output_buffer_2dINS_5arrayI8ap_fixedILi10ELi4EL9ap_q_mode0EL9_276_reg_3234                   |  14|          3|   10|         30|
    |p_ZZN4nnet24compute_output_buffer_2dINS_5arrayI8ap_fixedILi10ELi4EL9ap_q_mode0EL9_277_reg_3246                   |  14|          3|   10|         30|
    |p_ZZN4nnet24compute_output_buffer_2dINS_5arrayI8ap_fixedILi10ELi4EL9ap_q_mode0EL9_278_reg_3258                   |  14|          3|   10|         30|
    |p_ZZN4nnet24compute_output_buffer_2dINS_5arrayI8ap_fixedILi10ELi4EL9ap_q_mode0EL9_279_reg_3270                   |  14|          3|   10|         30|
    |p_ZZN4nnet24compute_output_buffer_2dINS_5arrayI8ap_fixedILi10ELi4EL9ap_q_mode0EL9_280_reg_3282                   |  14|          3|   10|         30|
    |p_ZZN4nnet24compute_output_buffer_2dINS_5arrayI8ap_fixedILi10ELi4EL9ap_q_mode0EL9_281_reg_3294                   |  14|          3|   10|         30|
    |p_ZZN4nnet24compute_output_buffer_2dINS_5arrayI8ap_fixedILi10ELi4EL9ap_q_mode0EL9_282_reg_3306                   |  14|          3|   10|         30|
    |p_ZZN4nnet24compute_output_buffer_2dINS_5arrayI8ap_fixedILi10ELi4EL9ap_q_mode0EL9_283_reg_3318                   |  14|          3|   10|         30|
    |p_ZZN4nnet24compute_output_buffer_2dINS_5arrayI8ap_fixedILi10ELi4EL9ap_q_mode0EL9_284_reg_3330                   |  14|          3|   10|         30|
    |p_ZZN4nnet24compute_output_buffer_2dINS_5arrayI8ap_fixedILi10ELi4EL9ap_q_mode0EL9_285_reg_3342                   |  14|          3|   10|         30|
    |p_ZZN4nnet24compute_output_buffer_2dINS_5arrayI8ap_fixedILi10ELi4EL9ap_q_mode0EL9_286_reg_3354                   |  14|          3|   10|         30|
    |p_ZZN4nnet24compute_output_buffer_2dINS_5arrayI8ap_fixedILi10ELi4EL9ap_q_mode0EL9_287_reg_3366                   |  14|          3|   10|         30|
    |p_ZZN4nnet24compute_output_buffer_2dINS_5arrayI8ap_fixedILi10ELi4EL9ap_q_mode0EL9_288_reg_3378                   |  14|          3|   10|         30|
    |p_ZZN4nnet24compute_output_buffer_2dINS_5arrayI8ap_fixedILi10ELi4EL9ap_q_mode0EL9_289_reg_3390                   |  14|          3|   10|         30|
    |p_ZZN4nnet24compute_output_buffer_2dINS_5arrayI8ap_fixedILi10ELi4EL9ap_q_mode0EL9_290_reg_3402                   |  14|          3|   10|         30|
    |p_ZZN4nnet24compute_output_buffer_2dINS_5arrayI8ap_fixedILi10ELi4EL9ap_q_mode0EL9_291_reg_3414                   |  14|          3|   10|         30|
    |p_ZZN4nnet24compute_output_buffer_2dINS_5arrayI8ap_fixedILi10ELi4EL9ap_q_mode0EL9_292_reg_3426                   |  14|          3|   10|         30|
    |p_ZZN4nnet24compute_output_buffer_2dINS_5arrayI8ap_fixedILi10ELi4EL9ap_q_mode0EL9_293_reg_3438                   |  14|          3|   10|         30|
    |p_ZZN4nnet24compute_output_buffer_2dINS_5arrayI8ap_fixedILi10ELi4EL9ap_q_mode0EL9_294_reg_3450                   |  14|          3|   10|         30|
    |p_ZZN4nnet24compute_output_buffer_2dINS_5arrayI8ap_fixedILi10ELi4EL9ap_q_mode0EL9_295_reg_3462                   |  14|          3|   10|         30|
    |p_ZZN4nnet24compute_output_buffer_2dINS_5arrayI8ap_fixedILi10ELi4EL9ap_q_mode0EL9_296_reg_3474                   |  14|          3|   10|         30|
    |p_ZZN4nnet24compute_output_buffer_2dINS_5arrayI8ap_fixedILi10ELi4EL9ap_q_mode0EL9_297_reg_3486                   |  14|          3|   10|         30|
    |p_ZZN4nnet24compute_output_buffer_2dINS_5arrayI8ap_fixedILi10ELi4EL9ap_q_mode0EL9_298_reg_3498                   |  14|          3|   10|         30|
    |p_ZZN4nnet24compute_output_buffer_2dINS_5arrayI8ap_fixedILi10ELi4EL9ap_q_mode0EL9_299_reg_3510                   |  14|          3|   10|         30|
    |p_ZZN4nnet24compute_output_buffer_2dINS_5arrayI8ap_fixedILi10ELi4EL9ap_q_mode0EL9_300_reg_3522                   |  14|          3|   10|         30|
    |p_ZZN4nnet24compute_output_buffer_2dINS_5arrayI8ap_fixedILi10ELi4EL9ap_q_mode0EL9_301_reg_3534                   |  14|          3|   10|         30|
    |p_ZZN4nnet24compute_output_buffer_2dINS_5arrayI8ap_fixedILi10ELi4EL9ap_q_mode0EL9_302_reg_3546                   |  14|          3|   10|         30|
    |p_ZZN4nnet24compute_output_buffer_2dINS_5arrayI8ap_fixedILi10ELi4EL9ap_q_mode0EL9_303_reg_3558                   |  14|          3|   10|         30|
    |p_ZZN4nnet24compute_output_buffer_2dINS_5arrayI8ap_fixedILi10ELi4EL9ap_q_mode0EL9_304_reg_3570                   |  14|          3|   10|         30|
    |p_ZZN4nnet24compute_output_buffer_2dINS_5arrayI8ap_fixedILi10ELi4EL9ap_q_mode0EL9_305_reg_3582                   |  14|          3|   10|         30|
    |p_ZZN4nnet24compute_output_buffer_2dINS_5arrayI8ap_fixedILi10ELi4EL9ap_q_mode0EL9_306_reg_3594                   |  14|          3|   10|         30|
    |p_ZZN4nnet24compute_output_buffer_2dINS_5arrayI8ap_fixedILi10ELi4EL9ap_q_mode0EL9_307_reg_3606                   |  14|          3|   10|         30|
    |p_ZZN4nnet24compute_output_buffer_2dINS_5arrayI8ap_fixedILi10ELi4EL9ap_q_mode0EL9_308_reg_3618                   |  14|          3|   10|         30|
    |p_ZZN4nnet24compute_output_buffer_2dINS_5arrayI8ap_fixedILi10ELi4EL9ap_q_mode0EL9_309_reg_3630                   |  14|          3|   10|         30|
    |p_ZZN4nnet24compute_output_buffer_2dINS_5arrayI8ap_fixedILi10ELi4EL9ap_q_mode0EL9_310_reg_3642                   |  14|          3|   10|         30|
    |p_ZZN4nnet24compute_output_buffer_2dINS_5arrayI8ap_fixedILi10ELi4EL9ap_q_mode0EL9_311_reg_3654                   |  14|          3|   10|         30|
    |p_ZZN4nnet24compute_output_buffer_2dINS_5arrayI8ap_fixedILi10ELi4EL9ap_q_mode0EL9_312_reg_3666                   |  14|          3|   10|         30|
    |p_ZZN4nnet24compute_output_buffer_2dINS_5arrayI8ap_fixedILi10ELi4EL9ap_q_mode0EL9_313_reg_3678                   |  14|          3|   10|         30|
    |p_ZZN4nnet24compute_output_buffer_2dINS_5arrayI8ap_fixedILi10ELi4EL9ap_q_mode0EL9_314_reg_3690                   |  14|          3|   10|         30|
    |p_ZZN4nnet24compute_output_buffer_2dINS_5arrayI8ap_fixedILi10ELi4EL9ap_q_mode0EL9_315_reg_3702                   |  14|          3|   10|         30|
    |p_ZZN4nnet24compute_output_buffer_2dINS_5arrayI8ap_fixedILi10ELi4EL9ap_q_mode0EL9_316_reg_3714                   |  14|          3|   10|         30|
    |p_ZZN4nnet24compute_output_buffer_2dINS_5arrayI8ap_fixedILi10ELi4EL9ap_q_mode0EL9_317_reg_3726                   |  14|          3|   10|         30|
    |p_ZZN4nnet24compute_output_buffer_2dINS_5arrayI8ap_fixedILi10ELi4EL9ap_q_mode0EL9_318_reg_3738                   |  14|          3|   10|         30|
    |p_ZZN4nnet24compute_output_buffer_2dINS_5arrayI8ap_fixedILi10ELi4EL9ap_q_mode0EL9_319_reg_3750                   |  14|          3|   10|         30|
    |p_ZZN4nnet24compute_output_buffer_2dINS_5arrayI8ap_fixedILi10ELi4EL9ap_q_mode0EL9_320_reg_3762                   |  14|          3|   10|         30|
    |p_ZZN4nnet24compute_output_buffer_2dINS_5arrayI8ap_fixedILi10ELi4EL9ap_q_mode0EL9_321_reg_3774                   |  14|          3|   10|         30|
    |p_ZZN4nnet24compute_output_buffer_2dINS_5arrayI8ap_fixedILi10ELi4EL9ap_q_mode0EL9_322_reg_3786                   |  14|          3|   10|         30|
    |p_ZZN4nnet24compute_output_buffer_2dINS_5arrayI8ap_fixedILi10ELi4EL9ap_q_mode0EL9_323_reg_3798                   |  14|          3|   10|         30|
    |p_ZZN4nnet24compute_output_buffer_2dINS_5arrayI8ap_fixedILi10ELi4EL9ap_q_mode0EL9_324_reg_3810                   |  14|          3|   10|         30|
    |p_ZZN4nnet24compute_output_buffer_2dINS_5arrayI8ap_fixedILi10ELi4EL9ap_q_mode0EL9_325_reg_3822                   |  14|          3|   10|         30|
    |p_ZZN4nnet24compute_output_buffer_2dINS_5arrayI8ap_fixedILi10ELi4EL9ap_q_mode0EL9_326_reg_3834                   |  14|          3|   10|         30|
    |p_ZZN4nnet24compute_output_buffer_2dINS_5arrayI8ap_fixedILi10ELi4EL9ap_q_mode0EL9_327_reg_3846                   |  14|          3|   10|         30|
    |p_ZZN4nnet24compute_output_buffer_2dINS_5arrayI8ap_fixedILi10ELi4EL9ap_q_mode0EL9_328_reg_3858                   |  14|          3|   10|         30|
    |p_ZZN4nnet24compute_output_buffer_2dINS_5arrayI8ap_fixedILi10ELi4EL9ap_q_mode0EL9_329_reg_3870                   |  14|          3|   10|         30|
    |p_ZZN4nnet24compute_output_buffer_2dINS_5arrayI8ap_fixedILi10ELi4EL9ap_q_mode0EL9_330_reg_3882                   |  14|          3|   10|         30|
    |void_compute_output_buffer_2d_array_const_ap_shift_reg_n_chan_stream_weig_68_reg_3894                            |  14|          3|   10|         30|
    |void_compute_output_buffer_2d_array_const_ap_shift_reg_n_chan_stream_weig_69_reg_3906                            |  14|          3|   10|         30|
    |void_compute_output_buffer_2d_array_const_ap_shift_reg_n_chan_stream_weig_70_reg_3918                            |  14|          3|   10|         30|
    |void_compute_output_buffer_2d_array_const_ap_shift_reg_n_chan_stream_weig_71_reg_3930                            |  14|          3|   10|         30|
    |void_compute_output_buffer_2d_array_const_ap_shift_reg_n_chan_stream_weig_72_reg_3942                            |  14|          3|   10|         30|
    |void_compute_output_buffer_2d_array_const_ap_shift_reg_n_chan_stream_weig_73_reg_3954                            |  14|          3|   10|         30|
    |void_compute_output_buffer_2d_array_const_ap_shift_reg_n_chan_stream_weig_74_reg_3966                            |  14|          3|   10|         30|
    |void_compute_output_buffer_2d_array_const_ap_shift_reg_n_chan_stream_weig_75_reg_3978                            |  14|          3|   10|         30|
    |void_compute_output_buffer_2d_array_const_ap_shift_reg_n_chan_stream_weig_76_reg_3990                            |  14|          3|   10|         30|
    |void_compute_output_buffer_2d_array_const_ap_shift_reg_n_chan_stream_weig_77_reg_4002                            |  14|          3|   10|         30|
    |x_53_reg_4464                                                                                                    |   9|          2|   16|         32|
    |x_54_reg_4449                                                                                                    |   9|          2|   16|         32|
    |x_55_reg_4434                                                                                                    |   9|          2|   16|         32|
    |x_56_reg_4419                                                                                                    |   9|          2|   16|         32|
    |x_57_reg_4404                                                                                                    |   9|          2|   16|         32|
    |x_58_reg_4389                                                                                                    |   9|          2|   16|         32|
    |x_59_reg_4374                                                                                                    |   9|          2|   16|         32|
    |x_60_reg_4359                                                                                                    |   9|          2|   16|         32|
    |x_61_reg_4344                                                                                                    |   9|          2|   16|         32|
    |x_62_reg_4329                                                                                                    |   9|          2|   16|         32|
    |x_63_reg_4314                                                                                                    |   9|          2|   16|         32|
    |x_64_reg_4299                                                                                                    |   9|          2|   16|         32|
    |x_65_reg_4284                                                                                                    |   9|          2|   16|         32|
    |x_66_reg_4269                                                                                                    |   9|          2|   16|         32|
    |x_67_reg_4254                                                                                                    |   9|          2|   16|         32|
    |x_68_reg_4239                                                                                                    |   9|          2|   16|         32|
    |x_69_reg_4224                                                                                                    |   9|          2|   16|         32|
    |x_70_reg_4209                                                                                                    |   9|          2|   16|         32|
    |x_71_reg_4194                                                                                                    |   9|          2|   16|         32|
    |x_72_reg_4179                                                                                                    |   9|          2|   16|         32|
    |x_73_reg_4164                                                                                                    |   9|          2|   16|         32|
    |x_74_reg_4149                                                                                                    |   9|          2|   16|         32|
    |x_75_reg_4134                                                                                                    |   9|          2|   16|         32|
    |x_76_reg_4119                                                                                                    |   9|          2|   16|         32|
    |x_77_reg_4104                                                                                                    |   9|          2|   16|         32|
    |x_78_reg_4089                                                                                                    |   9|          2|   16|         32|
    |x_79_reg_4074                                                                                                    |   9|          2|   16|         32|
    |x_80_reg_4059                                                                                                    |   9|          2|   16|         32|
    |x_81_reg_4044                                                                                                    |   9|          2|   16|         32|
    |x_82_reg_4029                                                                                                    |   9|          2|   16|         32|
    |x_83_reg_4014                                                                                                    |   9|          2|   16|         32|
    |x_reg_4479                                                                                                       |   9|          2|   16|         32|
    +-----------------------------------------------------------------------------------------------------------------+----+-----------+-----+-----------+
    |Total                                                                                                            |5804|       1251| 5521|      15110|
    +-----------------------------------------------------------------------------------------------------------------+----+-----------+-----+-----------+

    * Register: 
    +------------------------------------------------------------------------------------------------+----+----+-----+-----------+
    |                                              Name                                              | FF | LUT| Bits| Const Bits|
    +------------------------------------------------------------------------------------------------+----+----+-----+-----------+
    |a_reg_10777                                                                                     |  10|   0|   10|          0|
    |acc_130_reg_10798                                                                               |  16|   0|   16|          0|
    |acc_131_reg_10822                                                                               |  16|   0|   16|          0|
    |ap_CS_fsm                                                                                       |   2|   0|    2|          0|
    |ap_enable_reg_pp0_iter1                                                                         |   1|   0|    1|          0|
    |ap_enable_reg_pp0_iter2                                                                         |   1|   0|    1|          0|
    |ap_enable_reg_pp0_iter3                                                                         |   1|   0|    1|          0|
    |ap_phi_reg_pp0_iter1_acc_112_reg_7095                                                           |  16|   0|   16|          0|
    |ap_phi_reg_pp0_iter1_acc_113_reg_7039                                                           |  16|   0|   16|          0|
    |ap_phi_reg_pp0_iter1_acc_114_reg_6983                                                           |  16|   0|   16|          0|
    |ap_phi_reg_pp0_iter1_acc_115_reg_6927                                                           |  16|   0|   16|          0|
    |ap_phi_reg_pp0_iter1_acc_116_reg_6871                                                           |  16|   0|   16|          0|
    |ap_phi_reg_pp0_iter1_acc_117_reg_6815                                                           |  16|   0|   16|          0|
    |ap_phi_reg_pp0_iter1_acc_118_reg_6759                                                           |  16|   0|   16|          0|
    |ap_phi_reg_pp0_iter1_acc_119_reg_6703                                                           |  16|   0|   16|          0|
    |ap_phi_reg_pp0_iter1_acc_120_reg_6647                                                           |  16|   0|   16|          0|
    |ap_phi_reg_pp0_iter1_acc_121_reg_6591                                                           |  16|   0|   16|          0|
    |ap_phi_reg_pp0_iter1_acc_122_reg_6535                                                           |  16|   0|   16|          0|
    |ap_phi_reg_pp0_iter1_acc_123_reg_6479                                                           |  16|   0|   16|          0|
    |ap_phi_reg_pp0_iter1_acc_124_reg_6423                                                           |  16|   0|   16|          0|
    |ap_phi_reg_pp0_iter1_acc_125_reg_6367                                                           |  16|   0|   16|          0|
    |ap_phi_reg_pp0_iter1_acc_126_reg_6311                                                           |  16|   0|   16|          0|
    |ap_phi_reg_pp0_iter1_acc_127_reg_6255                                                           |  16|   0|   16|          0|
    |ap_phi_reg_pp0_iter1_acc_79_reg_5335                                                            |  16|   0|   16|          0|
    |ap_phi_reg_pp0_iter1_acc_80_reg_5279                                                            |  16|   0|   16|          0|
    |ap_phi_reg_pp0_iter1_acc_81_reg_5223                                                            |  16|   0|   16|          0|
    |ap_phi_reg_pp0_iter1_acc_82_reg_5167                                                            |  16|   0|   16|          0|
    |ap_phi_reg_pp0_iter1_acc_83_reg_5111                                                            |  16|   0|   16|          0|
    |ap_phi_reg_pp0_iter1_acc_84_reg_5055                                                            |  16|   0|   16|          0|
    |ap_phi_reg_pp0_iter1_acc_85_reg_4999                                                            |  16|   0|   16|          0|
    |ap_phi_reg_pp0_iter1_acc_86_reg_4943                                                            |  16|   0|   16|          0|
    |ap_phi_reg_pp0_iter1_acc_87_reg_4887                                                            |  16|   0|   16|          0|
    |ap_phi_reg_pp0_iter1_acc_88_reg_4831                                                            |  16|   0|   16|          0|
    |ap_phi_reg_pp0_iter1_acc_89_reg_4775                                                            |  16|   0|   16|          0|
    |ap_phi_reg_pp0_iter1_acc_90_reg_4719                                                            |  16|   0|   16|          0|
    |ap_phi_reg_pp0_iter1_acc_91_reg_4663                                                            |  16|   0|   16|          0|
    |ap_phi_reg_pp0_iter1_acc_92_reg_4607                                                            |  16|   0|   16|          0|
    |ap_phi_reg_pp0_iter1_acc_93_reg_4550                                                            |  16|   0|   16|          0|
    |ap_phi_reg_pp0_iter1_acc_94_reg_4494                                                            |  16|   0|   16|          0|
    |ap_phi_reg_pp0_iter2_acc_112_reg_7095                                                           |  16|   0|   16|          0|
    |ap_phi_reg_pp0_iter2_acc_113_reg_7039                                                           |  16|   0|   16|          0|
    |ap_phi_reg_pp0_iter2_acc_114_reg_6983                                                           |  16|   0|   16|          0|
    |ap_phi_reg_pp0_iter2_acc_115_reg_6927                                                           |  16|   0|   16|          0|
    |ap_phi_reg_pp0_iter2_acc_116_reg_6871                                                           |  16|   0|   16|          0|
    |ap_phi_reg_pp0_iter2_acc_117_reg_6815                                                           |  16|   0|   16|          0|
    |ap_phi_reg_pp0_iter2_acc_118_reg_6759                                                           |  16|   0|   16|          0|
    |ap_phi_reg_pp0_iter2_acc_119_reg_6703                                                           |  16|   0|   16|          0|
    |ap_phi_reg_pp0_iter2_acc_120_reg_6647                                                           |  16|   0|   16|          0|
    |ap_phi_reg_pp0_iter2_acc_121_reg_6591                                                           |  16|   0|   16|          0|
    |ap_phi_reg_pp0_iter2_acc_122_reg_6535                                                           |  16|   0|   16|          0|
    |ap_phi_reg_pp0_iter2_acc_123_reg_6479                                                           |  16|   0|   16|          0|
    |ap_phi_reg_pp0_iter2_acc_124_reg_6423                                                           |  16|   0|   16|          0|
    |ap_phi_reg_pp0_iter2_acc_125_reg_6367                                                           |  16|   0|   16|          0|
    |ap_phi_reg_pp0_iter2_acc_126_reg_6311                                                           |  16|   0|   16|          0|
    |ap_phi_reg_pp0_iter2_acc_127_reg_6255                                                           |  16|   0|   16|          0|
    |ap_phi_reg_pp0_iter2_acc_79_reg_5335                                                            |  16|   0|   16|          0|
    |ap_phi_reg_pp0_iter2_acc_80_reg_5279                                                            |  16|   0|   16|          0|
    |ap_phi_reg_pp0_iter2_acc_81_reg_5223                                                            |  16|   0|   16|          0|
    |ap_phi_reg_pp0_iter2_acc_82_reg_5167                                                            |  16|   0|   16|          0|
    |ap_phi_reg_pp0_iter2_acc_83_reg_5111                                                            |  16|   0|   16|          0|
    |ap_phi_reg_pp0_iter2_acc_84_reg_5055                                                            |  16|   0|   16|          0|
    |ap_phi_reg_pp0_iter2_acc_85_reg_4999                                                            |  16|   0|   16|          0|
    |ap_phi_reg_pp0_iter2_acc_86_reg_4943                                                            |  16|   0|   16|          0|
    |ap_phi_reg_pp0_iter2_acc_87_reg_4887                                                            |  16|   0|   16|          0|
    |ap_phi_reg_pp0_iter2_acc_88_reg_4831                                                            |  16|   0|   16|          0|
    |ap_phi_reg_pp0_iter2_acc_89_reg_4775                                                            |  16|   0|   16|          0|
    |ap_phi_reg_pp0_iter2_acc_90_reg_4719                                                            |  16|   0|   16|          0|
    |ap_phi_reg_pp0_iter2_acc_91_reg_4663                                                            |  16|   0|   16|          0|
    |ap_phi_reg_pp0_iter2_acc_92_reg_4607                                                            |  16|   0|   16|          0|
    |ap_phi_reg_pp0_iter2_acc_93_reg_4550                                                            |  16|   0|   16|          0|
    |ap_phi_reg_pp0_iter2_acc_94_reg_4494                                                            |  16|   0|   16|          0|
    |ap_phi_reg_pp0_iter3_acc_112_reg_7095                                                           |  16|   0|   16|          0|
    |ap_phi_reg_pp0_iter3_acc_113_reg_7039                                                           |  16|   0|   16|          0|
    |ap_phi_reg_pp0_iter3_acc_114_reg_6983                                                           |  16|   0|   16|          0|
    |ap_phi_reg_pp0_iter3_acc_115_reg_6927                                                           |  16|   0|   16|          0|
    |ap_phi_reg_pp0_iter3_acc_116_reg_6871                                                           |  16|   0|   16|          0|
    |ap_phi_reg_pp0_iter3_acc_117_reg_6815                                                           |  16|   0|   16|          0|
    |ap_phi_reg_pp0_iter3_acc_118_reg_6759                                                           |  16|   0|   16|          0|
    |ap_phi_reg_pp0_iter3_acc_119_reg_6703                                                           |  16|   0|   16|          0|
    |ap_phi_reg_pp0_iter3_acc_120_reg_6647                                                           |  16|   0|   16|          0|
    |ap_phi_reg_pp0_iter3_acc_121_reg_6591                                                           |  16|   0|   16|          0|
    |ap_phi_reg_pp0_iter3_acc_122_reg_6535                                                           |  16|   0|   16|          0|
    |ap_phi_reg_pp0_iter3_acc_123_reg_6479                                                           |  16|   0|   16|          0|
    |ap_phi_reg_pp0_iter3_acc_124_reg_6423                                                           |  16|   0|   16|          0|
    |ap_phi_reg_pp0_iter3_acc_125_reg_6367                                                           |  16|   0|   16|          0|
    |ap_phi_reg_pp0_iter3_acc_126_reg_6311                                                           |  16|   0|   16|          0|
    |ap_phi_reg_pp0_iter3_acc_127_reg_6255                                                           |  16|   0|   16|          0|
    |ap_phi_reg_pp0_iter3_acc_79_reg_5335                                                            |  16|   0|   16|          0|
    |ap_phi_reg_pp0_iter3_acc_80_reg_5279                                                            |  16|   0|   16|          0|
    |ap_phi_reg_pp0_iter3_acc_81_reg_5223                                                            |  16|   0|   16|          0|
    |ap_phi_reg_pp0_iter3_acc_82_reg_5167                                                            |  16|   0|   16|          0|
    |ap_phi_reg_pp0_iter3_acc_83_reg_5111                                                            |  16|   0|   16|          0|
    |ap_phi_reg_pp0_iter3_acc_84_reg_5055                                                            |  16|   0|   16|          0|
    |ap_phi_reg_pp0_iter3_acc_85_reg_4999                                                            |  16|   0|   16|          0|
    |ap_phi_reg_pp0_iter3_acc_86_reg_4943                                                            |  16|   0|   16|          0|
    |ap_phi_reg_pp0_iter3_acc_87_reg_4887                                                            |  16|   0|   16|          0|
    |ap_phi_reg_pp0_iter3_acc_88_reg_4831                                                            |  16|   0|   16|          0|
    |ap_phi_reg_pp0_iter3_acc_89_reg_4775                                                            |  16|   0|   16|          0|
    |ap_phi_reg_pp0_iter3_acc_90_reg_4719                                                            |  16|   0|   16|          0|
    |ap_phi_reg_pp0_iter3_acc_91_reg_4663                                                            |  16|   0|   16|          0|
    |ap_phi_reg_pp0_iter3_acc_92_reg_4607                                                            |  16|   0|   16|          0|
    |ap_phi_reg_pp0_iter3_acc_93_reg_4550                                                            |  16|   0|   16|          0|
    |ap_phi_reg_pp0_iter3_acc_94_reg_4494                                                            |  16|   0|   16|          0|
    |ap_return_0_preg                                                                                |  11|   0|   11|          0|
    |ap_return_10_preg                                                                               |  11|   0|   11|          0|
    |ap_return_11_preg                                                                               |  11|   0|   11|          0|
    |ap_return_12_preg                                                                               |  11|   0|   11|          0|
    |ap_return_13_preg                                                                               |  11|   0|   11|          0|
    |ap_return_14_preg                                                                               |  11|   0|   11|          0|
    |ap_return_15_preg                                                                               |  11|   0|   11|          0|
    |ap_return_16_preg                                                                               |  11|   0|   11|          0|
    |ap_return_17_preg                                                                               |  11|   0|   11|          0|
    |ap_return_18_preg                                                                               |  11|   0|   11|          0|
    |ap_return_19_preg                                                                               |  11|   0|   11|          0|
    |ap_return_1_preg                                                                                |  11|   0|   11|          0|
    |ap_return_20_preg                                                                               |  11|   0|   11|          0|
    |ap_return_21_preg                                                                               |  11|   0|   11|          0|
    |ap_return_22_preg                                                                               |  11|   0|   11|          0|
    |ap_return_23_preg                                                                               |  11|   0|   11|          0|
    |ap_return_24_preg                                                                               |  11|   0|   11|          0|
    |ap_return_25_preg                                                                               |  11|   0|   11|          0|
    |ap_return_26_preg                                                                               |  11|   0|   11|          0|
    |ap_return_27_preg                                                                               |  11|   0|   11|          0|
    |ap_return_28_preg                                                                               |  11|   0|   11|          0|
    |ap_return_29_preg                                                                               |  11|   0|   11|          0|
    |ap_return_2_preg                                                                                |  11|   0|   11|          0|
    |ap_return_30_preg                                                                               |  11|   0|   11|          0|
    |ap_return_31_preg                                                                               |  11|   0|   11|          0|
    |ap_return_3_preg                                                                                |  11|   0|   11|          0|
    |ap_return_4_preg                                                                                |  11|   0|   11|          0|
    |ap_return_5_preg                                                                                |  11|   0|   11|          0|
    |ap_return_6_preg                                                                                |  11|   0|   11|          0|
    |ap_return_7_preg                                                                                |  11|   0|   11|          0|
    |ap_return_8_preg                                                                                |  11|   0|   11|          0|
    |ap_return_9_preg                                                                                |  11|   0|   11|          0|
    |do_init_reg_694                                                                                 |   1|   0|    1|          0|
    |icmp_ln135_reg_10763                                                                            |   1|   0|    1|          0|
    |icmp_ln144_10_reg_10842                                                                         |   1|   0|    1|          0|
    |icmp_ln144_reg_10818                                                                            |   1|   0|    1|          0|
    |in_index74_reg_2488                                                                             |  32|   0|   32|          0|
    |in_index_7_reg_10793                                                                            |  32|   0|   32|          0|
    |ir_reg_710                                                                                      |  11|   0|   11|          0|
    |out_index_reg_10767                                                                             |   4|   0|    4|          0|
    |out_index_reg_10767_pp0_iter2_reg                                                               |   4|   0|    4|          0|
    |p_ZZN4nnet24compute_output_buffer_2dINS_5arrayI8ap_fixedILi10ELi4EL9ap_q_mode0EL9_215_reg_2502  |  10|   0|   10|          0|
    |p_ZZN4nnet24compute_output_buffer_2dINS_5arrayI8ap_fixedILi10ELi4EL9ap_q_mode0EL9_216_reg_2514  |  10|   0|   10|          0|
    |p_ZZN4nnet24compute_output_buffer_2dINS_5arrayI8ap_fixedILi10ELi4EL9ap_q_mode0EL9_217_reg_2526  |  10|   0|   10|          0|
    |p_ZZN4nnet24compute_output_buffer_2dINS_5arrayI8ap_fixedILi10ELi4EL9ap_q_mode0EL9_218_reg_2538  |  10|   0|   10|          0|
    |p_ZZN4nnet24compute_output_buffer_2dINS_5arrayI8ap_fixedILi10ELi4EL9ap_q_mode0EL9_219_reg_2550  |  10|   0|   10|          0|
    |p_ZZN4nnet24compute_output_buffer_2dINS_5arrayI8ap_fixedILi10ELi4EL9ap_q_mode0EL9_220_reg_2562  |  10|   0|   10|          0|
    |p_ZZN4nnet24compute_output_buffer_2dINS_5arrayI8ap_fixedILi10ELi4EL9ap_q_mode0EL9_221_reg_2574  |  10|   0|   10|          0|
    |p_ZZN4nnet24compute_output_buffer_2dINS_5arrayI8ap_fixedILi10ELi4EL9ap_q_mode0EL9_222_reg_2586  |  10|   0|   10|          0|
    |p_ZZN4nnet24compute_output_buffer_2dINS_5arrayI8ap_fixedILi10ELi4EL9ap_q_mode0EL9_223_reg_2598  |  10|   0|   10|          0|
    |p_ZZN4nnet24compute_output_buffer_2dINS_5arrayI8ap_fixedILi10ELi4EL9ap_q_mode0EL9_224_reg_2610  |  10|   0|   10|          0|
    |p_ZZN4nnet24compute_output_buffer_2dINS_5arrayI8ap_fixedILi10ELi4EL9ap_q_mode0EL9_225_reg_2622  |  10|   0|   10|          0|
    |p_ZZN4nnet24compute_output_buffer_2dINS_5arrayI8ap_fixedILi10ELi4EL9ap_q_mode0EL9_226_reg_2634  |  10|   0|   10|          0|
    |p_ZZN4nnet24compute_output_buffer_2dINS_5arrayI8ap_fixedILi10ELi4EL9ap_q_mode0EL9_227_reg_2646  |  10|   0|   10|          0|
    |p_ZZN4nnet24compute_output_buffer_2dINS_5arrayI8ap_fixedILi10ELi4EL9ap_q_mode0EL9_228_reg_2658  |  10|   0|   10|          0|
    |p_ZZN4nnet24compute_output_buffer_2dINS_5arrayI8ap_fixedILi10ELi4EL9ap_q_mode0EL9_229_reg_2670  |  10|   0|   10|          0|
    |p_ZZN4nnet24compute_output_buffer_2dINS_5arrayI8ap_fixedILi10ELi4EL9ap_q_mode0EL9_230_reg_2682  |  10|   0|   10|          0|
    |p_ZZN4nnet24compute_output_buffer_2dINS_5arrayI8ap_fixedILi10ELi4EL9ap_q_mode0EL9_231_reg_2694  |  10|   0|   10|          0|
    |p_ZZN4nnet24compute_output_buffer_2dINS_5arrayI8ap_fixedILi10ELi4EL9ap_q_mode0EL9_232_reg_2706  |  10|   0|   10|          0|
    |p_ZZN4nnet24compute_output_buffer_2dINS_5arrayI8ap_fixedILi10ELi4EL9ap_q_mode0EL9_233_reg_2718  |  10|   0|   10|          0|
    |p_ZZN4nnet24compute_output_buffer_2dINS_5arrayI8ap_fixedILi10ELi4EL9ap_q_mode0EL9_234_reg_2730  |  10|   0|   10|          0|
    |p_ZZN4nnet24compute_output_buffer_2dINS_5arrayI8ap_fixedILi10ELi4EL9ap_q_mode0EL9_235_reg_2742  |  10|   0|   10|          0|
    |p_ZZN4nnet24compute_output_buffer_2dINS_5arrayI8ap_fixedILi10ELi4EL9ap_q_mode0EL9_236_reg_2754  |  10|   0|   10|          0|
    |p_ZZN4nnet24compute_output_buffer_2dINS_5arrayI8ap_fixedILi10ELi4EL9ap_q_mode0EL9_237_reg_2766  |  10|   0|   10|          0|
    |p_ZZN4nnet24compute_output_buffer_2dINS_5arrayI8ap_fixedILi10ELi4EL9ap_q_mode0EL9_238_reg_2778  |  10|   0|   10|          0|
    |p_ZZN4nnet24compute_output_buffer_2dINS_5arrayI8ap_fixedILi10ELi4EL9ap_q_mode0EL9_239_reg_2790  |  10|   0|   10|          0|
    |p_ZZN4nnet24compute_output_buffer_2dINS_5arrayI8ap_fixedILi10ELi4EL9ap_q_mode0EL9_240_reg_2802  |  10|   0|   10|          0|
    |p_ZZN4nnet24compute_output_buffer_2dINS_5arrayI8ap_fixedILi10ELi4EL9ap_q_mode0EL9_241_reg_2814  |  10|   0|   10|          0|
    |p_ZZN4nnet24compute_output_buffer_2dINS_5arrayI8ap_fixedILi10ELi4EL9ap_q_mode0EL9_242_reg_2826  |  10|   0|   10|          0|
    |p_ZZN4nnet24compute_output_buffer_2dINS_5arrayI8ap_fixedILi10ELi4EL9ap_q_mode0EL9_243_reg_2838  |  10|   0|   10|          0|
    |p_ZZN4nnet24compute_output_buffer_2dINS_5arrayI8ap_fixedILi10ELi4EL9ap_q_mode0EL9_244_reg_2850  |  10|   0|   10|          0|
    |p_ZZN4nnet24compute_output_buffer_2dINS_5arrayI8ap_fixedILi10ELi4EL9ap_q_mode0EL9_245_reg_2862  |  10|   0|   10|          0|
    |p_ZZN4nnet24compute_output_buffer_2dINS_5arrayI8ap_fixedILi10ELi4EL9ap_q_mode0EL9_246_reg_2874  |  10|   0|   10|          0|
    |p_ZZN4nnet24compute_output_buffer_2dINS_5arrayI8ap_fixedILi10ELi4EL9ap_q_mode0EL9_247_reg_2886  |  10|   0|   10|          0|
    |p_ZZN4nnet24compute_output_buffer_2dINS_5arrayI8ap_fixedILi10ELi4EL9ap_q_mode0EL9_248_reg_2898  |  10|   0|   10|          0|
    |p_ZZN4nnet24compute_output_buffer_2dINS_5arrayI8ap_fixedILi10ELi4EL9ap_q_mode0EL9_249_reg_2910  |  10|   0|   10|          0|
    |p_ZZN4nnet24compute_output_buffer_2dINS_5arrayI8ap_fixedILi10ELi4EL9ap_q_mode0EL9_250_reg_2922  |  10|   0|   10|          0|
    |p_ZZN4nnet24compute_output_buffer_2dINS_5arrayI8ap_fixedILi10ELi4EL9ap_q_mode0EL9_251_reg_2934  |  10|   0|   10|          0|
    |p_ZZN4nnet24compute_output_buffer_2dINS_5arrayI8ap_fixedILi10ELi4EL9ap_q_mode0EL9_252_reg_2946  |  10|   0|   10|          0|
    |p_ZZN4nnet24compute_output_buffer_2dINS_5arrayI8ap_fixedILi10ELi4EL9ap_q_mode0EL9_253_reg_2958  |  10|   0|   10|          0|
    |p_ZZN4nnet24compute_output_buffer_2dINS_5arrayI8ap_fixedILi10ELi4EL9ap_q_mode0EL9_254_reg_2970  |  10|   0|   10|          0|
    |p_ZZN4nnet24compute_output_buffer_2dINS_5arrayI8ap_fixedILi10ELi4EL9ap_q_mode0EL9_255_reg_2982  |  10|   0|   10|          0|
    |p_ZZN4nnet24compute_output_buffer_2dINS_5arrayI8ap_fixedILi10ELi4EL9ap_q_mode0EL9_256_reg_2994  |  10|   0|   10|          0|
    |p_ZZN4nnet24compute_output_buffer_2dINS_5arrayI8ap_fixedILi10ELi4EL9ap_q_mode0EL9_257_reg_3006  |  10|   0|   10|          0|
    |p_ZZN4nnet24compute_output_buffer_2dINS_5arrayI8ap_fixedILi10ELi4EL9ap_q_mode0EL9_258_reg_3018  |  10|   0|   10|          0|
    |p_ZZN4nnet24compute_output_buffer_2dINS_5arrayI8ap_fixedILi10ELi4EL9ap_q_mode0EL9_259_reg_3030  |  10|   0|   10|          0|
    |p_ZZN4nnet24compute_output_buffer_2dINS_5arrayI8ap_fixedILi10ELi4EL9ap_q_mode0EL9_260_reg_3042  |  10|   0|   10|          0|
    |p_ZZN4nnet24compute_output_buffer_2dINS_5arrayI8ap_fixedILi10ELi4EL9ap_q_mode0EL9_261_reg_3054  |  10|   0|   10|          0|
    |p_ZZN4nnet24compute_output_buffer_2dINS_5arrayI8ap_fixedILi10ELi4EL9ap_q_mode0EL9_262_reg_3066  |  10|   0|   10|          0|
    |p_ZZN4nnet24compute_output_buffer_2dINS_5arrayI8ap_fixedILi10ELi4EL9ap_q_mode0EL9_263_reg_3078  |  10|   0|   10|          0|
    |p_ZZN4nnet24compute_output_buffer_2dINS_5arrayI8ap_fixedILi10ELi4EL9ap_q_mode0EL9_264_reg_3090  |  10|   0|   10|          0|
    |p_ZZN4nnet24compute_output_buffer_2dINS_5arrayI8ap_fixedILi10ELi4EL9ap_q_mode0EL9_265_reg_3102  |  10|   0|   10|          0|
    |p_ZZN4nnet24compute_output_buffer_2dINS_5arrayI8ap_fixedILi10ELi4EL9ap_q_mode0EL9_266_reg_3114  |  10|   0|   10|          0|
    |p_ZZN4nnet24compute_output_buffer_2dINS_5arrayI8ap_fixedILi10ELi4EL9ap_q_mode0EL9_267_reg_3126  |  10|   0|   10|          0|
    |p_ZZN4nnet24compute_output_buffer_2dINS_5arrayI8ap_fixedILi10ELi4EL9ap_q_mode0EL9_268_reg_3138  |  10|   0|   10|          0|
    |p_ZZN4nnet24compute_output_buffer_2dINS_5arrayI8ap_fixedILi10ELi4EL9ap_q_mode0EL9_269_reg_3150  |  10|   0|   10|          0|
    |p_ZZN4nnet24compute_output_buffer_2dINS_5arrayI8ap_fixedILi10ELi4EL9ap_q_mode0EL9_270_reg_3162  |  10|   0|   10|          0|
    |p_ZZN4nnet24compute_output_buffer_2dINS_5arrayI8ap_fixedILi10ELi4EL9ap_q_mode0EL9_271_reg_3174  |  10|   0|   10|          0|
    |p_ZZN4nnet24compute_output_buffer_2dINS_5arrayI8ap_fixedILi10ELi4EL9ap_q_mode0EL9_272_reg_3186  |  10|   0|   10|          0|
    |p_ZZN4nnet24compute_output_buffer_2dINS_5arrayI8ap_fixedILi10ELi4EL9ap_q_mode0EL9_273_reg_3198  |  10|   0|   10|          0|
    |p_ZZN4nnet24compute_output_buffer_2dINS_5arrayI8ap_fixedILi10ELi4EL9ap_q_mode0EL9_274_reg_3210  |  10|   0|   10|          0|
    |p_ZZN4nnet24compute_output_buffer_2dINS_5arrayI8ap_fixedILi10ELi4EL9ap_q_mode0EL9_275_reg_3222  |  10|   0|   10|          0|
    |p_ZZN4nnet24compute_output_buffer_2dINS_5arrayI8ap_fixedILi10ELi4EL9ap_q_mode0EL9_276_reg_3234  |  10|   0|   10|          0|
    |p_ZZN4nnet24compute_output_buffer_2dINS_5arrayI8ap_fixedILi10ELi4EL9ap_q_mode0EL9_277_reg_3246  |  10|   0|   10|          0|
    |p_ZZN4nnet24compute_output_buffer_2dINS_5arrayI8ap_fixedILi10ELi4EL9ap_q_mode0EL9_278_reg_3258  |  10|   0|   10|          0|
    |p_ZZN4nnet24compute_output_buffer_2dINS_5arrayI8ap_fixedILi10ELi4EL9ap_q_mode0EL9_279_reg_3270  |  10|   0|   10|          0|
    |p_ZZN4nnet24compute_output_buffer_2dINS_5arrayI8ap_fixedILi10ELi4EL9ap_q_mode0EL9_280_reg_3282  |  10|   0|   10|          0|
    |p_ZZN4nnet24compute_output_buffer_2dINS_5arrayI8ap_fixedILi10ELi4EL9ap_q_mode0EL9_281_reg_3294  |  10|   0|   10|          0|
    |p_ZZN4nnet24compute_output_buffer_2dINS_5arrayI8ap_fixedILi10ELi4EL9ap_q_mode0EL9_282_reg_3306  |  10|   0|   10|          0|
    |p_ZZN4nnet24compute_output_buffer_2dINS_5arrayI8ap_fixedILi10ELi4EL9ap_q_mode0EL9_283_reg_3318  |  10|   0|   10|          0|
    |p_ZZN4nnet24compute_output_buffer_2dINS_5arrayI8ap_fixedILi10ELi4EL9ap_q_mode0EL9_284_reg_3330  |  10|   0|   10|          0|
    |p_ZZN4nnet24compute_output_buffer_2dINS_5arrayI8ap_fixedILi10ELi4EL9ap_q_mode0EL9_285_reg_3342  |  10|   0|   10|          0|
    |p_ZZN4nnet24compute_output_buffer_2dINS_5arrayI8ap_fixedILi10ELi4EL9ap_q_mode0EL9_286_reg_3354  |  10|   0|   10|          0|
    |p_ZZN4nnet24compute_output_buffer_2dINS_5arrayI8ap_fixedILi10ELi4EL9ap_q_mode0EL9_287_reg_3366  |  10|   0|   10|          0|
    |p_ZZN4nnet24compute_output_buffer_2dINS_5arrayI8ap_fixedILi10ELi4EL9ap_q_mode0EL9_288_reg_3378  |  10|   0|   10|          0|
    |p_ZZN4nnet24compute_output_buffer_2dINS_5arrayI8ap_fixedILi10ELi4EL9ap_q_mode0EL9_289_reg_3390  |  10|   0|   10|          0|
    |p_ZZN4nnet24compute_output_buffer_2dINS_5arrayI8ap_fixedILi10ELi4EL9ap_q_mode0EL9_290_reg_3402  |  10|   0|   10|          0|
    |p_ZZN4nnet24compute_output_buffer_2dINS_5arrayI8ap_fixedILi10ELi4EL9ap_q_mode0EL9_291_reg_3414  |  10|   0|   10|          0|
    |p_ZZN4nnet24compute_output_buffer_2dINS_5arrayI8ap_fixedILi10ELi4EL9ap_q_mode0EL9_292_reg_3426  |  10|   0|   10|          0|
    |p_ZZN4nnet24compute_output_buffer_2dINS_5arrayI8ap_fixedILi10ELi4EL9ap_q_mode0EL9_293_reg_3438  |  10|   0|   10|          0|
    |p_ZZN4nnet24compute_output_buffer_2dINS_5arrayI8ap_fixedILi10ELi4EL9ap_q_mode0EL9_294_reg_3450  |  10|   0|   10|          0|
    |p_ZZN4nnet24compute_output_buffer_2dINS_5arrayI8ap_fixedILi10ELi4EL9ap_q_mode0EL9_295_reg_3462  |  10|   0|   10|          0|
    |p_ZZN4nnet24compute_output_buffer_2dINS_5arrayI8ap_fixedILi10ELi4EL9ap_q_mode0EL9_296_reg_3474  |  10|   0|   10|          0|
    |p_ZZN4nnet24compute_output_buffer_2dINS_5arrayI8ap_fixedILi10ELi4EL9ap_q_mode0EL9_297_reg_3486  |  10|   0|   10|          0|
    |p_ZZN4nnet24compute_output_buffer_2dINS_5arrayI8ap_fixedILi10ELi4EL9ap_q_mode0EL9_298_reg_3498  |  10|   0|   10|          0|
    |p_ZZN4nnet24compute_output_buffer_2dINS_5arrayI8ap_fixedILi10ELi4EL9ap_q_mode0EL9_299_reg_3510  |  10|   0|   10|          0|
    |p_ZZN4nnet24compute_output_buffer_2dINS_5arrayI8ap_fixedILi10ELi4EL9ap_q_mode0EL9_300_reg_3522  |  10|   0|   10|          0|
    |p_ZZN4nnet24compute_output_buffer_2dINS_5arrayI8ap_fixedILi10ELi4EL9ap_q_mode0EL9_301_reg_3534  |  10|   0|   10|          0|
    |p_ZZN4nnet24compute_output_buffer_2dINS_5arrayI8ap_fixedILi10ELi4EL9ap_q_mode0EL9_302_reg_3546  |  10|   0|   10|          0|
    |p_ZZN4nnet24compute_output_buffer_2dINS_5arrayI8ap_fixedILi10ELi4EL9ap_q_mode0EL9_303_reg_3558  |  10|   0|   10|          0|
    |p_ZZN4nnet24compute_output_buffer_2dINS_5arrayI8ap_fixedILi10ELi4EL9ap_q_mode0EL9_304_reg_3570  |  10|   0|   10|          0|
    |p_ZZN4nnet24compute_output_buffer_2dINS_5arrayI8ap_fixedILi10ELi4EL9ap_q_mode0EL9_305_reg_3582  |  10|   0|   10|          0|
    |p_ZZN4nnet24compute_output_buffer_2dINS_5arrayI8ap_fixedILi10ELi4EL9ap_q_mode0EL9_306_reg_3594  |  10|   0|   10|          0|
    |p_ZZN4nnet24compute_output_buffer_2dINS_5arrayI8ap_fixedILi10ELi4EL9ap_q_mode0EL9_307_reg_3606  |  10|   0|   10|          0|
    |p_ZZN4nnet24compute_output_buffer_2dINS_5arrayI8ap_fixedILi10ELi4EL9ap_q_mode0EL9_308_reg_3618  |  10|   0|   10|          0|
    |p_ZZN4nnet24compute_output_buffer_2dINS_5arrayI8ap_fixedILi10ELi4EL9ap_q_mode0EL9_309_reg_3630  |  10|   0|   10|          0|
    |p_ZZN4nnet24compute_output_buffer_2dINS_5arrayI8ap_fixedILi10ELi4EL9ap_q_mode0EL9_310_reg_3642  |  10|   0|   10|          0|
    |p_ZZN4nnet24compute_output_buffer_2dINS_5arrayI8ap_fixedILi10ELi4EL9ap_q_mode0EL9_311_reg_3654  |  10|   0|   10|          0|
    |p_ZZN4nnet24compute_output_buffer_2dINS_5arrayI8ap_fixedILi10ELi4EL9ap_q_mode0EL9_312_reg_3666  |  10|   0|   10|          0|
    |p_ZZN4nnet24compute_output_buffer_2dINS_5arrayI8ap_fixedILi10ELi4EL9ap_q_mode0EL9_313_reg_3678  |  10|   0|   10|          0|
    |p_ZZN4nnet24compute_output_buffer_2dINS_5arrayI8ap_fixedILi10ELi4EL9ap_q_mode0EL9_314_reg_3690  |  10|   0|   10|          0|
    |p_ZZN4nnet24compute_output_buffer_2dINS_5arrayI8ap_fixedILi10ELi4EL9ap_q_mode0EL9_315_reg_3702  |  10|   0|   10|          0|
    |p_ZZN4nnet24compute_output_buffer_2dINS_5arrayI8ap_fixedILi10ELi4EL9ap_q_mode0EL9_316_reg_3714  |  10|   0|   10|          0|
    |p_ZZN4nnet24compute_output_buffer_2dINS_5arrayI8ap_fixedILi10ELi4EL9ap_q_mode0EL9_317_reg_3726  |  10|   0|   10|          0|
    |p_ZZN4nnet24compute_output_buffer_2dINS_5arrayI8ap_fixedILi10ELi4EL9ap_q_mode0EL9_318_reg_3738  |  10|   0|   10|          0|
    |p_ZZN4nnet24compute_output_buffer_2dINS_5arrayI8ap_fixedILi10ELi4EL9ap_q_mode0EL9_319_reg_3750  |  10|   0|   10|          0|
    |p_ZZN4nnet24compute_output_buffer_2dINS_5arrayI8ap_fixedILi10ELi4EL9ap_q_mode0EL9_320_reg_3762  |  10|   0|   10|          0|
    |p_ZZN4nnet24compute_output_buffer_2dINS_5arrayI8ap_fixedILi10ELi4EL9ap_q_mode0EL9_321_reg_3774  |  10|   0|   10|          0|
    |p_ZZN4nnet24compute_output_buffer_2dINS_5arrayI8ap_fixedILi10ELi4EL9ap_q_mode0EL9_322_reg_3786  |  10|   0|   10|          0|
    |p_ZZN4nnet24compute_output_buffer_2dINS_5arrayI8ap_fixedILi10ELi4EL9ap_q_mode0EL9_323_reg_3798  |  10|   0|   10|          0|
    |p_ZZN4nnet24compute_output_buffer_2dINS_5arrayI8ap_fixedILi10ELi4EL9ap_q_mode0EL9_324_reg_3810  |  10|   0|   10|          0|
    |p_ZZN4nnet24compute_output_buffer_2dINS_5arrayI8ap_fixedILi10ELi4EL9ap_q_mode0EL9_325_reg_3822  |  10|   0|   10|          0|
    |p_ZZN4nnet24compute_output_buffer_2dINS_5arrayI8ap_fixedILi10ELi4EL9ap_q_mode0EL9_326_reg_3834  |  10|   0|   10|          0|
    |p_ZZN4nnet24compute_output_buffer_2dINS_5arrayI8ap_fixedILi10ELi4EL9ap_q_mode0EL9_327_reg_3846  |  10|   0|   10|          0|
    |p_ZZN4nnet24compute_output_buffer_2dINS_5arrayI8ap_fixedILi10ELi4EL9ap_q_mode0EL9_328_reg_3858  |  10|   0|   10|          0|
    |p_ZZN4nnet24compute_output_buffer_2dINS_5arrayI8ap_fixedILi10ELi4EL9ap_q_mode0EL9_329_reg_3870  |  10|   0|   10|          0|
    |p_ZZN4nnet24compute_output_buffer_2dINS_5arrayI8ap_fixedILi10ELi4EL9ap_q_mode0EL9_330_reg_3882  |  10|   0|   10|          0|
    |tmp_reg_10788                                                                                   |   8|   0|    8|          0|
    |void_compute_output_buffer_2d_array_const_ap_shift_reg_n_chan_stream_weig_68_reg_3894           |  10|   0|   10|          0|
    |void_compute_output_buffer_2d_array_const_ap_shift_reg_n_chan_stream_weig_69_reg_3906           |  10|   0|   10|          0|
    |void_compute_output_buffer_2d_array_const_ap_shift_reg_n_chan_stream_weig_70_reg_3918           |  10|   0|   10|          0|
    |void_compute_output_buffer_2d_array_const_ap_shift_reg_n_chan_stream_weig_71_reg_3930           |  10|   0|   10|          0|
    |void_compute_output_buffer_2d_array_const_ap_shift_reg_n_chan_stream_weig_72_reg_3942           |  10|   0|   10|          0|
    |void_compute_output_buffer_2d_array_const_ap_shift_reg_n_chan_stream_weig_73_reg_3954           |  10|   0|   10|          0|
    |void_compute_output_buffer_2d_array_const_ap_shift_reg_n_chan_stream_weig_74_reg_3966           |  10|   0|   10|          0|
    |void_compute_output_buffer_2d_array_const_ap_shift_reg_n_chan_stream_weig_75_reg_3978           |  10|   0|   10|          0|
    |void_compute_output_buffer_2d_array_const_ap_shift_reg_n_chan_stream_weig_76_reg_3990           |  10|   0|   10|          0|
    |void_compute_output_buffer_2d_array_const_ap_shift_reg_n_chan_stream_weig_77_reg_4002           |  10|   0|   10|          0|
    |w_index_reg_10758                                                                               |  11|   0|   11|          0|
    |w_reg_10783                                                                                     |   9|   0|    9|          0|
    |x_53_reg_4464                                                                                   |  16|   0|   16|          0|
    |x_54_reg_4449                                                                                   |  16|   0|   16|          0|
    |x_55_reg_4434                                                                                   |  16|   0|   16|          0|
    |x_56_reg_4419                                                                                   |  16|   0|   16|          0|
    |x_57_reg_4404                                                                                   |  16|   0|   16|          0|
    |x_58_reg_4389                                                                                   |  16|   0|   16|          0|
    |x_59_reg_4374                                                                                   |  16|   0|   16|          0|
    |x_60_reg_4359                                                                                   |  16|   0|   16|          0|
    |x_61_reg_4344                                                                                   |  16|   0|   16|          0|
    |x_62_reg_4329                                                                                   |  16|   0|   16|          0|
    |x_63_reg_4314                                                                                   |  16|   0|   16|          0|
    |x_64_reg_4299                                                                                   |  16|   0|   16|          0|
    |x_65_reg_4284                                                                                   |  16|   0|   16|          0|
    |x_66_reg_4269                                                                                   |  16|   0|   16|          0|
    |x_67_reg_4254                                                                                   |  16|   0|   16|          0|
    |x_68_reg_4239                                                                                   |  16|   0|   16|          0|
    |x_69_reg_4224                                                                                   |  16|   0|   16|          0|
    |x_70_reg_4209                                                                                   |  16|   0|   16|          0|
    |x_71_reg_4194                                                                                   |  16|   0|   16|          0|
    |x_72_reg_4179                                                                                   |  16|   0|   16|          0|
    |x_73_reg_4164                                                                                   |  16|   0|   16|          0|
    |x_74_reg_4149                                                                                   |  16|   0|   16|          0|
    |x_75_reg_4134                                                                                   |  16|   0|   16|          0|
    |x_76_reg_4119                                                                                   |  16|   0|   16|          0|
    |x_77_reg_4104                                                                                   |  16|   0|   16|          0|
    |x_78_reg_4089                                                                                   |  16|   0|   16|          0|
    |x_79_reg_4074                                                                                   |  16|   0|   16|          0|
    |x_80_reg_4059                                                                                   |  16|   0|   16|          0|
    |x_81_reg_4044                                                                                   |  16|   0|   16|          0|
    |x_82_reg_4029                                                                                   |  16|   0|   16|          0|
    |x_83_reg_4014                                                                                   |  16|   0|   16|          0|
    |x_reg_4479                                                                                      |  16|   0|   16|          0|
    |icmp_ln135_reg_10763                                                                            |  64|  32|    1|          0|
    +------------------------------------------------------------------------------------------------+----+----+-----+-----------+
    |Total                                                                                           |3886|  32| 3823|          0|
    +------------------------------------------------------------------------------------------------+----+----+-----+-----------+



================================================================
== Interface
================================================================
* Summary: 
+---------------------------------------------------------------------------------------+-----+-----+------------+---------------------------------------------------------------------------------------+--------------+
|                                       RTL Ports                                       | Dir | Bits|  Protocol  |                                     Source Object                                     |    C Type    |
+---------------------------------------------------------------------------------------+-----+-----+------------+---------------------------------------------------------------------------------------+--------------+
|ap_clk                                                                                 |   in|    1|  ap_ctrl_hs|              dense_resource_rf_gt_nin_rem0<ap_fixed,ap_fixed<11,5,0,3,0>,config8_mult>|  return value|
|ap_rst                                                                                 |   in|    1|  ap_ctrl_hs|              dense_resource_rf_gt_nin_rem0<ap_fixed,ap_fixed<11,5,0,3,0>,config8_mult>|  return value|
|ap_start                                                                               |   in|    1|  ap_ctrl_hs|              dense_resource_rf_gt_nin_rem0<ap_fixed,ap_fixed<11,5,0,3,0>,config8_mult>|  return value|
|ap_done                                                                                |  out|    1|  ap_ctrl_hs|              dense_resource_rf_gt_nin_rem0<ap_fixed,ap_fixed<11,5,0,3,0>,config8_mult>|  return value|
|ap_idle                                                                                |  out|    1|  ap_ctrl_hs|              dense_resource_rf_gt_nin_rem0<ap_fixed,ap_fixed<11,5,0,3,0>,config8_mult>|  return value|
|ap_ready                                                                               |  out|    1|  ap_ctrl_hs|              dense_resource_rf_gt_nin_rem0<ap_fixed,ap_fixed<11,5,0,3,0>,config8_mult>|  return value|
|ap_return_0                                                                            |  out|   11|  ap_ctrl_hs|              dense_resource_rf_gt_nin_rem0<ap_fixed,ap_fixed<11,5,0,3,0>,config8_mult>|  return value|
|ap_return_1                                                                            |  out|   11|  ap_ctrl_hs|              dense_resource_rf_gt_nin_rem0<ap_fixed,ap_fixed<11,5,0,3,0>,config8_mult>|  return value|
|ap_return_2                                                                            |  out|   11|  ap_ctrl_hs|              dense_resource_rf_gt_nin_rem0<ap_fixed,ap_fixed<11,5,0,3,0>,config8_mult>|  return value|
|ap_return_3                                                                            |  out|   11|  ap_ctrl_hs|              dense_resource_rf_gt_nin_rem0<ap_fixed,ap_fixed<11,5,0,3,0>,config8_mult>|  return value|
|ap_return_4                                                                            |  out|   11|  ap_ctrl_hs|              dense_resource_rf_gt_nin_rem0<ap_fixed,ap_fixed<11,5,0,3,0>,config8_mult>|  return value|
|ap_return_5                                                                            |  out|   11|  ap_ctrl_hs|              dense_resource_rf_gt_nin_rem0<ap_fixed,ap_fixed<11,5,0,3,0>,config8_mult>|  return value|
|ap_return_6                                                                            |  out|   11|  ap_ctrl_hs|              dense_resource_rf_gt_nin_rem0<ap_fixed,ap_fixed<11,5,0,3,0>,config8_mult>|  return value|
|ap_return_7                                                                            |  out|   11|  ap_ctrl_hs|              dense_resource_rf_gt_nin_rem0<ap_fixed,ap_fixed<11,5,0,3,0>,config8_mult>|  return value|
|ap_return_8                                                                            |  out|   11|  ap_ctrl_hs|              dense_resource_rf_gt_nin_rem0<ap_fixed,ap_fixed<11,5,0,3,0>,config8_mult>|  return value|
|ap_return_9                                                                            |  out|   11|  ap_ctrl_hs|              dense_resource_rf_gt_nin_rem0<ap_fixed,ap_fixed<11,5,0,3,0>,config8_mult>|  return value|
|ap_return_10                                                                           |  out|   11|  ap_ctrl_hs|              dense_resource_rf_gt_nin_rem0<ap_fixed,ap_fixed<11,5,0,3,0>,config8_mult>|  return value|
|ap_return_11                                                                           |  out|   11|  ap_ctrl_hs|              dense_resource_rf_gt_nin_rem0<ap_fixed,ap_fixed<11,5,0,3,0>,config8_mult>|  return value|
|ap_return_12                                                                           |  out|   11|  ap_ctrl_hs|              dense_resource_rf_gt_nin_rem0<ap_fixed,ap_fixed<11,5,0,3,0>,config8_mult>|  return value|
|ap_return_13                                                                           |  out|   11|  ap_ctrl_hs|              dense_resource_rf_gt_nin_rem0<ap_fixed,ap_fixed<11,5,0,3,0>,config8_mult>|  return value|
|ap_return_14                                                                           |  out|   11|  ap_ctrl_hs|              dense_resource_rf_gt_nin_rem0<ap_fixed,ap_fixed<11,5,0,3,0>,config8_mult>|  return value|
|ap_return_15                                                                           |  out|   11|  ap_ctrl_hs|              dense_resource_rf_gt_nin_rem0<ap_fixed,ap_fixed<11,5,0,3,0>,config8_mult>|  return value|
|ap_return_16                                                                           |  out|   11|  ap_ctrl_hs|              dense_resource_rf_gt_nin_rem0<ap_fixed,ap_fixed<11,5,0,3,0>,config8_mult>|  return value|
|ap_return_17                                                                           |  out|   11|  ap_ctrl_hs|              dense_resource_rf_gt_nin_rem0<ap_fixed,ap_fixed<11,5,0,3,0>,config8_mult>|  return value|
|ap_return_18                                                                           |  out|   11|  ap_ctrl_hs|              dense_resource_rf_gt_nin_rem0<ap_fixed,ap_fixed<11,5,0,3,0>,config8_mult>|  return value|
|ap_return_19                                                                           |  out|   11|  ap_ctrl_hs|              dense_resource_rf_gt_nin_rem0<ap_fixed,ap_fixed<11,5,0,3,0>,config8_mult>|  return value|
|ap_return_20                                                                           |  out|   11|  ap_ctrl_hs|              dense_resource_rf_gt_nin_rem0<ap_fixed,ap_fixed<11,5,0,3,0>,config8_mult>|  return value|
|ap_return_21                                                                           |  out|   11|  ap_ctrl_hs|              dense_resource_rf_gt_nin_rem0<ap_fixed,ap_fixed<11,5,0,3,0>,config8_mult>|  return value|
|ap_return_22                                                                           |  out|   11|  ap_ctrl_hs|              dense_resource_rf_gt_nin_rem0<ap_fixed,ap_fixed<11,5,0,3,0>,config8_mult>|  return value|
|ap_return_23                                                                           |  out|   11|  ap_ctrl_hs|              dense_resource_rf_gt_nin_rem0<ap_fixed,ap_fixed<11,5,0,3,0>,config8_mult>|  return value|
|ap_return_24                                                                           |  out|   11|  ap_ctrl_hs|              dense_resource_rf_gt_nin_rem0<ap_fixed,ap_fixed<11,5,0,3,0>,config8_mult>|  return value|
|ap_return_25                                                                           |  out|   11|  ap_ctrl_hs|              dense_resource_rf_gt_nin_rem0<ap_fixed,ap_fixed<11,5,0,3,0>,config8_mult>|  return value|
|ap_return_26                                                                           |  out|   11|  ap_ctrl_hs|              dense_resource_rf_gt_nin_rem0<ap_fixed,ap_fixed<11,5,0,3,0>,config8_mult>|  return value|
|ap_return_27                                                                           |  out|   11|  ap_ctrl_hs|              dense_resource_rf_gt_nin_rem0<ap_fixed,ap_fixed<11,5,0,3,0>,config8_mult>|  return value|
|ap_return_28                                                                           |  out|   11|  ap_ctrl_hs|              dense_resource_rf_gt_nin_rem0<ap_fixed,ap_fixed<11,5,0,3,0>,config8_mult>|  return value|
|ap_return_29                                                                           |  out|   11|  ap_ctrl_hs|              dense_resource_rf_gt_nin_rem0<ap_fixed,ap_fixed<11,5,0,3,0>,config8_mult>|  return value|
|ap_return_30                                                                           |  out|   11|  ap_ctrl_hs|              dense_resource_rf_gt_nin_rem0<ap_fixed,ap_fixed<11,5,0,3,0>,config8_mult>|  return value|
|ap_return_31                                                                           |  out|   11|  ap_ctrl_hs|              dense_resource_rf_gt_nin_rem0<ap_fixed,ap_fixed<11,5,0,3,0>,config8_mult>|  return value|
|void_compute_output_buffer_2d_array_const_ap_shift_reg_n_chan_stream_weig_29           |   in|   10|     ap_none|           void_compute_output_buffer_2d_array_const_ap_shift_reg_n_chan_stream_weig_29|       pointer|
|void_compute_output_buffer_2d_array_const_ap_shift_reg_n_chan_stream_weig_28           |   in|   10|     ap_none|           void_compute_output_buffer_2d_array_const_ap_shift_reg_n_chan_stream_weig_28|       pointer|
|void_compute_output_buffer_2d_array_const_ap_shift_reg_n_chan_stream_weig_27           |   in|   10|     ap_none|           void_compute_output_buffer_2d_array_const_ap_shift_reg_n_chan_stream_weig_27|       pointer|
|void_compute_output_buffer_2d_array_const_ap_shift_reg_n_chan_stream_weig_26           |   in|   10|     ap_none|           void_compute_output_buffer_2d_array_const_ap_shift_reg_n_chan_stream_weig_26|       pointer|
|void_compute_output_buffer_2d_array_const_ap_shift_reg_n_chan_stream_weig_25           |   in|   10|     ap_none|           void_compute_output_buffer_2d_array_const_ap_shift_reg_n_chan_stream_weig_25|       pointer|
|void_compute_output_buffer_2d_array_const_ap_shift_reg_n_chan_stream_weig_24           |   in|   10|     ap_none|           void_compute_output_buffer_2d_array_const_ap_shift_reg_n_chan_stream_weig_24|       pointer|
|void_compute_output_buffer_2d_array_const_ap_shift_reg_n_chan_stream_weig_23           |   in|   10|     ap_none|           void_compute_output_buffer_2d_array_const_ap_shift_reg_n_chan_stream_weig_23|       pointer|
|void_compute_output_buffer_2d_array_const_ap_shift_reg_n_chan_stream_weig_22           |   in|   10|     ap_none|           void_compute_output_buffer_2d_array_const_ap_shift_reg_n_chan_stream_weig_22|       pointer|
|void_compute_output_buffer_2d_array_const_ap_shift_reg_n_chan_stream_weig_21           |   in|   10|     ap_none|           void_compute_output_buffer_2d_array_const_ap_shift_reg_n_chan_stream_weig_21|       pointer|
|void_compute_output_buffer_2d_array_const_ap_shift_reg_n_chan_stream_weig_20           |   in|   10|     ap_none|           void_compute_output_buffer_2d_array_const_ap_shift_reg_n_chan_stream_weig_20|       pointer|
|p_ZZN4nnet24compute_output_buffer_2dINS_5arrayI8ap_fixedILi10ELi4EL9ap_q_mode0EL9_115  |   in|   10|     ap_none|  p_ZZN4nnet24compute_output_buffer_2dINS_5arrayI8ap_fixedILi10ELi4EL9ap_q_mode0EL9_115|       pointer|
|p_ZZN4nnet24compute_output_buffer_2dINS_5arrayI8ap_fixedILi10ELi4EL9ap_q_mode0EL9_126  |   in|   10|     ap_none|  p_ZZN4nnet24compute_output_buffer_2dINS_5arrayI8ap_fixedILi10ELi4EL9ap_q_mode0EL9_126|       pointer|
|p_ZZN4nnet24compute_output_buffer_2dINS_5arrayI8ap_fixedILi10ELi4EL9ap_q_mode0EL9_93   |   in|   10|     ap_none|   p_ZZN4nnet24compute_output_buffer_2dINS_5arrayI8ap_fixedILi10ELi4EL9ap_q_mode0EL9_93|       pointer|
|p_ZZN4nnet24compute_output_buffer_2dINS_5arrayI8ap_fixedILi10ELi4EL9ap_q_mode0EL9_86   |   in|   10|     ap_none|   p_ZZN4nnet24compute_output_buffer_2dINS_5arrayI8ap_fixedILi10ELi4EL9ap_q_mode0EL9_86|       pointer|
|p_ZZN4nnet24compute_output_buffer_2dINS_5arrayI8ap_fixedILi10ELi4EL9ap_q_mode0EL9_85   |   in|   10|     ap_none|   p_ZZN4nnet24compute_output_buffer_2dINS_5arrayI8ap_fixedILi10ELi4EL9ap_q_mode0EL9_85|       pointer|
|p_ZZN4nnet24compute_output_buffer_2dINS_5arrayI8ap_fixedILi10ELi4EL9ap_q_mode0EL9_84   |   in|   10|     ap_none|   p_ZZN4nnet24compute_output_buffer_2dINS_5arrayI8ap_fixedILi10ELi4EL9ap_q_mode0EL9_84|       pointer|
|p_ZZN4nnet24compute_output_buffer_2dINS_5arrayI8ap_fixedILi10ELi4EL9ap_q_mode0EL9_83   |   in|   10|     ap_none|   p_ZZN4nnet24compute_output_buffer_2dINS_5arrayI8ap_fixedILi10ELi4EL9ap_q_mode0EL9_83|       pointer|
|p_ZZN4nnet24compute_output_buffer_2dINS_5arrayI8ap_fixedILi10ELi4EL9ap_q_mode0EL9_82   |   in|   10|     ap_none|   p_ZZN4nnet24compute_output_buffer_2dINS_5arrayI8ap_fixedILi10ELi4EL9ap_q_mode0EL9_82|       pointer|
|p_ZZN4nnet24compute_output_buffer_2dINS_5arrayI8ap_fixedILi10ELi4EL9ap_q_mode0EL9_81   |   in|   10|     ap_none|   p_ZZN4nnet24compute_output_buffer_2dINS_5arrayI8ap_fixedILi10ELi4EL9ap_q_mode0EL9_81|       pointer|
|p_ZZN4nnet24compute_output_buffer_2dINS_5arrayI8ap_fixedILi10ELi4EL9ap_q_mode0EL9_80   |   in|   10|     ap_none|   p_ZZN4nnet24compute_output_buffer_2dINS_5arrayI8ap_fixedILi10ELi4EL9ap_q_mode0EL9_80|       pointer|
|p_ZZN4nnet24compute_output_buffer_2dINS_5arrayI8ap_fixedILi10ELi4EL9ap_q_mode0EL9_79   |   in|   10|     ap_none|   p_ZZN4nnet24compute_output_buffer_2dINS_5arrayI8ap_fixedILi10ELi4EL9ap_q_mode0EL9_79|       pointer|
|p_ZZN4nnet24compute_output_buffer_2dINS_5arrayI8ap_fixedILi10ELi4EL9ap_q_mode0EL9_78   |   in|   10|     ap_none|   p_ZZN4nnet24compute_output_buffer_2dINS_5arrayI8ap_fixedILi10ELi4EL9ap_q_mode0EL9_78|       pointer|
|p_ZZN4nnet24compute_output_buffer_2dINS_5arrayI8ap_fixedILi10ELi4EL9ap_q_mode0EL9_77   |   in|   10|     ap_none|   p_ZZN4nnet24compute_output_buffer_2dINS_5arrayI8ap_fixedILi10ELi4EL9ap_q_mode0EL9_77|       pointer|
|p_ZZN4nnet24compute_output_buffer_2dINS_5arrayI8ap_fixedILi10ELi4EL9ap_q_mode0EL9_76   |   in|   10|     ap_none|   p_ZZN4nnet24compute_output_buffer_2dINS_5arrayI8ap_fixedILi10ELi4EL9ap_q_mode0EL9_76|       pointer|
|p_ZZN4nnet24compute_output_buffer_2dINS_5arrayI8ap_fixedILi10ELi4EL9ap_q_mode0EL9_75   |   in|   10|     ap_none|   p_ZZN4nnet24compute_output_buffer_2dINS_5arrayI8ap_fixedILi10ELi4EL9ap_q_mode0EL9_75|       pointer|
|p_ZZN4nnet24compute_output_buffer_2dINS_5arrayI8ap_fixedILi10ELi4EL9ap_q_mode0EL9_74   |   in|   10|     ap_none|   p_ZZN4nnet24compute_output_buffer_2dINS_5arrayI8ap_fixedILi10ELi4EL9ap_q_mode0EL9_74|       pointer|
|p_ZZN4nnet24compute_output_buffer_2dINS_5arrayI8ap_fixedILi10ELi4EL9ap_q_mode0EL9_73   |   in|   10|     ap_none|   p_ZZN4nnet24compute_output_buffer_2dINS_5arrayI8ap_fixedILi10ELi4EL9ap_q_mode0EL9_73|       pointer|
|p_ZZN4nnet24compute_output_buffer_2dINS_5arrayI8ap_fixedILi10ELi4EL9ap_q_mode0EL9_72   |   in|   10|     ap_none|   p_ZZN4nnet24compute_output_buffer_2dINS_5arrayI8ap_fixedILi10ELi4EL9ap_q_mode0EL9_72|       pointer|
|p_ZZN4nnet24compute_output_buffer_2dINS_5arrayI8ap_fixedILi10ELi4EL9ap_q_mode0EL9_71   |   in|   10|     ap_none|   p_ZZN4nnet24compute_output_buffer_2dINS_5arrayI8ap_fixedILi10ELi4EL9ap_q_mode0EL9_71|       pointer|
|p_ZZN4nnet24compute_output_buffer_2dINS_5arrayI8ap_fixedILi10ELi4EL9ap_q_mode0EL9_70   |   in|   10|     ap_none|   p_ZZN4nnet24compute_output_buffer_2dINS_5arrayI8ap_fixedILi10ELi4EL9ap_q_mode0EL9_70|       pointer|
|p_ZZN4nnet24compute_output_buffer_2dINS_5arrayI8ap_fixedILi10ELi4EL9ap_q_mode0EL9_69   |   in|   10|     ap_none|   p_ZZN4nnet24compute_output_buffer_2dINS_5arrayI8ap_fixedILi10ELi4EL9ap_q_mode0EL9_69|       pointer|
|p_ZZN4nnet24compute_output_buffer_2dINS_5arrayI8ap_fixedILi10ELi4EL9ap_q_mode0EL9_68   |   in|   10|     ap_none|   p_ZZN4nnet24compute_output_buffer_2dINS_5arrayI8ap_fixedILi10ELi4EL9ap_q_mode0EL9_68|       pointer|
|p_ZZN4nnet24compute_output_buffer_2dINS_5arrayI8ap_fixedILi10ELi4EL9ap_q_mode0EL9_67   |   in|   10|     ap_none|   p_ZZN4nnet24compute_output_buffer_2dINS_5arrayI8ap_fixedILi10ELi4EL9ap_q_mode0EL9_67|       pointer|
|p_ZZN4nnet24compute_output_buffer_2dINS_5arrayI8ap_fixedILi10ELi4EL9ap_q_mode0EL9_66   |   in|   10|     ap_none|   p_ZZN4nnet24compute_output_buffer_2dINS_5arrayI8ap_fixedILi10ELi4EL9ap_q_mode0EL9_66|       pointer|
|p_ZZN4nnet24compute_output_buffer_2dINS_5arrayI8ap_fixedILi10ELi4EL9ap_q_mode0EL9_65   |   in|   10|     ap_none|   p_ZZN4nnet24compute_output_buffer_2dINS_5arrayI8ap_fixedILi10ELi4EL9ap_q_mode0EL9_65|       pointer|
|p_ZZN4nnet24compute_output_buffer_2dINS_5arrayI8ap_fixedILi10ELi4EL9ap_q_mode0EL9_64   |   in|   10|     ap_none|   p_ZZN4nnet24compute_output_buffer_2dINS_5arrayI8ap_fixedILi10ELi4EL9ap_q_mode0EL9_64|       pointer|
|p_ZZN4nnet24compute_output_buffer_2dINS_5arrayI8ap_fixedILi10ELi4EL9ap_q_mode0EL9_63   |   in|   10|     ap_none|   p_ZZN4nnet24compute_output_buffer_2dINS_5arrayI8ap_fixedILi10ELi4EL9ap_q_mode0EL9_63|       pointer|
|p_ZZN4nnet24compute_output_buffer_2dINS_5arrayI8ap_fixedILi10ELi4EL9ap_q_mode0EL9_62   |   in|   10|     ap_none|   p_ZZN4nnet24compute_output_buffer_2dINS_5arrayI8ap_fixedILi10ELi4EL9ap_q_mode0EL9_62|       pointer|
|p_ZZN4nnet24compute_output_buffer_2dINS_5arrayI8ap_fixedILi10ELi4EL9ap_q_mode0EL9_61   |   in|   10|     ap_none|   p_ZZN4nnet24compute_output_buffer_2dINS_5arrayI8ap_fixedILi10ELi4EL9ap_q_mode0EL9_61|       pointer|
|p_ZZN4nnet24compute_output_buffer_2dINS_5arrayI8ap_fixedILi10ELi4EL9ap_q_mode0EL9_60   |   in|   10|     ap_none|   p_ZZN4nnet24compute_output_buffer_2dINS_5arrayI8ap_fixedILi10ELi4EL9ap_q_mode0EL9_60|       pointer|
|p_ZZN4nnet24compute_output_buffer_2dINS_5arrayI8ap_fixedILi10ELi4EL9ap_q_mode0EL9_59   |   in|   10|     ap_none|   p_ZZN4nnet24compute_output_buffer_2dINS_5arrayI8ap_fixedILi10ELi4EL9ap_q_mode0EL9_59|       pointer|
|p_ZZN4nnet24compute_output_buffer_2dINS_5arrayI8ap_fixedILi10ELi4EL9ap_q_mode0EL9_58   |   in|   10|     ap_none|   p_ZZN4nnet24compute_output_buffer_2dINS_5arrayI8ap_fixedILi10ELi4EL9ap_q_mode0EL9_58|       pointer|
|p_ZZN4nnet24compute_output_buffer_2dINS_5arrayI8ap_fixedILi10ELi4EL9ap_q_mode0EL9_57   |   in|   10|     ap_none|   p_ZZN4nnet24compute_output_buffer_2dINS_5arrayI8ap_fixedILi10ELi4EL9ap_q_mode0EL9_57|       pointer|
|p_ZZN4nnet24compute_output_buffer_2dINS_5arrayI8ap_fixedILi10ELi4EL9ap_q_mode0EL9_56   |   in|   10|     ap_none|   p_ZZN4nnet24compute_output_buffer_2dINS_5arrayI8ap_fixedILi10ELi4EL9ap_q_mode0EL9_56|       pointer|
|p_ZZN4nnet24compute_output_buffer_2dINS_5arrayI8ap_fixedILi10ELi4EL9ap_q_mode0EL9_55   |   in|   10|     ap_none|   p_ZZN4nnet24compute_output_buffer_2dINS_5arrayI8ap_fixedILi10ELi4EL9ap_q_mode0EL9_55|       pointer|
|p_ZZN4nnet24compute_output_buffer_2dINS_5arrayI8ap_fixedILi10ELi4EL9ap_q_mode0EL9_54   |   in|   10|     ap_none|   p_ZZN4nnet24compute_output_buffer_2dINS_5arrayI8ap_fixedILi10ELi4EL9ap_q_mode0EL9_54|       pointer|
|p_ZZN4nnet24compute_output_buffer_2dINS_5arrayI8ap_fixedILi10ELi4EL9ap_q_mode0EL9_53   |   in|   10|     ap_none|   p_ZZN4nnet24compute_output_buffer_2dINS_5arrayI8ap_fixedILi10ELi4EL9ap_q_mode0EL9_53|       pointer|
|p_ZZN4nnet24compute_output_buffer_2dINS_5arrayI8ap_fixedILi10ELi4EL9ap_q_mode0EL9_52   |   in|   10|     ap_none|   p_ZZN4nnet24compute_output_buffer_2dINS_5arrayI8ap_fixedILi10ELi4EL9ap_q_mode0EL9_52|       pointer|
|p_ZZN4nnet24compute_output_buffer_2dINS_5arrayI8ap_fixedILi10ELi4EL9ap_q_mode0EL9_51   |   in|   10|     ap_none|   p_ZZN4nnet24compute_output_buffer_2dINS_5arrayI8ap_fixedILi10ELi4EL9ap_q_mode0EL9_51|       pointer|
|p_ZZN4nnet24compute_output_buffer_2dINS_5arrayI8ap_fixedILi10ELi4EL9ap_q_mode0EL9_50   |   in|   10|     ap_none|   p_ZZN4nnet24compute_output_buffer_2dINS_5arrayI8ap_fixedILi10ELi4EL9ap_q_mode0EL9_50|       pointer|
|p_ZZN4nnet24compute_output_buffer_2dINS_5arrayI8ap_fixedILi10ELi4EL9ap_q_mode0EL9_49   |   in|   10|     ap_none|   p_ZZN4nnet24compute_output_buffer_2dINS_5arrayI8ap_fixedILi10ELi4EL9ap_q_mode0EL9_49|       pointer|
|p_ZZN4nnet24compute_output_buffer_2dINS_5arrayI8ap_fixedILi10ELi4EL9ap_q_mode0EL9_48   |   in|   10|     ap_none|   p_ZZN4nnet24compute_output_buffer_2dINS_5arrayI8ap_fixedILi10ELi4EL9ap_q_mode0EL9_48|       pointer|
|p_ZZN4nnet24compute_output_buffer_2dINS_5arrayI8ap_fixedILi10ELi4EL9ap_q_mode0EL9_47   |   in|   10|     ap_none|   p_ZZN4nnet24compute_output_buffer_2dINS_5arrayI8ap_fixedILi10ELi4EL9ap_q_mode0EL9_47|       pointer|
|p_ZZN4nnet24compute_output_buffer_2dINS_5arrayI8ap_fixedILi10ELi4EL9ap_q_mode0EL9_46   |   in|   10|     ap_none|   p_ZZN4nnet24compute_output_buffer_2dINS_5arrayI8ap_fixedILi10ELi4EL9ap_q_mode0EL9_46|       pointer|
|p_ZZN4nnet24compute_output_buffer_2dINS_5arrayI8ap_fixedILi10ELi4EL9ap_q_mode0EL9_45   |   in|   10|     ap_none|   p_ZZN4nnet24compute_output_buffer_2dINS_5arrayI8ap_fixedILi10ELi4EL9ap_q_mode0EL9_45|       pointer|
|p_ZZN4nnet24compute_output_buffer_2dINS_5arrayI8ap_fixedILi10ELi4EL9ap_q_mode0EL9_44   |   in|   10|     ap_none|   p_ZZN4nnet24compute_output_buffer_2dINS_5arrayI8ap_fixedILi10ELi4EL9ap_q_mode0EL9_44|       pointer|
|p_ZZN4nnet24compute_output_buffer_2dINS_5arrayI8ap_fixedILi10ELi4EL9ap_q_mode0EL9_43   |   in|   10|     ap_none|   p_ZZN4nnet24compute_output_buffer_2dINS_5arrayI8ap_fixedILi10ELi4EL9ap_q_mode0EL9_43|       pointer|
|p_ZZN4nnet24compute_output_buffer_2dINS_5arrayI8ap_fixedILi10ELi4EL9ap_q_mode0EL9_42   |   in|   10|     ap_none|   p_ZZN4nnet24compute_output_buffer_2dINS_5arrayI8ap_fixedILi10ELi4EL9ap_q_mode0EL9_42|       pointer|
|p_ZZN4nnet24compute_output_buffer_2dINS_5arrayI8ap_fixedILi10ELi4EL9ap_q_mode0EL9_41   |   in|   10|     ap_none|   p_ZZN4nnet24compute_output_buffer_2dINS_5arrayI8ap_fixedILi10ELi4EL9ap_q_mode0EL9_41|       pointer|
|p_ZZN4nnet24compute_output_buffer_2dINS_5arrayI8ap_fixedILi10ELi4EL9ap_q_mode0EL9_40   |   in|   10|     ap_none|   p_ZZN4nnet24compute_output_buffer_2dINS_5arrayI8ap_fixedILi10ELi4EL9ap_q_mode0EL9_40|       pointer|
|p_ZZN4nnet24compute_output_buffer_2dINS_5arrayI8ap_fixedILi10ELi4EL9ap_q_mode0EL9_39   |   in|   10|     ap_none|   p_ZZN4nnet24compute_output_buffer_2dINS_5arrayI8ap_fixedILi10ELi4EL9ap_q_mode0EL9_39|       pointer|
|p_ZZN4nnet24compute_output_buffer_2dINS_5arrayI8ap_fixedILi10ELi4EL9ap_q_mode0EL9_38   |   in|   10|     ap_none|   p_ZZN4nnet24compute_output_buffer_2dINS_5arrayI8ap_fixedILi10ELi4EL9ap_q_mode0EL9_38|       pointer|
|p_ZZN4nnet24compute_output_buffer_2dINS_5arrayI8ap_fixedILi10ELi4EL9ap_q_mode0EL9_37   |   in|   10|     ap_none|   p_ZZN4nnet24compute_output_buffer_2dINS_5arrayI8ap_fixedILi10ELi4EL9ap_q_mode0EL9_37|       pointer|
|p_ZZN4nnet24compute_output_buffer_2dINS_5arrayI8ap_fixedILi10ELi4EL9ap_q_mode0EL9_36   |   in|   10|     ap_none|   p_ZZN4nnet24compute_output_buffer_2dINS_5arrayI8ap_fixedILi10ELi4EL9ap_q_mode0EL9_36|       pointer|
|p_ZZN4nnet24compute_output_buffer_2dINS_5arrayI8ap_fixedILi10ELi4EL9ap_q_mode0EL9_35   |   in|   10|     ap_none|   p_ZZN4nnet24compute_output_buffer_2dINS_5arrayI8ap_fixedILi10ELi4EL9ap_q_mode0EL9_35|       pointer|
|p_ZZN4nnet24compute_output_buffer_2dINS_5arrayI8ap_fixedILi10ELi4EL9ap_q_mode0EL9_34   |   in|   10|     ap_none|   p_ZZN4nnet24compute_output_buffer_2dINS_5arrayI8ap_fixedILi10ELi4EL9ap_q_mode0EL9_34|       pointer|
|p_ZZN4nnet24compute_output_buffer_2dINS_5arrayI8ap_fixedILi10ELi4EL9ap_q_mode0EL9_33   |   in|   10|     ap_none|   p_ZZN4nnet24compute_output_buffer_2dINS_5arrayI8ap_fixedILi10ELi4EL9ap_q_mode0EL9_33|       pointer|
|p_ZZN4nnet24compute_output_buffer_2dINS_5arrayI8ap_fixedILi10ELi4EL9ap_q_mode0EL9_32   |   in|   10|     ap_none|   p_ZZN4nnet24compute_output_buffer_2dINS_5arrayI8ap_fixedILi10ELi4EL9ap_q_mode0EL9_32|       pointer|
|p_ZZN4nnet24compute_output_buffer_2dINS_5arrayI8ap_fixedILi10ELi4EL9ap_q_mode0EL9_31   |   in|   10|     ap_none|   p_ZZN4nnet24compute_output_buffer_2dINS_5arrayI8ap_fixedILi10ELi4EL9ap_q_mode0EL9_31|       pointer|
|p_ZZN4nnet24compute_output_buffer_2dINS_5arrayI8ap_fixedILi10ELi4EL9ap_q_mode0EL9_30   |   in|   10|     ap_none|   p_ZZN4nnet24compute_output_buffer_2dINS_5arrayI8ap_fixedILi10ELi4EL9ap_q_mode0EL9_30|       pointer|
|p_ZZN4nnet24compute_output_buffer_2dINS_5arrayI8ap_fixedILi10ELi4EL9ap_q_mode0EL9_29   |   in|   10|     ap_none|   p_ZZN4nnet24compute_output_buffer_2dINS_5arrayI8ap_fixedILi10ELi4EL9ap_q_mode0EL9_29|       pointer|
|p_ZZN4nnet24compute_output_buffer_2dINS_5arrayI8ap_fixedILi10ELi4EL9ap_q_mode0EL9_28   |   in|   10|     ap_none|   p_ZZN4nnet24compute_output_buffer_2dINS_5arrayI8ap_fixedILi10ELi4EL9ap_q_mode0EL9_28|       pointer|
|p_ZZN4nnet24compute_output_buffer_2dINS_5arrayI8ap_fixedILi10ELi4EL9ap_q_mode0EL9_27   |   in|   10|     ap_none|   p_ZZN4nnet24compute_output_buffer_2dINS_5arrayI8ap_fixedILi10ELi4EL9ap_q_mode0EL9_27|       pointer|
|p_ZZN4nnet24compute_output_buffer_2dINS_5arrayI8ap_fixedILi10ELi4EL9ap_q_mode0EL9_26   |   in|   10|     ap_none|   p_ZZN4nnet24compute_output_buffer_2dINS_5arrayI8ap_fixedILi10ELi4EL9ap_q_mode0EL9_26|       pointer|
|p_ZZN4nnet24compute_output_buffer_2dINS_5arrayI8ap_fixedILi10ELi4EL9ap_q_mode0EL9_25   |   in|   10|     ap_none|   p_ZZN4nnet24compute_output_buffer_2dINS_5arrayI8ap_fixedILi10ELi4EL9ap_q_mode0EL9_25|       pointer|
|p_ZZN4nnet24compute_output_buffer_2dINS_5arrayI8ap_fixedILi10ELi4EL9ap_q_mode0EL9_24   |   in|   10|     ap_none|   p_ZZN4nnet24compute_output_buffer_2dINS_5arrayI8ap_fixedILi10ELi4EL9ap_q_mode0EL9_24|       pointer|
|p_ZZN4nnet24compute_output_buffer_2dINS_5arrayI8ap_fixedILi10ELi4EL9ap_q_mode0EL9_23   |   in|   10|     ap_none|   p_ZZN4nnet24compute_output_buffer_2dINS_5arrayI8ap_fixedILi10ELi4EL9ap_q_mode0EL9_23|       pointer|
|p_ZZN4nnet24compute_output_buffer_2dINS_5arrayI8ap_fixedILi10ELi4EL9ap_q_mode0EL9_22   |   in|   10|     ap_none|   p_ZZN4nnet24compute_output_buffer_2dINS_5arrayI8ap_fixedILi10ELi4EL9ap_q_mode0EL9_22|       pointer|
|p_ZZN4nnet24compute_output_buffer_2dINS_5arrayI8ap_fixedILi10ELi4EL9ap_q_mode0EL9_21   |   in|   10|     ap_none|   p_ZZN4nnet24compute_output_buffer_2dINS_5arrayI8ap_fixedILi10ELi4EL9ap_q_mode0EL9_21|       pointer|
|p_ZZN4nnet24compute_output_buffer_2dINS_5arrayI8ap_fixedILi10ELi4EL9ap_q_mode0EL9_20   |   in|   10|     ap_none|   p_ZZN4nnet24compute_output_buffer_2dINS_5arrayI8ap_fixedILi10ELi4EL9ap_q_mode0EL9_20|       pointer|
|p_ZZN4nnet24compute_output_buffer_2dINS_5arrayI8ap_fixedILi10ELi4EL9ap_q_mode0EL9_19   |   in|   10|     ap_none|   p_ZZN4nnet24compute_output_buffer_2dINS_5arrayI8ap_fixedILi10ELi4EL9ap_q_mode0EL9_19|       pointer|
|p_ZZN4nnet24compute_output_buffer_2dINS_5arrayI8ap_fixedILi10ELi4EL9ap_q_mode0EL9_18   |   in|   10|     ap_none|   p_ZZN4nnet24compute_output_buffer_2dINS_5arrayI8ap_fixedILi10ELi4EL9ap_q_mode0EL9_18|       pointer|
|p_ZZN4nnet24compute_output_buffer_2dINS_5arrayI8ap_fixedILi10ELi4EL9ap_q_mode0EL9_17   |   in|   10|     ap_none|   p_ZZN4nnet24compute_output_buffer_2dINS_5arrayI8ap_fixedILi10ELi4EL9ap_q_mode0EL9_17|       pointer|
|p_ZZN4nnet24compute_output_buffer_2dINS_5arrayI8ap_fixedILi10ELi4EL9ap_q_mode0EL9_16   |   in|   10|     ap_none|   p_ZZN4nnet24compute_output_buffer_2dINS_5arrayI8ap_fixedILi10ELi4EL9ap_q_mode0EL9_16|       pointer|
|p_ZZN4nnet24compute_output_buffer_2dINS_5arrayI8ap_fixedILi10ELi4EL9ap_q_mode0EL9_15   |   in|   10|     ap_none|   p_ZZN4nnet24compute_output_buffer_2dINS_5arrayI8ap_fixedILi10ELi4EL9ap_q_mode0EL9_15|       pointer|
|p_ZZN4nnet24compute_output_buffer_2dINS_5arrayI8ap_fixedILi10ELi4EL9ap_q_mode0EL9_14   |   in|   10|     ap_none|   p_ZZN4nnet24compute_output_buffer_2dINS_5arrayI8ap_fixedILi10ELi4EL9ap_q_mode0EL9_14|       pointer|
|p_ZZN4nnet24compute_output_buffer_2dINS_5arrayI8ap_fixedILi10ELi4EL9ap_q_mode0EL9_13   |   in|   10|     ap_none|   p_ZZN4nnet24compute_output_buffer_2dINS_5arrayI8ap_fixedILi10ELi4EL9ap_q_mode0EL9_13|       pointer|
|p_ZZN4nnet24compute_output_buffer_2dINS_5arrayI8ap_fixedILi10ELi4EL9ap_q_mode0EL9_12   |   in|   10|     ap_none|   p_ZZN4nnet24compute_output_buffer_2dINS_5arrayI8ap_fixedILi10ELi4EL9ap_q_mode0EL9_12|       pointer|
|p_ZZN4nnet24compute_output_buffer_2dINS_5arrayI8ap_fixedILi10ELi4EL9ap_q_mode0EL9_11   |   in|   10|     ap_none|   p_ZZN4nnet24compute_output_buffer_2dINS_5arrayI8ap_fixedILi10ELi4EL9ap_q_mode0EL9_11|       pointer|
|p_ZZN4nnet24compute_output_buffer_2dINS_5arrayI8ap_fixedILi10ELi4EL9ap_q_mode0EL9_10   |   in|   10|     ap_none|   p_ZZN4nnet24compute_output_buffer_2dINS_5arrayI8ap_fixedILi10ELi4EL9ap_q_mode0EL9_10|       pointer|
|p_ZZN4nnet24compute_output_buffer_2dINS_5arrayI8ap_fixedILi10ELi4EL9ap_q_mode0EL9_9    |   in|   10|     ap_none|    p_ZZN4nnet24compute_output_buffer_2dINS_5arrayI8ap_fixedILi10ELi4EL9ap_q_mode0EL9_9|       pointer|
|p_ZZN4nnet24compute_output_buffer_2dINS_5arrayI8ap_fixedILi10ELi4EL9ap_q_mode0EL9_8    |   in|   10|     ap_none|    p_ZZN4nnet24compute_output_buffer_2dINS_5arrayI8ap_fixedILi10ELi4EL9ap_q_mode0EL9_8|       pointer|
|p_ZZN4nnet24compute_output_buffer_2dINS_5arrayI8ap_fixedILi10ELi4EL9ap_q_mode0EL9_7    |   in|   10|     ap_none|    p_ZZN4nnet24compute_output_buffer_2dINS_5arrayI8ap_fixedILi10ELi4EL9ap_q_mode0EL9_7|       pointer|
|p_ZZN4nnet24compute_output_buffer_2dINS_5arrayI8ap_fixedILi10ELi4EL9ap_q_mode0EL9_6    |   in|   10|     ap_none|    p_ZZN4nnet24compute_output_buffer_2dINS_5arrayI8ap_fixedILi10ELi4EL9ap_q_mode0EL9_6|       pointer|
|p_ZZN4nnet24compute_output_buffer_2dINS_5arrayI8ap_fixedILi10ELi4EL9ap_q_mode0EL9_5    |   in|   10|     ap_none|    p_ZZN4nnet24compute_output_buffer_2dINS_5arrayI8ap_fixedILi10ELi4EL9ap_q_mode0EL9_5|       pointer|
|p_ZZN4nnet24compute_output_buffer_2dINS_5arrayI8ap_fixedILi10ELi4EL9ap_q_mode0EL9_4    |   in|   10|     ap_none|    p_ZZN4nnet24compute_output_buffer_2dINS_5arrayI8ap_fixedILi10ELi4EL9ap_q_mode0EL9_4|       pointer|
|p_ZZN4nnet24compute_output_buffer_2dINS_5arrayI8ap_fixedILi10ELi4EL9ap_q_mode0EL9_3    |   in|   10|     ap_none|    p_ZZN4nnet24compute_output_buffer_2dINS_5arrayI8ap_fixedILi10ELi4EL9ap_q_mode0EL9_3|       pointer|
|p_ZZN4nnet24compute_output_buffer_2dINS_5arrayI8ap_fixedILi10ELi4EL9ap_q_mode0EL9_2    |   in|   10|     ap_none|    p_ZZN4nnet24compute_output_buffer_2dINS_5arrayI8ap_fixedILi10ELi4EL9ap_q_mode0EL9_2|       pointer|
|p_ZZN4nnet24compute_output_buffer_2dINS_5arrayI8ap_fixedILi10ELi4EL9ap_q_mode0EL9_1    |   in|   10|     ap_none|    p_ZZN4nnet24compute_output_buffer_2dINS_5arrayI8ap_fixedILi10ELi4EL9ap_q_mode0EL9_1|       pointer|
|p_ZZN4nnet24compute_output_buffer_2dINS_5arrayI8ap_fixedILi10ELi4EL9ap_q_mode0EL9      |   in|   10|     ap_none|      p_ZZN4nnet24compute_output_buffer_2dINS_5arrayI8ap_fixedILi10ELi4EL9ap_q_mode0EL9|       pointer|
|p_ZZN4nnet24compute_output_buffer_2dINS_5arrayI8ap_fixedILi10ELi4EL9ap_q_mode0EL9_116  |   in|   10|     ap_none|  p_ZZN4nnet24compute_output_buffer_2dINS_5arrayI8ap_fixedILi10ELi4EL9ap_q_mode0EL9_116|       pointer|
|p_ZZN4nnet24compute_output_buffer_2dINS_5arrayI8ap_fixedILi10ELi4EL9ap_q_mode0EL9_117  |   in|   10|     ap_none|  p_ZZN4nnet24compute_output_buffer_2dINS_5arrayI8ap_fixedILi10ELi4EL9ap_q_mode0EL9_117|       pointer|
|p_ZZN4nnet24compute_output_buffer_2dINS_5arrayI8ap_fixedILi10ELi4EL9ap_q_mode0EL9_118  |   in|   10|     ap_none|  p_ZZN4nnet24compute_output_buffer_2dINS_5arrayI8ap_fixedILi10ELi4EL9ap_q_mode0EL9_118|       pointer|
|p_ZZN4nnet24compute_output_buffer_2dINS_5arrayI8ap_fixedILi10ELi4EL9ap_q_mode0EL9_119  |   in|   10|     ap_none|  p_ZZN4nnet24compute_output_buffer_2dINS_5arrayI8ap_fixedILi10ELi4EL9ap_q_mode0EL9_119|       pointer|
|p_ZZN4nnet24compute_output_buffer_2dINS_5arrayI8ap_fixedILi10ELi4EL9ap_q_mode0EL9_120  |   in|   10|     ap_none|  p_ZZN4nnet24compute_output_buffer_2dINS_5arrayI8ap_fixedILi10ELi4EL9ap_q_mode0EL9_120|       pointer|
|p_ZZN4nnet24compute_output_buffer_2dINS_5arrayI8ap_fixedILi10ELi4EL9ap_q_mode0EL9_121  |   in|   10|     ap_none|  p_ZZN4nnet24compute_output_buffer_2dINS_5arrayI8ap_fixedILi10ELi4EL9ap_q_mode0EL9_121|       pointer|
|p_ZZN4nnet24compute_output_buffer_2dINS_5arrayI8ap_fixedILi10ELi4EL9ap_q_mode0EL9_122  |   in|   10|     ap_none|  p_ZZN4nnet24compute_output_buffer_2dINS_5arrayI8ap_fixedILi10ELi4EL9ap_q_mode0EL9_122|       pointer|
|p_ZZN4nnet24compute_output_buffer_2dINS_5arrayI8ap_fixedILi10ELi4EL9ap_q_mode0EL9_123  |   in|   10|     ap_none|  p_ZZN4nnet24compute_output_buffer_2dINS_5arrayI8ap_fixedILi10ELi4EL9ap_q_mode0EL9_123|       pointer|
|p_ZZN4nnet24compute_output_buffer_2dINS_5arrayI8ap_fixedILi10ELi4EL9ap_q_mode0EL9_124  |   in|   10|     ap_none|  p_ZZN4nnet24compute_output_buffer_2dINS_5arrayI8ap_fixedILi10ELi4EL9ap_q_mode0EL9_124|       pointer|
|p_ZZN4nnet24compute_output_buffer_2dINS_5arrayI8ap_fixedILi10ELi4EL9ap_q_mode0EL9_125  |   in|   10|     ap_none|  p_ZZN4nnet24compute_output_buffer_2dINS_5arrayI8ap_fixedILi10ELi4EL9ap_q_mode0EL9_125|       pointer|
|p_ZZN4nnet24compute_output_buffer_2dINS_5arrayI8ap_fixedILi10ELi4EL9ap_q_mode0EL9_127  |   in|   10|     ap_none|  p_ZZN4nnet24compute_output_buffer_2dINS_5arrayI8ap_fixedILi10ELi4EL9ap_q_mode0EL9_127|       pointer|
|p_ZZN4nnet24compute_output_buffer_2dINS_5arrayI8ap_fixedILi10ELi4EL9ap_q_mode0EL9_128  |   in|   10|     ap_none|  p_ZZN4nnet24compute_output_buffer_2dINS_5arrayI8ap_fixedILi10ELi4EL9ap_q_mode0EL9_128|       pointer|
|p_ZZN4nnet24compute_output_buffer_2dINS_5arrayI8ap_fixedILi10ELi4EL9ap_q_mode0EL9_129  |   in|   10|     ap_none|  p_ZZN4nnet24compute_output_buffer_2dINS_5arrayI8ap_fixedILi10ELi4EL9ap_q_mode0EL9_129|       pointer|
|p_ZZN4nnet24compute_output_buffer_2dINS_5arrayI8ap_fixedILi10ELi4EL9ap_q_mode0EL9_130  |   in|   10|     ap_none|  p_ZZN4nnet24compute_output_buffer_2dINS_5arrayI8ap_fixedILi10ELi4EL9ap_q_mode0EL9_130|       pointer|
|p_ZZN4nnet24compute_output_buffer_2dINS_5arrayI8ap_fixedILi10ELi4EL9ap_q_mode0EL9_99   |   in|   10|     ap_none|   p_ZZN4nnet24compute_output_buffer_2dINS_5arrayI8ap_fixedILi10ELi4EL9ap_q_mode0EL9_99|       pointer|
|p_ZZN4nnet24compute_output_buffer_2dINS_5arrayI8ap_fixedILi10ELi4EL9ap_q_mode0EL9_98   |   in|   10|     ap_none|   p_ZZN4nnet24compute_output_buffer_2dINS_5arrayI8ap_fixedILi10ELi4EL9ap_q_mode0EL9_98|       pointer|
|p_ZZN4nnet24compute_output_buffer_2dINS_5arrayI8ap_fixedILi10ELi4EL9ap_q_mode0EL9_97   |   in|   10|     ap_none|   p_ZZN4nnet24compute_output_buffer_2dINS_5arrayI8ap_fixedILi10ELi4EL9ap_q_mode0EL9_97|       pointer|
|p_ZZN4nnet24compute_output_buffer_2dINS_5arrayI8ap_fixedILi10ELi4EL9ap_q_mode0EL9_96   |   in|   10|     ap_none|   p_ZZN4nnet24compute_output_buffer_2dINS_5arrayI8ap_fixedILi10ELi4EL9ap_q_mode0EL9_96|       pointer|
|p_ZZN4nnet24compute_output_buffer_2dINS_5arrayI8ap_fixedILi10ELi4EL9ap_q_mode0EL9_95   |   in|   10|     ap_none|   p_ZZN4nnet24compute_output_buffer_2dINS_5arrayI8ap_fixedILi10ELi4EL9ap_q_mode0EL9_95|       pointer|
|p_ZZN4nnet24compute_output_buffer_2dINS_5arrayI8ap_fixedILi10ELi4EL9ap_q_mode0EL9_94   |   in|   10|     ap_none|   p_ZZN4nnet24compute_output_buffer_2dINS_5arrayI8ap_fixedILi10ELi4EL9ap_q_mode0EL9_94|       pointer|
|p_ZZN4nnet24compute_output_buffer_2dINS_5arrayI8ap_fixedILi10ELi4EL9ap_q_mode0EL9_92   |   in|   10|     ap_none|   p_ZZN4nnet24compute_output_buffer_2dINS_5arrayI8ap_fixedILi10ELi4EL9ap_q_mode0EL9_92|       pointer|
|p_ZZN4nnet24compute_output_buffer_2dINS_5arrayI8ap_fixedILi10ELi4EL9ap_q_mode0EL9_91   |   in|   10|     ap_none|   p_ZZN4nnet24compute_output_buffer_2dINS_5arrayI8ap_fixedILi10ELi4EL9ap_q_mode0EL9_91|       pointer|
|p_ZZN4nnet24compute_output_buffer_2dINS_5arrayI8ap_fixedILi10ELi4EL9ap_q_mode0EL9_90   |   in|   10|     ap_none|   p_ZZN4nnet24compute_output_buffer_2dINS_5arrayI8ap_fixedILi10ELi4EL9ap_q_mode0EL9_90|       pointer|
|p_ZZN4nnet24compute_output_buffer_2dINS_5arrayI8ap_fixedILi10ELi4EL9ap_q_mode0EL9_89   |   in|   10|     ap_none|   p_ZZN4nnet24compute_output_buffer_2dINS_5arrayI8ap_fixedILi10ELi4EL9ap_q_mode0EL9_89|       pointer|
|p_ZZN4nnet24compute_output_buffer_2dINS_5arrayI8ap_fixedILi10ELi4EL9ap_q_mode0EL9_88   |   in|   10|     ap_none|   p_ZZN4nnet24compute_output_buffer_2dINS_5arrayI8ap_fixedILi10ELi4EL9ap_q_mode0EL9_88|       pointer|
|p_ZZN4nnet24compute_output_buffer_2dINS_5arrayI8ap_fixedILi10ELi4EL9ap_q_mode0EL9_87   |   in|   10|     ap_none|   p_ZZN4nnet24compute_output_buffer_2dINS_5arrayI8ap_fixedILi10ELi4EL9ap_q_mode0EL9_87|       pointer|
+---------------------------------------------------------------------------------------+-----+-----+------------+---------------------------------------------------------------------------------------+--------------+

