

================================================================
== Vitis HLS Report for 'shift_line_buffer_array_ap_fixed_10_4_0_3_0_14u_config8_s'
================================================================
* Date:           Tue May  5 04:59:07 2026

* Version:        2025.2 (Build 6295257 on Nov 14 2025)
* Project:        cifar10_axis_wrapper_prj
* Solution:       solution1 (Vivado IP Flow Target)
* Product family: zynq
* Target device:  xc7z010-clg400-1


================================================================
== Performance Estimates
================================================================
+ Timing: 
    * Summary: 
    +--------+----------+----------+------------+
    |  Clock |  Target  | Estimated| Uncertainty|
    +--------+----------+----------+------------+
    |ap_clk  |  10.00 ns|  3.234 ns|     2.70 ns|
    +--------+----------+----------+------------+

+ Latency: 
    * Summary: 
    +---------+---------+----------+----------+-----+-----+---------+
    |  Latency (cycles) |  Latency (absolute) |  Interval | Pipeline|
    |   min   |   max   |    min   |    max   | min | max |   Type  |
    +---------+---------+----------+----------+-----+-----+---------+
    |        0|        0|      0 ns|      0 ns|    1|    1|      yes|
    +---------+---------+----------+----------+-----+-----+---------+

    + Detail: 
        * Instance: 
        N/A

        * Loop: 
        N/A



================================================================
== Utilization Estimates
================================================================
* Summary: 
+-----------------+---------+----+-------+-------+-----+
|       Name      | BRAM_18K| DSP|   FF  |  LUT  | URAM|
+-----------------+---------+----+-------+-------+-----+
|DSP              |        -|   -|      -|      -|    -|
|Expression       |        -|   -|      -|      -|    -|
|FIFO             |        -|   -|      -|      -|    -|
|Instance         |        -|   -|      -|      -|    -|
|Memory           |        -|   -|   1792|    896|    -|
|Multiplexer      |        -|   -|      0|    756|    -|
|Register         |        -|   -|      1|      -|    -|
+-----------------+---------+----+-------+-------+-----+
|Total            |        0|   0|   1793|   1652|    0|
+-----------------+---------+----+-------+-------+-----+
|Available        |      120|  80|  35200|  17600|    0|
+-----------------+---------+----+-------+-------+-----+
|Utilization (%)  |        0|   0|      5|      9|    0|
+-----------------+---------+----+-------+-------+-----+

+ Detail: 
    * Instance: 
    N/A

    * DSP: 
    N/A

    * Memory: 
    +----------------------------------------------------------------------------------------+----------------------------------------------------------------------------------+---------+----+----+-----+------+-----+------+-------------+
    |                                         Memory                                         |                                      Module                                      | BRAM_18K| FF | LUT| URAM| Words| Bits| Banks| W*Bits*Banks|
    +----------------------------------------------------------------------------------------+----------------------------------------------------------------------------------+---------+----+----+-----+------+-----+------+-------------+
    |p_ZZN4nnet17conv_2d_buffer_clINS_5arrayI8ap_fixedILi10ELi4EL9ap_q_mode0EL9ap_o_mo_27_U  |shift_line_buffer_array_ap_fixed_10_4_0_3_0_14u_config8_s_p_ZZN4nnet17conv_2dBew  |        0|  64|  32|    0|     6|   10|     1|           60|
    |p_ZZN4nnet17conv_2d_buffer_clINS_5arrayI8ap_fixedILi10ELi4EL9ap_q_mode0EL9ap_o_mo_13_U  |shift_line_buffer_array_ap_fixed_10_4_0_3_0_14u_config8_s_p_ZZN4nnet17conv_2dBew  |        0|  64|  32|    0|     6|   10|     1|           60|
    |p_ZZN4nnet17conv_2d_buffer_clINS_5arrayI8ap_fixedILi10ELi4EL9ap_q_mode0EL9ap_o_mo_26_U  |shift_line_buffer_array_ap_fixed_10_4_0_3_0_14u_config8_s_p_ZZN4nnet17conv_2dBew  |        0|  64|  32|    0|     6|   10|     1|           60|
    |p_ZZN4nnet17conv_2d_buffer_clINS_5arrayI8ap_fixedILi10ELi4EL9ap_q_mode0EL9ap_o_mo_12_U  |shift_line_buffer_array_ap_fixed_10_4_0_3_0_14u_config8_s_p_ZZN4nnet17conv_2dBew  |        0|  64|  32|    0|     6|   10|     1|           60|
    |p_ZZN4nnet17conv_2d_buffer_clINS_5arrayI8ap_fixedILi10ELi4EL9ap_q_mode0EL9ap_o_mo_21_U  |shift_line_buffer_array_ap_fixed_10_4_0_3_0_14u_config8_s_p_ZZN4nnet17conv_2dBew  |        0|  64|  32|    0|     6|   10|     1|           60|
    |p_ZZN4nnet17conv_2d_buffer_clINS_5arrayI8ap_fixedILi10ELi4EL9ap_q_mode0EL9ap_o_mo_7_U   |shift_line_buffer_array_ap_fixed_10_4_0_3_0_14u_config8_s_p_ZZN4nnet17conv_2dBew  |        0|  64|  32|    0|     6|   10|     1|           60|
    |p_ZZN4nnet17conv_2d_buffer_clINS_5arrayI8ap_fixedILi10ELi4EL9ap_q_mode0EL9ap_o_mo_20_U  |shift_line_buffer_array_ap_fixed_10_4_0_3_0_14u_config8_s_p_ZZN4nnet17conv_2dBew  |        0|  64|  32|    0|     6|   10|     1|           60|
    |p_ZZN4nnet17conv_2d_buffer_clINS_5arrayI8ap_fixedILi10ELi4EL9ap_q_mode0EL9ap_o_mo_6_U   |shift_line_buffer_array_ap_fixed_10_4_0_3_0_14u_config8_s_p_ZZN4nnet17conv_2dBew  |        0|  64|  32|    0|     6|   10|     1|           60|
    |p_ZZN4nnet17conv_2d_buffer_clINS_5arrayI8ap_fixedILi10ELi4EL9ap_q_mode0EL9ap_o_mo_19_U  |shift_line_buffer_array_ap_fixed_10_4_0_3_0_14u_config8_s_p_ZZN4nnet17conv_2dBew  |        0|  64|  32|    0|     6|   10|     1|           60|
    |p_ZZN4nnet17conv_2d_buffer_clINS_5arrayI8ap_fixedILi10ELi4EL9ap_q_mode0EL9ap_o_mo_5_U   |shift_line_buffer_array_ap_fixed_10_4_0_3_0_14u_config8_s_p_ZZN4nnet17conv_2dBew  |        0|  64|  32|    0|     6|   10|     1|           60|
    |p_ZZN4nnet17conv_2d_buffer_clINS_5arrayI8ap_fixedILi10ELi4EL9ap_q_mode0EL9ap_o_mo_18_U  |shift_line_buffer_array_ap_fixed_10_4_0_3_0_14u_config8_s_p_ZZN4nnet17conv_2dBew  |        0|  64|  32|    0|     6|   10|     1|           60|
    |p_ZZN4nnet17conv_2d_buffer_clINS_5arrayI8ap_fixedILi10ELi4EL9ap_q_mode0EL9ap_o_mo_4_U   |shift_line_buffer_array_ap_fixed_10_4_0_3_0_14u_config8_s_p_ZZN4nnet17conv_2dBew  |        0|  64|  32|    0|     6|   10|     1|           60|
    |p_ZZN4nnet17conv_2d_buffer_clINS_5arrayI8ap_fixedILi10ELi4EL9ap_q_mode0EL9ap_o_mo_17_U  |shift_line_buffer_array_ap_fixed_10_4_0_3_0_14u_config8_s_p_ZZN4nnet17conv_2dBew  |        0|  64|  32|    0|     6|   10|     1|           60|
    |p_ZZN4nnet17conv_2d_buffer_clINS_5arrayI8ap_fixedILi10ELi4EL9ap_q_mode0EL9ap_o_mo_3_U   |shift_line_buffer_array_ap_fixed_10_4_0_3_0_14u_config8_s_p_ZZN4nnet17conv_2dBew  |        0|  64|  32|    0|     6|   10|     1|           60|
    |p_ZZN4nnet17conv_2d_buffer_clINS_5arrayI8ap_fixedILi10ELi4EL9ap_q_mode0EL9ap_o_mo_16_U  |shift_line_buffer_array_ap_fixed_10_4_0_3_0_14u_config8_s_p_ZZN4nnet17conv_2dBew  |        0|  64|  32|    0|     6|   10|     1|           60|
    |p_ZZN4nnet17conv_2d_buffer_clINS_5arrayI8ap_fixedILi10ELi4EL9ap_q_mode0EL9ap_o_mo_2_U   |shift_line_buffer_array_ap_fixed_10_4_0_3_0_14u_config8_s_p_ZZN4nnet17conv_2dBew  |        0|  64|  32|    0|     6|   10|     1|           60|
    |p_ZZN4nnet17conv_2d_buffer_clINS_5arrayI8ap_fixedILi10ELi4EL9ap_q_mode0EL9ap_o_mo_15_U  |shift_line_buffer_array_ap_fixed_10_4_0_3_0_14u_config8_s_p_ZZN4nnet17conv_2dBew  |        0|  64|  32|    0|     6|   10|     1|           60|
    |p_ZZN4nnet17conv_2d_buffer_clINS_5arrayI8ap_fixedILi10ELi4EL9ap_q_mode0EL9ap_o_mo_1_U   |shift_line_buffer_array_ap_fixed_10_4_0_3_0_14u_config8_s_p_ZZN4nnet17conv_2dBew  |        0|  64|  32|    0|     6|   10|     1|           60|
    |p_ZZN4nnet17conv_2d_buffer_clINS_5arrayI8ap_fixedILi10ELi4EL9ap_q_mode0EL9ap_o_mo_14_U  |shift_line_buffer_array_ap_fixed_10_4_0_3_0_14u_config8_s_p_ZZN4nnet17conv_2dBew  |        0|  64|  32|    0|     6|   10|     1|           60|
    |p_ZZN4nnet17conv_2d_buffer_clINS_5arrayI8ap_fixedILi10ELi4EL9ap_q_mode0EL9ap_o_mo_U     |shift_line_buffer_array_ap_fixed_10_4_0_3_0_14u_config8_s_p_ZZN4nnet17conv_2dBew  |        0|  64|  32|    0|     6|   10|     1|           60|
    |p_ZZN4nnet17conv_2d_buffer_clINS_5arrayI8ap_fixedILi10ELi4EL9ap_q_mode0EL9ap_o_mo_25_U  |shift_line_buffer_array_ap_fixed_10_4_0_3_0_14u_config8_s_p_ZZN4nnet17conv_2dBew  |        0|  64|  32|    0|     6|   10|     1|           60|
    |p_ZZN4nnet17conv_2d_buffer_clINS_5arrayI8ap_fixedILi10ELi4EL9ap_q_mode0EL9ap_o_mo_11_U  |shift_line_buffer_array_ap_fixed_10_4_0_3_0_14u_config8_s_p_ZZN4nnet17conv_2dBew  |        0|  64|  32|    0|     6|   10|     1|           60|
    |p_ZZN4nnet17conv_2d_buffer_clINS_5arrayI8ap_fixedILi10ELi4EL9ap_q_mode0EL9ap_o_mo_24_U  |shift_line_buffer_array_ap_fixed_10_4_0_3_0_14u_config8_s_p_ZZN4nnet17conv_2dBew  |        0|  64|  32|    0|     6|   10|     1|           60|
    |p_ZZN4nnet17conv_2d_buffer_clINS_5arrayI8ap_fixedILi10ELi4EL9ap_q_mode0EL9ap_o_mo_10_U  |shift_line_buffer_array_ap_fixed_10_4_0_3_0_14u_config8_s_p_ZZN4nnet17conv_2dBew  |        0|  64|  32|    0|     6|   10|     1|           60|
    |p_ZZN4nnet17conv_2d_buffer_clINS_5arrayI8ap_fixedILi10ELi4EL9ap_q_mode0EL9ap_o_mo_23_U  |shift_line_buffer_array_ap_fixed_10_4_0_3_0_14u_config8_s_p_ZZN4nnet17conv_2dBew  |        0|  64|  32|    0|     6|   10|     1|           60|
    |p_ZZN4nnet17conv_2d_buffer_clINS_5arrayI8ap_fixedILi10ELi4EL9ap_q_mode0EL9ap_o_mo_9_U   |shift_line_buffer_array_ap_fixed_10_4_0_3_0_14u_config8_s_p_ZZN4nnet17conv_2dBew  |        0|  64|  32|    0|     6|   10|     1|           60|
    |p_ZZN4nnet17conv_2d_buffer_clINS_5arrayI8ap_fixedILi10ELi4EL9ap_q_mode0EL9ap_o_mo_22_U  |shift_line_buffer_array_ap_fixed_10_4_0_3_0_14u_config8_s_p_ZZN4nnet17conv_2dBew  |        0|  64|  32|    0|     6|   10|     1|           60|
    |p_ZZN4nnet17conv_2d_buffer_clINS_5arrayI8ap_fixedILi10ELi4EL9ap_q_mode0EL9ap_o_mo_8_U   |shift_line_buffer_array_ap_fixed_10_4_0_3_0_14u_config8_s_p_ZZN4nnet17conv_2dBew  |        0|  64|  32|    0|     6|   10|     1|           60|
    +----------------------------------------------------------------------------------------+----------------------------------------------------------------------------------+---------+----+----+-----+------+-----+------+-------------+
    |Total                                                                                   |                                                                                  |        0|1792| 896|    0|   168|  280|    28|         1680|
    +----------------------------------------------------------------------------------------+----------------------------------------------------------------------------------+---------+----+----+-----+------+-----+------+-------------+

    * FIFO: 
    N/A

    * Expression: 
    N/A

    * Multiplexer: 
    +-----------------------------------------------------------------------------------------+----+-----------+-----+-----------+
    |                                           Name                                          | LUT| Input Size| Bits| Total Bits|
    +-----------------------------------------------------------------------------------------+----+-----------+-----+-----------+
    |p_ZZN4nnet24compute_output_buffer_2dINS_5arrayI8ap_fixedILi10ELi4EL9ap_q_mode0EL9_116_o  |   9|          2|   10|         20|
    |p_ZZN4nnet24compute_output_buffer_2dINS_5arrayI8ap_fixedILi10ELi4EL9ap_q_mode0EL9_117_o  |   9|          2|   10|         20|
    |p_ZZN4nnet24compute_output_buffer_2dINS_5arrayI8ap_fixedILi10ELi4EL9ap_q_mode0EL9_118_o  |   9|          2|   10|         20|
    |p_ZZN4nnet24compute_output_buffer_2dINS_5arrayI8ap_fixedILi10ELi4EL9ap_q_mode0EL9_119_o  |   9|          2|   10|         20|
    |p_ZZN4nnet24compute_output_buffer_2dINS_5arrayI8ap_fixedILi10ELi4EL9ap_q_mode0EL9_120_o  |   9|          2|   10|         20|
    |p_ZZN4nnet24compute_output_buffer_2dINS_5arrayI8ap_fixedILi10ELi4EL9ap_q_mode0EL9_121_o  |   9|          2|   10|         20|
    |p_ZZN4nnet24compute_output_buffer_2dINS_5arrayI8ap_fixedILi10ELi4EL9ap_q_mode0EL9_122_o  |   9|          2|   10|         20|
    |p_ZZN4nnet24compute_output_buffer_2dINS_5arrayI8ap_fixedILi10ELi4EL9ap_q_mode0EL9_123_o  |   9|          2|   10|         20|
    |p_ZZN4nnet24compute_output_buffer_2dINS_5arrayI8ap_fixedILi10ELi4EL9ap_q_mode0EL9_124_o  |   9|          2|   10|         20|
    |p_ZZN4nnet24compute_output_buffer_2dINS_5arrayI8ap_fixedILi10ELi4EL9ap_q_mode0EL9_125_o  |   9|          2|   10|         20|
    |p_ZZN4nnet24compute_output_buffer_2dINS_5arrayI8ap_fixedILi10ELi4EL9ap_q_mode0EL9_127_o  |   9|          2|   10|         20|
    |p_ZZN4nnet24compute_output_buffer_2dINS_5arrayI8ap_fixedILi10ELi4EL9ap_q_mode0EL9_128_o  |   9|          2|   10|         20|
    |p_ZZN4nnet24compute_output_buffer_2dINS_5arrayI8ap_fixedILi10ELi4EL9ap_q_mode0EL9_129_o  |   9|          2|   10|         20|
    |p_ZZN4nnet24compute_output_buffer_2dINS_5arrayI8ap_fixedILi10ELi4EL9ap_q_mode0EL9_130_o  |   9|          2|   10|         20|
    |p_ZZN4nnet24compute_output_buffer_2dINS_5arrayI8ap_fixedILi10ELi4EL9ap_q_mode0EL9_16_o   |   9|          2|   10|         20|
    |p_ZZN4nnet24compute_output_buffer_2dINS_5arrayI8ap_fixedILi10ELi4EL9ap_q_mode0EL9_17_o   |   9|          2|   10|         20|
    |p_ZZN4nnet24compute_output_buffer_2dINS_5arrayI8ap_fixedILi10ELi4EL9ap_q_mode0EL9_18_o   |   9|          2|   10|         20|
    |p_ZZN4nnet24compute_output_buffer_2dINS_5arrayI8ap_fixedILi10ELi4EL9ap_q_mode0EL9_19_o   |   9|          2|   10|         20|
    |p_ZZN4nnet24compute_output_buffer_2dINS_5arrayI8ap_fixedILi10ELi4EL9ap_q_mode0EL9_1_o    |   9|          2|   10|         20|
    |p_ZZN4nnet24compute_output_buffer_2dINS_5arrayI8ap_fixedILi10ELi4EL9ap_q_mode0EL9_20_o   |   9|          2|   10|         20|
    |p_ZZN4nnet24compute_output_buffer_2dINS_5arrayI8ap_fixedILi10ELi4EL9ap_q_mode0EL9_21_o   |   9|          2|   10|         20|
    |p_ZZN4nnet24compute_output_buffer_2dINS_5arrayI8ap_fixedILi10ELi4EL9ap_q_mode0EL9_22_o   |   9|          2|   10|         20|
    |p_ZZN4nnet24compute_output_buffer_2dINS_5arrayI8ap_fixedILi10ELi4EL9ap_q_mode0EL9_23_o   |   9|          2|   10|         20|
    |p_ZZN4nnet24compute_output_buffer_2dINS_5arrayI8ap_fixedILi10ELi4EL9ap_q_mode0EL9_24_o   |   9|          2|   10|         20|
    |p_ZZN4nnet24compute_output_buffer_2dINS_5arrayI8ap_fixedILi10ELi4EL9ap_q_mode0EL9_25_o   |   9|          2|   10|         20|
    |p_ZZN4nnet24compute_output_buffer_2dINS_5arrayI8ap_fixedILi10ELi4EL9ap_q_mode0EL9_26_o   |   9|          2|   10|         20|
    |p_ZZN4nnet24compute_output_buffer_2dINS_5arrayI8ap_fixedILi10ELi4EL9ap_q_mode0EL9_27_o   |   9|          2|   10|         20|
    |p_ZZN4nnet24compute_output_buffer_2dINS_5arrayI8ap_fixedILi10ELi4EL9ap_q_mode0EL9_28_o   |   9|          2|   10|         20|
    |p_ZZN4nnet24compute_output_buffer_2dINS_5arrayI8ap_fixedILi10ELi4EL9ap_q_mode0EL9_29_o   |   9|          2|   10|         20|
    |p_ZZN4nnet24compute_output_buffer_2dINS_5arrayI8ap_fixedILi10ELi4EL9ap_q_mode0EL9_30_o   |   9|          2|   10|         20|
    |p_ZZN4nnet24compute_output_buffer_2dINS_5arrayI8ap_fixedILi10ELi4EL9ap_q_mode0EL9_31_o   |   9|          2|   10|         20|
    |p_ZZN4nnet24compute_output_buffer_2dINS_5arrayI8ap_fixedILi10ELi4EL9ap_q_mode0EL9_32_o   |   9|          2|   10|         20|
    |p_ZZN4nnet24compute_output_buffer_2dINS_5arrayI8ap_fixedILi10ELi4EL9ap_q_mode0EL9_33_o   |   9|          2|   10|         20|
    |p_ZZN4nnet24compute_output_buffer_2dINS_5arrayI8ap_fixedILi10ELi4EL9ap_q_mode0EL9_34_o   |   9|          2|   10|         20|
    |p_ZZN4nnet24compute_output_buffer_2dINS_5arrayI8ap_fixedILi10ELi4EL9ap_q_mode0EL9_35_o   |   9|          2|   10|         20|
    |p_ZZN4nnet24compute_output_buffer_2dINS_5arrayI8ap_fixedILi10ELi4EL9ap_q_mode0EL9_36_o   |   9|          2|   10|         20|
    |p_ZZN4nnet24compute_output_buffer_2dINS_5arrayI8ap_fixedILi10ELi4EL9ap_q_mode0EL9_37_o   |   9|          2|   10|         20|
    |p_ZZN4nnet24compute_output_buffer_2dINS_5arrayI8ap_fixedILi10ELi4EL9ap_q_mode0EL9_38_o   |   9|          2|   10|         20|
    |p_ZZN4nnet24compute_output_buffer_2dINS_5arrayI8ap_fixedILi10ELi4EL9ap_q_mode0EL9_39_o   |   9|          2|   10|         20|
    |p_ZZN4nnet24compute_output_buffer_2dINS_5arrayI8ap_fixedILi10ELi4EL9ap_q_mode0EL9_40_o   |   9|          2|   10|         20|
    |p_ZZN4nnet24compute_output_buffer_2dINS_5arrayI8ap_fixedILi10ELi4EL9ap_q_mode0EL9_41_o   |   9|          2|   10|         20|
    |p_ZZN4nnet24compute_output_buffer_2dINS_5arrayI8ap_fixedILi10ELi4EL9ap_q_mode0EL9_42_o   |   9|          2|   10|         20|
    |p_ZZN4nnet24compute_output_buffer_2dINS_5arrayI8ap_fixedILi10ELi4EL9ap_q_mode0EL9_43_o   |   9|          2|   10|         20|
    |p_ZZN4nnet24compute_output_buffer_2dINS_5arrayI8ap_fixedILi10ELi4EL9ap_q_mode0EL9_58_o   |   9|          2|   10|         20|
    |p_ZZN4nnet24compute_output_buffer_2dINS_5arrayI8ap_fixedILi10ELi4EL9ap_q_mode0EL9_59_o   |   9|          2|   10|         20|
    |p_ZZN4nnet24compute_output_buffer_2dINS_5arrayI8ap_fixedILi10ELi4EL9ap_q_mode0EL9_60_o   |   9|          2|   10|         20|
    |p_ZZN4nnet24compute_output_buffer_2dINS_5arrayI8ap_fixedILi10ELi4EL9ap_q_mode0EL9_61_o   |   9|          2|   10|         20|
    |p_ZZN4nnet24compute_output_buffer_2dINS_5arrayI8ap_fixedILi10ELi4EL9ap_q_mode0EL9_62_o   |   9|          2|   10|         20|
    |p_ZZN4nnet24compute_output_buffer_2dINS_5arrayI8ap_fixedILi10ELi4EL9ap_q_mode0EL9_63_o   |   9|          2|   10|         20|
    |p_ZZN4nnet24compute_output_buffer_2dINS_5arrayI8ap_fixedILi10ELi4EL9ap_q_mode0EL9_64_o   |   9|          2|   10|         20|
    |p_ZZN4nnet24compute_output_buffer_2dINS_5arrayI8ap_fixedILi10ELi4EL9ap_q_mode0EL9_65_o   |   9|          2|   10|         20|
    |p_ZZN4nnet24compute_output_buffer_2dINS_5arrayI8ap_fixedILi10ELi4EL9ap_q_mode0EL9_66_o   |   9|          2|   10|         20|
    |p_ZZN4nnet24compute_output_buffer_2dINS_5arrayI8ap_fixedILi10ELi4EL9ap_q_mode0EL9_67_o   |   9|          2|   10|         20|
    |p_ZZN4nnet24compute_output_buffer_2dINS_5arrayI8ap_fixedILi10ELi4EL9ap_q_mode0EL9_68_o   |   9|          2|   10|         20|
    |p_ZZN4nnet24compute_output_buffer_2dINS_5arrayI8ap_fixedILi10ELi4EL9ap_q_mode0EL9_69_o   |   9|          2|   10|         20|
    |p_ZZN4nnet24compute_output_buffer_2dINS_5arrayI8ap_fixedILi10ELi4EL9ap_q_mode0EL9_70_o   |   9|          2|   10|         20|
    |p_ZZN4nnet24compute_output_buffer_2dINS_5arrayI8ap_fixedILi10ELi4EL9ap_q_mode0EL9_71_o   |   9|          2|   10|         20|
    |p_ZZN4nnet24compute_output_buffer_2dINS_5arrayI8ap_fixedILi10ELi4EL9ap_q_mode0EL9_72_o   |   9|          2|   10|         20|
    |p_ZZN4nnet24compute_output_buffer_2dINS_5arrayI8ap_fixedILi10ELi4EL9ap_q_mode0EL9_73_o   |   9|          2|   10|         20|
    |p_ZZN4nnet24compute_output_buffer_2dINS_5arrayI8ap_fixedILi10ELi4EL9ap_q_mode0EL9_74_o   |   9|          2|   10|         20|
    |p_ZZN4nnet24compute_output_buffer_2dINS_5arrayI8ap_fixedILi10ELi4EL9ap_q_mode0EL9_75_o   |   9|          2|   10|         20|
    |p_ZZN4nnet24compute_output_buffer_2dINS_5arrayI8ap_fixedILi10ELi4EL9ap_q_mode0EL9_76_o   |   9|          2|   10|         20|
    |p_ZZN4nnet24compute_output_buffer_2dINS_5arrayI8ap_fixedILi10ELi4EL9ap_q_mode0EL9_77_o   |   9|          2|   10|         20|
    |p_ZZN4nnet24compute_output_buffer_2dINS_5arrayI8ap_fixedILi10ELi4EL9ap_q_mode0EL9_78_o   |   9|          2|   10|         20|
    |p_ZZN4nnet24compute_output_buffer_2dINS_5arrayI8ap_fixedILi10ELi4EL9ap_q_mode0EL9_79_o   |   9|          2|   10|         20|
    |p_ZZN4nnet24compute_output_buffer_2dINS_5arrayI8ap_fixedILi10ELi4EL9ap_q_mode0EL9_80_o   |   9|          2|   10|         20|
    |p_ZZN4nnet24compute_output_buffer_2dINS_5arrayI8ap_fixedILi10ELi4EL9ap_q_mode0EL9_81_o   |   9|          2|   10|         20|
    |p_ZZN4nnet24compute_output_buffer_2dINS_5arrayI8ap_fixedILi10ELi4EL9ap_q_mode0EL9_82_o   |   9|          2|   10|         20|
    |p_ZZN4nnet24compute_output_buffer_2dINS_5arrayI8ap_fixedILi10ELi4EL9ap_q_mode0EL9_83_o   |   9|          2|   10|         20|
    |p_ZZN4nnet24compute_output_buffer_2dINS_5arrayI8ap_fixedILi10ELi4EL9ap_q_mode0EL9_84_o   |   9|          2|   10|         20|
    |p_ZZN4nnet24compute_output_buffer_2dINS_5arrayI8ap_fixedILi10ELi4EL9ap_q_mode0EL9_85_o   |   9|          2|   10|         20|
    |p_ZZN4nnet24compute_output_buffer_2dINS_5arrayI8ap_fixedILi10ELi4EL9ap_q_mode0EL9_87_o   |   9|          2|   10|         20|
    |p_ZZN4nnet24compute_output_buffer_2dINS_5arrayI8ap_fixedILi10ELi4EL9ap_q_mode0EL9_88_o   |   9|          2|   10|         20|
    |p_ZZN4nnet24compute_output_buffer_2dINS_5arrayI8ap_fixedILi10ELi4EL9ap_q_mode0EL9_89_o   |   9|          2|   10|         20|
    |p_ZZN4nnet24compute_output_buffer_2dINS_5arrayI8ap_fixedILi10ELi4EL9ap_q_mode0EL9_90_o   |   9|          2|   10|         20|
    |p_ZZN4nnet24compute_output_buffer_2dINS_5arrayI8ap_fixedILi10ELi4EL9ap_q_mode0EL9_91_o   |   9|          2|   10|         20|
    |p_ZZN4nnet24compute_output_buffer_2dINS_5arrayI8ap_fixedILi10ELi4EL9ap_q_mode0EL9_92_o   |   9|          2|   10|         20|
    |p_ZZN4nnet24compute_output_buffer_2dINS_5arrayI8ap_fixedILi10ELi4EL9ap_q_mode0EL9_94_o   |   9|          2|   10|         20|
    |p_ZZN4nnet24compute_output_buffer_2dINS_5arrayI8ap_fixedILi10ELi4EL9ap_q_mode0EL9_95_o   |   9|          2|   10|         20|
    |p_ZZN4nnet24compute_output_buffer_2dINS_5arrayI8ap_fixedILi10ELi4EL9ap_q_mode0EL9_96_o   |   9|          2|   10|         20|
    |p_ZZN4nnet24compute_output_buffer_2dINS_5arrayI8ap_fixedILi10ELi4EL9ap_q_mode0EL9_97_o   |   9|          2|   10|         20|
    |p_ZZN4nnet24compute_output_buffer_2dINS_5arrayI8ap_fixedILi10ELi4EL9ap_q_mode0EL9_98_o   |   9|          2|   10|         20|
    |p_ZZN4nnet24compute_output_buffer_2dINS_5arrayI8ap_fixedILi10ELi4EL9ap_q_mode0EL9_99_o   |   9|          2|   10|         20|
    |p_ZZN4nnet24compute_output_buffer_2dINS_5arrayI8ap_fixedILi10ELi4EL9ap_q_mode0EL9_o      |   9|          2|   10|         20|
    +-----------------------------------------------------------------------------------------+----+-----------+-----+-----------+
    |Total                                                                                    | 756|        168|  840|       1680|
    +-----------------------------------------------------------------------------------------+----+-----------+-----+-----------+

    * Register: 
    +-----------+---+----+-----+-----------+
    |    Name   | FF| LUT| Bits| Const Bits|
    +-----------+---+----+-----+-----------+
    |ap_CS_fsm  |  1|   0|    1|          0|
    +-----------+---+----+-----+-----------+
    |Total      |  1|   0|    1|          0|
    +-----------+---+----+-----+-----------+



================================================================
== Interface
================================================================
* Summary: 
+------------------------------------------------------------------------------------------------+-----+-----+------------+---------------------------------------------------------------------------------------+--------------+
|                                            RTL Ports                                           | Dir | Bits|  Protocol  |                                     Source Object                                     |    C Type    |
+------------------------------------------------------------------------------------------------+-----+-----+------------+---------------------------------------------------------------------------------------+--------------+
|ap_clk                                                                                          |   in|    1|  ap_ctrl_hs|                       shift_line_buffer<array<ap_fixed<10, 4, 0, 3, 0>, 14u>, config8>|  return value|
|ap_rst                                                                                          |   in|    1|  ap_ctrl_hs|                       shift_line_buffer<array<ap_fixed<10, 4, 0, 3, 0>, 14u>, config8>|  return value|
|ap_start                                                                                        |   in|    1|  ap_ctrl_hs|                       shift_line_buffer<array<ap_fixed<10, 4, 0, 3, 0>, 14u>, config8>|  return value|
|ap_done                                                                                         |  out|    1|  ap_ctrl_hs|                       shift_line_buffer<array<ap_fixed<10, 4, 0, 3, 0>, 14u>, config8>|  return value|
|ap_idle                                                                                         |  out|    1|  ap_ctrl_hs|                       shift_line_buffer<array<ap_fixed<10, 4, 0, 3, 0>, 14u>, config8>|  return value|
|ap_ready                                                                                        |  out|    1|  ap_ctrl_hs|                       shift_line_buffer<array<ap_fixed<10, 4, 0, 3, 0>, 14u>, config8>|  return value|
|p_read                                                                                          |   in|   10|     ap_none|                                                                                 p_read|        scalar|
|p_read1                                                                                         |   in|   10|     ap_none|                                                                                p_read1|        scalar|
|p_read2                                                                                         |   in|   10|     ap_none|                                                                                p_read2|        scalar|
|p_read3                                                                                         |   in|   10|     ap_none|                                                                                p_read3|        scalar|
|p_read4                                                                                         |   in|   10|     ap_none|                                                                                p_read4|        scalar|
|p_read5                                                                                         |   in|   10|     ap_none|                                                                                p_read5|        scalar|
|p_read6                                                                                         |   in|   10|     ap_none|                                                                                p_read6|        scalar|
|p_read7                                                                                         |   in|   10|     ap_none|                                                                                p_read7|        scalar|
|p_read8                                                                                         |   in|   10|     ap_none|                                                                                p_read8|        scalar|
|p_read9                                                                                         |   in|   10|     ap_none|                                                                                p_read9|        scalar|
|p_read10                                                                                        |   in|   10|     ap_none|                                                                               p_read10|        scalar|
|p_read11                                                                                        |   in|   10|     ap_none|                                                                               p_read11|        scalar|
|p_read12                                                                                        |   in|   10|     ap_none|                                                                               p_read12|        scalar|
|p_read13                                                                                        |   in|   10|     ap_none|                                                                               p_read13|        scalar|
|p_ZZN4nnet24compute_output_buffer_2dINS_5arrayI8ap_fixedILi10ELi4EL9ap_q_mode0EL9_85_i          |   in|   10|     ap_ovld|   p_ZZN4nnet24compute_output_buffer_2dINS_5arrayI8ap_fixedILi10ELi4EL9ap_q_mode0EL9_85|       pointer|
|p_ZZN4nnet24compute_output_buffer_2dINS_5arrayI8ap_fixedILi10ELi4EL9ap_q_mode0EL9_85_o          |  out|   10|     ap_ovld|   p_ZZN4nnet24compute_output_buffer_2dINS_5arrayI8ap_fixedILi10ELi4EL9ap_q_mode0EL9_85|       pointer|
|p_ZZN4nnet24compute_output_buffer_2dINS_5arrayI8ap_fixedILi10ELi4EL9ap_q_mode0EL9_85_o_ap_vld   |  out|    1|     ap_ovld|   p_ZZN4nnet24compute_output_buffer_2dINS_5arrayI8ap_fixedILi10ELi4EL9ap_q_mode0EL9_85|       pointer|
|void_compute_output_buffer_2d_array_const_ap_shift_reg_n_chan_stream_weig_29                    |  out|   10|      ap_vld|           void_compute_output_buffer_2d_array_const_ap_shift_reg_n_chan_stream_weig_29|       pointer|
|void_compute_output_buffer_2d_array_const_ap_shift_reg_n_chan_stream_weig_29_ap_vld             |  out|    1|      ap_vld|           void_compute_output_buffer_2d_array_const_ap_shift_reg_n_chan_stream_weig_29|       pointer|
|p_ZZN4nnet24compute_output_buffer_2dINS_5arrayI8ap_fixedILi10ELi4EL9ap_q_mode0EL9_84_i          |   in|   10|     ap_ovld|   p_ZZN4nnet24compute_output_buffer_2dINS_5arrayI8ap_fixedILi10ELi4EL9ap_q_mode0EL9_84|       pointer|
|p_ZZN4nnet24compute_output_buffer_2dINS_5arrayI8ap_fixedILi10ELi4EL9ap_q_mode0EL9_84_o          |  out|   10|     ap_ovld|   p_ZZN4nnet24compute_output_buffer_2dINS_5arrayI8ap_fixedILi10ELi4EL9ap_q_mode0EL9_84|       pointer|
|p_ZZN4nnet24compute_output_buffer_2dINS_5arrayI8ap_fixedILi10ELi4EL9ap_q_mode0EL9_84_o_ap_vld   |  out|    1|     ap_ovld|   p_ZZN4nnet24compute_output_buffer_2dINS_5arrayI8ap_fixedILi10ELi4EL9ap_q_mode0EL9_84|       pointer|
|void_compute_output_buffer_2d_array_const_ap_shift_reg_n_chan_stream_weig_28                    |  out|   10|      ap_vld|           void_compute_output_buffer_2d_array_const_ap_shift_reg_n_chan_stream_weig_28|       pointer|
|void_compute_output_buffer_2d_array_const_ap_shift_reg_n_chan_stream_weig_28_ap_vld             |  out|    1|      ap_vld|           void_compute_output_buffer_2d_array_const_ap_shift_reg_n_chan_stream_weig_28|       pointer|
|p_ZZN4nnet24compute_output_buffer_2dINS_5arrayI8ap_fixedILi10ELi4EL9ap_q_mode0EL9_83_i          |   in|   10|     ap_ovld|   p_ZZN4nnet24compute_output_buffer_2dINS_5arrayI8ap_fixedILi10ELi4EL9ap_q_mode0EL9_83|       pointer|
|p_ZZN4nnet24compute_output_buffer_2dINS_5arrayI8ap_fixedILi10ELi4EL9ap_q_mode0EL9_83_o          |  out|   10|     ap_ovld|   p_ZZN4nnet24compute_output_buffer_2dINS_5arrayI8ap_fixedILi10ELi4EL9ap_q_mode0EL9_83|       pointer|
|p_ZZN4nnet24compute_output_buffer_2dINS_5arrayI8ap_fixedILi10ELi4EL9ap_q_mode0EL9_83_o_ap_vld   |  out|    1|     ap_ovld|   p_ZZN4nnet24compute_output_buffer_2dINS_5arrayI8ap_fixedILi10ELi4EL9ap_q_mode0EL9_83|       pointer|
|void_compute_output_buffer_2d_array_const_ap_shift_reg_n_chan_stream_weig_27                    |  out|   10|      ap_vld|           void_compute_output_buffer_2d_array_const_ap_shift_reg_n_chan_stream_weig_27|       pointer|
|void_compute_output_buffer_2d_array_const_ap_shift_reg_n_chan_stream_weig_27_ap_vld             |  out|    1|      ap_vld|           void_compute_output_buffer_2d_array_const_ap_shift_reg_n_chan_stream_weig_27|       pointer|
|p_ZZN4nnet24compute_output_buffer_2dINS_5arrayI8ap_fixedILi10ELi4EL9ap_q_mode0EL9_82_i          |   in|   10|     ap_ovld|   p_ZZN4nnet24compute_output_buffer_2dINS_5arrayI8ap_fixedILi10ELi4EL9ap_q_mode0EL9_82|       pointer|
|p_ZZN4nnet24compute_output_buffer_2dINS_5arrayI8ap_fixedILi10ELi4EL9ap_q_mode0EL9_82_o          |  out|   10|     ap_ovld|   p_ZZN4nnet24compute_output_buffer_2dINS_5arrayI8ap_fixedILi10ELi4EL9ap_q_mode0EL9_82|       pointer|
|p_ZZN4nnet24compute_output_buffer_2dINS_5arrayI8ap_fixedILi10ELi4EL9ap_q_mode0EL9_82_o_ap_vld   |  out|    1|     ap_ovld|   p_ZZN4nnet24compute_output_buffer_2dINS_5arrayI8ap_fixedILi10ELi4EL9ap_q_mode0EL9_82|       pointer|
|void_compute_output_buffer_2d_array_const_ap_shift_reg_n_chan_stream_weig_26                    |  out|   10|      ap_vld|           void_compute_output_buffer_2d_array_const_ap_shift_reg_n_chan_stream_weig_26|       pointer|
|void_compute_output_buffer_2d_array_const_ap_shift_reg_n_chan_stream_weig_26_ap_vld             |  out|    1|      ap_vld|           void_compute_output_buffer_2d_array_const_ap_shift_reg_n_chan_stream_weig_26|       pointer|
|p_ZZN4nnet24compute_output_buffer_2dINS_5arrayI8ap_fixedILi10ELi4EL9ap_q_mode0EL9_81_i          |   in|   10|     ap_ovld|   p_ZZN4nnet24compute_output_buffer_2dINS_5arrayI8ap_fixedILi10ELi4EL9ap_q_mode0EL9_81|       pointer|
|p_ZZN4nnet24compute_output_buffer_2dINS_5arrayI8ap_fixedILi10ELi4EL9ap_q_mode0EL9_81_o          |  out|   10|     ap_ovld|   p_ZZN4nnet24compute_output_buffer_2dINS_5arrayI8ap_fixedILi10ELi4EL9ap_q_mode0EL9_81|       pointer|
|p_ZZN4nnet24compute_output_buffer_2dINS_5arrayI8ap_fixedILi10ELi4EL9ap_q_mode0EL9_81_o_ap_vld   |  out|    1|     ap_ovld|   p_ZZN4nnet24compute_output_buffer_2dINS_5arrayI8ap_fixedILi10ELi4EL9ap_q_mode0EL9_81|       pointer|
|void_compute_output_buffer_2d_array_const_ap_shift_reg_n_chan_stream_weig_25                    |  out|   10|      ap_vld|           void_compute_output_buffer_2d_array_const_ap_shift_reg_n_chan_stream_weig_25|       pointer|
|void_compute_output_buffer_2d_array_const_ap_shift_reg_n_chan_stream_weig_25_ap_vld             |  out|    1|      ap_vld|           void_compute_output_buffer_2d_array_const_ap_shift_reg_n_chan_stream_weig_25|       pointer|
|p_ZZN4nnet24compute_output_buffer_2dINS_5arrayI8ap_fixedILi10ELi4EL9ap_q_mode0EL9_80_i          |   in|   10|     ap_ovld|   p_ZZN4nnet24compute_output_buffer_2dINS_5arrayI8ap_fixedILi10ELi4EL9ap_q_mode0EL9_80|       pointer|
|p_ZZN4nnet24compute_output_buffer_2dINS_5arrayI8ap_fixedILi10ELi4EL9ap_q_mode0EL9_80_o          |  out|   10|     ap_ovld|   p_ZZN4nnet24compute_output_buffer_2dINS_5arrayI8ap_fixedILi10ELi4EL9ap_q_mode0EL9_80|       pointer|
|p_ZZN4nnet24compute_output_buffer_2dINS_5arrayI8ap_fixedILi10ELi4EL9ap_q_mode0EL9_80_o_ap_vld   |  out|    1|     ap_ovld|   p_ZZN4nnet24compute_output_buffer_2dINS_5arrayI8ap_fixedILi10ELi4EL9ap_q_mode0EL9_80|       pointer|
|void_compute_output_buffer_2d_array_const_ap_shift_reg_n_chan_stream_weig_24                    |  out|   10|      ap_vld|           void_compute_output_buffer_2d_array_const_ap_shift_reg_n_chan_stream_weig_24|       pointer|
|void_compute_output_buffer_2d_array_const_ap_shift_reg_n_chan_stream_weig_24_ap_vld             |  out|    1|      ap_vld|           void_compute_output_buffer_2d_array_const_ap_shift_reg_n_chan_stream_weig_24|       pointer|
|p_ZZN4nnet24compute_output_buffer_2dINS_5arrayI8ap_fixedILi10ELi4EL9ap_q_mode0EL9_79_i          |   in|   10|     ap_ovld|   p_ZZN4nnet24compute_output_buffer_2dINS_5arrayI8ap_fixedILi10ELi4EL9ap_q_mode0EL9_79|       pointer|
|p_ZZN4nnet24compute_output_buffer_2dINS_5arrayI8ap_fixedILi10ELi4EL9ap_q_mode0EL9_79_o          |  out|   10|     ap_ovld|   p_ZZN4nnet24compute_output_buffer_2dINS_5arrayI8ap_fixedILi10ELi4EL9ap_q_mode0EL9_79|       pointer|
|p_ZZN4nnet24compute_output_buffer_2dINS_5arrayI8ap_fixedILi10ELi4EL9ap_q_mode0EL9_79_o_ap_vld   |  out|    1|     ap_ovld|   p_ZZN4nnet24compute_output_buffer_2dINS_5arrayI8ap_fixedILi10ELi4EL9ap_q_mode0EL9_79|       pointer|
|void_compute_output_buffer_2d_array_const_ap_shift_reg_n_chan_stream_weig_23                    |  out|   10|      ap_vld|           void_compute_output_buffer_2d_array_const_ap_shift_reg_n_chan_stream_weig_23|       pointer|
|void_compute_output_buffer_2d_array_const_ap_shift_reg_n_chan_stream_weig_23_ap_vld             |  out|    1|      ap_vld|           void_compute_output_buffer_2d_array_const_ap_shift_reg_n_chan_stream_weig_23|       pointer|
|p_ZZN4nnet24compute_output_buffer_2dINS_5arrayI8ap_fixedILi10ELi4EL9ap_q_mode0EL9_78_i          |   in|   10|     ap_ovld|   p_ZZN4nnet24compute_output_buffer_2dINS_5arrayI8ap_fixedILi10ELi4EL9ap_q_mode0EL9_78|       pointer|
|p_ZZN4nnet24compute_output_buffer_2dINS_5arrayI8ap_fixedILi10ELi4EL9ap_q_mode0EL9_78_o          |  out|   10|     ap_ovld|   p_ZZN4nnet24compute_output_buffer_2dINS_5arrayI8ap_fixedILi10ELi4EL9ap_q_mode0EL9_78|       pointer|
|p_ZZN4nnet24compute_output_buffer_2dINS_5arrayI8ap_fixedILi10ELi4EL9ap_q_mode0EL9_78_o_ap_vld   |  out|    1|     ap_ovld|   p_ZZN4nnet24compute_output_buffer_2dINS_5arrayI8ap_fixedILi10ELi4EL9ap_q_mode0EL9_78|       pointer|
|void_compute_output_buffer_2d_array_const_ap_shift_reg_n_chan_stream_weig_22                    |  out|   10|      ap_vld|           void_compute_output_buffer_2d_array_const_ap_shift_reg_n_chan_stream_weig_22|       pointer|
|void_compute_output_buffer_2d_array_const_ap_shift_reg_n_chan_stream_weig_22_ap_vld             |  out|    1|      ap_vld|           void_compute_output_buffer_2d_array_const_ap_shift_reg_n_chan_stream_weig_22|       pointer|
|p_ZZN4nnet24compute_output_buffer_2dINS_5arrayI8ap_fixedILi10ELi4EL9ap_q_mode0EL9_77_i          |   in|   10|     ap_ovld|   p_ZZN4nnet24compute_output_buffer_2dINS_5arrayI8ap_fixedILi10ELi4EL9ap_q_mode0EL9_77|       pointer|
|p_ZZN4nnet24compute_output_buffer_2dINS_5arrayI8ap_fixedILi10ELi4EL9ap_q_mode0EL9_77_o          |  out|   10|     ap_ovld|   p_ZZN4nnet24compute_output_buffer_2dINS_5arrayI8ap_fixedILi10ELi4EL9ap_q_mode0EL9_77|       pointer|
|p_ZZN4nnet24compute_output_buffer_2dINS_5arrayI8ap_fixedILi10ELi4EL9ap_q_mode0EL9_77_o_ap_vld   |  out|    1|     ap_ovld|   p_ZZN4nnet24compute_output_buffer_2dINS_5arrayI8ap_fixedILi10ELi4EL9ap_q_mode0EL9_77|       pointer|
|void_compute_output_buffer_2d_array_const_ap_shift_reg_n_chan_stream_weig_21                    |  out|   10|      ap_vld|           void_compute_output_buffer_2d_array_const_ap_shift_reg_n_chan_stream_weig_21|       pointer|
|void_compute_output_buffer_2d_array_const_ap_shift_reg_n_chan_stream_weig_21_ap_vld             |  out|    1|      ap_vld|           void_compute_output_buffer_2d_array_const_ap_shift_reg_n_chan_stream_weig_21|       pointer|
|p_ZZN4nnet24compute_output_buffer_2dINS_5arrayI8ap_fixedILi10ELi4EL9ap_q_mode0EL9_76_i          |   in|   10|     ap_ovld|   p_ZZN4nnet24compute_output_buffer_2dINS_5arrayI8ap_fixedILi10ELi4EL9ap_q_mode0EL9_76|       pointer|
|p_ZZN4nnet24compute_output_buffer_2dINS_5arrayI8ap_fixedILi10ELi4EL9ap_q_mode0EL9_76_o          |  out|   10|     ap_ovld|   p_ZZN4nnet24compute_output_buffer_2dINS_5arrayI8ap_fixedILi10ELi4EL9ap_q_mode0EL9_76|       pointer|
|p_ZZN4nnet24compute_output_buffer_2dINS_5arrayI8ap_fixedILi10ELi4EL9ap_q_mode0EL9_76_o_ap_vld   |  out|    1|     ap_ovld|   p_ZZN4nnet24compute_output_buffer_2dINS_5arrayI8ap_fixedILi10ELi4EL9ap_q_mode0EL9_76|       pointer|
|void_compute_output_buffer_2d_array_const_ap_shift_reg_n_chan_stream_weig_20                    |  out|   10|      ap_vld|           void_compute_output_buffer_2d_array_const_ap_shift_reg_n_chan_stream_weig_20|       pointer|
|void_compute_output_buffer_2d_array_const_ap_shift_reg_n_chan_stream_weig_20_ap_vld             |  out|    1|      ap_vld|           void_compute_output_buffer_2d_array_const_ap_shift_reg_n_chan_stream_weig_20|       pointer|
|p_ZZN4nnet24compute_output_buffer_2dINS_5arrayI8ap_fixedILi10ELi4EL9ap_q_mode0EL9_75_i          |   in|   10|     ap_ovld|   p_ZZN4nnet24compute_output_buffer_2dINS_5arrayI8ap_fixedILi10ELi4EL9ap_q_mode0EL9_75|       pointer|
|p_ZZN4nnet24compute_output_buffer_2dINS_5arrayI8ap_fixedILi10ELi4EL9ap_q_mode0EL9_75_o          |  out|   10|     ap_ovld|   p_ZZN4nnet24compute_output_buffer_2dINS_5arrayI8ap_fixedILi10ELi4EL9ap_q_mode0EL9_75|       pointer|
|p_ZZN4nnet24compute_output_buffer_2dINS_5arrayI8ap_fixedILi10ELi4EL9ap_q_mode0EL9_75_o_ap_vld   |  out|    1|     ap_ovld|   p_ZZN4nnet24compute_output_buffer_2dINS_5arrayI8ap_fixedILi10ELi4EL9ap_q_mode0EL9_75|       pointer|
|p_ZZN4nnet24compute_output_buffer_2dINS_5arrayI8ap_fixedILi10ELi4EL9ap_q_mode0EL9_115           |  out|   10|      ap_vld|  p_ZZN4nnet24compute_output_buffer_2dINS_5arrayI8ap_fixedILi10ELi4EL9ap_q_mode0EL9_115|       pointer|
|p_ZZN4nnet24compute_output_buffer_2dINS_5arrayI8ap_fixedILi10ELi4EL9ap_q_mode0EL9_115_ap_vld    |  out|    1|      ap_vld|  p_ZZN4nnet24compute_output_buffer_2dINS_5arrayI8ap_fixedILi10ELi4EL9ap_q_mode0EL9_115|       pointer|
|p_ZZN4nnet24compute_output_buffer_2dINS_5arrayI8ap_fixedILi10ELi4EL9ap_q_mode0EL9_74_i          |   in|   10|     ap_ovld|   p_ZZN4nnet24compute_output_buffer_2dINS_5arrayI8ap_fixedILi10ELi4EL9ap_q_mode0EL9_74|       pointer|
|p_ZZN4nnet24compute_output_buffer_2dINS_5arrayI8ap_fixedILi10ELi4EL9ap_q_mode0EL9_74_o          |  out|   10|     ap_ovld|   p_ZZN4nnet24compute_output_buffer_2dINS_5arrayI8ap_fixedILi10ELi4EL9ap_q_mode0EL9_74|       pointer|
|p_ZZN4nnet24compute_output_buffer_2dINS_5arrayI8ap_fixedILi10ELi4EL9ap_q_mode0EL9_74_o_ap_vld   |  out|    1|     ap_ovld|   p_ZZN4nnet24compute_output_buffer_2dINS_5arrayI8ap_fixedILi10ELi4EL9ap_q_mode0EL9_74|       pointer|
|p_ZZN4nnet24compute_output_buffer_2dINS_5arrayI8ap_fixedILi10ELi4EL9ap_q_mode0EL9_126           |  out|   10|      ap_vld|  p_ZZN4nnet24compute_output_buffer_2dINS_5arrayI8ap_fixedILi10ELi4EL9ap_q_mode0EL9_126|       pointer|
|p_ZZN4nnet24compute_output_buffer_2dINS_5arrayI8ap_fixedILi10ELi4EL9ap_q_mode0EL9_126_ap_vld    |  out|    1|      ap_vld|  p_ZZN4nnet24compute_output_buffer_2dINS_5arrayI8ap_fixedILi10ELi4EL9ap_q_mode0EL9_126|       pointer|
|p_ZZN4nnet24compute_output_buffer_2dINS_5arrayI8ap_fixedILi10ELi4EL9ap_q_mode0EL9_73_i          |   in|   10|     ap_ovld|   p_ZZN4nnet24compute_output_buffer_2dINS_5arrayI8ap_fixedILi10ELi4EL9ap_q_mode0EL9_73|       pointer|
|p_ZZN4nnet24compute_output_buffer_2dINS_5arrayI8ap_fixedILi10ELi4EL9ap_q_mode0EL9_73_o          |  out|   10|     ap_ovld|   p_ZZN4nnet24compute_output_buffer_2dINS_5arrayI8ap_fixedILi10ELi4EL9ap_q_mode0EL9_73|       pointer|
|p_ZZN4nnet24compute_output_buffer_2dINS_5arrayI8ap_fixedILi10ELi4EL9ap_q_mode0EL9_73_o_ap_vld   |  out|    1|     ap_ovld|   p_ZZN4nnet24compute_output_buffer_2dINS_5arrayI8ap_fixedILi10ELi4EL9ap_q_mode0EL9_73|       pointer|
|p_ZZN4nnet24compute_output_buffer_2dINS_5arrayI8ap_fixedILi10ELi4EL9ap_q_mode0EL9_93            |  out|   10|      ap_vld|   p_ZZN4nnet24compute_output_buffer_2dINS_5arrayI8ap_fixedILi10ELi4EL9ap_q_mode0EL9_93|       pointer|
|p_ZZN4nnet24compute_output_buffer_2dINS_5arrayI8ap_fixedILi10ELi4EL9ap_q_mode0EL9_93_ap_vld     |  out|    1|      ap_vld|   p_ZZN4nnet24compute_output_buffer_2dINS_5arrayI8ap_fixedILi10ELi4EL9ap_q_mode0EL9_93|       pointer|
|p_ZZN4nnet24compute_output_buffer_2dINS_5arrayI8ap_fixedILi10ELi4EL9ap_q_mode0EL9_72_i          |   in|   10|     ap_ovld|   p_ZZN4nnet24compute_output_buffer_2dINS_5arrayI8ap_fixedILi10ELi4EL9ap_q_mode0EL9_72|       pointer|
|p_ZZN4nnet24compute_output_buffer_2dINS_5arrayI8ap_fixedILi10ELi4EL9ap_q_mode0EL9_72_o          |  out|   10|     ap_ovld|   p_ZZN4nnet24compute_output_buffer_2dINS_5arrayI8ap_fixedILi10ELi4EL9ap_q_mode0EL9_72|       pointer|
|p_ZZN4nnet24compute_output_buffer_2dINS_5arrayI8ap_fixedILi10ELi4EL9ap_q_mode0EL9_72_o_ap_vld   |  out|    1|     ap_ovld|   p_ZZN4nnet24compute_output_buffer_2dINS_5arrayI8ap_fixedILi10ELi4EL9ap_q_mode0EL9_72|       pointer|
|p_ZZN4nnet24compute_output_buffer_2dINS_5arrayI8ap_fixedILi10ELi4EL9ap_q_mode0EL9_86            |  out|   10|      ap_vld|   p_ZZN4nnet24compute_output_buffer_2dINS_5arrayI8ap_fixedILi10ELi4EL9ap_q_mode0EL9_86|       pointer|
|p_ZZN4nnet24compute_output_buffer_2dINS_5arrayI8ap_fixedILi10ELi4EL9ap_q_mode0EL9_86_ap_vld     |  out|    1|      ap_vld|   p_ZZN4nnet24compute_output_buffer_2dINS_5arrayI8ap_fixedILi10ELi4EL9ap_q_mode0EL9_86|       pointer|
|p_ZZN4nnet24compute_output_buffer_2dINS_5arrayI8ap_fixedILi10ELi4EL9ap_q_mode0EL9_43_i          |   in|   10|     ap_ovld|   p_ZZN4nnet24compute_output_buffer_2dINS_5arrayI8ap_fixedILi10ELi4EL9ap_q_mode0EL9_43|       pointer|
|p_ZZN4nnet24compute_output_buffer_2dINS_5arrayI8ap_fixedILi10ELi4EL9ap_q_mode0EL9_43_o          |  out|   10|     ap_ovld|   p_ZZN4nnet24compute_output_buffer_2dINS_5arrayI8ap_fixedILi10ELi4EL9ap_q_mode0EL9_43|       pointer|
|p_ZZN4nnet24compute_output_buffer_2dINS_5arrayI8ap_fixedILi10ELi4EL9ap_q_mode0EL9_43_o_ap_vld   |  out|    1|     ap_ovld|   p_ZZN4nnet24compute_output_buffer_2dINS_5arrayI8ap_fixedILi10ELi4EL9ap_q_mode0EL9_43|       pointer|
|p_ZZN4nnet24compute_output_buffer_2dINS_5arrayI8ap_fixedILi10ELi4EL9ap_q_mode0EL9_57            |  out|   10|      ap_vld|   p_ZZN4nnet24compute_output_buffer_2dINS_5arrayI8ap_fixedILi10ELi4EL9ap_q_mode0EL9_57|       pointer|
|p_ZZN4nnet24compute_output_buffer_2dINS_5arrayI8ap_fixedILi10ELi4EL9ap_q_mode0EL9_57_ap_vld     |  out|    1|      ap_vld|   p_ZZN4nnet24compute_output_buffer_2dINS_5arrayI8ap_fixedILi10ELi4EL9ap_q_mode0EL9_57|       pointer|
|p_ZZN4nnet24compute_output_buffer_2dINS_5arrayI8ap_fixedILi10ELi4EL9ap_q_mode0EL9_42_i          |   in|   10|     ap_ovld|   p_ZZN4nnet24compute_output_buffer_2dINS_5arrayI8ap_fixedILi10ELi4EL9ap_q_mode0EL9_42|       pointer|
|p_ZZN4nnet24compute_output_buffer_2dINS_5arrayI8ap_fixedILi10ELi4EL9ap_q_mode0EL9_42_o          |  out|   10|     ap_ovld|   p_ZZN4nnet24compute_output_buffer_2dINS_5arrayI8ap_fixedILi10ELi4EL9ap_q_mode0EL9_42|       pointer|
|p_ZZN4nnet24compute_output_buffer_2dINS_5arrayI8ap_fixedILi10ELi4EL9ap_q_mode0EL9_42_o_ap_vld   |  out|    1|     ap_ovld|   p_ZZN4nnet24compute_output_buffer_2dINS_5arrayI8ap_fixedILi10ELi4EL9ap_q_mode0EL9_42|       pointer|
|p_ZZN4nnet24compute_output_buffer_2dINS_5arrayI8ap_fixedILi10ELi4EL9ap_q_mode0EL9_56            |  out|   10|      ap_vld|   p_ZZN4nnet24compute_output_buffer_2dINS_5arrayI8ap_fixedILi10ELi4EL9ap_q_mode0EL9_56|       pointer|
|p_ZZN4nnet24compute_output_buffer_2dINS_5arrayI8ap_fixedILi10ELi4EL9ap_q_mode0EL9_56_ap_vld     |  out|    1|      ap_vld|   p_ZZN4nnet24compute_output_buffer_2dINS_5arrayI8ap_fixedILi10ELi4EL9ap_q_mode0EL9_56|       pointer|
|p_ZZN4nnet24compute_output_buffer_2dINS_5arrayI8ap_fixedILi10ELi4EL9ap_q_mode0EL9_41_i          |   in|   10|     ap_ovld|   p_ZZN4nnet24compute_output_buffer_2dINS_5arrayI8ap_fixedILi10ELi4EL9ap_q_mode0EL9_41|       pointer|
|p_ZZN4nnet24compute_output_buffer_2dINS_5arrayI8ap_fixedILi10ELi4EL9ap_q_mode0EL9_41_o          |  out|   10|     ap_ovld|   p_ZZN4nnet24compute_output_buffer_2dINS_5arrayI8ap_fixedILi10ELi4EL9ap_q_mode0EL9_41|       pointer|
|p_ZZN4nnet24compute_output_buffer_2dINS_5arrayI8ap_fixedILi10ELi4EL9ap_q_mode0EL9_41_o_ap_vld   |  out|    1|     ap_ovld|   p_ZZN4nnet24compute_output_buffer_2dINS_5arrayI8ap_fixedILi10ELi4EL9ap_q_mode0EL9_41|       pointer|
|p_ZZN4nnet24compute_output_buffer_2dINS_5arrayI8ap_fixedILi10ELi4EL9ap_q_mode0EL9_55            |  out|   10|      ap_vld|   p_ZZN4nnet24compute_output_buffer_2dINS_5arrayI8ap_fixedILi10ELi4EL9ap_q_mode0EL9_55|       pointer|
|p_ZZN4nnet24compute_output_buffer_2dINS_5arrayI8ap_fixedILi10ELi4EL9ap_q_mode0EL9_55_ap_vld     |  out|    1|      ap_vld|   p_ZZN4nnet24compute_output_buffer_2dINS_5arrayI8ap_fixedILi10ELi4EL9ap_q_mode0EL9_55|       pointer|
|p_ZZN4nnet24compute_output_buffer_2dINS_5arrayI8ap_fixedILi10ELi4EL9ap_q_mode0EL9_40_i          |   in|   10|     ap_ovld|   p_ZZN4nnet24compute_output_buffer_2dINS_5arrayI8ap_fixedILi10ELi4EL9ap_q_mode0EL9_40|       pointer|
|p_ZZN4nnet24compute_output_buffer_2dINS_5arrayI8ap_fixedILi10ELi4EL9ap_q_mode0EL9_40_o          |  out|   10|     ap_ovld|   p_ZZN4nnet24compute_output_buffer_2dINS_5arrayI8ap_fixedILi10ELi4EL9ap_q_mode0EL9_40|       pointer|
|p_ZZN4nnet24compute_output_buffer_2dINS_5arrayI8ap_fixedILi10ELi4EL9ap_q_mode0EL9_40_o_ap_vld   |  out|    1|     ap_ovld|   p_ZZN4nnet24compute_output_buffer_2dINS_5arrayI8ap_fixedILi10ELi4EL9ap_q_mode0EL9_40|       pointer|
|p_ZZN4nnet24compute_output_buffer_2dINS_5arrayI8ap_fixedILi10ELi4EL9ap_q_mode0EL9_54            |  out|   10|      ap_vld|   p_ZZN4nnet24compute_output_buffer_2dINS_5arrayI8ap_fixedILi10ELi4EL9ap_q_mode0EL9_54|       pointer|
|p_ZZN4nnet24compute_output_buffer_2dINS_5arrayI8ap_fixedILi10ELi4EL9ap_q_mode0EL9_54_ap_vld     |  out|    1|      ap_vld|   p_ZZN4nnet24compute_output_buffer_2dINS_5arrayI8ap_fixedILi10ELi4EL9ap_q_mode0EL9_54|       pointer|
|p_ZZN4nnet24compute_output_buffer_2dINS_5arrayI8ap_fixedILi10ELi4EL9ap_q_mode0EL9_39_i          |   in|   10|     ap_ovld|   p_ZZN4nnet24compute_output_buffer_2dINS_5arrayI8ap_fixedILi10ELi4EL9ap_q_mode0EL9_39|       pointer|
|p_ZZN4nnet24compute_output_buffer_2dINS_5arrayI8ap_fixedILi10ELi4EL9ap_q_mode0EL9_39_o          |  out|   10|     ap_ovld|   p_ZZN4nnet24compute_output_buffer_2dINS_5arrayI8ap_fixedILi10ELi4EL9ap_q_mode0EL9_39|       pointer|
|p_ZZN4nnet24compute_output_buffer_2dINS_5arrayI8ap_fixedILi10ELi4EL9ap_q_mode0EL9_39_o_ap_vld   |  out|    1|     ap_ovld|   p_ZZN4nnet24compute_output_buffer_2dINS_5arrayI8ap_fixedILi10ELi4EL9ap_q_mode0EL9_39|       pointer|
|p_ZZN4nnet24compute_output_buffer_2dINS_5arrayI8ap_fixedILi10ELi4EL9ap_q_mode0EL9_53            |  out|   10|      ap_vld|   p_ZZN4nnet24compute_output_buffer_2dINS_5arrayI8ap_fixedILi10ELi4EL9ap_q_mode0EL9_53|       pointer|
|p_ZZN4nnet24compute_output_buffer_2dINS_5arrayI8ap_fixedILi10ELi4EL9ap_q_mode0EL9_53_ap_vld     |  out|    1|      ap_vld|   p_ZZN4nnet24compute_output_buffer_2dINS_5arrayI8ap_fixedILi10ELi4EL9ap_q_mode0EL9_53|       pointer|
|p_ZZN4nnet24compute_output_buffer_2dINS_5arrayI8ap_fixedILi10ELi4EL9ap_q_mode0EL9_38_i          |   in|   10|     ap_ovld|   p_ZZN4nnet24compute_output_buffer_2dINS_5arrayI8ap_fixedILi10ELi4EL9ap_q_mode0EL9_38|       pointer|
|p_ZZN4nnet24compute_output_buffer_2dINS_5arrayI8ap_fixedILi10ELi4EL9ap_q_mode0EL9_38_o          |  out|   10|     ap_ovld|   p_ZZN4nnet24compute_output_buffer_2dINS_5arrayI8ap_fixedILi10ELi4EL9ap_q_mode0EL9_38|       pointer|
|p_ZZN4nnet24compute_output_buffer_2dINS_5arrayI8ap_fixedILi10ELi4EL9ap_q_mode0EL9_38_o_ap_vld   |  out|    1|     ap_ovld|   p_ZZN4nnet24compute_output_buffer_2dINS_5arrayI8ap_fixedILi10ELi4EL9ap_q_mode0EL9_38|       pointer|
|p_ZZN4nnet24compute_output_buffer_2dINS_5arrayI8ap_fixedILi10ELi4EL9ap_q_mode0EL9_52            |  out|   10|      ap_vld|   p_ZZN4nnet24compute_output_buffer_2dINS_5arrayI8ap_fixedILi10ELi4EL9ap_q_mode0EL9_52|       pointer|
|p_ZZN4nnet24compute_output_buffer_2dINS_5arrayI8ap_fixedILi10ELi4EL9ap_q_mode0EL9_52_ap_vld     |  out|    1|      ap_vld|   p_ZZN4nnet24compute_output_buffer_2dINS_5arrayI8ap_fixedILi10ELi4EL9ap_q_mode0EL9_52|       pointer|
|p_ZZN4nnet24compute_output_buffer_2dINS_5arrayI8ap_fixedILi10ELi4EL9ap_q_mode0EL9_37_i          |   in|   10|     ap_ovld|   p_ZZN4nnet24compute_output_buffer_2dINS_5arrayI8ap_fixedILi10ELi4EL9ap_q_mode0EL9_37|       pointer|
|p_ZZN4nnet24compute_output_buffer_2dINS_5arrayI8ap_fixedILi10ELi4EL9ap_q_mode0EL9_37_o          |  out|   10|     ap_ovld|   p_ZZN4nnet24compute_output_buffer_2dINS_5arrayI8ap_fixedILi10ELi4EL9ap_q_mode0EL9_37|       pointer|
|p_ZZN4nnet24compute_output_buffer_2dINS_5arrayI8ap_fixedILi10ELi4EL9ap_q_mode0EL9_37_o_ap_vld   |  out|    1|     ap_ovld|   p_ZZN4nnet24compute_output_buffer_2dINS_5arrayI8ap_fixedILi10ELi4EL9ap_q_mode0EL9_37|       pointer|
|p_ZZN4nnet24compute_output_buffer_2dINS_5arrayI8ap_fixedILi10ELi4EL9ap_q_mode0EL9_51            |  out|   10|      ap_vld|   p_ZZN4nnet24compute_output_buffer_2dINS_5arrayI8ap_fixedILi10ELi4EL9ap_q_mode0EL9_51|       pointer|
|p_ZZN4nnet24compute_output_buffer_2dINS_5arrayI8ap_fixedILi10ELi4EL9ap_q_mode0EL9_51_ap_vld     |  out|    1|      ap_vld|   p_ZZN4nnet24compute_output_buffer_2dINS_5arrayI8ap_fixedILi10ELi4EL9ap_q_mode0EL9_51|       pointer|
|p_ZZN4nnet24compute_output_buffer_2dINS_5arrayI8ap_fixedILi10ELi4EL9ap_q_mode0EL9_36_i          |   in|   10|     ap_ovld|   p_ZZN4nnet24compute_output_buffer_2dINS_5arrayI8ap_fixedILi10ELi4EL9ap_q_mode0EL9_36|       pointer|
|p_ZZN4nnet24compute_output_buffer_2dINS_5arrayI8ap_fixedILi10ELi4EL9ap_q_mode0EL9_36_o          |  out|   10|     ap_ovld|   p_ZZN4nnet24compute_output_buffer_2dINS_5arrayI8ap_fixedILi10ELi4EL9ap_q_mode0EL9_36|       pointer|
|p_ZZN4nnet24compute_output_buffer_2dINS_5arrayI8ap_fixedILi10ELi4EL9ap_q_mode0EL9_36_o_ap_vld   |  out|    1|     ap_ovld|   p_ZZN4nnet24compute_output_buffer_2dINS_5arrayI8ap_fixedILi10ELi4EL9ap_q_mode0EL9_36|       pointer|
|p_ZZN4nnet24compute_output_buffer_2dINS_5arrayI8ap_fixedILi10ELi4EL9ap_q_mode0EL9_50            |  out|   10|      ap_vld|   p_ZZN4nnet24compute_output_buffer_2dINS_5arrayI8ap_fixedILi10ELi4EL9ap_q_mode0EL9_50|       pointer|
|p_ZZN4nnet24compute_output_buffer_2dINS_5arrayI8ap_fixedILi10ELi4EL9ap_q_mode0EL9_50_ap_vld     |  out|    1|      ap_vld|   p_ZZN4nnet24compute_output_buffer_2dINS_5arrayI8ap_fixedILi10ELi4EL9ap_q_mode0EL9_50|       pointer|
|p_ZZN4nnet24compute_output_buffer_2dINS_5arrayI8ap_fixedILi10ELi4EL9ap_q_mode0EL9_35_i          |   in|   10|     ap_ovld|   p_ZZN4nnet24compute_output_buffer_2dINS_5arrayI8ap_fixedILi10ELi4EL9ap_q_mode0EL9_35|       pointer|
|p_ZZN4nnet24compute_output_buffer_2dINS_5arrayI8ap_fixedILi10ELi4EL9ap_q_mode0EL9_35_o          |  out|   10|     ap_ovld|   p_ZZN4nnet24compute_output_buffer_2dINS_5arrayI8ap_fixedILi10ELi4EL9ap_q_mode0EL9_35|       pointer|
|p_ZZN4nnet24compute_output_buffer_2dINS_5arrayI8ap_fixedILi10ELi4EL9ap_q_mode0EL9_35_o_ap_vld   |  out|    1|     ap_ovld|   p_ZZN4nnet24compute_output_buffer_2dINS_5arrayI8ap_fixedILi10ELi4EL9ap_q_mode0EL9_35|       pointer|
|p_ZZN4nnet24compute_output_buffer_2dINS_5arrayI8ap_fixedILi10ELi4EL9ap_q_mode0EL9_49            |  out|   10|      ap_vld|   p_ZZN4nnet24compute_output_buffer_2dINS_5arrayI8ap_fixedILi10ELi4EL9ap_q_mode0EL9_49|       pointer|
|p_ZZN4nnet24compute_output_buffer_2dINS_5arrayI8ap_fixedILi10ELi4EL9ap_q_mode0EL9_49_ap_vld     |  out|    1|      ap_vld|   p_ZZN4nnet24compute_output_buffer_2dINS_5arrayI8ap_fixedILi10ELi4EL9ap_q_mode0EL9_49|       pointer|
|p_ZZN4nnet24compute_output_buffer_2dINS_5arrayI8ap_fixedILi10ELi4EL9ap_q_mode0EL9_34_i          |   in|   10|     ap_ovld|   p_ZZN4nnet24compute_output_buffer_2dINS_5arrayI8ap_fixedILi10ELi4EL9ap_q_mode0EL9_34|       pointer|
|p_ZZN4nnet24compute_output_buffer_2dINS_5arrayI8ap_fixedILi10ELi4EL9ap_q_mode0EL9_34_o          |  out|   10|     ap_ovld|   p_ZZN4nnet24compute_output_buffer_2dINS_5arrayI8ap_fixedILi10ELi4EL9ap_q_mode0EL9_34|       pointer|
|p_ZZN4nnet24compute_output_buffer_2dINS_5arrayI8ap_fixedILi10ELi4EL9ap_q_mode0EL9_34_o_ap_vld   |  out|    1|     ap_ovld|   p_ZZN4nnet24compute_output_buffer_2dINS_5arrayI8ap_fixedILi10ELi4EL9ap_q_mode0EL9_34|       pointer|
|p_ZZN4nnet24compute_output_buffer_2dINS_5arrayI8ap_fixedILi10ELi4EL9ap_q_mode0EL9_48            |  out|   10|      ap_vld|   p_ZZN4nnet24compute_output_buffer_2dINS_5arrayI8ap_fixedILi10ELi4EL9ap_q_mode0EL9_48|       pointer|
|p_ZZN4nnet24compute_output_buffer_2dINS_5arrayI8ap_fixedILi10ELi4EL9ap_q_mode0EL9_48_ap_vld     |  out|    1|      ap_vld|   p_ZZN4nnet24compute_output_buffer_2dINS_5arrayI8ap_fixedILi10ELi4EL9ap_q_mode0EL9_48|       pointer|
|p_ZZN4nnet24compute_output_buffer_2dINS_5arrayI8ap_fixedILi10ELi4EL9ap_q_mode0EL9_33_i          |   in|   10|     ap_ovld|   p_ZZN4nnet24compute_output_buffer_2dINS_5arrayI8ap_fixedILi10ELi4EL9ap_q_mode0EL9_33|       pointer|
|p_ZZN4nnet24compute_output_buffer_2dINS_5arrayI8ap_fixedILi10ELi4EL9ap_q_mode0EL9_33_o          |  out|   10|     ap_ovld|   p_ZZN4nnet24compute_output_buffer_2dINS_5arrayI8ap_fixedILi10ELi4EL9ap_q_mode0EL9_33|       pointer|
|p_ZZN4nnet24compute_output_buffer_2dINS_5arrayI8ap_fixedILi10ELi4EL9ap_q_mode0EL9_33_o_ap_vld   |  out|    1|     ap_ovld|   p_ZZN4nnet24compute_output_buffer_2dINS_5arrayI8ap_fixedILi10ELi4EL9ap_q_mode0EL9_33|       pointer|
|p_ZZN4nnet24compute_output_buffer_2dINS_5arrayI8ap_fixedILi10ELi4EL9ap_q_mode0EL9_47            |  out|   10|      ap_vld|   p_ZZN4nnet24compute_output_buffer_2dINS_5arrayI8ap_fixedILi10ELi4EL9ap_q_mode0EL9_47|       pointer|
|p_ZZN4nnet24compute_output_buffer_2dINS_5arrayI8ap_fixedILi10ELi4EL9ap_q_mode0EL9_47_ap_vld     |  out|    1|      ap_vld|   p_ZZN4nnet24compute_output_buffer_2dINS_5arrayI8ap_fixedILi10ELi4EL9ap_q_mode0EL9_47|       pointer|
|p_ZZN4nnet24compute_output_buffer_2dINS_5arrayI8ap_fixedILi10ELi4EL9ap_q_mode0EL9_32_i          |   in|   10|     ap_ovld|   p_ZZN4nnet24compute_output_buffer_2dINS_5arrayI8ap_fixedILi10ELi4EL9ap_q_mode0EL9_32|       pointer|
|p_ZZN4nnet24compute_output_buffer_2dINS_5arrayI8ap_fixedILi10ELi4EL9ap_q_mode0EL9_32_o          |  out|   10|     ap_ovld|   p_ZZN4nnet24compute_output_buffer_2dINS_5arrayI8ap_fixedILi10ELi4EL9ap_q_mode0EL9_32|       pointer|
|p_ZZN4nnet24compute_output_buffer_2dINS_5arrayI8ap_fixedILi10ELi4EL9ap_q_mode0EL9_32_o_ap_vld   |  out|    1|     ap_ovld|   p_ZZN4nnet24compute_output_buffer_2dINS_5arrayI8ap_fixedILi10ELi4EL9ap_q_mode0EL9_32|       pointer|
|p_ZZN4nnet24compute_output_buffer_2dINS_5arrayI8ap_fixedILi10ELi4EL9ap_q_mode0EL9_46            |  out|   10|      ap_vld|   p_ZZN4nnet24compute_output_buffer_2dINS_5arrayI8ap_fixedILi10ELi4EL9ap_q_mode0EL9_46|       pointer|
|p_ZZN4nnet24compute_output_buffer_2dINS_5arrayI8ap_fixedILi10ELi4EL9ap_q_mode0EL9_46_ap_vld     |  out|    1|      ap_vld|   p_ZZN4nnet24compute_output_buffer_2dINS_5arrayI8ap_fixedILi10ELi4EL9ap_q_mode0EL9_46|       pointer|
|p_ZZN4nnet24compute_output_buffer_2dINS_5arrayI8ap_fixedILi10ELi4EL9ap_q_mode0EL9_31_i          |   in|   10|     ap_ovld|   p_ZZN4nnet24compute_output_buffer_2dINS_5arrayI8ap_fixedILi10ELi4EL9ap_q_mode0EL9_31|       pointer|
|p_ZZN4nnet24compute_output_buffer_2dINS_5arrayI8ap_fixedILi10ELi4EL9ap_q_mode0EL9_31_o          |  out|   10|     ap_ovld|   p_ZZN4nnet24compute_output_buffer_2dINS_5arrayI8ap_fixedILi10ELi4EL9ap_q_mode0EL9_31|       pointer|
|p_ZZN4nnet24compute_output_buffer_2dINS_5arrayI8ap_fixedILi10ELi4EL9ap_q_mode0EL9_31_o_ap_vld   |  out|    1|     ap_ovld|   p_ZZN4nnet24compute_output_buffer_2dINS_5arrayI8ap_fixedILi10ELi4EL9ap_q_mode0EL9_31|       pointer|
|p_ZZN4nnet24compute_output_buffer_2dINS_5arrayI8ap_fixedILi10ELi4EL9ap_q_mode0EL9_45            |  out|   10|      ap_vld|   p_ZZN4nnet24compute_output_buffer_2dINS_5arrayI8ap_fixedILi10ELi4EL9ap_q_mode0EL9_45|       pointer|
|p_ZZN4nnet24compute_output_buffer_2dINS_5arrayI8ap_fixedILi10ELi4EL9ap_q_mode0EL9_45_ap_vld     |  out|    1|      ap_vld|   p_ZZN4nnet24compute_output_buffer_2dINS_5arrayI8ap_fixedILi10ELi4EL9ap_q_mode0EL9_45|       pointer|
|p_ZZN4nnet24compute_output_buffer_2dINS_5arrayI8ap_fixedILi10ELi4EL9ap_q_mode0EL9_30_i          |   in|   10|     ap_ovld|   p_ZZN4nnet24compute_output_buffer_2dINS_5arrayI8ap_fixedILi10ELi4EL9ap_q_mode0EL9_30|       pointer|
|p_ZZN4nnet24compute_output_buffer_2dINS_5arrayI8ap_fixedILi10ELi4EL9ap_q_mode0EL9_30_o          |  out|   10|     ap_ovld|   p_ZZN4nnet24compute_output_buffer_2dINS_5arrayI8ap_fixedILi10ELi4EL9ap_q_mode0EL9_30|       pointer|
|p_ZZN4nnet24compute_output_buffer_2dINS_5arrayI8ap_fixedILi10ELi4EL9ap_q_mode0EL9_30_o_ap_vld   |  out|    1|     ap_ovld|   p_ZZN4nnet24compute_output_buffer_2dINS_5arrayI8ap_fixedILi10ELi4EL9ap_q_mode0EL9_30|       pointer|
|p_ZZN4nnet24compute_output_buffer_2dINS_5arrayI8ap_fixedILi10ELi4EL9ap_q_mode0EL9_44            |  out|   10|      ap_vld|   p_ZZN4nnet24compute_output_buffer_2dINS_5arrayI8ap_fixedILi10ELi4EL9ap_q_mode0EL9_44|       pointer|
|p_ZZN4nnet24compute_output_buffer_2dINS_5arrayI8ap_fixedILi10ELi4EL9ap_q_mode0EL9_44_ap_vld     |  out|    1|      ap_vld|   p_ZZN4nnet24compute_output_buffer_2dINS_5arrayI8ap_fixedILi10ELi4EL9ap_q_mode0EL9_44|       pointer|
|p_ZZN4nnet24compute_output_buffer_2dINS_5arrayI8ap_fixedILi10ELi4EL9ap_q_mode0EL9_1_i           |   in|   10|     ap_ovld|    p_ZZN4nnet24compute_output_buffer_2dINS_5arrayI8ap_fixedILi10ELi4EL9ap_q_mode0EL9_1|       pointer|
|p_ZZN4nnet24compute_output_buffer_2dINS_5arrayI8ap_fixedILi10ELi4EL9ap_q_mode0EL9_1_o           |  out|   10|     ap_ovld|    p_ZZN4nnet24compute_output_buffer_2dINS_5arrayI8ap_fixedILi10ELi4EL9ap_q_mode0EL9_1|       pointer|
|p_ZZN4nnet24compute_output_buffer_2dINS_5arrayI8ap_fixedILi10ELi4EL9ap_q_mode0EL9_1_o_ap_vld    |  out|    1|     ap_ovld|    p_ZZN4nnet24compute_output_buffer_2dINS_5arrayI8ap_fixedILi10ELi4EL9ap_q_mode0EL9_1|       pointer|
|p_ZZN4nnet24compute_output_buffer_2dINS_5arrayI8ap_fixedILi10ELi4EL9ap_q_mode0EL9_15            |  out|   10|      ap_vld|   p_ZZN4nnet24compute_output_buffer_2dINS_5arrayI8ap_fixedILi10ELi4EL9ap_q_mode0EL9_15|       pointer|
|p_ZZN4nnet24compute_output_buffer_2dINS_5arrayI8ap_fixedILi10ELi4EL9ap_q_mode0EL9_15_ap_vld     |  out|    1|      ap_vld|   p_ZZN4nnet24compute_output_buffer_2dINS_5arrayI8ap_fixedILi10ELi4EL9ap_q_mode0EL9_15|       pointer|
|p_ZZN4nnet24compute_output_buffer_2dINS_5arrayI8ap_fixedILi10ELi4EL9ap_q_mode0EL9_i             |   in|   10|     ap_ovld|      p_ZZN4nnet24compute_output_buffer_2dINS_5arrayI8ap_fixedILi10ELi4EL9ap_q_mode0EL9|       pointer|
|p_ZZN4nnet24compute_output_buffer_2dINS_5arrayI8ap_fixedILi10ELi4EL9ap_q_mode0EL9_o             |  out|   10|     ap_ovld|      p_ZZN4nnet24compute_output_buffer_2dINS_5arrayI8ap_fixedILi10ELi4EL9ap_q_mode0EL9|       pointer|
|p_ZZN4nnet24compute_output_buffer_2dINS_5arrayI8ap_fixedILi10ELi4EL9ap_q_mode0EL9_o_ap_vld      |  out|    1|     ap_ovld|      p_ZZN4nnet24compute_output_buffer_2dINS_5arrayI8ap_fixedILi10ELi4EL9ap_q_mode0EL9|       pointer|
|p_ZZN4nnet24compute_output_buffer_2dINS_5arrayI8ap_fixedILi10ELi4EL9ap_q_mode0EL9_14            |  out|   10|      ap_vld|   p_ZZN4nnet24compute_output_buffer_2dINS_5arrayI8ap_fixedILi10ELi4EL9ap_q_mode0EL9_14|       pointer|
|p_ZZN4nnet24compute_output_buffer_2dINS_5arrayI8ap_fixedILi10ELi4EL9ap_q_mode0EL9_14_ap_vld     |  out|    1|      ap_vld|   p_ZZN4nnet24compute_output_buffer_2dINS_5arrayI8ap_fixedILi10ELi4EL9ap_q_mode0EL9_14|       pointer|
|p_ZZN4nnet24compute_output_buffer_2dINS_5arrayI8ap_fixedILi10ELi4EL9ap_q_mode0EL9_116_i         |   in|   10|     ap_ovld|  p_ZZN4nnet24compute_output_buffer_2dINS_5arrayI8ap_fixedILi10ELi4EL9ap_q_mode0EL9_116|       pointer|
|p_ZZN4nnet24compute_output_buffer_2dINS_5arrayI8ap_fixedILi10ELi4EL9ap_q_mode0EL9_116_o         |  out|   10|     ap_ovld|  p_ZZN4nnet24compute_output_buffer_2dINS_5arrayI8ap_fixedILi10ELi4EL9ap_q_mode0EL9_116|       pointer|
|p_ZZN4nnet24compute_output_buffer_2dINS_5arrayI8ap_fixedILi10ELi4EL9ap_q_mode0EL9_116_o_ap_vld  |  out|    1|     ap_ovld|  p_ZZN4nnet24compute_output_buffer_2dINS_5arrayI8ap_fixedILi10ELi4EL9ap_q_mode0EL9_116|       pointer|
|p_ZZN4nnet24compute_output_buffer_2dINS_5arrayI8ap_fixedILi10ELi4EL9ap_q_mode0EL9_13            |  out|   10|      ap_vld|   p_ZZN4nnet24compute_output_buffer_2dINS_5arrayI8ap_fixedILi10ELi4EL9ap_q_mode0EL9_13|       pointer|
|p_ZZN4nnet24compute_output_buffer_2dINS_5arrayI8ap_fixedILi10ELi4EL9ap_q_mode0EL9_13_ap_vld     |  out|    1|      ap_vld|   p_ZZN4nnet24compute_output_buffer_2dINS_5arrayI8ap_fixedILi10ELi4EL9ap_q_mode0EL9_13|       pointer|
|p_ZZN4nnet24compute_output_buffer_2dINS_5arrayI8ap_fixedILi10ELi4EL9ap_q_mode0EL9_117_i         |   in|   10|     ap_ovld|  p_ZZN4nnet24compute_output_buffer_2dINS_5arrayI8ap_fixedILi10ELi4EL9ap_q_mode0EL9_117|       pointer|
|p_ZZN4nnet24compute_output_buffer_2dINS_5arrayI8ap_fixedILi10ELi4EL9ap_q_mode0EL9_117_o         |  out|   10|     ap_ovld|  p_ZZN4nnet24compute_output_buffer_2dINS_5arrayI8ap_fixedILi10ELi4EL9ap_q_mode0EL9_117|       pointer|
|p_ZZN4nnet24compute_output_buffer_2dINS_5arrayI8ap_fixedILi10ELi4EL9ap_q_mode0EL9_117_o_ap_vld  |  out|    1|     ap_ovld|  p_ZZN4nnet24compute_output_buffer_2dINS_5arrayI8ap_fixedILi10ELi4EL9ap_q_mode0EL9_117|       pointer|
|p_ZZN4nnet24compute_output_buffer_2dINS_5arrayI8ap_fixedILi10ELi4EL9ap_q_mode0EL9_12            |  out|   10|      ap_vld|   p_ZZN4nnet24compute_output_buffer_2dINS_5arrayI8ap_fixedILi10ELi4EL9ap_q_mode0EL9_12|       pointer|
|p_ZZN4nnet24compute_output_buffer_2dINS_5arrayI8ap_fixedILi10ELi4EL9ap_q_mode0EL9_12_ap_vld     |  out|    1|      ap_vld|   p_ZZN4nnet24compute_output_buffer_2dINS_5arrayI8ap_fixedILi10ELi4EL9ap_q_mode0EL9_12|       pointer|
|p_ZZN4nnet24compute_output_buffer_2dINS_5arrayI8ap_fixedILi10ELi4EL9ap_q_mode0EL9_118_i         |   in|   10|     ap_ovld|  p_ZZN4nnet24compute_output_buffer_2dINS_5arrayI8ap_fixedILi10ELi4EL9ap_q_mode0EL9_118|       pointer|
|p_ZZN4nnet24compute_output_buffer_2dINS_5arrayI8ap_fixedILi10ELi4EL9ap_q_mode0EL9_118_o         |  out|   10|     ap_ovld|  p_ZZN4nnet24compute_output_buffer_2dINS_5arrayI8ap_fixedILi10ELi4EL9ap_q_mode0EL9_118|       pointer|
|p_ZZN4nnet24compute_output_buffer_2dINS_5arrayI8ap_fixedILi10ELi4EL9ap_q_mode0EL9_118_o_ap_vld  |  out|    1|     ap_ovld|  p_ZZN4nnet24compute_output_buffer_2dINS_5arrayI8ap_fixedILi10ELi4EL9ap_q_mode0EL9_118|       pointer|
|p_ZZN4nnet24compute_output_buffer_2dINS_5arrayI8ap_fixedILi10ELi4EL9ap_q_mode0EL9_11            |  out|   10|      ap_vld|   p_ZZN4nnet24compute_output_buffer_2dINS_5arrayI8ap_fixedILi10ELi4EL9ap_q_mode0EL9_11|       pointer|
|p_ZZN4nnet24compute_output_buffer_2dINS_5arrayI8ap_fixedILi10ELi4EL9ap_q_mode0EL9_11_ap_vld     |  out|    1|      ap_vld|   p_ZZN4nnet24compute_output_buffer_2dINS_5arrayI8ap_fixedILi10ELi4EL9ap_q_mode0EL9_11|       pointer|
|p_ZZN4nnet24compute_output_buffer_2dINS_5arrayI8ap_fixedILi10ELi4EL9ap_q_mode0EL9_119_i         |   in|   10|     ap_ovld|  p_ZZN4nnet24compute_output_buffer_2dINS_5arrayI8ap_fixedILi10ELi4EL9ap_q_mode0EL9_119|       pointer|
|p_ZZN4nnet24compute_output_buffer_2dINS_5arrayI8ap_fixedILi10ELi4EL9ap_q_mode0EL9_119_o         |  out|   10|     ap_ovld|  p_ZZN4nnet24compute_output_buffer_2dINS_5arrayI8ap_fixedILi10ELi4EL9ap_q_mode0EL9_119|       pointer|
|p_ZZN4nnet24compute_output_buffer_2dINS_5arrayI8ap_fixedILi10ELi4EL9ap_q_mode0EL9_119_o_ap_vld  |  out|    1|     ap_ovld|  p_ZZN4nnet24compute_output_buffer_2dINS_5arrayI8ap_fixedILi10ELi4EL9ap_q_mode0EL9_119|       pointer|
|p_ZZN4nnet24compute_output_buffer_2dINS_5arrayI8ap_fixedILi10ELi4EL9ap_q_mode0EL9_10            |  out|   10|      ap_vld|   p_ZZN4nnet24compute_output_buffer_2dINS_5arrayI8ap_fixedILi10ELi4EL9ap_q_mode0EL9_10|       pointer|
|p_ZZN4nnet24compute_output_buffer_2dINS_5arrayI8ap_fixedILi10ELi4EL9ap_q_mode0EL9_10_ap_vld     |  out|    1|      ap_vld|   p_ZZN4nnet24compute_output_buffer_2dINS_5arrayI8ap_fixedILi10ELi4EL9ap_q_mode0EL9_10|       pointer|
|p_ZZN4nnet24compute_output_buffer_2dINS_5arrayI8ap_fixedILi10ELi4EL9ap_q_mode0EL9_120_i         |   in|   10|     ap_ovld|  p_ZZN4nnet24compute_output_buffer_2dINS_5arrayI8ap_fixedILi10ELi4EL9ap_q_mode0EL9_120|       pointer|
|p_ZZN4nnet24compute_output_buffer_2dINS_5arrayI8ap_fixedILi10ELi4EL9ap_q_mode0EL9_120_o         |  out|   10|     ap_ovld|  p_ZZN4nnet24compute_output_buffer_2dINS_5arrayI8ap_fixedILi10ELi4EL9ap_q_mode0EL9_120|       pointer|
|p_ZZN4nnet24compute_output_buffer_2dINS_5arrayI8ap_fixedILi10ELi4EL9ap_q_mode0EL9_120_o_ap_vld  |  out|    1|     ap_ovld|  p_ZZN4nnet24compute_output_buffer_2dINS_5arrayI8ap_fixedILi10ELi4EL9ap_q_mode0EL9_120|       pointer|
|p_ZZN4nnet24compute_output_buffer_2dINS_5arrayI8ap_fixedILi10ELi4EL9ap_q_mode0EL9_9             |  out|   10|      ap_vld|    p_ZZN4nnet24compute_output_buffer_2dINS_5arrayI8ap_fixedILi10ELi4EL9ap_q_mode0EL9_9|       pointer|
|p_ZZN4nnet24compute_output_buffer_2dINS_5arrayI8ap_fixedILi10ELi4EL9ap_q_mode0EL9_9_ap_vld      |  out|    1|      ap_vld|    p_ZZN4nnet24compute_output_buffer_2dINS_5arrayI8ap_fixedILi10ELi4EL9ap_q_mode0EL9_9|       pointer|
|p_ZZN4nnet24compute_output_buffer_2dINS_5arrayI8ap_fixedILi10ELi4EL9ap_q_mode0EL9_121_i         |   in|   10|     ap_ovld|  p_ZZN4nnet24compute_output_buffer_2dINS_5arrayI8ap_fixedILi10ELi4EL9ap_q_mode0EL9_121|       pointer|
|p_ZZN4nnet24compute_output_buffer_2dINS_5arrayI8ap_fixedILi10ELi4EL9ap_q_mode0EL9_121_o         |  out|   10|     ap_ovld|  p_ZZN4nnet24compute_output_buffer_2dINS_5arrayI8ap_fixedILi10ELi4EL9ap_q_mode0EL9_121|       pointer|
|p_ZZN4nnet24compute_output_buffer_2dINS_5arrayI8ap_fixedILi10ELi4EL9ap_q_mode0EL9_121_o_ap_vld  |  out|    1|     ap_ovld|  p_ZZN4nnet24compute_output_buffer_2dINS_5arrayI8ap_fixedILi10ELi4EL9ap_q_mode0EL9_121|       pointer|
|p_ZZN4nnet24compute_output_buffer_2dINS_5arrayI8ap_fixedILi10ELi4EL9ap_q_mode0EL9_8             |  out|   10|      ap_vld|    p_ZZN4nnet24compute_output_buffer_2dINS_5arrayI8ap_fixedILi10ELi4EL9ap_q_mode0EL9_8|       pointer|
|p_ZZN4nnet24compute_output_buffer_2dINS_5arrayI8ap_fixedILi10ELi4EL9ap_q_mode0EL9_8_ap_vld      |  out|    1|      ap_vld|    p_ZZN4nnet24compute_output_buffer_2dINS_5arrayI8ap_fixedILi10ELi4EL9ap_q_mode0EL9_8|       pointer|
|p_ZZN4nnet24compute_output_buffer_2dINS_5arrayI8ap_fixedILi10ELi4EL9ap_q_mode0EL9_122_i         |   in|   10|     ap_ovld|  p_ZZN4nnet24compute_output_buffer_2dINS_5arrayI8ap_fixedILi10ELi4EL9ap_q_mode0EL9_122|       pointer|
|p_ZZN4nnet24compute_output_buffer_2dINS_5arrayI8ap_fixedILi10ELi4EL9ap_q_mode0EL9_122_o         |  out|   10|     ap_ovld|  p_ZZN4nnet24compute_output_buffer_2dINS_5arrayI8ap_fixedILi10ELi4EL9ap_q_mode0EL9_122|       pointer|
|p_ZZN4nnet24compute_output_buffer_2dINS_5arrayI8ap_fixedILi10ELi4EL9ap_q_mode0EL9_122_o_ap_vld  |  out|    1|     ap_ovld|  p_ZZN4nnet24compute_output_buffer_2dINS_5arrayI8ap_fixedILi10ELi4EL9ap_q_mode0EL9_122|       pointer|
|p_ZZN4nnet24compute_output_buffer_2dINS_5arrayI8ap_fixedILi10ELi4EL9ap_q_mode0EL9_7             |  out|   10|      ap_vld|    p_ZZN4nnet24compute_output_buffer_2dINS_5arrayI8ap_fixedILi10ELi4EL9ap_q_mode0EL9_7|       pointer|
|p_ZZN4nnet24compute_output_buffer_2dINS_5arrayI8ap_fixedILi10ELi4EL9ap_q_mode0EL9_7_ap_vld      |  out|    1|      ap_vld|    p_ZZN4nnet24compute_output_buffer_2dINS_5arrayI8ap_fixedILi10ELi4EL9ap_q_mode0EL9_7|       pointer|
|p_ZZN4nnet24compute_output_buffer_2dINS_5arrayI8ap_fixedILi10ELi4EL9ap_q_mode0EL9_123_i         |   in|   10|     ap_ovld|  p_ZZN4nnet24compute_output_buffer_2dINS_5arrayI8ap_fixedILi10ELi4EL9ap_q_mode0EL9_123|       pointer|
|p_ZZN4nnet24compute_output_buffer_2dINS_5arrayI8ap_fixedILi10ELi4EL9ap_q_mode0EL9_123_o         |  out|   10|     ap_ovld|  p_ZZN4nnet24compute_output_buffer_2dINS_5arrayI8ap_fixedILi10ELi4EL9ap_q_mode0EL9_123|       pointer|
|p_ZZN4nnet24compute_output_buffer_2dINS_5arrayI8ap_fixedILi10ELi4EL9ap_q_mode0EL9_123_o_ap_vld  |  out|    1|     ap_ovld|  p_ZZN4nnet24compute_output_buffer_2dINS_5arrayI8ap_fixedILi10ELi4EL9ap_q_mode0EL9_123|       pointer|
|p_ZZN4nnet24compute_output_buffer_2dINS_5arrayI8ap_fixedILi10ELi4EL9ap_q_mode0EL9_6             |  out|   10|      ap_vld|    p_ZZN4nnet24compute_output_buffer_2dINS_5arrayI8ap_fixedILi10ELi4EL9ap_q_mode0EL9_6|       pointer|
|p_ZZN4nnet24compute_output_buffer_2dINS_5arrayI8ap_fixedILi10ELi4EL9ap_q_mode0EL9_6_ap_vld      |  out|    1|      ap_vld|    p_ZZN4nnet24compute_output_buffer_2dINS_5arrayI8ap_fixedILi10ELi4EL9ap_q_mode0EL9_6|       pointer|
|p_ZZN4nnet24compute_output_buffer_2dINS_5arrayI8ap_fixedILi10ELi4EL9ap_q_mode0EL9_124_i         |   in|   10|     ap_ovld|  p_ZZN4nnet24compute_output_buffer_2dINS_5arrayI8ap_fixedILi10ELi4EL9ap_q_mode0EL9_124|       pointer|
|p_ZZN4nnet24compute_output_buffer_2dINS_5arrayI8ap_fixedILi10ELi4EL9ap_q_mode0EL9_124_o         |  out|   10|     ap_ovld|  p_ZZN4nnet24compute_output_buffer_2dINS_5arrayI8ap_fixedILi10ELi4EL9ap_q_mode0EL9_124|       pointer|
|p_ZZN4nnet24compute_output_buffer_2dINS_5arrayI8ap_fixedILi10ELi4EL9ap_q_mode0EL9_124_o_ap_vld  |  out|    1|     ap_ovld|  p_ZZN4nnet24compute_output_buffer_2dINS_5arrayI8ap_fixedILi10ELi4EL9ap_q_mode0EL9_124|       pointer|
|p_ZZN4nnet24compute_output_buffer_2dINS_5arrayI8ap_fixedILi10ELi4EL9ap_q_mode0EL9_5             |  out|   10|      ap_vld|    p_ZZN4nnet24compute_output_buffer_2dINS_5arrayI8ap_fixedILi10ELi4EL9ap_q_mode0EL9_5|       pointer|
|p_ZZN4nnet24compute_output_buffer_2dINS_5arrayI8ap_fixedILi10ELi4EL9ap_q_mode0EL9_5_ap_vld      |  out|    1|      ap_vld|    p_ZZN4nnet24compute_output_buffer_2dINS_5arrayI8ap_fixedILi10ELi4EL9ap_q_mode0EL9_5|       pointer|
|p_ZZN4nnet24compute_output_buffer_2dINS_5arrayI8ap_fixedILi10ELi4EL9ap_q_mode0EL9_125_i         |   in|   10|     ap_ovld|  p_ZZN4nnet24compute_output_buffer_2dINS_5arrayI8ap_fixedILi10ELi4EL9ap_q_mode0EL9_125|       pointer|
|p_ZZN4nnet24compute_output_buffer_2dINS_5arrayI8ap_fixedILi10ELi4EL9ap_q_mode0EL9_125_o         |  out|   10|     ap_ovld|  p_ZZN4nnet24compute_output_buffer_2dINS_5arrayI8ap_fixedILi10ELi4EL9ap_q_mode0EL9_125|       pointer|
|p_ZZN4nnet24compute_output_buffer_2dINS_5arrayI8ap_fixedILi10ELi4EL9ap_q_mode0EL9_125_o_ap_vld  |  out|    1|     ap_ovld|  p_ZZN4nnet24compute_output_buffer_2dINS_5arrayI8ap_fixedILi10ELi4EL9ap_q_mode0EL9_125|       pointer|
|p_ZZN4nnet24compute_output_buffer_2dINS_5arrayI8ap_fixedILi10ELi4EL9ap_q_mode0EL9_4             |  out|   10|      ap_vld|    p_ZZN4nnet24compute_output_buffer_2dINS_5arrayI8ap_fixedILi10ELi4EL9ap_q_mode0EL9_4|       pointer|
|p_ZZN4nnet24compute_output_buffer_2dINS_5arrayI8ap_fixedILi10ELi4EL9ap_q_mode0EL9_4_ap_vld      |  out|    1|      ap_vld|    p_ZZN4nnet24compute_output_buffer_2dINS_5arrayI8ap_fixedILi10ELi4EL9ap_q_mode0EL9_4|       pointer|
|p_ZZN4nnet24compute_output_buffer_2dINS_5arrayI8ap_fixedILi10ELi4EL9ap_q_mode0EL9_127_i         |   in|   10|     ap_ovld|  p_ZZN4nnet24compute_output_buffer_2dINS_5arrayI8ap_fixedILi10ELi4EL9ap_q_mode0EL9_127|       pointer|
|p_ZZN4nnet24compute_output_buffer_2dINS_5arrayI8ap_fixedILi10ELi4EL9ap_q_mode0EL9_127_o         |  out|   10|     ap_ovld|  p_ZZN4nnet24compute_output_buffer_2dINS_5arrayI8ap_fixedILi10ELi4EL9ap_q_mode0EL9_127|       pointer|
|p_ZZN4nnet24compute_output_buffer_2dINS_5arrayI8ap_fixedILi10ELi4EL9ap_q_mode0EL9_127_o_ap_vld  |  out|    1|     ap_ovld|  p_ZZN4nnet24compute_output_buffer_2dINS_5arrayI8ap_fixedILi10ELi4EL9ap_q_mode0EL9_127|       pointer|
|p_ZZN4nnet24compute_output_buffer_2dINS_5arrayI8ap_fixedILi10ELi4EL9ap_q_mode0EL9_3             |  out|   10|      ap_vld|    p_ZZN4nnet24compute_output_buffer_2dINS_5arrayI8ap_fixedILi10ELi4EL9ap_q_mode0EL9_3|       pointer|
|p_ZZN4nnet24compute_output_buffer_2dINS_5arrayI8ap_fixedILi10ELi4EL9ap_q_mode0EL9_3_ap_vld      |  out|    1|      ap_vld|    p_ZZN4nnet24compute_output_buffer_2dINS_5arrayI8ap_fixedILi10ELi4EL9ap_q_mode0EL9_3|       pointer|
|p_ZZN4nnet24compute_output_buffer_2dINS_5arrayI8ap_fixedILi10ELi4EL9ap_q_mode0EL9_128_i         |   in|   10|     ap_ovld|  p_ZZN4nnet24compute_output_buffer_2dINS_5arrayI8ap_fixedILi10ELi4EL9ap_q_mode0EL9_128|       pointer|
|p_ZZN4nnet24compute_output_buffer_2dINS_5arrayI8ap_fixedILi10ELi4EL9ap_q_mode0EL9_128_o         |  out|   10|     ap_ovld|  p_ZZN4nnet24compute_output_buffer_2dINS_5arrayI8ap_fixedILi10ELi4EL9ap_q_mode0EL9_128|       pointer|
|p_ZZN4nnet24compute_output_buffer_2dINS_5arrayI8ap_fixedILi10ELi4EL9ap_q_mode0EL9_128_o_ap_vld  |  out|    1|     ap_ovld|  p_ZZN4nnet24compute_output_buffer_2dINS_5arrayI8ap_fixedILi10ELi4EL9ap_q_mode0EL9_128|       pointer|
|p_ZZN4nnet24compute_output_buffer_2dINS_5arrayI8ap_fixedILi10ELi4EL9ap_q_mode0EL9_2             |  out|   10|      ap_vld|    p_ZZN4nnet24compute_output_buffer_2dINS_5arrayI8ap_fixedILi10ELi4EL9ap_q_mode0EL9_2|       pointer|
|p_ZZN4nnet24compute_output_buffer_2dINS_5arrayI8ap_fixedILi10ELi4EL9ap_q_mode0EL9_2_ap_vld      |  out|    1|      ap_vld|    p_ZZN4nnet24compute_output_buffer_2dINS_5arrayI8ap_fixedILi10ELi4EL9ap_q_mode0EL9_2|       pointer|
|p_ZZN4nnet24compute_output_buffer_2dINS_5arrayI8ap_fixedILi10ELi4EL9ap_q_mode0EL9_71_i          |   in|   10|     ap_ovld|   p_ZZN4nnet24compute_output_buffer_2dINS_5arrayI8ap_fixedILi10ELi4EL9ap_q_mode0EL9_71|       pointer|
|p_ZZN4nnet24compute_output_buffer_2dINS_5arrayI8ap_fixedILi10ELi4EL9ap_q_mode0EL9_71_o          |  out|   10|     ap_ovld|   p_ZZN4nnet24compute_output_buffer_2dINS_5arrayI8ap_fixedILi10ELi4EL9ap_q_mode0EL9_71|       pointer|
|p_ZZN4nnet24compute_output_buffer_2dINS_5arrayI8ap_fixedILi10ELi4EL9ap_q_mode0EL9_71_o_ap_vld   |  out|    1|     ap_ovld|   p_ZZN4nnet24compute_output_buffer_2dINS_5arrayI8ap_fixedILi10ELi4EL9ap_q_mode0EL9_71|       pointer|
|p_ZZN4nnet24compute_output_buffer_2dINS_5arrayI8ap_fixedILi10ELi4EL9ap_q_mode0EL9_70_i          |   in|   10|     ap_ovld|   p_ZZN4nnet24compute_output_buffer_2dINS_5arrayI8ap_fixedILi10ELi4EL9ap_q_mode0EL9_70|       pointer|
|p_ZZN4nnet24compute_output_buffer_2dINS_5arrayI8ap_fixedILi10ELi4EL9ap_q_mode0EL9_70_o          |  out|   10|     ap_ovld|   p_ZZN4nnet24compute_output_buffer_2dINS_5arrayI8ap_fixedILi10ELi4EL9ap_q_mode0EL9_70|       pointer|
|p_ZZN4nnet24compute_output_buffer_2dINS_5arrayI8ap_fixedILi10ELi4EL9ap_q_mode0EL9_70_o_ap_vld   |  out|    1|     ap_ovld|   p_ZZN4nnet24compute_output_buffer_2dINS_5arrayI8ap_fixedILi10ELi4EL9ap_q_mode0EL9_70|       pointer|
|p_ZZN4nnet24compute_output_buffer_2dINS_5arrayI8ap_fixedILi10ELi4EL9ap_q_mode0EL9_69_i          |   in|   10|     ap_ovld|   p_ZZN4nnet24compute_output_buffer_2dINS_5arrayI8ap_fixedILi10ELi4EL9ap_q_mode0EL9_69|       pointer|
|p_ZZN4nnet24compute_output_buffer_2dINS_5arrayI8ap_fixedILi10ELi4EL9ap_q_mode0EL9_69_o          |  out|   10|     ap_ovld|   p_ZZN4nnet24compute_output_buffer_2dINS_5arrayI8ap_fixedILi10ELi4EL9ap_q_mode0EL9_69|       pointer|
|p_ZZN4nnet24compute_output_buffer_2dINS_5arrayI8ap_fixedILi10ELi4EL9ap_q_mode0EL9_69_o_ap_vld   |  out|    1|     ap_ovld|   p_ZZN4nnet24compute_output_buffer_2dINS_5arrayI8ap_fixedILi10ELi4EL9ap_q_mode0EL9_69|       pointer|
|p_ZZN4nnet24compute_output_buffer_2dINS_5arrayI8ap_fixedILi10ELi4EL9ap_q_mode0EL9_68_i          |   in|   10|     ap_ovld|   p_ZZN4nnet24compute_output_buffer_2dINS_5arrayI8ap_fixedILi10ELi4EL9ap_q_mode0EL9_68|       pointer|
|p_ZZN4nnet24compute_output_buffer_2dINS_5arrayI8ap_fixedILi10ELi4EL9ap_q_mode0EL9_68_o          |  out|   10|     ap_ovld|   p_ZZN4nnet24compute_output_buffer_2dINS_5arrayI8ap_fixedILi10ELi4EL9ap_q_mode0EL9_68|       pointer|
|p_ZZN4nnet24compute_output_buffer_2dINS_5arrayI8ap_fixedILi10ELi4EL9ap_q_mode0EL9_68_o_ap_vld   |  out|    1|     ap_ovld|   p_ZZN4nnet24compute_output_buffer_2dINS_5arrayI8ap_fixedILi10ELi4EL9ap_q_mode0EL9_68|       pointer|
|p_ZZN4nnet24compute_output_buffer_2dINS_5arrayI8ap_fixedILi10ELi4EL9ap_q_mode0EL9_67_i          |   in|   10|     ap_ovld|   p_ZZN4nnet24compute_output_buffer_2dINS_5arrayI8ap_fixedILi10ELi4EL9ap_q_mode0EL9_67|       pointer|
|p_ZZN4nnet24compute_output_buffer_2dINS_5arrayI8ap_fixedILi10ELi4EL9ap_q_mode0EL9_67_o          |  out|   10|     ap_ovld|   p_ZZN4nnet24compute_output_buffer_2dINS_5arrayI8ap_fixedILi10ELi4EL9ap_q_mode0EL9_67|       pointer|
|p_ZZN4nnet24compute_output_buffer_2dINS_5arrayI8ap_fixedILi10ELi4EL9ap_q_mode0EL9_67_o_ap_vld   |  out|    1|     ap_ovld|   p_ZZN4nnet24compute_output_buffer_2dINS_5arrayI8ap_fixedILi10ELi4EL9ap_q_mode0EL9_67|       pointer|
|p_ZZN4nnet24compute_output_buffer_2dINS_5arrayI8ap_fixedILi10ELi4EL9ap_q_mode0EL9_66_i          |   in|   10|     ap_ovld|   p_ZZN4nnet24compute_output_buffer_2dINS_5arrayI8ap_fixedILi10ELi4EL9ap_q_mode0EL9_66|       pointer|
|p_ZZN4nnet24compute_output_buffer_2dINS_5arrayI8ap_fixedILi10ELi4EL9ap_q_mode0EL9_66_o          |  out|   10|     ap_ovld|   p_ZZN4nnet24compute_output_buffer_2dINS_5arrayI8ap_fixedILi10ELi4EL9ap_q_mode0EL9_66|       pointer|
|p_ZZN4nnet24compute_output_buffer_2dINS_5arrayI8ap_fixedILi10ELi4EL9ap_q_mode0EL9_66_o_ap_vld   |  out|    1|     ap_ovld|   p_ZZN4nnet24compute_output_buffer_2dINS_5arrayI8ap_fixedILi10ELi4EL9ap_q_mode0EL9_66|       pointer|
|p_ZZN4nnet24compute_output_buffer_2dINS_5arrayI8ap_fixedILi10ELi4EL9ap_q_mode0EL9_65_i          |   in|   10|     ap_ovld|   p_ZZN4nnet24compute_output_buffer_2dINS_5arrayI8ap_fixedILi10ELi4EL9ap_q_mode0EL9_65|       pointer|
|p_ZZN4nnet24compute_output_buffer_2dINS_5arrayI8ap_fixedILi10ELi4EL9ap_q_mode0EL9_65_o          |  out|   10|     ap_ovld|   p_ZZN4nnet24compute_output_buffer_2dINS_5arrayI8ap_fixedILi10ELi4EL9ap_q_mode0EL9_65|       pointer|
|p_ZZN4nnet24compute_output_buffer_2dINS_5arrayI8ap_fixedILi10ELi4EL9ap_q_mode0EL9_65_o_ap_vld   |  out|    1|     ap_ovld|   p_ZZN4nnet24compute_output_buffer_2dINS_5arrayI8ap_fixedILi10ELi4EL9ap_q_mode0EL9_65|       pointer|
|p_ZZN4nnet24compute_output_buffer_2dINS_5arrayI8ap_fixedILi10ELi4EL9ap_q_mode0EL9_64_i          |   in|   10|     ap_ovld|   p_ZZN4nnet24compute_output_buffer_2dINS_5arrayI8ap_fixedILi10ELi4EL9ap_q_mode0EL9_64|       pointer|
|p_ZZN4nnet24compute_output_buffer_2dINS_5arrayI8ap_fixedILi10ELi4EL9ap_q_mode0EL9_64_o          |  out|   10|     ap_ovld|   p_ZZN4nnet24compute_output_buffer_2dINS_5arrayI8ap_fixedILi10ELi4EL9ap_q_mode0EL9_64|       pointer|
|p_ZZN4nnet24compute_output_buffer_2dINS_5arrayI8ap_fixedILi10ELi4EL9ap_q_mode0EL9_64_o_ap_vld   |  out|    1|     ap_ovld|   p_ZZN4nnet24compute_output_buffer_2dINS_5arrayI8ap_fixedILi10ELi4EL9ap_q_mode0EL9_64|       pointer|
|p_ZZN4nnet24compute_output_buffer_2dINS_5arrayI8ap_fixedILi10ELi4EL9ap_q_mode0EL9_63_i          |   in|   10|     ap_ovld|   p_ZZN4nnet24compute_output_buffer_2dINS_5arrayI8ap_fixedILi10ELi4EL9ap_q_mode0EL9_63|       pointer|
|p_ZZN4nnet24compute_output_buffer_2dINS_5arrayI8ap_fixedILi10ELi4EL9ap_q_mode0EL9_63_o          |  out|   10|     ap_ovld|   p_ZZN4nnet24compute_output_buffer_2dINS_5arrayI8ap_fixedILi10ELi4EL9ap_q_mode0EL9_63|       pointer|
|p_ZZN4nnet24compute_output_buffer_2dINS_5arrayI8ap_fixedILi10ELi4EL9ap_q_mode0EL9_63_o_ap_vld   |  out|    1|     ap_ovld|   p_ZZN4nnet24compute_output_buffer_2dINS_5arrayI8ap_fixedILi10ELi4EL9ap_q_mode0EL9_63|       pointer|
|p_ZZN4nnet24compute_output_buffer_2dINS_5arrayI8ap_fixedILi10ELi4EL9ap_q_mode0EL9_62_i          |   in|   10|     ap_ovld|   p_ZZN4nnet24compute_output_buffer_2dINS_5arrayI8ap_fixedILi10ELi4EL9ap_q_mode0EL9_62|       pointer|
|p_ZZN4nnet24compute_output_buffer_2dINS_5arrayI8ap_fixedILi10ELi4EL9ap_q_mode0EL9_62_o          |  out|   10|     ap_ovld|   p_ZZN4nnet24compute_output_buffer_2dINS_5arrayI8ap_fixedILi10ELi4EL9ap_q_mode0EL9_62|       pointer|
|p_ZZN4nnet24compute_output_buffer_2dINS_5arrayI8ap_fixedILi10ELi4EL9ap_q_mode0EL9_62_o_ap_vld   |  out|    1|     ap_ovld|   p_ZZN4nnet24compute_output_buffer_2dINS_5arrayI8ap_fixedILi10ELi4EL9ap_q_mode0EL9_62|       pointer|
|p_ZZN4nnet24compute_output_buffer_2dINS_5arrayI8ap_fixedILi10ELi4EL9ap_q_mode0EL9_61_i          |   in|   10|     ap_ovld|   p_ZZN4nnet24compute_output_buffer_2dINS_5arrayI8ap_fixedILi10ELi4EL9ap_q_mode0EL9_61|       pointer|
|p_ZZN4nnet24compute_output_buffer_2dINS_5arrayI8ap_fixedILi10ELi4EL9ap_q_mode0EL9_61_o          |  out|   10|     ap_ovld|   p_ZZN4nnet24compute_output_buffer_2dINS_5arrayI8ap_fixedILi10ELi4EL9ap_q_mode0EL9_61|       pointer|
|p_ZZN4nnet24compute_output_buffer_2dINS_5arrayI8ap_fixedILi10ELi4EL9ap_q_mode0EL9_61_o_ap_vld   |  out|    1|     ap_ovld|   p_ZZN4nnet24compute_output_buffer_2dINS_5arrayI8ap_fixedILi10ELi4EL9ap_q_mode0EL9_61|       pointer|
|p_ZZN4nnet24compute_output_buffer_2dINS_5arrayI8ap_fixedILi10ELi4EL9ap_q_mode0EL9_60_i          |   in|   10|     ap_ovld|   p_ZZN4nnet24compute_output_buffer_2dINS_5arrayI8ap_fixedILi10ELi4EL9ap_q_mode0EL9_60|       pointer|
|p_ZZN4nnet24compute_output_buffer_2dINS_5arrayI8ap_fixedILi10ELi4EL9ap_q_mode0EL9_60_o          |  out|   10|     ap_ovld|   p_ZZN4nnet24compute_output_buffer_2dINS_5arrayI8ap_fixedILi10ELi4EL9ap_q_mode0EL9_60|       pointer|
|p_ZZN4nnet24compute_output_buffer_2dINS_5arrayI8ap_fixedILi10ELi4EL9ap_q_mode0EL9_60_o_ap_vld   |  out|    1|     ap_ovld|   p_ZZN4nnet24compute_output_buffer_2dINS_5arrayI8ap_fixedILi10ELi4EL9ap_q_mode0EL9_60|       pointer|
|p_ZZN4nnet24compute_output_buffer_2dINS_5arrayI8ap_fixedILi10ELi4EL9ap_q_mode0EL9_59_i          |   in|   10|     ap_ovld|   p_ZZN4nnet24compute_output_buffer_2dINS_5arrayI8ap_fixedILi10ELi4EL9ap_q_mode0EL9_59|       pointer|
|p_ZZN4nnet24compute_output_buffer_2dINS_5arrayI8ap_fixedILi10ELi4EL9ap_q_mode0EL9_59_o          |  out|   10|     ap_ovld|   p_ZZN4nnet24compute_output_buffer_2dINS_5arrayI8ap_fixedILi10ELi4EL9ap_q_mode0EL9_59|       pointer|
|p_ZZN4nnet24compute_output_buffer_2dINS_5arrayI8ap_fixedILi10ELi4EL9ap_q_mode0EL9_59_o_ap_vld   |  out|    1|     ap_ovld|   p_ZZN4nnet24compute_output_buffer_2dINS_5arrayI8ap_fixedILi10ELi4EL9ap_q_mode0EL9_59|       pointer|
|p_ZZN4nnet24compute_output_buffer_2dINS_5arrayI8ap_fixedILi10ELi4EL9ap_q_mode0EL9_58_i          |   in|   10|     ap_ovld|   p_ZZN4nnet24compute_output_buffer_2dINS_5arrayI8ap_fixedILi10ELi4EL9ap_q_mode0EL9_58|       pointer|
|p_ZZN4nnet24compute_output_buffer_2dINS_5arrayI8ap_fixedILi10ELi4EL9ap_q_mode0EL9_58_o          |  out|   10|     ap_ovld|   p_ZZN4nnet24compute_output_buffer_2dINS_5arrayI8ap_fixedILi10ELi4EL9ap_q_mode0EL9_58|       pointer|
|p_ZZN4nnet24compute_output_buffer_2dINS_5arrayI8ap_fixedILi10ELi4EL9ap_q_mode0EL9_58_o_ap_vld   |  out|    1|     ap_ovld|   p_ZZN4nnet24compute_output_buffer_2dINS_5arrayI8ap_fixedILi10ELi4EL9ap_q_mode0EL9_58|       pointer|
|p_ZZN4nnet24compute_output_buffer_2dINS_5arrayI8ap_fixedILi10ELi4EL9ap_q_mode0EL9_29_i          |   in|   10|     ap_ovld|   p_ZZN4nnet24compute_output_buffer_2dINS_5arrayI8ap_fixedILi10ELi4EL9ap_q_mode0EL9_29|       pointer|
|p_ZZN4nnet24compute_output_buffer_2dINS_5arrayI8ap_fixedILi10ELi4EL9ap_q_mode0EL9_29_o          |  out|   10|     ap_ovld|   p_ZZN4nnet24compute_output_buffer_2dINS_5arrayI8ap_fixedILi10ELi4EL9ap_q_mode0EL9_29|       pointer|
|p_ZZN4nnet24compute_output_buffer_2dINS_5arrayI8ap_fixedILi10ELi4EL9ap_q_mode0EL9_29_o_ap_vld   |  out|    1|     ap_ovld|   p_ZZN4nnet24compute_output_buffer_2dINS_5arrayI8ap_fixedILi10ELi4EL9ap_q_mode0EL9_29|       pointer|
|p_ZZN4nnet24compute_output_buffer_2dINS_5arrayI8ap_fixedILi10ELi4EL9ap_q_mode0EL9_28_i          |   in|   10|     ap_ovld|   p_ZZN4nnet24compute_output_buffer_2dINS_5arrayI8ap_fixedILi10ELi4EL9ap_q_mode0EL9_28|       pointer|
|p_ZZN4nnet24compute_output_buffer_2dINS_5arrayI8ap_fixedILi10ELi4EL9ap_q_mode0EL9_28_o          |  out|   10|     ap_ovld|   p_ZZN4nnet24compute_output_buffer_2dINS_5arrayI8ap_fixedILi10ELi4EL9ap_q_mode0EL9_28|       pointer|
|p_ZZN4nnet24compute_output_buffer_2dINS_5arrayI8ap_fixedILi10ELi4EL9ap_q_mode0EL9_28_o_ap_vld   |  out|    1|     ap_ovld|   p_ZZN4nnet24compute_output_buffer_2dINS_5arrayI8ap_fixedILi10ELi4EL9ap_q_mode0EL9_28|       pointer|
|p_ZZN4nnet24compute_output_buffer_2dINS_5arrayI8ap_fixedILi10ELi4EL9ap_q_mode0EL9_27_i          |   in|   10|     ap_ovld|   p_ZZN4nnet24compute_output_buffer_2dINS_5arrayI8ap_fixedILi10ELi4EL9ap_q_mode0EL9_27|       pointer|
|p_ZZN4nnet24compute_output_buffer_2dINS_5arrayI8ap_fixedILi10ELi4EL9ap_q_mode0EL9_27_o          |  out|   10|     ap_ovld|   p_ZZN4nnet24compute_output_buffer_2dINS_5arrayI8ap_fixedILi10ELi4EL9ap_q_mode0EL9_27|       pointer|
|p_ZZN4nnet24compute_output_buffer_2dINS_5arrayI8ap_fixedILi10ELi4EL9ap_q_mode0EL9_27_o_ap_vld   |  out|    1|     ap_ovld|   p_ZZN4nnet24compute_output_buffer_2dINS_5arrayI8ap_fixedILi10ELi4EL9ap_q_mode0EL9_27|       pointer|
|p_ZZN4nnet24compute_output_buffer_2dINS_5arrayI8ap_fixedILi10ELi4EL9ap_q_mode0EL9_26_i          |   in|   10|     ap_ovld|   p_ZZN4nnet24compute_output_buffer_2dINS_5arrayI8ap_fixedILi10ELi4EL9ap_q_mode0EL9_26|       pointer|
|p_ZZN4nnet24compute_output_buffer_2dINS_5arrayI8ap_fixedILi10ELi4EL9ap_q_mode0EL9_26_o          |  out|   10|     ap_ovld|   p_ZZN4nnet24compute_output_buffer_2dINS_5arrayI8ap_fixedILi10ELi4EL9ap_q_mode0EL9_26|       pointer|
|p_ZZN4nnet24compute_output_buffer_2dINS_5arrayI8ap_fixedILi10ELi4EL9ap_q_mode0EL9_26_o_ap_vld   |  out|    1|     ap_ovld|   p_ZZN4nnet24compute_output_buffer_2dINS_5arrayI8ap_fixedILi10ELi4EL9ap_q_mode0EL9_26|       pointer|
|p_ZZN4nnet24compute_output_buffer_2dINS_5arrayI8ap_fixedILi10ELi4EL9ap_q_mode0EL9_25_i          |   in|   10|     ap_ovld|   p_ZZN4nnet24compute_output_buffer_2dINS_5arrayI8ap_fixedILi10ELi4EL9ap_q_mode0EL9_25|       pointer|
|p_ZZN4nnet24compute_output_buffer_2dINS_5arrayI8ap_fixedILi10ELi4EL9ap_q_mode0EL9_25_o          |  out|   10|     ap_ovld|   p_ZZN4nnet24compute_output_buffer_2dINS_5arrayI8ap_fixedILi10ELi4EL9ap_q_mode0EL9_25|       pointer|
|p_ZZN4nnet24compute_output_buffer_2dINS_5arrayI8ap_fixedILi10ELi4EL9ap_q_mode0EL9_25_o_ap_vld   |  out|    1|     ap_ovld|   p_ZZN4nnet24compute_output_buffer_2dINS_5arrayI8ap_fixedILi10ELi4EL9ap_q_mode0EL9_25|       pointer|
|p_ZZN4nnet24compute_output_buffer_2dINS_5arrayI8ap_fixedILi10ELi4EL9ap_q_mode0EL9_24_i          |   in|   10|     ap_ovld|   p_ZZN4nnet24compute_output_buffer_2dINS_5arrayI8ap_fixedILi10ELi4EL9ap_q_mode0EL9_24|       pointer|
|p_ZZN4nnet24compute_output_buffer_2dINS_5arrayI8ap_fixedILi10ELi4EL9ap_q_mode0EL9_24_o          |  out|   10|     ap_ovld|   p_ZZN4nnet24compute_output_buffer_2dINS_5arrayI8ap_fixedILi10ELi4EL9ap_q_mode0EL9_24|       pointer|
|p_ZZN4nnet24compute_output_buffer_2dINS_5arrayI8ap_fixedILi10ELi4EL9ap_q_mode0EL9_24_o_ap_vld   |  out|    1|     ap_ovld|   p_ZZN4nnet24compute_output_buffer_2dINS_5arrayI8ap_fixedILi10ELi4EL9ap_q_mode0EL9_24|       pointer|
|p_ZZN4nnet24compute_output_buffer_2dINS_5arrayI8ap_fixedILi10ELi4EL9ap_q_mode0EL9_23_i          |   in|   10|     ap_ovld|   p_ZZN4nnet24compute_output_buffer_2dINS_5arrayI8ap_fixedILi10ELi4EL9ap_q_mode0EL9_23|       pointer|
|p_ZZN4nnet24compute_output_buffer_2dINS_5arrayI8ap_fixedILi10ELi4EL9ap_q_mode0EL9_23_o          |  out|   10|     ap_ovld|   p_ZZN4nnet24compute_output_buffer_2dINS_5arrayI8ap_fixedILi10ELi4EL9ap_q_mode0EL9_23|       pointer|
|p_ZZN4nnet24compute_output_buffer_2dINS_5arrayI8ap_fixedILi10ELi4EL9ap_q_mode0EL9_23_o_ap_vld   |  out|    1|     ap_ovld|   p_ZZN4nnet24compute_output_buffer_2dINS_5arrayI8ap_fixedILi10ELi4EL9ap_q_mode0EL9_23|       pointer|
|p_ZZN4nnet24compute_output_buffer_2dINS_5arrayI8ap_fixedILi10ELi4EL9ap_q_mode0EL9_22_i          |   in|   10|     ap_ovld|   p_ZZN4nnet24compute_output_buffer_2dINS_5arrayI8ap_fixedILi10ELi4EL9ap_q_mode0EL9_22|       pointer|
|p_ZZN4nnet24compute_output_buffer_2dINS_5arrayI8ap_fixedILi10ELi4EL9ap_q_mode0EL9_22_o          |  out|   10|     ap_ovld|   p_ZZN4nnet24compute_output_buffer_2dINS_5arrayI8ap_fixedILi10ELi4EL9ap_q_mode0EL9_22|       pointer|
|p_ZZN4nnet24compute_output_buffer_2dINS_5arrayI8ap_fixedILi10ELi4EL9ap_q_mode0EL9_22_o_ap_vld   |  out|    1|     ap_ovld|   p_ZZN4nnet24compute_output_buffer_2dINS_5arrayI8ap_fixedILi10ELi4EL9ap_q_mode0EL9_22|       pointer|
|p_ZZN4nnet24compute_output_buffer_2dINS_5arrayI8ap_fixedILi10ELi4EL9ap_q_mode0EL9_21_i          |   in|   10|     ap_ovld|   p_ZZN4nnet24compute_output_buffer_2dINS_5arrayI8ap_fixedILi10ELi4EL9ap_q_mode0EL9_21|       pointer|
|p_ZZN4nnet24compute_output_buffer_2dINS_5arrayI8ap_fixedILi10ELi4EL9ap_q_mode0EL9_21_o          |  out|   10|     ap_ovld|   p_ZZN4nnet24compute_output_buffer_2dINS_5arrayI8ap_fixedILi10ELi4EL9ap_q_mode0EL9_21|       pointer|
|p_ZZN4nnet24compute_output_buffer_2dINS_5arrayI8ap_fixedILi10ELi4EL9ap_q_mode0EL9_21_o_ap_vld   |  out|    1|     ap_ovld|   p_ZZN4nnet24compute_output_buffer_2dINS_5arrayI8ap_fixedILi10ELi4EL9ap_q_mode0EL9_21|       pointer|
|p_ZZN4nnet24compute_output_buffer_2dINS_5arrayI8ap_fixedILi10ELi4EL9ap_q_mode0EL9_20_i          |   in|   10|     ap_ovld|   p_ZZN4nnet24compute_output_buffer_2dINS_5arrayI8ap_fixedILi10ELi4EL9ap_q_mode0EL9_20|       pointer|
|p_ZZN4nnet24compute_output_buffer_2dINS_5arrayI8ap_fixedILi10ELi4EL9ap_q_mode0EL9_20_o          |  out|   10|     ap_ovld|   p_ZZN4nnet24compute_output_buffer_2dINS_5arrayI8ap_fixedILi10ELi4EL9ap_q_mode0EL9_20|       pointer|
|p_ZZN4nnet24compute_output_buffer_2dINS_5arrayI8ap_fixedILi10ELi4EL9ap_q_mode0EL9_20_o_ap_vld   |  out|    1|     ap_ovld|   p_ZZN4nnet24compute_output_buffer_2dINS_5arrayI8ap_fixedILi10ELi4EL9ap_q_mode0EL9_20|       pointer|
|p_ZZN4nnet24compute_output_buffer_2dINS_5arrayI8ap_fixedILi10ELi4EL9ap_q_mode0EL9_19_i          |   in|   10|     ap_ovld|   p_ZZN4nnet24compute_output_buffer_2dINS_5arrayI8ap_fixedILi10ELi4EL9ap_q_mode0EL9_19|       pointer|
|p_ZZN4nnet24compute_output_buffer_2dINS_5arrayI8ap_fixedILi10ELi4EL9ap_q_mode0EL9_19_o          |  out|   10|     ap_ovld|   p_ZZN4nnet24compute_output_buffer_2dINS_5arrayI8ap_fixedILi10ELi4EL9ap_q_mode0EL9_19|       pointer|
|p_ZZN4nnet24compute_output_buffer_2dINS_5arrayI8ap_fixedILi10ELi4EL9ap_q_mode0EL9_19_o_ap_vld   |  out|    1|     ap_ovld|   p_ZZN4nnet24compute_output_buffer_2dINS_5arrayI8ap_fixedILi10ELi4EL9ap_q_mode0EL9_19|       pointer|
|p_ZZN4nnet24compute_output_buffer_2dINS_5arrayI8ap_fixedILi10ELi4EL9ap_q_mode0EL9_18_i          |   in|   10|     ap_ovld|   p_ZZN4nnet24compute_output_buffer_2dINS_5arrayI8ap_fixedILi10ELi4EL9ap_q_mode0EL9_18|       pointer|
|p_ZZN4nnet24compute_output_buffer_2dINS_5arrayI8ap_fixedILi10ELi4EL9ap_q_mode0EL9_18_o          |  out|   10|     ap_ovld|   p_ZZN4nnet24compute_output_buffer_2dINS_5arrayI8ap_fixedILi10ELi4EL9ap_q_mode0EL9_18|       pointer|
|p_ZZN4nnet24compute_output_buffer_2dINS_5arrayI8ap_fixedILi10ELi4EL9ap_q_mode0EL9_18_o_ap_vld   |  out|    1|     ap_ovld|   p_ZZN4nnet24compute_output_buffer_2dINS_5arrayI8ap_fixedILi10ELi4EL9ap_q_mode0EL9_18|       pointer|
|p_ZZN4nnet24compute_output_buffer_2dINS_5arrayI8ap_fixedILi10ELi4EL9ap_q_mode0EL9_17_i          |   in|   10|     ap_ovld|   p_ZZN4nnet24compute_output_buffer_2dINS_5arrayI8ap_fixedILi10ELi4EL9ap_q_mode0EL9_17|       pointer|
|p_ZZN4nnet24compute_output_buffer_2dINS_5arrayI8ap_fixedILi10ELi4EL9ap_q_mode0EL9_17_o          |  out|   10|     ap_ovld|   p_ZZN4nnet24compute_output_buffer_2dINS_5arrayI8ap_fixedILi10ELi4EL9ap_q_mode0EL9_17|       pointer|
|p_ZZN4nnet24compute_output_buffer_2dINS_5arrayI8ap_fixedILi10ELi4EL9ap_q_mode0EL9_17_o_ap_vld   |  out|    1|     ap_ovld|   p_ZZN4nnet24compute_output_buffer_2dINS_5arrayI8ap_fixedILi10ELi4EL9ap_q_mode0EL9_17|       pointer|
|p_ZZN4nnet24compute_output_buffer_2dINS_5arrayI8ap_fixedILi10ELi4EL9ap_q_mode0EL9_16_i          |   in|   10|     ap_ovld|   p_ZZN4nnet24compute_output_buffer_2dINS_5arrayI8ap_fixedILi10ELi4EL9ap_q_mode0EL9_16|       pointer|
|p_ZZN4nnet24compute_output_buffer_2dINS_5arrayI8ap_fixedILi10ELi4EL9ap_q_mode0EL9_16_o          |  out|   10|     ap_ovld|   p_ZZN4nnet24compute_output_buffer_2dINS_5arrayI8ap_fixedILi10ELi4EL9ap_q_mode0EL9_16|       pointer|
|p_ZZN4nnet24compute_output_buffer_2dINS_5arrayI8ap_fixedILi10ELi4EL9ap_q_mode0EL9_16_o_ap_vld   |  out|    1|     ap_ovld|   p_ZZN4nnet24compute_output_buffer_2dINS_5arrayI8ap_fixedILi10ELi4EL9ap_q_mode0EL9_16|       pointer|
|p_ZZN4nnet24compute_output_buffer_2dINS_5arrayI8ap_fixedILi10ELi4EL9ap_q_mode0EL9_129_i         |   in|   10|     ap_ovld|  p_ZZN4nnet24compute_output_buffer_2dINS_5arrayI8ap_fixedILi10ELi4EL9ap_q_mode0EL9_129|       pointer|
|p_ZZN4nnet24compute_output_buffer_2dINS_5arrayI8ap_fixedILi10ELi4EL9ap_q_mode0EL9_129_o         |  out|   10|     ap_ovld|  p_ZZN4nnet24compute_output_buffer_2dINS_5arrayI8ap_fixedILi10ELi4EL9ap_q_mode0EL9_129|       pointer|
|p_ZZN4nnet24compute_output_buffer_2dINS_5arrayI8ap_fixedILi10ELi4EL9ap_q_mode0EL9_129_o_ap_vld  |  out|    1|     ap_ovld|  p_ZZN4nnet24compute_output_buffer_2dINS_5arrayI8ap_fixedILi10ELi4EL9ap_q_mode0EL9_129|       pointer|
|p_ZZN4nnet24compute_output_buffer_2dINS_5arrayI8ap_fixedILi10ELi4EL9ap_q_mode0EL9_130_i         |   in|   10|     ap_ovld|  p_ZZN4nnet24compute_output_buffer_2dINS_5arrayI8ap_fixedILi10ELi4EL9ap_q_mode0EL9_130|       pointer|
|p_ZZN4nnet24compute_output_buffer_2dINS_5arrayI8ap_fixedILi10ELi4EL9ap_q_mode0EL9_130_o         |  out|   10|     ap_ovld|  p_ZZN4nnet24compute_output_buffer_2dINS_5arrayI8ap_fixedILi10ELi4EL9ap_q_mode0EL9_130|       pointer|
|p_ZZN4nnet24compute_output_buffer_2dINS_5arrayI8ap_fixedILi10ELi4EL9ap_q_mode0EL9_130_o_ap_vld  |  out|    1|     ap_ovld|  p_ZZN4nnet24compute_output_buffer_2dINS_5arrayI8ap_fixedILi10ELi4EL9ap_q_mode0EL9_130|       pointer|
|p_ZZN4nnet24compute_output_buffer_2dINS_5arrayI8ap_fixedILi10ELi4EL9ap_q_mode0EL9_99_i          |   in|   10|     ap_ovld|   p_ZZN4nnet24compute_output_buffer_2dINS_5arrayI8ap_fixedILi10ELi4EL9ap_q_mode0EL9_99|       pointer|
|p_ZZN4nnet24compute_output_buffer_2dINS_5arrayI8ap_fixedILi10ELi4EL9ap_q_mode0EL9_99_o          |  out|   10|     ap_ovld|   p_ZZN4nnet24compute_output_buffer_2dINS_5arrayI8ap_fixedILi10ELi4EL9ap_q_mode0EL9_99|       pointer|
|p_ZZN4nnet24compute_output_buffer_2dINS_5arrayI8ap_fixedILi10ELi4EL9ap_q_mode0EL9_99_o_ap_vld   |  out|    1|     ap_ovld|   p_ZZN4nnet24compute_output_buffer_2dINS_5arrayI8ap_fixedILi10ELi4EL9ap_q_mode0EL9_99|       pointer|
|p_ZZN4nnet24compute_output_buffer_2dINS_5arrayI8ap_fixedILi10ELi4EL9ap_q_mode0EL9_98_i          |   in|   10|     ap_ovld|   p_ZZN4nnet24compute_output_buffer_2dINS_5arrayI8ap_fixedILi10ELi4EL9ap_q_mode0EL9_98|       pointer|
|p_ZZN4nnet24compute_output_buffer_2dINS_5arrayI8ap_fixedILi10ELi4EL9ap_q_mode0EL9_98_o          |  out|   10|     ap_ovld|   p_ZZN4nnet24compute_output_buffer_2dINS_5arrayI8ap_fixedILi10ELi4EL9ap_q_mode0EL9_98|       pointer|
|p_ZZN4nnet24compute_output_buffer_2dINS_5arrayI8ap_fixedILi10ELi4EL9ap_q_mode0EL9_98_o_ap_vld   |  out|    1|     ap_ovld|   p_ZZN4nnet24compute_output_buffer_2dINS_5arrayI8ap_fixedILi10ELi4EL9ap_q_mode0EL9_98|       pointer|
|p_ZZN4nnet24compute_output_buffer_2dINS_5arrayI8ap_fixedILi10ELi4EL9ap_q_mode0EL9_97_i          |   in|   10|     ap_ovld|   p_ZZN4nnet24compute_output_buffer_2dINS_5arrayI8ap_fixedILi10ELi4EL9ap_q_mode0EL9_97|       pointer|
|p_ZZN4nnet24compute_output_buffer_2dINS_5arrayI8ap_fixedILi10ELi4EL9ap_q_mode0EL9_97_o          |  out|   10|     ap_ovld|   p_ZZN4nnet24compute_output_buffer_2dINS_5arrayI8ap_fixedILi10ELi4EL9ap_q_mode0EL9_97|       pointer|
|p_ZZN4nnet24compute_output_buffer_2dINS_5arrayI8ap_fixedILi10ELi4EL9ap_q_mode0EL9_97_o_ap_vld   |  out|    1|     ap_ovld|   p_ZZN4nnet24compute_output_buffer_2dINS_5arrayI8ap_fixedILi10ELi4EL9ap_q_mode0EL9_97|       pointer|
|p_ZZN4nnet24compute_output_buffer_2dINS_5arrayI8ap_fixedILi10ELi4EL9ap_q_mode0EL9_96_i          |   in|   10|     ap_ovld|   p_ZZN4nnet24compute_output_buffer_2dINS_5arrayI8ap_fixedILi10ELi4EL9ap_q_mode0EL9_96|       pointer|
|p_ZZN4nnet24compute_output_buffer_2dINS_5arrayI8ap_fixedILi10ELi4EL9ap_q_mode0EL9_96_o          |  out|   10|     ap_ovld|   p_ZZN4nnet24compute_output_buffer_2dINS_5arrayI8ap_fixedILi10ELi4EL9ap_q_mode0EL9_96|       pointer|
|p_ZZN4nnet24compute_output_buffer_2dINS_5arrayI8ap_fixedILi10ELi4EL9ap_q_mode0EL9_96_o_ap_vld   |  out|    1|     ap_ovld|   p_ZZN4nnet24compute_output_buffer_2dINS_5arrayI8ap_fixedILi10ELi4EL9ap_q_mode0EL9_96|       pointer|
|p_ZZN4nnet24compute_output_buffer_2dINS_5arrayI8ap_fixedILi10ELi4EL9ap_q_mode0EL9_95_i          |   in|   10|     ap_ovld|   p_ZZN4nnet24compute_output_buffer_2dINS_5arrayI8ap_fixedILi10ELi4EL9ap_q_mode0EL9_95|       pointer|
|p_ZZN4nnet24compute_output_buffer_2dINS_5arrayI8ap_fixedILi10ELi4EL9ap_q_mode0EL9_95_o          |  out|   10|     ap_ovld|   p_ZZN4nnet24compute_output_buffer_2dINS_5arrayI8ap_fixedILi10ELi4EL9ap_q_mode0EL9_95|       pointer|
|p_ZZN4nnet24compute_output_buffer_2dINS_5arrayI8ap_fixedILi10ELi4EL9ap_q_mode0EL9_95_o_ap_vld   |  out|    1|     ap_ovld|   p_ZZN4nnet24compute_output_buffer_2dINS_5arrayI8ap_fixedILi10ELi4EL9ap_q_mode0EL9_95|       pointer|
|p_ZZN4nnet24compute_output_buffer_2dINS_5arrayI8ap_fixedILi10ELi4EL9ap_q_mode0EL9_94_i          |   in|   10|     ap_ovld|   p_ZZN4nnet24compute_output_buffer_2dINS_5arrayI8ap_fixedILi10ELi4EL9ap_q_mode0EL9_94|       pointer|
|p_ZZN4nnet24compute_output_buffer_2dINS_5arrayI8ap_fixedILi10ELi4EL9ap_q_mode0EL9_94_o          |  out|   10|     ap_ovld|   p_ZZN4nnet24compute_output_buffer_2dINS_5arrayI8ap_fixedILi10ELi4EL9ap_q_mode0EL9_94|       pointer|
|p_ZZN4nnet24compute_output_buffer_2dINS_5arrayI8ap_fixedILi10ELi4EL9ap_q_mode0EL9_94_o_ap_vld   |  out|    1|     ap_ovld|   p_ZZN4nnet24compute_output_buffer_2dINS_5arrayI8ap_fixedILi10ELi4EL9ap_q_mode0EL9_94|       pointer|
|p_ZZN4nnet24compute_output_buffer_2dINS_5arrayI8ap_fixedILi10ELi4EL9ap_q_mode0EL9_92_i          |   in|   10|     ap_ovld|   p_ZZN4nnet24compute_output_buffer_2dINS_5arrayI8ap_fixedILi10ELi4EL9ap_q_mode0EL9_92|       pointer|
|p_ZZN4nnet24compute_output_buffer_2dINS_5arrayI8ap_fixedILi10ELi4EL9ap_q_mode0EL9_92_o          |  out|   10|     ap_ovld|   p_ZZN4nnet24compute_output_buffer_2dINS_5arrayI8ap_fixedILi10ELi4EL9ap_q_mode0EL9_92|       pointer|
|p_ZZN4nnet24compute_output_buffer_2dINS_5arrayI8ap_fixedILi10ELi4EL9ap_q_mode0EL9_92_o_ap_vld   |  out|    1|     ap_ovld|   p_ZZN4nnet24compute_output_buffer_2dINS_5arrayI8ap_fixedILi10ELi4EL9ap_q_mode0EL9_92|       pointer|
|p_ZZN4nnet24compute_output_buffer_2dINS_5arrayI8ap_fixedILi10ELi4EL9ap_q_mode0EL9_91_i          |   in|   10|     ap_ovld|   p_ZZN4nnet24compute_output_buffer_2dINS_5arrayI8ap_fixedILi10ELi4EL9ap_q_mode0EL9_91|       pointer|
|p_ZZN4nnet24compute_output_buffer_2dINS_5arrayI8ap_fixedILi10ELi4EL9ap_q_mode0EL9_91_o          |  out|   10|     ap_ovld|   p_ZZN4nnet24compute_output_buffer_2dINS_5arrayI8ap_fixedILi10ELi4EL9ap_q_mode0EL9_91|       pointer|
|p_ZZN4nnet24compute_output_buffer_2dINS_5arrayI8ap_fixedILi10ELi4EL9ap_q_mode0EL9_91_o_ap_vld   |  out|    1|     ap_ovld|   p_ZZN4nnet24compute_output_buffer_2dINS_5arrayI8ap_fixedILi10ELi4EL9ap_q_mode0EL9_91|       pointer|
|p_ZZN4nnet24compute_output_buffer_2dINS_5arrayI8ap_fixedILi10ELi4EL9ap_q_mode0EL9_90_i          |   in|   10|     ap_ovld|   p_ZZN4nnet24compute_output_buffer_2dINS_5arrayI8ap_fixedILi10ELi4EL9ap_q_mode0EL9_90|       pointer|
|p_ZZN4nnet24compute_output_buffer_2dINS_5arrayI8ap_fixedILi10ELi4EL9ap_q_mode0EL9_90_o          |  out|   10|     ap_ovld|   p_ZZN4nnet24compute_output_buffer_2dINS_5arrayI8ap_fixedILi10ELi4EL9ap_q_mode0EL9_90|       pointer|
|p_ZZN4nnet24compute_output_buffer_2dINS_5arrayI8ap_fixedILi10ELi4EL9ap_q_mode0EL9_90_o_ap_vld   |  out|    1|     ap_ovld|   p_ZZN4nnet24compute_output_buffer_2dINS_5arrayI8ap_fixedILi10ELi4EL9ap_q_mode0EL9_90|       pointer|
|p_ZZN4nnet24compute_output_buffer_2dINS_5arrayI8ap_fixedILi10ELi4EL9ap_q_mode0EL9_89_i          |   in|   10|     ap_ovld|   p_ZZN4nnet24compute_output_buffer_2dINS_5arrayI8ap_fixedILi10ELi4EL9ap_q_mode0EL9_89|       pointer|
|p_ZZN4nnet24compute_output_buffer_2dINS_5arrayI8ap_fixedILi10ELi4EL9ap_q_mode0EL9_89_o          |  out|   10|     ap_ovld|   p_ZZN4nnet24compute_output_buffer_2dINS_5arrayI8ap_fixedILi10ELi4EL9ap_q_mode0EL9_89|       pointer|
|p_ZZN4nnet24compute_output_buffer_2dINS_5arrayI8ap_fixedILi10ELi4EL9ap_q_mode0EL9_89_o_ap_vld   |  out|    1|     ap_ovld|   p_ZZN4nnet24compute_output_buffer_2dINS_5arrayI8ap_fixedILi10ELi4EL9ap_q_mode0EL9_89|       pointer|
|p_ZZN4nnet24compute_output_buffer_2dINS_5arrayI8ap_fixedILi10ELi4EL9ap_q_mode0EL9_88_i          |   in|   10|     ap_ovld|   p_ZZN4nnet24compute_output_buffer_2dINS_5arrayI8ap_fixedILi10ELi4EL9ap_q_mode0EL9_88|       pointer|
|p_ZZN4nnet24compute_output_buffer_2dINS_5arrayI8ap_fixedILi10ELi4EL9ap_q_mode0EL9_88_o          |  out|   10|     ap_ovld|   p_ZZN4nnet24compute_output_buffer_2dINS_5arrayI8ap_fixedILi10ELi4EL9ap_q_mode0EL9_88|       pointer|
|p_ZZN4nnet24compute_output_buffer_2dINS_5arrayI8ap_fixedILi10ELi4EL9ap_q_mode0EL9_88_o_ap_vld   |  out|    1|     ap_ovld|   p_ZZN4nnet24compute_output_buffer_2dINS_5arrayI8ap_fixedILi10ELi4EL9ap_q_mode0EL9_88|       pointer|
|p_ZZN4nnet24compute_output_buffer_2dINS_5arrayI8ap_fixedILi10ELi4EL9ap_q_mode0EL9_87_i          |   in|   10|     ap_ovld|   p_ZZN4nnet24compute_output_buffer_2dINS_5arrayI8ap_fixedILi10ELi4EL9ap_q_mode0EL9_87|       pointer|
|p_ZZN4nnet24compute_output_buffer_2dINS_5arrayI8ap_fixedILi10ELi4EL9ap_q_mode0EL9_87_o          |  out|   10|     ap_ovld|   p_ZZN4nnet24compute_output_buffer_2dINS_5arrayI8ap_fixedILi10ELi4EL9ap_q_mode0EL9_87|       pointer|
|p_ZZN4nnet24compute_output_buffer_2dINS_5arrayI8ap_fixedILi10ELi4EL9ap_q_mode0EL9_87_o_ap_vld   |  out|    1|     ap_ovld|   p_ZZN4nnet24compute_output_buffer_2dINS_5arrayI8ap_fixedILi10ELi4EL9ap_q_mode0EL9_87|       pointer|
+------------------------------------------------------------------------------------------------+-----+-----+------------+---------------------------------------------------------------------------------------+--------------+

